Gaia G,Gaia BP,Gaia RP,SDSS u,SDSS g,SDSS r,SDSS i,SDSS z,PanSTARR g,PanSTARR r,PanSTARR i,PanSTARR z,PanSTARR y,SkyMap u,SkyMap V,SkyMap g,SkyMap r,SkyMap i,SkyMap z,2MASS J,2MASS H,2MASS Ks,APASS V,APASS g,APASS r,APASS i,APASS B,Teff,Logg
7.808555833179023e-09,3.6415758667308653e-09,1.4801797576365264e-08,4.2166719907240065e-11,1.8802522435737503e-09,7.977733013509288e-09,1.3977662122338228e-08,1.9316036700561704e-08,2.3475238628893245e-09,8.044411874982655e-09,1.4175395485083164e-08,1.880800808060628e-08,2.081280166245218e-08,2.3701698241912745e-11,1.4203202142970644e-10,3.1138978970435435e-09,7.686860467569995e-09,1.5154315607228995e-08,1.951818654895642e-08,6.235191386612077e-09,1.6923302471438593e-09,6.905796817041959e-10,4.648330379498343e-09,1.8802522435737503e-09,7.977733013509288e-09,1.3977662122338228e-08,8.130316673850235e-10,3000.0,6.25
8.070990809808407e-09,3.801018137446519e-09,1.5215321440888706e-08,4.178338605909266e-11,1.968310547037668e-09,8.307253320187046e-09,1.4397805023367755e-08,1.9725775931011422e-08,2.458066825732448e-09,8.372452621475883e-09,1.4598236594753894e-08,1.9256923473664365e-08,2.1113710459886414e-08,2.2517361933285873e-11,1.4559148413817715e-10,3.258990470110319e-09,8.001682946118081e-09,1.558826396008806e-08,1.987034156278315e-08,5.145939104593481e-09,1.4464826150180107e-09,5.988920330030358e-10,4.86636169434074e-09,1.968310547037668e-09,8.307253320187046e-09,1.4397805023367755e-08,8.467782189946763e-10,3000.0,6.5
8.317022764906846e-09,3.951434936770927e-09,1.5599651688161097e-08,4.0856722889284334e-11,2.0494369487466743e-09,8.618608090068921e-09,1.4795110606043564e-08,2.0100028400592454e-08,2.5613810804021367e-09,8.681806037465188e-09,1.4997530914909164e-08,1.9666803280044048e-08,2.1387462209798666e-08,2.1168167738150124e-11,1.4713965845965177e-10,3.395551133885216e-09,8.29927839790579e-09,1.5995480501530325e-08,2.0194198799774162e-08,4.342853099400413e-09,1.187781547520537e-09,4.985437645459375e-10,5.073378189534728e-09,2.0494369487466743e-09,8.618608090068921e-09,1.4795110606043564e-08,8.7662750261241e-10,3000.0,6.75
8.527059851110208e-09,4.078302635799467e-09,1.5926984268084094e-08,3.9718097512545154e-11,2.1137858087213125e-09,8.887543184677879e-09,1.514116993006536e-08,2.0400321262369442e-08,2.645238118826505e-09,8.949596281122318e-09,1.534477448535108e-08,2.0009289196192392e-08,2.1569166022758438e-08,1.954016317713481e-11,1.4797168989116902e-10,3.5090642035312162e-09,8.557039093369541e-09,1.634649901033611e-08,2.0434299839285546e-08,3.405131091030822e-09,9.708420105998213e-10,4.294965778463178e-10,5.251417821436e-09,2.1137858087213125e-09,8.887543184677879e-09,1.514116993006536e-08,8.975502402666084e-10,3000.0,7.0
8.720420828986457e-09,4.194731356596435e-09,1.6226055099684254e-08,3.7313372280076557e-11,2.174272033251359e-09,9.133157053410058e-09,1.5462259142423094e-08,2.066768241872744e-08,2.724437770971669e-09,9.196092996706403e-09,1.5666301991615002e-08,2.031198888293002e-08,2.1736243931951224e-08,1.747152690783433e-11,1.4523887735886892e-10,3.615705316161261e-09,8.795274907090301e-09,1.6668288233105704e-08,2.0654685227807146e-08,2.7785345236069366e-09,8.237746993459394e-10,3.604739966842676e-10,5.419602914596808e-09,2.174272033251359e-09,9.133157053410058e-09,1.5462259142423094e-08,9.151942003931876e-10,3000.0,7.25
8.859037594877513e-09,4.281064798745116e-09,1.643314598091745e-08,3.583183004246304e-11,2.218637362273347e-09,9.316248502299878e-09,1.5690440713254186e-08,2.0826552344791148e-08,2.7831319501507366e-09,9.380205992492954e-09,1.5893940697926595e-08,2.0503499394075136e-08,2.180173706880907e-08,1.6062086340389807e-11,1.435966554743931e-10,3.6945663224716836e-09,8.973238704008178e-09,1.6891753567300228e-08,2.0772392179096142e-08,2.2747046853771064e-09,6.844228501575573e-10,3.1649359716772114e-10,5.544860619459283e-09,2.218637362273347e-09,9.316248502299878e-09,1.5690440713254186e-08,9.26900579260676e-10,3000.0,7.5
8.93460051103484e-09,4.337549934282432e-09,1.652737954295613e-08,3.634612145652815e-11,2.2575456061827927e-09,9.420122253613996e-09,1.580267466860491e-08,2.0864376598652204e-08,2.829546551328551e-09,9.484067533462059e-09,1.6004833415272633e-08,2.0567339004819022e-08,2.1765154247162443e-08,1.5715919345814224e-11,1.4813487637473911e-10,3.749490527866771e-09,9.074052553838073e-09,1.6995004768897803e-08,2.0778073628405938e-08,1.9023457285751743e-09,6.472358711111805e-10,3.023882176888522e-10,5.621064836734273e-09,2.2575456061827927e-09,9.420122253613996e-09,1.580267466860491e-08,9.455009067967849e-10,3000.0,7.75
8.920936741620703e-09,4.331592875034906e-09,1.649491282323679e-08,3.4874780181538904e-11,2.242642932334952e-09,9.43263503361935e-09,1.5785445157413068e-08,2.0774224385942446e-08,2.813056198192873e-09,9.493843469351225e-09,1.5985244195360333e-08,2.0485117509780197e-08,2.165125080392825e-08,1.4447773862341343e-11,1.4647728658803238e-10,3.733794044065939e-09,9.079782458213232e-09,1.6963172286430103e-08,2.0684566505166695e-08,2.052756223730739e-09,6.290660653753438e-10,3.0804658139830385e-10,5.609296784520976e-09,2.242642932334952e-09,9.43263503361935e-09,1.5785445157413068e-08,9.336323252677831e-10,3000.0,8.0
8.82211971119992e-09,4.26753018788273e-09,1.6339445709657598e-08,3.939756411304707e-11,2.171983074914009e-09,9.358819856344807e-09,1.564261268070317e-08,2.0561693139326465e-08,2.7334155278911903e-09,9.416821427690204e-09,1.5839350983622823e-08,2.0265816974886938e-08,2.1457764687579356e-08,1.788716591500521e-11,1.5326864674539759e-10,3.650320650637286e-09,8.999176189496042e-09,1.6801833959624292e-08,2.049430048807003e-08,2.118085760208229e-09,7.145743881050424e-10,3.7102538774305197e-10,5.512724970663277e-09,2.171983074914009e-09,9.358819856344807e-09,1.564261268070317e-08,9.004503463898978e-10,3000.0,8.25
8.764754821050692e-09,4.215395182944962e-09,1.6287425759769203e-08,3.546633939937405e-11,2.1454252104876805e-09,9.254248699961696e-09,1.557050624019619e-08,2.057393653045931e-08,2.6997565542819223e-09,9.31424056703827e-09,1.576956918753807e-08,2.027005554942575e-08,2.1493776693069296e-08,1.5784448913773558e-11,1.4134561923482667e-10,3.605705065047494e-09,8.900528926925804e-09,1.674450681495086e-08,2.0506335940075535e-08,2.163860321750552e-09,8.102200590592671e-10,3.732547064082685e-10,5.442254682633955e-09,2.1454252104876805e-09,9.254248699961696e-09,1.557050624019619e-08,8.844585990852664e-10,3000.0,8.5
8.42348894490477e-09,4.00557513394744e-09,1.5736811875730182e-08,4.230948685309968e-11,1.9688582501046855e-09,8.911998758970088e-09,1.5043313744710327e-08,1.9924459204826352e-08,2.5005057154686405e-09,8.968417049160279e-09,1.5236429832380822e-08,1.9586813832571542e-08,2.0930451977244405e-08,2.2304562542752475e-11,1.4471723722711978e-10,3.3802901135536026e-09,8.562374928992136e-09,1.6180683584628565e-08,1.9936067964369925e-08,4.207454998911333e-09,1.1071095888437797e-09,5.225805234347086e-10,5.173806783169348e-09,1.9688582501046855e-09,8.911998758970088e-09,1.5043313744710327e-08,7.849945063341491e-10,3000.0,8.75
8.515173642832618e-09,4.186809318440152e-09,1.561879969403895e-08,4.061992925703015e-11,2.0743748682847096e-09,9.237429390391951e-09,1.4982206695023496e-08,1.9489149712917686e-08,2.6427797169761807e-09,9.283559807719282e-09,1.515830830479443e-08,1.9160562791392665e-08,2.046403077230514e-08,2.1768154952592806e-11,1.4014038206611807e-10,3.566065997616338e-09,8.873799716618444e-09,1.6018975483241486e-08,1.9527261915312178e-08,5.471534342443562e-09,1.5192529784991812e-09,6.825490586189601e-10,5.476269431347401e-09,2.0743748682847096e-09,9.237429390391951e-09,1.4982206695023496e-08,8.105693455066386e-10,3000.0,9.0
8.384830041434414e-09,4.209867915188702e-09,1.5191702642453807e-08,3.568916860946622e-11,2.14665545275915e-09,9.16031550741389e-09,1.4625643875349085e-08,1.8773716109429744e-08,2.7297147019794783e-09,9.203024190489128e-09,1.4792374563456793e-08,1.850493511524943e-08,1.957775391014708e-08,1.9542842624524384e-11,1.1964647695994393e-10,3.6507909838844916e-09,8.812480524190057e-09,1.560453216132342e-08,1.8759364040473166e-08,4.700923788678251e-09,1.2998144482558072e-09,6.007593913562175e-10,5.576278355401756e-09,2.14665545275915e-09,9.16031550741389e-09,1.4625643875349085e-08,8.049887452308926e-10,3000.0,9.25
7.780386253787305e-09,3.830254257686395e-09,1.4314975344606762e-08,5.533388803641335e-11,2.0338330558876478e-09,8.23321107722793e-09,1.3638340066913459e-08,1.8192422404671133e-08,2.5318649247068645e-09,8.284899486694486e-09,1.3811395345716827e-08,1.7768788929672738e-08,1.9444688495975334e-08,3.274105611529222e-11,1.725589668791765e-10,3.332070475454884e-09,7.929379661304332e-09,1.4661148468769782e-08,1.8360744751299668e-08,6.70277992612546e-09,1.852757585360346e-09,8.319661087351632e-10,4.964300208910138e-09,2.0338330558876478e-09,8.23321107722793e-09,1.3638340066913459e-08,8.786736500757815e-10,3000.0,9.5
8.891141565161674e-09,4.33155337053351e-09,1.6504034932091438e-08,8.66048984283221e-11,2.393457359867702e-09,9.162907555225623e-09,1.5623723675764618e-08,2.1449939495856254e-08,2.93578967422988e-09,9.232890747898488e-09,1.5836774084270182e-08,2.0756119021981377e-08,2.345355630911189e-08,5.88864248733942e-11,2.3878778891594847e-10,3.80406234871408e-09,8.843815465665321e-09,1.688722416287067e-08,2.191617285913649e-08,1.6085895068978524e-08,5.7104135375929995e-09,2.448710283313449e-09,5.5389507430569686e-09,2.393457359867702e-09,9.162907555225623e-09,1.5623723675764618e-08,1.1223898410695232e-09,3250.0,6.0
9.275474875437674e-09,4.568467985303825e-09,1.710559711847731e-08,8.714702876860419e-11,2.541907957152702e-09,9.619695863322959e-09,1.6234685619366077e-08,2.2085048762282686e-08,3.1168171845117415e-09,9.690519317154146e-09,1.645102161069875e-08,2.1415542958333508e-08,2.4022718191950635e-08,5.718614146896398e-11,2.5011315615264844e-10,4.031049610291044e-09,9.28723432860955e-09,1.7515651015481748e-08,2.2514558261229912e-08,1.4887172382488439e-08,4.847604860015837e-09,2.0346307143811655e-09,5.864018285279011e-09,2.541907957152702e-09,9.619695863322959e-09,1.6234685619366077e-08,1.1897498042131775e-09,3250.0,6.25
9.649823205763284e-09,4.798726533980392e-09,1.7691960639417864e-08,8.753545622487664e-11,2.6850899723480162e-09,1.0066533634129297e-08,1.6830694124804222e-08,2.2694680744534516e-08,3.2923241557265227e-09,1.0138791884378359e-08,1.704987904118973e-08,2.2052152408478122e-08,2.455876451262523e-08,5.543924953865723e-11,2.6019123587617315e-10,4.251644737639063e-09,9.721693599376484e-09,1.8126759351071863e-08,2.308414751647015e-08,1.3719481599118704e-08,4.1164159191724324e-09,1.7160539848777968e-09,6.1821678757888546e-09,2.6850899723480162e-09,1.0066533634129297e-08,1.6830694124804222e-08,1.2518732875122538e-09,3250.0,6.5
1.0015389637935763e-08,5.0233391840400285e-09,1.8264721560972023e-08,8.792215390472991e-11,2.824128866855187e-09,1.050430992937413e-08,1.741430158269795e-08,2.327899706953583e-08,3.463158737667843e-09,1.0578142646170113e-08,1.7636027609398302e-08,2.26689700833391e-08,2.505441868426808e-08,5.4131831171906525e-11,2.6859483726169825e-10,4.465578327028685e-09,1.0147131338413664e-08,1.8723662750926337e-08,2.3620577433118096e-08,1.2340134131250542e-08,3.478936657448607e-09,1.4545956933797663e-09,6.490564293292575e-09,2.824128866855187e-09,1.050430992937413e-08,1.741430158269795e-08,1.311321816765163e-09,3250.0,6.75
1.0363291475646552e-08,5.237727321403484e-09,1.8807908586776965e-08,8.859322585186559e-11,2.9560031469402356e-09,1.0927222733575004e-08,1.7969998388559342e-08,2.382282784255911e-08,3.6242779449126026e-09,1.1000231544803813e-08,1.8193814509964555e-08,2.324724336196961e-08,2.5503651844332516e-08,5.3247659659972536e-11,2.766920842292403e-10,4.666995468598758e-09,1.0554290533624359e-08,1.9290003262685938e-08,2.411466958584647e-08,1.109742621644794e-08,2.980763830459275e-09,1.2606128175214416e-09,6.780356391436751e-09,2.9560031469402356e-09,1.0927222733575004e-08,1.7969998388559342e-08,1.3673968916473236e-09,3250.0,7.0
1.0693130187271755e-08,5.440728530990004e-09,1.9321645082472258e-08,8.806807848517837e-11,3.07587879256424e-09,1.1338189340336774e-08,1.84989194438097e-08,2.4322474940074702e-08,3.770284584474093e-09,1.1409831160527002e-08,1.8724417791737495e-08,2.3788075509381515e-08,2.5890156999899014e-08,5.134200883527215e-11,2.8260104014652777e-10,4.854309604357885e-09,1.0947015621232875e-08,1.9827107162385663e-08,2.455516769430105e-08,9.651031450136767e-09,2.559298969683853e-09,1.1004052614151841e-09,7.0510662093900494e-09,3.07587879256424e-09,1.1338189340336774e-08,1.84989194438097e-08,1.417883420562419e-09,3250.0,7.25
1.0988685243528202e-08,5.623348798303874e-09,1.9778712875909007e-08,8.780158557527332e-11,3.1763324654014263e-09,1.171660272492406e-08,1.897332171631541e-08,2.4753650573780878e-08,3.895927203861616e-09,1.1786919630706042e-08,1.919985335459385e-08,2.425912883082222e-08,2.6210521000165186e-08,4.9999679822601526e-11,2.8772303919843046e-10,5.019292347835872e-09,1.1308687969684756e-08,2.0305871807472428e-08,2.4930882889223412e-08,8.512236211051649e-09,2.2797756198234016e-09,9.90467178576333e-10,7.29441760936958e-09,3.1763324654014263e-09,1.171660272492406e-08,1.897332171631541e-08,1.4602891749393446e-09,3250.0,7.5
1.1258993213367746e-08,5.791462468446827e-09,2.0192610445395234e-08,8.701685885459608e-11,3.2640483439879004e-09,1.2070598013445029e-08,1.940695536727673e-08,2.512887832953079e-08,4.0081637720078e-09,1.2139549303652969e-08,1.963399018015362e-08,2.4676075316658006e-08,2.6469650267505676e-08,4.813582085754646e-11,2.918581515778602e-10,5.1690588767381645e-09,1.1647399849692535e-08,2.0740679533290644e-08,2.5249023020701043e-08,7.431571676948385e-09,1.9865556494106496e-09,8.860174062618548e-10,7.524960065861403e-09,3.2640483439879004e-09,1.2070598013445029e-08,1.940695536727673e-08,1.494784978761373e-09,3250.0,7.75
1.1466496896085835e-08,5.92459245750484e-09,2.050058770560585e-08,8.595035448892868e-11,3.3341570467243634e-09,1.2348955744023523e-08,1.973490118067732e-08,2.5388960411313148e-08,4.098244867674992e-09,1.2416608343846289e-08,1.996174600534742e-08,2.4973576384419778e-08,2.662499705452586e-08,4.632196748966174e-11,2.9437113643559147e-10,5.2888769706731525e-09,1.1913921366711306e-08,2.1065890703042064e-08,2.5459756417866144e-08,6.60295418031824e-09,1.7938566319965126e-09,8.153322030760054e-10,7.710965733115581e-09,3.3341570467243634e-09,1.2348955744023523e-08,1.973490118067732e-08,1.5198679875328635e-09,3250.0,8.0
1.1591803516410357e-08,6.017207508550787e-09,2.066073592213937e-08,8.768298009178042e-11,3.385811612314972e-09,1.2534294912817564e-08,1.9915699959164533e-08,2.5485084205580928e-08,4.163560684171654e-09,1.2600206543851597e-08,2.0140890790772122e-08,2.509428952227569e-08,2.6651380205114425e-08,4.6870370124482115e-11,3.0122368879270634e-10,5.37420053728587e-09,1.2091092506067312e-08,2.123561926984751e-08,2.5529284918452497e-08,6.208297334091417e-09,1.690971231238724e-09,7.743519553694694e-10,7.841610267124984e-09,3.385811612314972e-09,1.2534294912817564e-08,1.9915699959164533e-08,1.5408680920631512e-09,3250.0,8.25
1.1668589943806575e-08,6.07836925259766e-09,2.0747351248968947e-08,8.746804027776496e-11,3.4150297651697044e-09,1.2664312818405979e-08,2.0023483213311753e-08,2.5491693859571052e-08,4.201037690819061e-09,1.2727889430577821e-08,2.0246628197765223e-08,2.5135903842919957e-08,2.6560755609498502e-08,4.497614267234351e-11,3.0923388454356067e-10,5.425504294463499e-09,1.2213140696922104e-08,2.1330088084541827e-08,2.5489816751133968e-08,5.549936657612417e-09,1.5008808268925025e-09,7.01663835148492e-10,7.926290107920025e-09,3.4150297651697044e-09,1.2664312818405979e-08,2.0023483213311753e-08,1.554656419465851e-09,3250.0,8.5
1.1753125024192629e-08,6.105701768558976e-09,2.089543915248501e-08,7.272110316170918e-11,3.3390860714227332e-09,1.287382218598781e-08,2.0212739173915663e-08,2.551741264171749e-08,4.152325114167075e-09,1.2933402585390078e-08,2.0431985888080236e-08,2.519811180069882e-08,2.6474890360045312e-08,3.9446404284529964e-11,2.4784303590581925e-10,5.418366199953942e-09,1.2405470223373864e-08,2.149398025311342e-08,2.548766332422618e-08,5.9492220002731165e-09,1.5934079124882252e-09,7.354310886960886e-10,8.025116015812576e-09,3.3390860714227332e-09,1.287382218598781e-08,2.0212739173915663e-08,1.4250561564237656e-09,3250.0,8.75
1.1256146985590635e-08,5.816313795414901e-09,2.0100662905039207e-08,8.184143151915584e-11,3.2189101036497997e-09,1.2209203416854239e-08,1.9389317589090038e-08,2.477063021897351e-08,3.98119167248367e-09,1.2271859276053054e-08,1.9607349165306755e-08,2.4384499063662297e-08,2.5913877402350953e-08,4.685519566649292e-11,2.660632853658258e-10,5.170394391273413e-09,1.1771646452873511e-08,2.066577222481747e-08,2.4836623082869384e-08,7.759232679612777e-09,2.1672511696914525e-09,9.515616910728699e-10,7.603031550217757e-09,3.2189101036497997e-09,1.2209203416854239e-08,1.9389317589090038e-08,1.419685907595927e-09,3250.0,9.0
1.1154784477335364e-08,5.797030364525936e-09,1.9828936880758445e-08,7.203173441658632e-11,3.1636679594237567e-09,1.2225917780111107e-08,1.916948362691345e-08,2.4268130003285877e-08,3.942452925979238e-09,1.2282162216342166e-08,1.9378065289483787e-08,2.3918934591479417e-08,2.5299043776218863e-08,4.333988844703223e-11,2.2418957180751718e-10,5.150644743728274e-09,1.1783602810877237e-08,2.0388191420182517e-08,2.431320216471022e-08,8.478457114100392e-09,2.338827743550343e-09,1.0275577511181923e-09,7.644186998016653e-09,3.1636679594237567e-09,1.2225917780111107e-08,1.916948362691345e-08,1.327089348511793e-09,3250.0,9.25
1.0523459354704673e-08,5.467712979896899e-09,1.872734471364603e-08,7.871845583234276e-11,3.0202177212784655e-09,1.1470616715383022e-08,1.807207581626169e-08,2.3053009274056277e-08,3.747930790187892e-09,1.1526671353182452e-08,1.8272296384995746e-08,2.2655547084447758e-08,2.4213587655236797e-08,5.027570705436311e-11,2.3056619331816745e-10,4.8744245531289455e-09,1.1061866035944277e-08,1.924346126213813e-08,2.318601263491575e-08,1.0793418137690943e-08,3.4010742179375198e-09,1.4296744717126358e-09,7.191305062408294e-09,3.0202177212784655e-09,1.1470616715383022e-08,1.807207581626169e-08,1.2954234311138575e-09,3250.0,9.5
1.043402721021042e-08,5.3306546261830745e-09,1.8879049373203867e-08,1.5452184476808497e-10,3.139661647576386e-09,1.0875670778020564e-08,1.797022138920116e-08,2.4216708108967897e-08,3.790531680267742e-09,1.0954335754432042e-08,1.8199328550478674e-08,2.3415386068608457e-08,2.6509764536735015e-08,1.1106355344171828e-10,3.8985622729376814e-10,4.803552263810525e-09,1.0521037452688962e-08,1.932402224461601e-08,2.4825439984215667e-08,2.5080421871135295e-08,1.2872085269741596e-08,6.659797604985233e-09,6.8304262490729125e-09,3.139661647576386e-09,1.0875670778020564e-08,1.797022138920116e-08,1.5751622456181572e-09,3500.0,6.0
1.0864613077070789e-08,5.602789828107441e-09,1.9544691453599234e-08,1.5953204335320352e-10,3.3205702162519975e-09,1.1385992548623042e-08,1.8640337552137168e-08,2.492643778167418e-08,4.006338892424424e-09,1.1464453909575342e-08,1.8872704929759384e-08,2.413752609099256e-08,2.7185425439643933e-08,1.1393124715032891e-10,4.0678841800490617e-10,5.067238320645613e-09,1.101487003030286e-08,2.0011784326541463e-08,2.5516665343156253e-08,2.4469995553900522e-08,1.1519964989671719e-08,5.655711979898497e-09,7.195273134301993e-09,3.3205702162519975e-09,1.1385992548623042e-08,1.8640337552137168e-08,1.6624273432529746e-09,3500.0,6.25
1.1302364288867748e-08,5.8794330131925025e-09,2.0220707627737688e-08,1.628364544577634e-10,3.5014675458011596e-09,1.1910618350063661e-08,1.9322113129446198e-08,2.5641170795042617e-08,4.221899879296637e-09,1.198865930628509e-08,1.9557642787703094e-08,2.486785584315195e-08,2.785743746909604e-08,1.1463623696609158e-10,4.2386450518649984e-10,5.333278403141073e-09,1.1521023979790337e-08,2.0710568819914047e-08,2.6208777867933292e-08,2.369408367251648e-08,1.0192278158277014e-08,4.784365694375895e-09,7.563434349047683e-09,3.5014675458011596e-09,1.1910618350063661e-08,1.9322113129446198e-08,1.750377133911323e-09,3500.0,6.5
1.1743813721095527e-08,6.158359086113092e-09,2.0901370261132193e-08,1.6418367237025509e-10,3.6793999859175283e-09,1.244497434023778e-08,2.001026605192728e-08,2.635322161963534e-08,4.43604945274617e-09,1.2522612444613718e-08,2.0248799901408277e-08,2.5599290365684194e-08,2.8516506099276485e-08,1.1282165627829702e-10,4.406369065188009e-10,5.599640529178432e-09,1.2036863660069504e-08,2.1414690824919968e-08,2.6893284300169785e-08,2.2712339533970117e-08,8.918500768489307e-09,4.047017931837691e-09,7.935253102582904e-09,3.6793999859175283e-09,1.244497434023778e-08,2.001026605192728e-08,1.8374470391231432e-09,3500.0,6.75
1.2182766280496986e-08,6.435789206922414e-09,2.1576614075271948e-08,1.6605047887447277e-10,3.851943493941251e-09,1.2981992401221788e-08,2.0695009794444295e-08,2.7050817534205488e-08,4.645895440618561e-09,1.3059139825279977e-08,2.093627930057222e-08,2.6320001423320852e-08,2.9150622953523404e-08,1.1178757984943389e-10,4.564124793941863e-10,5.862816646208544e-09,1.2555508510559208e-08,2.2113768309137496e-08,2.7558564168754423e-08,2.1651944026843873e-08,7.790342901469494e-09,3.4398380649051236e-09,8.311398188939312e-09,3.851943493941251e-09,1.2981992401221788e-08,2.0695009794444295e-08,1.918903562385894e-09,3500.0,7.0
1.2620464780285441e-08,6.712590715414873e-09,2.2247836010999794e-08,1.681992988908326e-10,4.0207508489494674e-09,1.3522724669536589e-08,2.137827194333244e-08,2.7733594895691494e-08,4.853224926637334e-09,1.3599245836075149e-08,2.1621993975822445e-08,2.703092874662742e-08,2.9756287026760375e-08,1.1124449901776613e-10,4.70801210232093e-10,6.124653990842217e-09,1.3077744350246862e-08,2.2809598440742194e-08,2.8202565990813704e-08,2.0342887578737285e-08,6.7322093849812845e-09,2.9220845266195527e-09,8.691929993485347e-09,4.0207508489494674e-09,1.3522724669536589e-08,2.137827194333244e-08,1.992197433315668e-09,3500.0,7.25
1.3047626424628402e-08,6.98431732819231e-09,2.2898427277148212e-08,1.6976882037427068e-10,4.185464303840539e-09,1.405519060882688e-08,2.204347877994158e-08,2.8384413441391133e-08,5.056363940180043e-09,1.4130877841654256e-08,2.228924261995009e-08,2.7712940377150322e-08,3.032117130897332e-08,1.1068890579491912e-10,4.825117780416727e-10,6.382086057671204e-09,1.3591767040528155e-08,2.3484878504599793e-08,2.881138554094824e-08,1.9065218883923825e-08,5.85070764760725e-09,2.5067572300000418e-09,9.067126086033116e-09,4.185464303840539e-09,1.405519060882688e-08,2.204347877994158e-08,2.0611719285845975e-09,3500.0,7.5
1.3465655006155296e-08,7.25252633582628e-09,2.3529415240226146e-08,1.7082864226824748e-10,4.347848044552543e-09,1.4581001125676128e-08,2.2692187343727435e-08,2.900151857254722e-08,5.256766561627836e-09,1.4655636639282318e-08,2.2939550753393866e-08,2.8366421590907908e-08,3.0838135317570084e-08,1.0947197539735914e-10,4.934987284756501e-10,6.6362051751714864e-09,1.409908577652867e-08,2.4140960304116037e-08,2.937980421626035e-08,1.7600392342813068e-08,5.049586088340027e-09,2.1534945368595287e-09,9.437649036863399e-09,4.347848044552543e-09,1.4581001125676128e-08,2.2692187343727435e-08,2.1291420390188897e-09,3500.0,7.75
1.3849978793710577e-08,7.50101610561085e-09,2.4103960184334495e-08,1.7086634509846272e-10,4.496011477937266e-09,1.5071821979290333e-08,2.328722446616079e-08,2.9546607846165152e-08,5.440614005191514e-09,1.5145087525784203e-08,2.3535562659819266e-08,2.8951040102992948e-08,3.127408929063342e-08,1.0767534268319257e-10,5.0166986144763e-10,6.870701016536639e-09,1.4572016195775367e-08,2.47396529984576e-08,2.9873311690694947e-08,1.6150859041765734e-08,4.433857382250893e-09,1.9072758628503314e-09,9.782280077647215e-09,4.496011477937266e-09,1.5071821979290333e-08,2.328722446616079e-08,2.1892488901655655e-09,3500.0,8.0
1.4188249942951143e-08,7.723009582867274e-09,2.4601643864477365e-08,1.7108378771287763e-10,4.62780400056568e-09,1.551051060253525e-08,2.380775751999842e-08,3.000084263885424e-08,5.604380273474906e-09,1.5582305756737996e-08,2.405637643313716e-08,2.9444957036901982e-08,3.1618103899265375e-08,1.0631035099674505e-10,5.093839187035752e-10,7.079924640770018e-09,1.499443895375335e-08,2.5259753697206742e-08,3.027730424430729e-08,1.4896989440948758e-08,3.956114195734789e-09,1.7156028856492928e-09,1.0090773574502642e-08,4.62780400056568e-09,1.551051060253525e-08,2.380775751999842e-08,2.242576161361874e-09,3500.0,8.25
1.4427701848417127e-08,7.890445757579544e-09,2.4932989850490025e-08,1.7283909316169515e-10,4.73270076564458e-09,1.583001092668536e-08,2.4161994356173436e-08,3.0273441051724266e-08,5.732204918758145e-09,1.5900231343427203e-08,2.4409781844518697e-08,2.9751549702920567e-08,3.1795852258690865e-08,1.0615808214461267e-10,5.201891167382944e-10,7.240076682438779e-09,1.5302169641508957e-08,2.560738259357378e-08,3.050898856413363e-08,1.3947445025905383e-08,3.6590659706698115e-09,1.5918266475964824e-09,1.0321390914222958e-08,4.73270076564458e-09,1.583001092668536e-08,2.4161994356173436e-08,2.291146738666247e-09,3500.0,8.5
1.4580497277987004e-08,8.007752152710409e-09,2.5118778433659495e-08,1.7376042813282643e-10,4.799552346058514e-09,1.6061838391267358e-08,2.437526262843642e-08,3.036845294057472e-08,5.817075259806849e-09,1.6129632672974133e-08,2.4620516152953008e-08,2.9879411820190845e-08,3.179869276951461e-08,1.05900467192556e-10,5.261929056476259e-10,7.350361128054933e-09,1.5524072533635538e-08,2.580407784295975e-08,3.056836005833782e-08,1.3203797898393202e-08,3.5232456661593166e-09,1.5442364986153385e-09,1.049009257136537e-08,4.799552346058514e-09,1.6061838391267358e-08,2.437526262843642e-08,2.3156130439828266e-09,3500.0,8.75
1.4632632200224544e-08,8.051478526042887e-09,2.5165377492464014e-08,1.7069804223473714e-10,4.806041696643984e-09,1.6178221124320053e-08,2.444904039402246e-08,3.03217444261644e-08,5.8349347076884855e-09,1.624350579871729e-08,2.469116898510119e-08,2.9856254378339066e-08,3.168287194980642e-08,1.0466516810481618e-10,5.146379398939492e-10,7.3850289258896685e-09,1.5632810738509274e-08,2.5857920414176612e-08,3.050219439182564e-08,1.3196271581754546e-08,3.5079693683070203e-09,1.5301528694592903e-09,1.0565770460271731e-08,4.806041696643984e-09,1.6178221124320053e-08,2.444904039402246e-08,2.2977074148752964e-09,3500.0,9.0
1.4845225617111769e-08,8.198375684567802e-09,2.5450577975732647e-08,1.4538443783767437e-10,4.886238153488379e-09,1.6483251755985928e-08,2.4761843780667625e-08,3.052494491374012e-08,5.950242463933895e-09,1.6547503227941192e-08,2.5002648432597255e-08,3.0106825231383825e-08,3.175098180064521e-08,8.784558352136737e-11,4.518813188873442e-10,7.541508049746633e-09,1.5930622800195563e-08,2.616083689733759e-08,3.064806691052483e-08,1.2541739184796517e-08,3.4771671769004704e-09,1.4960202167355573e-09,1.0814997276463114e-08,4.886238153488379e-09,1.6483251755985928e-08,2.4761843780667625e-08,2.2772274834300057e-09,3500.0,9.25
1.5031613499245892e-08,8.404509398234835e-09,2.552118087908125e-08,1.1369388230745734e-10,4.98235313585691e-09,1.691622976839203e-08,2.4920881545982615e-08,3.022909808351211e-08,6.105711114251113e-09,1.69713338693259e-08,2.514829499014509e-08,2.990293566512047e-08,3.1188894651493514e-08,6.922172388050294e-11,3.5934533184235015e-10,7.764631645065948e-09,1.6348452735839568e-08,2.6237251117800263e-08,3.026300152031263e-08,1.2195332758488657e-08,3.61220608888573e-09,1.5302316400001308e-09,1.1207607461552505e-08,4.98235313585691e-09,1.691622976839203e-08,2.4920881545982615e-08,2.2092920426475983e-09,3500.0,9.5
1.2481413460546405e-08,6.705381276225383e-09,2.1944641429675896e-08,2.800390565652134e-10,4.197564187561697e-09,1.3173521202629578e-08,2.1009831637953846e-08,2.768260779194164e-08,4.981239288576968e-09,1.3257077122748829e-08,2.1257462555992124e-08,2.681001952213288e-08,3.016717744777121e-08,2.0899975732702431e-10,6.579717163593406e-10,6.177939660684366e-09,1.2760872365129276e-08,2.246756039340565e-08,2.8377946035185302e-08,3.276698688870197e-08,2.325539401775132e-08,1.4599586551204069e-08,8.557542393290802e-09,4.197564187561697e-09,1.3173521202629578e-08,2.1009831637953846e-08,2.266513498529808e-09,3750.0,6.0
1.289096561251713e-08,6.969919208933487e-09,2.2566870031937825e-08,2.8494242681463124e-10,4.3720437045675905e-09,1.3667519516283281e-08,2.163628922570738e-08,2.8343722625753054e-08,5.1905415656157e-09,1.375085264795498e-08,2.1886600834021884e-08,2.7477528370060818e-08,3.081003942935436e-08,2.1194736744934714e-10,6.738445852531457e-10,6.435257310646411e-09,1.3239749989366115e-08,2.3108424457825226e-08,2.9030430878607898e-08,3.267111451959579e-08,2.174898424057565e-08,1.305672486262474e-08,8.916090650015257e-09,4.3720437045675905e-09,1.3667519516283281e-08,2.163628922570738e-08,2.351301922524804e-09,3750.0,6.25
1.333442104427906e-08,7.256540903272359e-09,2.323958805247815e-08,2.906321709745276e-10,4.560008122646495e-09,1.4204125128208308e-08,2.2314255518339244e-08,2.9055218720735214e-08,5.4169166604617566e-09,1.428718806474058e-08,2.2567385609219434e-08,2.8197229181924996e-08,3.149831764703297e-08,2.1547341363097278e-10,6.911066806803459e-10,6.714199726335014e-09,1.3759992039887837e-08,2.380141915190694e-08,2.973095321442996e-08,3.2483468052897225e-08,2.015826813067092e-08,1.151813182609128e-08,9.307064994946995e-09,4.560008122646495e-09,1.4204125128208308e-08,2.2314255518339244e-08,2.439445520443545e-09,3750.0,6.5
1.3804516362747517e-08,7.561612632288144e-09,2.3949797237830193e-08,2.950904472580613e-10,4.760648920331592e-09,1.4774628320479768e-08,2.3031134213698848e-08,2.980130622498192e-08,5.65865524932333e-09,1.485733004368486e-08,2.3287104458901754e-08,2.8954043697307823e-08,3.2214219775553e-08,2.1780940326940662e-10,7.075441065368279e-10,7.012006553435003e-09,1.4313085977272228e-08,2.4533320754927284e-08,3.046311786518647e-08,3.2173796549323745e-08,1.849106061999075e-08,1.0047594791375204e-08,9.723810244243405e-09,4.760648920331592e-09,1.4774628320479768e-08,2.3031134213698848e-08,2.5328240111048637e-09,3750.0,6.75
1.42977967821385e-08,7.8832704574726e-09,2.4691521304672467e-08,2.97371939074272e-10,4.972946044538519e-09,1.5375048778708238e-08,2.3781368905983272e-08,3.0574220487239004e-08,5.9141707300558324e-09,1.5457298155231466e-08,2.4040128242018456e-08,2.9740702936231915e-08,3.2948650694498765e-08,2.1726747067729106e-10,7.252696779339891e-10,7.326409231671542e-09,1.4895166976428741e-08,2.529815426994419e-08,3.121857355346602e-08,3.172314271705677e-08,1.6775219079378922e-08,8.675168112215706e-09,1.0163301607990472e-08,4.972946044538519e-09,1.5375048778708238e-08,2.3781368905983272e-08,2.6322522944072956e-09,3750.0,7.0
1.4807541660800244e-08,8.217245447269409e-09,2.545417524981182e-08,2.985288697572591e-10,5.193292140884587e-09,1.5998462032655645e-08,2.4554687871579476e-08,3.1360867528207085e-08,6.1794812407830886e-09,1.6080129594056625e-08,2.4816093299885902e-08,3.054480159302638e-08,3.368659248902685e-08,2.150014111749557e-10,7.43993359698837e-10,7.652947356137508e-09,1.5499463699043865e-08,2.608507740260726e-08,3.198310610453659e-08,3.111037139716725e-08,1.5061498754187054e-08,7.433651513460963e-09,1.0620268810026144e-08,5.193292140884587e-09,1.5998462032655645e-08,2.4554687871579476e-08,2.7352387902942e-09,3750.0,7.25
1.5323375519249598e-08,8.556659342991057e-09,2.622212962245836e-08,3.008262339852904e-10,5.416020204933596e-09,1.6633528111439774e-08,2.5335791433347405e-08,3.2143313688870246e-08,6.448230043945708e-09,1.6714427781151294e-08,2.5599566927626254e-08,3.13485718011472e-08,3.44094480855126e-08,2.1403672221069365e-10,7.625805567237222e-10,7.984393167186721e-09,1.6114846176146076e-08,2.687809919400034e-08,3.2738833931330364e-08,3.03157944646067e-08,1.3414805228809335e-08,6.361715542967209e-09,1.1085792922592636e-08,5.416020204933596e-09,1.6633528111439774e-08,2.5335791433347405e-08,2.838153019739268e-09,3750.0,7.5
1.5837585973495426e-08,8.896508394195213e-09,2.6983337108043846e-08,3.0317181999292594e-10,5.637159131627653e-09,1.7272104553975735e-08,2.611317666356537e-08,3.290664820559095e-08,6.715938988764406e-09,1.735200934361655e-08,2.637893007772381e-08,3.213774874667822e-08,3.510068570547559e-08,2.13273091962494e-10,7.801241065246057e-10,8.315628162778458e-09,1.6733310482311348e-08,2.7664980528881265e-08,3.347018109186397e-08,2.9285247139796005e-08,1.1833847859663388e-08,5.4634878646893875e-09,1.1553543358630711e-08,5.637159131627653e-09,1.7272104553975735e-08,2.611317666356537e-08,2.9385299450120097e-09,3750.0,7.75
1.6345753009192412e-08,9.234310730165323e-09,2.7730433751902098e-08,3.0560338747947145e-10,5.855243366197489e-09,1.7909081867948978e-08,2.6879520791094543e-08,3.3643058819261805e-08,6.980753115250596e-09,1.7987713160959735e-08,2.7146813117842074e-08,3.290376132324437e-08,3.575464568992047e-08,2.1270191229218702e-10,7.970021024733255e-10,8.644275023406918e-09,1.734988895541561e-08,2.8438089675370575e-08,3.4170889714021904e-08,2.8184317644445925e-08,1.0455901250292423e-08,4.68946045798041e-09,1.2020063114789637e-08,5.855243366197489e-09,1.7909081867948978e-08,2.6879520791094543e-08,3.036012406068333e-09,3750.0,8.0
1.6834887866549627e-08,9.561512560381933e-09,2.8443729214699892e-08,3.072449909991173e-10,6.064141013101196e-09,1.8529484673961477e-08,2.761538425015085e-08,3.43299441731623e-08,7.235533686838826e-09,1.8606559032706785e-08,2.7883656033951654e-08,3.3624792458080035e-08,3.6346464113652746e-08,2.1146130651554107e-10,8.122054541615358e-10,8.961831498770616e-09,1.7950011034029994e-08,2.917737377825031e-08,3.4816806950515734e-08,2.691605356695113e-08,9.222728643204006e-09,4.0726649327315106e-09,1.2474021409251997e-08,6.064141013101196e-09,1.8529484673961477e-08,2.761538425015085e-08,3.1272110586801644e-09,3750.0,8.25
1.728978378115862e-08,9.869054269044416e-09,2.9098943047335596e-08,3.085943361354643e-10,6.2589260115172406e-09,1.9114414660036913e-08,2.82964423822195e-08,3.4941382118367995e-08,7.473794587248414e-09,1.9189670421819154e-08,2.8565029223221965e-08,3.427420699338481e-08,3.685213075299958e-08,2.099577081557824e-10,8.265552972058807e-10,9.2596617686018e-09,1.8515386839141192e-08,2.9857803421280725e-08,3.5383222981267544e-08,2.5534407841956e-08,8.151098372340623e-09,3.5652510000166265e-09,1.2902119223849133e-08,6.2589260115172406e-09,1.9114414660036913e-08,2.82964423822195e-08,3.2112134062672675e-09,3750.0,8.5
1.764774666196859e-08,1.0118217322674243e-08,2.9599640195595265e-08,3.1139290109228356e-10,6.420014280365047e-09,1.9581312171815272e-08,2.8823169252486814e-08,3.538559596147544e-08,7.669254276043925e-09,1.965475923645735e-08,2.909126185485124e-08,3.475382843870765e-08,3.719712251964453e-08,2.1009541030528802e-10,8.418595447685559e-10,9.502150262807585e-09,1.8966611534199833e-08,3.0379412824747864e-08,3.5787004748447315e-08,2.4419062577106505e-08,7.44578193088547e-09,3.252117992064077e-09,1.3247185747622713e-08,6.420014280365047e-09,1.9581312171815272e-08,2.8823169252486814e-08,3.284836182471181e-09,3750.0,8.75
1.7906391506227078e-08,1.0311639787514487e-08,2.9931976240369566e-08,3.162125429602419e-10,6.543238886093106e-09,1.994215917170065e-08,2.9185358664383776e-08,3.562919003437461e-08,7.819897244187274e-09,2.0013101567699098e-08,2.9451206450695028e-08,3.5031757046681684e-08,3.734394353626532e-08,2.12190197713064e-10,8.586376099077195e-10,9.6900271397743e-09,1.931470540565524e-08,3.0726384004531186e-08,3.59946394283421e-08,2.3501854936186772e-08,6.981587919546534e-09,3.0423761995105043e-09,1.3519765867972471e-08,6.543238886093106e-09,1.994215917170065e-08,2.9185358664383776e-08,3.3399147190791476e-09,3750.0,9.0
1.8105592008611125e-08,1.0465270466171072e-08,3.0172755138236544e-08,3.160301205999076e-10,6.6305079519131855e-09,2.0245415403786684e-08,2.9459506456218895e-08,3.576156904057672e-08,7.932934737603349e-09,2.0313386624209104e-08,2.9722050964885117e-08,3.519742675327773e-08,3.738111184675632e-08,2.1195410568626981e-10,8.586704541241155e-10,9.837675660891706e-09,1.9606174117303174e-08,3.097914138124625e-08,3.609548065110123e-08,2.296713140952377e-08,6.71763589625126e-09,2.928030206920331e-09,1.3748441225700363e-08,6.6305079519131855e-09,2.0245415403786684e-08,2.9459506456218895e-08,3.363815237999241e-09,3750.0,9.25
1.822346089575618e-08,1.0553880519809506e-08,3.0318307575169215e-08,3.052801710410814e-10,6.692830063871886e-09,2.0407218860506186e-08,2.962667770378386e-08,3.584908621440905e-08,8.010668601467494e-09,2.047486757657007e-08,2.988812066679653e-08,3.53108565869745e-08,3.739423496180942e-08,2.0355365212240233e-10,8.380683685946427e-10,9.933645830665208e-09,1.9764263530891884e-08,3.113807637433424e-08,3.61569385807292e-08,2.250402836848238e-08,6.682349029899092e-09,2.8905527310547736e-09,1.3880549358857691e-08,6.692830063871886e-09,2.0407218860506186e-08,2.962667770378386e-08,3.379785398279719e-09,3750.0,9.5
1.568678820272968e-08,8.9483678822147e-09,2.6578855505334952e-08,5.590396132754481e-10,5.9756324579259614e-09,1.6788279792775283e-08,2.563256011690454e-08,3.2785062857089775e-08,6.964134172369519e-09,1.6879296886409587e-08,2.5904240678162608e-08,3.186830059923594e-08,3.538646026037674e-08,4.353523384923278e-10,1.2058051153575617e-09,8.438281057208242e-09,1.6294779123862598e-08,2.7223610886333573e-08,3.35290290211566e-08,3.96243436503462e-08,3.462298938091568e-08,2.4050048380226498e-08,1.1361649149049734e-08,5.9756324579259614e-09,1.6788279792775283e-08,2.563256011690454e-08,3.4843550447395546e-09,4000.0,6.0
1.5975340240018523e-08,9.13669877298e-09,2.7010066787566542e-08,5.484067681097104e-10,6.097591149463705e-09,1.7146959692185082e-08,2.6068333631744816e-08,3.323290805876103e-08,7.114909866319642e-09,1.723729779348006e-08,2.6341373171304334e-08,3.2320440128648226e-08,3.582165324559994e-08,4.250842902368341e-10,1.1943156589918688e-09,8.626645982670462e-09,1.6642588682377147e-08,2.7666386963116012e-08,3.397233173570806e-08,3.974303416467963e-08,3.349943478015771e-08,2.2727840296770128e-08,1.162968231314386e-08,6.097591149463705e-09,1.7146959692185082e-08,2.6068333631744816e-08,3.527919228401964e-09,4000.0,6.25
1.6311189398845217e-08,9.35723643425402e-09,2.7510241796637938e-08,5.405492101986075e-10,6.2422911332256175e-09,1.756253275002648e-08,2.657405287511847e-08,3.37517556908938e-08,7.29215830561153e-09,1.76521403010739e-08,2.6848667016759573e-08,3.2844799136131806e-08,3.632440882479534e-08,4.17110353920029e-10,1.188024619009949e-09,8.846665792659094e-09,1.7045956537243268e-08,2.8180199316764937e-08,3.448531558181609e-08,3.9843750685794994e-08,3.220062693727348e-08,2.1232983349083758e-08,1.1940199618583867e-08,6.2422911332256175e-09,1.756253275002648e-08,2.657405287511847e-08,3.5844642768361726e-09,4000.0,6.5
1.6698289770438866e-08,9.613248316411263e-09,2.8084066780671238e-08,5.356361671991308e-10,6.412539998611875e-09,1.8039717628303838e-08,2.7154771331806817e-08,3.434562079164365e-08,7.499012036451989e-09,1.81285908550999e-08,2.7431183070204716e-08,3.34457044035946e-08,3.689774864099295e-08,4.115852909076557e-10,1.1876636080837804e-09,9.101782542838954e-09,1.7509225338024463e-08,2.8770079819578615e-08,3.5071640035940385e-08,3.991033615224296e-08,3.0711997769110204e-08,1.9645028411576393e-08,1.2297410334506801e-08,6.412539998611875e-09,1.8039717628303838e-08,2.7154771331806817e-08,3.655880778811131e-09,4000.0,6.75
1.7135840796553765e-08,9.904821623265922e-09,2.8729104946947378e-08,5.33494439623041e-10,6.608630864337253e-09,1.8578197500966343e-08,2.7808218376558598e-08,3.501064939457534e-08,7.735804274792072e-09,1.8666287256954375e-08,2.8086582018934132e-08,3.411966672520635e-08,3.753687856407536e-08,4.082309373363454e-10,1.1931578881912848e-09,9.39230013659027e-09,1.803203004795792e-08,2.9433417290755653e-08,3.5727079898972883e-08,3.9921903177382884e-08,2.903930266558247e-08,1.788895806831694e-08,1.2701624553333219e-08,6.608630864337253e-09,1.8578197500966343e-08,2.7808218376558598e-08,3.742313244667916e-09,4000.0,7.0
1.762156154661259e-08,1.0230967361019951e-08,2.944072474887772e-08,5.328613666425695e-10,6.829928664579844e-09,1.917621090817485e-08,2.8530068001629966e-08,3.57400454555152e-08,8.001856018047557e-09,1.9263417419662175e-08,2.881046106812099e-08,3.486043264344532e-08,3.823348907017705e-08,4.056184518662306e-10,1.2040819606586817e-09,9.71744363336865e-09,1.8612705760513274e-08,3.016537721612764e-08,3.6444339578682465e-08,3.985497222432091e-08,2.7232232786290438e-08,1.6049307463194398e-08,1.3151965895774437e-08,6.829928664579844e-09,1.917621090817485e-08,2.8530068001629966e-08,3.843133198625338e-09,4000.0,7.25
1.814855134643338e-08,1.0587215999269138e-08,3.0208084398588925e-08,5.317221567789768e-10,7.072988085329281e-09,1.9826486750628347e-08,2.9309840078841953e-08,3.6520538487679886e-08,8.293353856880207e-09,1.9912701490841142e-08,2.9592217463121852e-08,3.56551802186363e-08,3.8973128614188284e-08,4.016420155324716e-10,1.2193113975203495e-09,1.0072846776631965e-08,1.924420894513222e-08,3.0954866401417515e-08,3.720956542800781e-08,3.968291146287171e-08,2.5307129439091134e-08,1.4225095172695111e-08,1.3643109104724957e-08,7.072988085329281e-09,1.9826486750628347e-08,2.9309840078841953e-08,3.955897043326117e-09,4000.0,7.5
1.8708004475140107e-08,1.096774537436414e-08,3.10177268879708e-08,5.3113497326293e-10,7.333081775264888e-09,2.0519482959162843e-08,3.013458923152666e-08,3.7336024997088214e-08,8.605042242266403e-09,2.0604566214018255e-08,3.041878700956226e-08,3.6488372380359015e-08,3.973812418865308e-08,3.976660439025865e-10,1.2374917028670169e-09,1.0452573289344032e-08,1.991725704594669e-08,3.1788243125508704e-08,3.8005943541048504e-08,3.9369058241766767e-08,2.3277739983397954e-08,1.2466295210201548e-08,1.4167815679407465e-08,7.333081775264888e-09,2.0519482959162843e-08,3.013458923152666e-08,4.0773556683954644e-09,4000.0,7.75
1.9287377306588893e-08,1.1364167372089408e-08,3.1850765611111156e-08,5.323075938843177e-10,7.603379712377999e-09,2.1241475299668078e-08,3.0985796833270586e-08,3.8164638817783154e-08,8.929315765867962e-09,2.132525573223801e-08,3.1271517974795174e-08,3.733871137121529e-08,4.050503358705816e-08,3.953942902544844e-10,1.2571331766426758e-09,1.0847975936265982e-08,2.0618423858636818e-08,3.26461261961704e-08,3.881090565718998e-08,3.8893039618409595e-08,2.1206347499873734e-08,1.08461556339518e-08,1.4715521791626514e-08,7.603379712377999e-09,2.1241475299668078e-08,3.0985796833270586e-08,4.202983101596173e-09,4000.0,8.0
1.98756512504042e-08,1.176909172384631e-08,3.269061700112187e-08,5.340069524976145e-10,7.878184604551059e-09,2.1980201839996483e-08,3.184733421046157e-08,3.8987364057905826e-08,9.259682364121967e-09,2.2062393623076584e-08,3.213417368317824e-08,3.8187562468934655e-08,4.125367078652876e-08,3.935559865928417e-10,1.2771308772514371e-09,1.1251542744308836e-08,2.1335677462753905e-08,3.3511806085183404e-08,3.960523850049597e-08,3.824033135910294e-08,1.9130446580508958e-08,9.38899143631142e-09,1.5276759476732266e-08,7.878184604551059e-09,2.1980201839996483e-08,3.184733421046157e-08,4.329340940276276e-09,4000.0,8.25
2.0455516954039297e-08,1.2170673991828758e-08,3.351186182594079e-08,5.357185274658273e-10,8.148150960372275e-09,2.271616535401757e-08,3.269412255392432e-08,3.977562365536482e-08,9.585485082437723e-09,2.2796461881415073e-08,3.298151735074553e-08,3.900641144913456e-08,4.195546300784524e-08,3.9181998589924276e-10,1.2960609562628556e-09,1.1650999004520685e-08,2.204986335819613e-08,3.435926843893296e-08,4.0360451073570655e-08,3.743883723912711e-08,1.7218406388163578e-08,8.171170765557823e-09,1.583603360273376e-08,8.148150960372275e-09,2.271616535401757e-08,3.269412255392432e-08,4.450898069890856e-09,4000.0,8.5
2.1014607755280562e-08,1.2561454886016567e-08,3.429495385099122e-08,5.371601647408519e-10,8.409220996518503e-09,2.343400944781676e-08,3.3506346518138816e-08,4.050885159017168e-08,9.901367934466813e-09,2.35120399462223e-08,3.379366487547287e-08,3.977441284355021e-08,4.2590388687641706e-08,3.897917480968368e-10,1.3145671712975324e-09,1.2039222143018303e-08,2.274610423649417e-08,3.516840916722478e-08,4.105619467577764e-08,3.647906785374464e-08,1.5416797136504044e-08,7.1103037202074596e-09,1.6382331792728e-08,8.409220996518503e-09,2.343400944781676e-08,3.3506346518138816e-08,4.567058172412527e-09,4000.0,8.75
2.1499482651001843e-08,1.2905394007511045e-08,3.496304338455883e-08,5.399674809550514e-10,8.640025804685419e-09,2.406288508809546e-08,3.4205064935102286e-08,4.111384132953557e-08,1.0179924804103716e-08,2.413863521010503e-08,3.449170115119326e-08,4.0415268188432195e-08,4.30937217654545e-08,3.891302784330818e-10,1.3339284065671201e-09,1.238092878163752e-08,2.3355802576130063e-08,3.586047266353797e-08,4.162325093792419e-08,3.5471720939290504e-08,1.392249143470264e-08,6.31513482296053e-09,1.6862090902715657e-08,8.640025804685419e-09,2.406288508809546e-08,3.4205064935102286e-08,4.672201790330015e-09,4000.0,9.0
2.1863314668254348e-08,1.3178379515685226e-08,3.5433176818402704e-08,5.472236145514392e-10,8.824420808599049e-09,2.455460769254661e-08,3.4708375390573356e-08,4.1491864123182984e-08,1.0401932759298584e-08,2.4627592883547895e-08,3.4992724830339555e-08,4.082851040966342e-08,4.337170416312999e-08,3.926986213648243e-10,1.3587013784945762e-09,1.2652356713388061e-08,2.3832239093141322e-08,3.634808307542688e-08,4.196653865130269e-08,3.4593252496376446e-08,1.2840239520345827e-08,5.766612869097409e-09,1.7244849194168242e-08,8.824420808599049e-09,2.455460769254661e-08,3.4708375390573356e-08,4.759162325761424e-09,4000.0,9.25
2.2153726341854613e-08,1.340486524540305e-08,3.578520606153535e-08,5.487831104086812e-10,8.967264499625259e-09,2.4977182323274953e-08,3.509826107726542e-08,4.1720928740659556e-08,1.058064242055294e-08,2.504665232737701e-08,3.537890532377388e-08,4.109558830656133e-08,4.349262216633593e-08,3.929274288840798e-10,1.3659779100449944e-09,1.2877378489548983e-08,2.4240816681076786e-08,3.671386391261549e-08,4.2159702166492054e-08,3.369171838490003e-08,1.1892257221897796e-08,5.414143952883587e-09,1.7577843515226494e-08,8.967264499625259e-09,2.4977182323274953e-08,3.509826107726542e-08,4.809685366403406e-09,4000.0,9.5
2.057027453979599e-08,1.2545334872823825e-08,3.332769025007437e-08,1.1792791833564848e-09,8.961697567902397e-09,2.228883715286214e-08,3.240675707537114e-08,4.0020199468966274e-08,1.023629530267795e-08,2.2385534540612482e-08,3.270609848968212e-08,3.9091538687810475e-08,4.264529850532927e-08,9.52768261886112e-10,2.3444269756712114e-09,1.209574634858652e-08,2.1686462277892893e-08,3.4147784888206266e-08,4.077949421526575e-08,4.680708979052183e-08,4.4249867700275837e-08,3.241242671548817e-08,1.576726168123791e-08,8.961697567902397e-09,2.228883715286214e-08,3.240675707537114e-08,5.673157144194704e-09,4250.0,6.0
2.0738447071258808e-08,1.265160273531298e-08,3.3579926694138454e-08,1.1410140425193502e-09,9.023453748434224e-09,2.250910246086961e-08,3.2663253977067034e-08,4.027401768705317e-08,1.0321605126691353e-08,2.2607312215383318e-08,3.296303879617358e-08,3.9348647774810545e-08,4.288942267502262e-08,9.180008484678539e-10,2.290474308298383e-09,1.2208302559384527e-08,2.1899465104229273e-08,3.440624869156978e-08,4.1030461165529636e-08,4.69281973346257e-08,4.3669205393051135e-08,3.162831651386671e-08,1.5937762684125824e-08,9.023453748434224e-09,2.250910246086961e-08,3.2663253977067034e-08,5.668297300438582e-09,4250.0,6.25
2.0935990408406104e-08,1.2778052716417086e-08,3.3874329269433225e-08,1.1042597250194571e-09,9.098690646256128e-09,2.276843328241063e-08,3.2962149720715604e-08,4.0569169524140754e-08,1.0422755135577605e-08,2.286639474596169e-08,3.32624063969934e-08,3.9647811195924856e-08,4.3172799329336645e-08,8.846595072890143e-10,2.2390173990989865e-09,1.2340687104361552e-08,2.2149837727134816e-08,3.4707208431115465e-08,4.132208747810781e-08,4.705577391841194e-08,4.297693016244704e-08,3.070567579674722e-08,1.6136022125057668e-08,9.098690646256128e-09,2.276843328241063e-08,3.2962149720715604e-08,5.669657547967436e-09,4250.0,6.5
2.1170225791376943e-08,1.293003046061854e-08,3.422082078304127e-08,1.0697223077941912e-09,9.191761032729e-09,2.30740678791992e-08,3.331421630713964e-08,4.0915650183828214e-08,1.0544841640016805e-08,2.3170775392188256e-08,3.361501149135777e-08,3.999928339939309e-08,4.3504645217570895e-08,8.530736675133366e-10,2.191268264817962e-09,1.2498608469341167e-08,2.244581237033655e-08,3.506158426458076e-08,4.1664089452514706e-08,4.718649277367281e-08,4.2145527354414345e-08,2.961462214533385e-08,1.636913781434834e-08,9.191761032729e-09,2.30740678791992e-08,3.331421630713964e-08,5.680146681041347e-09,4250.0,6.75
2.1449507567760217e-08,1.3114022060916005e-08,3.463025348360369e-08,1.0381949964186035e-09,9.307704915443713e-09,2.3435356291287807e-08,3.373057754791143e-08,4.132447961338006e-08,1.0693663063056871e-08,2.353055708070644e-08,3.403204448215569e-08,4.041460057352401e-08,4.389451855625322e-08,8.240637710460821e-10,2.1488682433483277e-09,1.2688582249537009e-08,2.2796488900318706e-08,3.548078211881866e-08,4.206706414350778e-08,4.7316012757349855e-08,4.114273797119972e-08,2.832745112415197e-08,1.6645467320485667e-08,9.307704915443713e-09,2.3435356291287807e-08,3.373057754791143e-08,5.7031650369760854e-09,4250.0,7.0
2.1782120043038305e-08,1.3336673914348468e-08,3.511296352513482e-08,1.0106097804929675e-09,9.451864370997791e-09,2.3862395332864495e-08,3.42218466336782e-08,4.1805172491576985e-08,1.0875221271720954e-08,2.395607138924551e-08,3.452406634933948e-08,4.09035782189461e-08,4.435101566586998e-08,7.984539107147777e-10,2.1136487072038784e-09,1.2917224593988633e-08,2.3211198230807444e-08,3.597519798048553e-08,4.2540167815460316e-08,4.7437837124652474e-08,3.993441172574082e-08,2.681159434222443e-08,1.6973365021005312e-08,9.451864370997791e-09,2.3862395332864495e-08,3.42218466336782e-08,5.742364875418043e-09,4250.0,7.25
2.2174263014529472e-08,1.360300862846849e-08,3.567647291419359e-08,9.875994333955362e-10,9.628532862935989e-09,2.436276292681169e-08,3.4796046012481054e-08,4.236396351921386e-08,1.1094278284041272e-08,2.4454854712718955e-08,3.5099062345596525e-08,4.147286080940482e-08,4.487920600180298e-08,7.766045647431466e-10,2.08696263280608e-09,1.31897893988529e-08,2.3697212981257754e-08,3.655256873188982e-08,4.30892816759884e-08,4.754054616369805e-08,3.849940105017001e-08,2.511470420961413e-08,1.7359296558451352e-08,9.628532862935989e-09,2.436276292681169e-08,3.4796046012481054e-08,5.800697419808961e-09,4250.0,7.5
2.2629144109201605e-08,1.3915880311017766e-08,3.632409069860572e-08,9.6835600775384e-10,9.840387817623659e-09,2.4940465330334227e-08,3.545699811577259e-08,4.300283327423522e-08,1.135369122203677e-08,2.503087658558511e-08,3.5760804588563645e-08,4.212485998791861e-08,4.5479957245100336e-08,7.574109354590366e-10,2.0698170414043445e-09,1.35093762821204e-08,2.425859038934883e-08,3.721644598093391e-08,4.3715916057041216e-08,4.760689409506059e-08,3.6821329885420446e-08,2.323989637306439e-08,1.7806856737432183e-08,9.840387817623659e-09,2.4940465330334227e-08,3.545699811577259e-08,5.880188725581555e-09,4250.0,7.75
2.3146118579906644e-08,1.4275458719734317e-08,3.705347366650218e-08,9.51865748670128e-10,1.0087450391085437e-08,2.5595709370625814e-08,3.6202794287595304e-08,4.371755465050653e-08,1.1653638354072468e-08,2.5684352919652142e-08,3.650732246445559e-08,4.2855873680566905e-08,4.6147461536062874e-08,7.398201236466562e-10,2.062004994987358e-09,1.387636368812222e-08,2.489571349794673e-08,3.7964546677582455e-08,4.4415367653533775e-08,4.761027835726493e-08,3.493645071199192e-08,2.1217037432134864e-08,1.8316871867139746e-08,1.0087450391085437e-08,2.5595709370625814e-08,3.6202794287595304e-08,5.980527770461764e-09,4250.0,8.0
2.3716898908458123e-08,1.467638439668384e-08,3.7851763495947334e-08,9.393217864081677e-10,1.0365318029708034e-08,2.6319656231631294e-08,3.7020962963546596e-08,4.449301318987078e-08,1.1989225459987283e-08,2.6406403860322727e-08,3.732601600681344e-08,4.3651224364508516e-08,4.6865442093816024e-08,7.25359162043312e-10,2.0624357782942543e-09,1.4285181579161329e-08,2.5599960934949493e-08,3.8783676536868005e-08,4.5172075826960625e-08,4.7512856209789306e-08,3.2870320485686275e-08,1.912756675826015e-08,1.888261250803242e-08,1.0365318029708034e-08,2.6319656231631294e-08,3.7020962963546596e-08,6.098754713035172e-09,4250.0,8.25
2.432814164990042e-08,1.5109371757124363e-08,3.8699521051274715e-08,9.310271480243075e-10,1.0666486827502057e-08,2.709747440596233e-08,3.789256057313787e-08,4.530699429556315e-08,1.2352000318687933e-08,2.7182099048788704e-08,3.819781282696793e-08,4.448910246737252e-08,4.761060495896295e-08,7.145668859761094e-10,2.069164203299103e-09,1.4726247589868063e-08,2.6356706605295724e-08,3.965403612376147e-08,4.596335905085398e-08,4.727768006021816e-08,3.065357025614316e-08,1.7053534443883012e-08,1.9492213592854736e-08,1.0666486827502057e-08,2.709747440596233e-08,3.789256057313787e-08,6.229997535633921e-09,4250.0,8.5
2.496292296070331e-08,1.5562496700488667e-08,3.957227733044163e-08,9.252374081961508e-10,1.0981110238463132e-08,2.7910433657229145e-08,3.8793654578998555e-08,4.613180303619654e-08,1.2731051362872127e-08,2.7992610905795298e-08,3.909862463316444e-08,4.5342296236236455e-08,4.835384891428222e-08,7.058575285080355e-10,2.079858194082171e-09,1.5187232096927307e-08,2.7147563653522906e-08,4.05509136509348e-08,4.6761189193102033e-08,4.688542125896806e-08,2.83606320893667e-08,1.508841090381456e-08,2.013075699112145e-08,1.0981110238463132e-08,2.7910433657229145e-08,3.8793654578998555e-08,6.367716636094578e-09,4250.0,8.75
2.560106667982599e-08,1.6022044877997196e-08,4.044067303627474e-08,9.213942695150833e-10,1.1299536259217373e-08,2.8734130881775657e-08,3.9694746861632835e-08,4.6936056840751896e-08,1.3114831826593871e-08,2.8813551503875702e-08,3.999886847062677e-08,4.617945061361112e-08,4.9063952070516485e-08,6.98676741428999e-10,2.0940361047663242e-09,1.5654190685321695e-08,2.7948730948047616e-08,4.144422565009414e-08,4.7533954150854714e-08,4.6325825365388945e-08,2.5988040215714738e-08,1.3184921653234714e-08,2.0779234517037698e-08,1.1299536259217373e-08,2.8734130881775657e-08,3.9694746861632835e-08,6.507567689759032e-09,4250.0,9.0
2.620379952292745e-08,1.6460850976814054e-08,4.125063069075429e-08,9.209322893607902e-10,1.1604355289073288e-08,2.9517608591725935e-08,4.05407503512528e-08,4.766708848266198e-08,1.3481382082984595e-08,2.9594135647852955e-08,4.084347920573702e-08,4.694686121313318e-08,4.969118206573165e-08,6.9445384394896e-10,2.1130254919289786e-09,1.6099505983890568e-08,2.8710554915841836e-08,4.227915365345414e-08,4.8230309901190254e-08,4.565566052308755e-08,2.378367512359883e-08,1.1598986975220638e-08,2.139700369616632e-08,1.1604355289073288e-08,2.9517608591725935e-08,4.05407503512528e-08,6.6445383999655175e-09,4250.0,9.25
2.667973485168888e-08,1.682100354976027e-08,4.1862165514234606e-08,9.259439550613044e-10,1.1857044487456305e-08,3.0151400504389556e-08,4.1189996757504145e-08,4.817614847707537e-08,1.3783662120477762e-08,3.022478185334455e-08,4.149017796468019e-08,4.749444785900359e-08,5.009069840556531e-08,6.948265626924703e-10,2.141112392982612e-09,1.646494433782331e-08,2.9326681785609992e-08,4.2910840718504216e-08,4.870255626788495e-08,4.475259180723301e-08,2.1583703603807206e-08,1.0408329938779885e-08,2.1903566950856468e-08,1.1857044487456305e-08,3.0151400504389556e-08,4.1189996757504145e-08,6.76384593885111e-09,4250.0,9.5
2.7113524818446956e-08,1.7650455948321142e-08,4.189178890103347e-08,2.4559997387099104e-09,1.3377645836150847e-08,2.9653663675124762e-08,4.105105844157944e-08,4.893580283892183e-08,1.4989928051854127e-08,2.9746259505726004e-08,4.137405166556101e-08,4.8036803291767925e-08,5.146483632174107e-08,2.056291423661475e-09,4.478480906155681e-09,1.7311273127353835e-08,2.892230481713004e-08,4.2914888312607e-08,4.9675016940920334e-08,5.47695458538833e-08,5.227692178661489e-08,3.8821303044123364e-08,2.1881819531183052e-08,1.3377645836150847e-08,2.9653663675124762e-08,4.105105844157944e-08,9.128141895460323e-09,4500.0,6.0
2.723239665382548e-08,1.77166065359844e-08,4.2077970929057796e-08,2.3651317741226792e-09,1.34090781866925e-08,2.981527144148349e-08,4.124359590585439e-08,4.912254289227693e-08,1.5047189154615852e-08,2.991172684579318e-08,4.156682321641288e-08,4.8226567689378195e-08,5.164271233493767e-08,1.9708422055506326e-09,4.363955729843906e-09,1.7392238365123896e-08,2.908130223881616e-08,4.310823250843182e-08,4.9859335522118144e-08,5.486931706259071e-08,5.196418102824409e-08,3.842969164419188e-08,2.2013543323070854e-08,1.34090781866925e-08,2.981527144148349e-08,4.124359590585439e-08,9.088276332895943e-09,4500.0,6.25
2.7362900518923875e-08,1.779161630420146e-08,4.227995754790703e-08,2.2782493882890696e-09,1.3445315638678278e-08,2.999411942755309e-08,4.145112775992439e-08,4.932250319937008e-08,1.5110346004427797e-08,3.009487444838297e-08,4.177453828029104e-08,4.8430000731122475e-08,5.18323985000855e-08,1.8896475049424625e-09,4.252127975956237e-09,1.7481043891087442e-08,2.925524528734164e-08,4.331626126553323e-08,5.00565585397348e-08,5.497404226117816e-08,5.160729256173738e-08,3.7968681890060376e-08,2.215760577520405e-08,1.3445315638678278e-08,2.999411942755309e-08,4.145112775992439e-08,9.049444241870403e-09,4500.0,6.5
2.7511278328534732e-08,1.7879523164534885e-08,4.250677460933701e-08,2.1946690152625166e-09,1.3489974657581881e-08,3.019947891008229e-08,4.168302916499108e-08,4.9543961000120915e-08,1.518281111526611e-08,3.030298247413574e-08,4.200655961860819e-08,4.8655380266265644e-08,5.204234873445832e-08,1.8118583488728323e-09,4.142926742008982e-09,1.758227169266657e-08,2.9452865262848977e-08,4.3548237006782835e-08,5.027479309253396e-08,5.5083502157673316e-08,5.1187013614347644e-08,3.741396238772531e-08,2.231976860804369e-08,1.3489974657581881e-08,3.019947891008229e-08,4.168302916499108e-08,9.013249733407409e-09,4500.0,6.75
2.768361152646712e-08,1.798458142876052e-08,4.2766893435069094e-08,2.116806565945892e-09,1.3545961562001257e-08,3.043912667022695e-08,4.194802966110135e-08,4.979621435405941e-08,1.5268127668790867e-08,3.054234700600412e-08,4.2271704959591345e-08,4.8912537886452276e-08,5.228025548632681e-08,1.7400950282913826e-09,4.038757936761915e-09,1.7700407808028907e-08,2.9682905508807806e-08,4.381334686255133e-08,5.052300530109755e-08,5.519639225190497e-08,5.06780903640843e-08,3.6733081192969926e-08,2.2505637064753727e-08,1.3545961562001257e-08,3.043912667022695e-08,4.194802966110135e-08,8.981896156521007e-09,4500.0,7.0
2.7885161460930458e-08,1.811156877355397e-08,4.306532671283765e-08,2.0426194288885876e-09,1.3617220394343952e-08,3.071932170938271e-08,4.225172885924925e-08,5.0082698814860256e-08,1.5371414921456957e-08,3.082032196007269e-08,4.2575470466118605e-08,4.9205033667425874e-08,5.25491128784182e-08,1.6720428938959611e-09,3.937212029749016e-09,1.7841197630085834e-08,2.9953316736207975e-08,4.4116556809158294e-08,5.080451072247653e-08,5.531254304461225e-08,5.006888803879405e-08,3.59128439582118e-08,2.272250084248008e-08,1.3617220394343952e-08,3.071932170938271e-08,4.225172885924925e-08,8.957099256262265e-09,4500.0,7.25
2.8122289206598163e-08,1.8264950210009874e-08,4.341042647413192e-08,1.966783463214858e-09,1.3707230599410788e-08,3.104659383655192e-08,4.260368823683445e-08,5.041077104997162e-08,1.5497421362632885e-08,3.114497017538765e-08,4.2927349597075946e-08,4.9540563462691975e-08,5.285545543099897e-08,1.6019863014925213e-09,3.835406255358086e-09,1.8009887993653762e-08,3.027062189636815e-08,4.4467070435530656e-08,5.1126334679732497e-08,5.5428772180292736e-08,4.933192627836809e-08,3.492600765743714e-08,2.2977838697291396e-08,1.3707230599410788e-08,3.104659383655192e-08,4.260368823683445e-08,8.939635911924067e-09,4500.0,7.5
2.8406523585456393e-08,1.8453263004381507e-08,4.381821801766043e-08,1.8942917440654177e-09,1.3822212240340703e-08,3.143365907073574e-08,4.3020424351253076e-08,5.079705932808166e-08,1.5653127431490953e-08,3.152951826679414e-08,4.3343978639873054e-08,4.993628483785548e-08,5.3214293263166645e-08,1.535115386019592e-09,3.738533746517993e-09,1.8214122483176805e-08,3.064629948927784e-08,4.488192204753342e-08,5.1504647495180656e-08,5.554080780814107e-08,4.8429715516062105e-08,3.372053691158599e-08,2.328187664616997e-08,1.3822212240340703e-08,3.143365907073574e-08,4.3020424351253076e-08,8.93447276971145e-09,4500.0,7.75
2.874826649291561e-08,1.8685021852940696e-08,4.430130697875957e-08,1.826687773018921e-09,1.3969142853305545e-08,3.189366513590786e-08,4.3514969364663827e-08,5.125305921157166e-08,1.5846185528360456e-08,3.1986882869568433e-08,4.38383526927807e-08,5.040436448175597e-08,5.3635136682504745e-08,1.4723058569887346e-09,3.6498037940039108e-09,1.8462430294772487e-08,3.1092765677907083e-08,4.5374014209670285e-08,5.19503101467269e-08,5.564276204864541e-08,4.73235645379649e-08,3.223975560422087e-08,2.3645361984266956e-08,1.3969142853305545e-08,3.189366513590786e-08,4.3514969364663827e-08,8.946601960950914e-09,4500.0,8.0
2.9157361985763392e-08,1.8968403905074346e-08,4.487138759277976e-08,1.765036547385606e-09,1.415482273084368e-08,3.2438873328836685e-08,4.4099604256709836e-08,5.178835995950736e-08,1.6084012811900397e-08,3.2529354886982945e-08,4.4422647808709726e-08,5.09548992461211e-08,5.412615653419898e-08,1.4146112656764558e-09,3.5727632088624013e-09,1.876304866388775e-08,3.1622366924829576e-08,4.595502982890936e-08,5.247251892092108e-08,5.572507433890387e-08,4.5961306991158126e-08,3.0453131326311436e-08,2.4078374271097867e-08,1.415482273084368e-08,3.2438873328836685e-08,4.4099604256709836e-08,8.981185411054968e-09,4500.0,8.25
2.9636462838181135e-08,1.9306045689372354e-08,4.553061065398571e-08,1.7104456768729206e-09,1.4381727804005387e-08,3.3072364363174856e-08,4.4777558692858184e-08,5.240310302234823e-08,1.636916962537124e-08,3.316015541455033e-08,4.50999594889904e-08,5.158857308686173e-08,5.4686014371531635e-08,1.362739810332044e-09,3.509128077903273e-09,1.9118703429787166e-08,3.2238537344825825e-08,4.6627555233745465e-08,5.307088915142128e-08,5.576885762190898e-08,4.431243922170427e-08,2.848625824709773e-08,2.4584042877577098e-08,1.4381727804005387e-08,3.3072364363174856e-08,4.4777558692858184e-08,9.040420193805309e-09,4500.0,8.5
3.018316243884977e-08,1.9697059974138503e-08,4.6273819942395165e-08,1.6640675951976668e-09,1.4649220730488994e-08,3.379176389304183e-08,4.554477781623753e-08,5.309025111852445e-08,1.670087221586596e-08,3.387680888931108e-08,4.5866186676513265e-08,5.2298877622077535e-08,5.530606659433448e-08,1.318056769089186e-09,3.459625995138254e-09,1.9528502848891975e-08,3.293898630259416e-08,4.7386944209159184e-08,5.373782088709693e-08,5.574766204836946e-08,4.2391222809244243e-08,2.6260339194089593e-08,2.516128356217063e-08,1.4649220730488994e-08,3.379176389304183e-08,4.554477781623753e-08,9.124365063951433e-09,4500.0,8.75
3.0788318892483166e-08,2.013555465185631e-08,4.7086940294781406e-08,1.6268544947088805e-09,1.4952582585948733e-08,3.458719827674861e-08,4.6387548585080014e-08,5.383364120983046e-08,1.7073681269528592e-08,3.466927352251606e-08,4.670751400976568e-08,5.3070088396391884e-08,5.5969043704130006e-08,1.2813376950816779e-09,3.4240467638032644e-09,1.9986182921176408e-08,3.371391431130463e-08,4.821889134416435e-08,5.4456766037971614e-08,5.562578572905988e-08,4.0195648915176204e-08,2.3812972020278277e-08,2.5802312701572246e-08,1.4952582585948733e-08,3.458719827674861e-08,4.6387548585080014e-08,9.230449233960656e-09,4500.0,9.0
3.143309436316734e-08,2.06083711614596e-08,4.79430125962394e-08,1.5971954081751288e-09,1.5281900111139867e-08,3.543648853749174e-08,4.727920021172794e-08,5.460397224017941e-08,1.747603401106975e-08,3.551515021613454e-08,4.759720922615394e-08,5.3873203229923246e-08,5.6644863978547056e-08,1.2510267032034506e-09,3.4013892333659353e-09,2.0478117294442093e-08,3.4541365593987544e-08,4.909636104762949e-08,5.519808409189765e-08,5.5369563447082156e-08,3.776280430454764e-08,2.1281999364495917e-08,2.6489256640048054e-08,1.5281900111139867e-08,3.543648853749174e-08,4.727920021172794e-08,9.353626310677888e-09,4500.0,9.25
3.208350818849328e-08,2.109130063927523e-08,4.879520284532771e-08,1.5761089072258202e-09,1.562013643853101e-08,3.629689631224402e-08,4.817162798562371e-08,5.535412717866645e-08,1.7887193581344674e-08,3.63718609530489e-08,4.8487131089149915e-08,5.4660787668102065e-08,5.7287251944425007e-08,1.228267933109907e-09,3.392094369448194e-09,2.0979032682202158e-08,3.537954130572831e-08,4.9971187847913075e-08,5.591519122849125e-08,5.495836222590544e-08,3.5265806970992875e-08,1.896357820235096e-08,2.7186808127554234e-08,1.562013643853101e-08,3.629689631224402e-08,4.817162798562371e-08,9.487440463979122e-09,4500.0,9.5
3.512162950303497e-08,2.425468991490175e-08,5.1796687764080794e-08,4.788163838154125e-09,1.9282679760943862e-08,3.8635135220316765e-08,5.1093981314254e-08,5.8951750263770074e-08,2.1250860494083236e-08,3.871825880460036e-08,5.143094669355441e-08,5.8127959207085546e-08,6.12541953093886e-08,4.162712527974351e-09,7.929391689502395e-09,2.40736242744161e-08,3.7769298141321394e-08,5.3021823665586065e-08,5.96334221580062e-08,6.331129960630102e-08,5.968072306798272e-08,4.393852956151343e-08,2.962052331122629e-08,1.9282679760943862e-08,3.8635135220316765e-08,5.1093981314254e-08,1.3987239995816122e-08,4750.0,6.0
3.526170340122679e-08,2.4324021005055652e-08,5.20252309952268e-08,4.608701273342803e-09,1.9317021294467467e-08,3.882256443125583e-08,5.133278987840893e-08,5.918722592669416e-08,2.131748203732433e-08,3.890899832739157e-08,5.1670325698719384e-08,5.8367551907947205e-08,6.147761722389756e-08,3.983961170774621e-09,7.747736157064035e-09,2.416792349125688e-08,3.795581798410515e-08,5.3263137152014613e-08,5.986582992839976e-08,6.342292830010871e-08,5.9428790635317567e-08,4.3702234536383486e-08,2.977179229510105e-08,1.9317021294467467e-08,3.882256443125583e-08,5.133278987840893e-08,1.3933074919613586e-08,4750.0,6.25
3.5397357725037016e-08,2.4392731939009557e-08,5.224360302338417e-08,4.437855904526201e-09,1.9349658897519127e-08,3.9006421557805346e-08,5.1561531105971486e-08,5.940941727248884e-08,2.138413369111725e-08,3.909731800956404e-08,5.189944574875207e-08,5.8593833383488117e-08,6.168773030094509e-08,3.815746099474411e-09,7.564952617051405e-09,2.4261419648953263e-08,3.813857913303902e-08,5.349331007507254e-08,6.008488973639741e-08,6.353396846955728e-08,5.917986979112513e-08,4.344623053271201e-08,2.992406809156636e-08,1.9349658897519127e-08,3.9006421557805346e-08,5.1561531105971486e-08,1.387506593432927e-08,4750.0,6.5
3.553438946140313e-08,2.4464715589631807e-08,5.246090200699946e-08,4.274591768030073e-09,1.9383279438260897e-08,3.919441274141686e-08,5.1788456916038094e-08,5.962649987975296e-08,2.1452960197348798e-08,3.9291513127949044e-08,5.212658710795358e-08,5.881514020195101e-08,6.18924054579457e-08,3.657069268117121e-09,7.383843844974932e-09,2.435727192283951e-08,3.832376037277746e-08,5.37207429774173e-08,6.029866539681932e-08,6.36433216350187e-08,5.891702374689499e-08,4.31585912537133e-08,3.008120408442263e-08,1.9383279438260897e-08,3.919441274141686e-08,5.1788456916038094e-08,1.3815441043466237e-08,4750.0,6.75
3.567888608435221e-08,2.4543857262366224e-08,5.268625610579198e-08,4.119257641065066e-09,1.942109851916968e-08,3.939649876163066e-08,5.202183322255182e-08,5.98466681715188e-08,2.152638217717858e-08,3.9499936721263704e-08,5.236004403209379e-08,5.903988137918577e-08,6.209912796197866e-08,3.5073964667192043e-09,7.20451372661312e-09,2.4459817744165504e-08,3.8519777306001493e-08,5.39538450042874e-08,6.051521328409889e-08,6.37549710583816e-08,5.862696923648011e-08,4.282672068195308e-08,3.0248598223555056e-08,1.942109851916968e-08,3.939649876163066e-08,5.202183322255182e-08,1.3755239532906707e-08,4750.0,7.0
3.583467351780993e-08,2.46324963721753e-08,5.292497080377783e-08,3.96796412628131e-09,1.946569188512161e-08,3.962082510915752e-08,5.226667275901165e-08,6.007398469439145e-08,2.1606118639540745e-08,3.9727765625105046e-08,5.2604815917006595e-08,5.9272342375817295e-08,6.231139960594956e-08,3.362545743817766e-09,7.026147042755509e-09,2.4572316576193677e-08,3.8734422643591466e-08,5.41975287149828e-08,6.073843911723418e-08,6.38662302380664e-08,5.829382648076475e-08,4.2436058072911606e-08,3.043035223459715e-08,1.946569188512161e-08,3.962082510915752e-08,5.226667275901165e-08,1.3694845401444907e-08,4750.0,7.25
3.600833336702004e-08,2.4734826496793317e-08,5.318638810417694e-08,3.819304694857081e-09,1.951972258609765e-08,3.9876377860593644e-08,5.253278058995773e-08,6.031784997454539e-08,2.1696240327247617e-08,3.998217944186834e-08,5.2870733000761914e-08,5.952224511546888e-08,6.253768211303244e-08,3.220642876917584e-09,6.847351041165489e-09,2.470019130175748e-08,3.897844453139151e-08,5.4461680450496285e-08,6.09774531609491e-08,6.397624866670662e-08,5.790378068027111e-08,4.196853535703709e-08,3.0632774010623356e-08,1.951972258609765e-08,3.9876377860593644e-08,5.253278058995773e-08,1.3635706922587127e-08,4750.0,7.5
3.620761303998518e-08,2.4856184590397357e-08,5.3481182217532897e-08,3.6713866486499716e-09,1.95863649032827e-08,4.017028169189456e-08,5.2832209105255825e-08,6.058902946381764e-08,2.1801697932349304e-08,4.027234422236755e-08,5.31698604986991e-08,5.980068858202764e-08,6.27876325173304e-08,3.0798959178739768e-09,6.6676334377978166e-09,2.4848935612394857e-08,3.9261405792540694e-08,5.475833424069439e-08,6.124273841952842e-08,6.408466096528185e-08,5.7436420462895565e-08,4.139998830732051e-08,3.086409959149236e-08,1.95863649032827e-08,4.017028169189456e-08,5.2832209105255825e-08,1.3579207608142502e-08,4750.0,7.75
3.645172147306912e-08,2.5012179041504853e-08,5.3833162254513755e-08,3.5273556783573656e-09,1.967862261317751e-08,4.0522511816060656e-08,5.318987390807443e-08,6.091131940203106e-08,2.193726247350579e-08,4.0620376480516116e-08,5.352708846159094e-08,6.013212035128345e-08,6.308332754700895e-08,2.9431067630337244e-09,6.492381799636273e-09,2.5033833459217666e-08,3.960260882264014e-08,5.511241774590734e-08,6.155761630211219e-08,6.419991326595754e-08,5.688000225237113e-08,4.0705006539967796e-08,3.114379528971602e-08,1.967862261317751e-08,4.0522511816060656e-08,5.318987390807443e-08,1.353526412843343e-08,4750.0,8.0
3.6713507231091954e-08,2.517977407908591e-08,5.42099663412378e-08,3.3819801277263405e-09,1.977462936597665e-08,4.090232738232865e-08,5.357408752781118e-08,6.125145208435178e-08,2.2079867564183755e-08,4.099622090831876e-08,5.3910759850634086e-08,6.048330742348054e-08,6.339132108949415e-08,2.8049304562748034e-09,6.3154722197822475e-09,2.5229623834413358e-08,3.9969947610135665e-08,5.549191983208297e-08,6.188865761159365e-08,6.428063574522426e-08,5.616624141249802e-08,3.980683659850174e-08,3.144463252890921e-08,1.977462936597665e-08,4.090232738232865e-08,5.357408752781118e-08,1.3487023957462387e-08,4750.0,8.25
3.7035535673045824e-08,2.539688410440138e-08,5.4660221265065146e-08,3.2642585224746747e-09,1.9908175355623357e-08,4.13567855349765e-08,5.4034551345977456e-08,6.165651711614589e-08,2.226479870434887e-08,4.1446703408097716e-08,5.4370474052707573e-08,6.090242638154931e-08,6.375567656135287e-08,2.6937081487729417e-09,6.168345843259667e-09,2.547362781904979e-08,4.040992849975579e-08,5.594643745655352e-08,6.228215101815879e-08,6.435956693218495e-08,5.529383157701226e-08,3.865883820327376e-08,3.180883515776562e-08,1.9908175355623357e-08,4.13567855349765e-08,5.4034551345977456e-08,1.3464657584764443e-08,4750.0,8.5
3.741612320671818e-08,2.566011696197853e-08,5.518109805827961e-08,3.1404125472706385e-09,2.007548107753687e-08,4.189155147075646e-08,5.4569435793840436e-08,6.211854723439674e-08,2.2491418231311046e-08,4.1977550883850964e-08,5.490404905874254e-08,6.13821814095571e-08,6.416604118252707e-08,2.5777827647129427e-09,6.011353090171105e-09,2.576818236922689e-08,4.0928902331629245e-08,5.647227107914787e-08,6.272965411142805e-08,6.44189784103713e-08,5.425360355941469e-08,3.7279831065080906e-08,3.224350789515336e-08,2.007548107753687e-08,4.189155147075646e-08,5.4569435793840436e-08,1.3452296255038898e-08,4750.0,8.75
3.785897694123908e-08,2.597241944277165e-08,5.577770744789154e-08,3.016700059252148e-09,2.027813437077311e-08,4.250994885585019e-08,5.5185299914384124e-08,6.264185327855123e-08,2.276062472949421e-08,4.2592185691927554e-08,5.5518031658645926e-08,6.192744287921296e-08,6.462554840246809e-08,2.461389861812493e-09,5.857713334867811e-09,2.611404832214454e-08,4.153033710398402e-08,5.7075813907493376e-08,6.323464797051248e-08,6.444320292778484e-08,5.2969146554307436e-08,3.5575436361296444e-08,3.274980882010944e-08,2.027813437077311e-08,4.250994885585019e-08,5.5185299914384124e-08,1.3455025150806945e-08,4750.0,9.0
3.837118734093635e-08,2.634076705897699e-08,5.64571214628208e-08,2.904963546405973e-09,2.0521951297432126e-08,4.32191073028717e-08,5.5891544480991936e-08,6.323110127939138e-08,2.30778731056866e-08,4.329767257111887e-08,5.6221727117899854e-08,6.254365751546084e-08,6.513683399224879e-08,2.356193845852256e-09,5.719799708072357e-09,2.6516618656304854e-08,4.2221278276619666e-08,5.776541767786991e-08,6.380133182725212e-08,6.4415534204408e-08,5.138500133591129e-08,3.359615807042571e-08,3.333379840261599e-08,2.0521951297432126e-08,4.32191073028717e-08,5.5891544480991936e-08,1.3480704829017898e-08,4750.0,9.25
3.8944491904310317e-08,2.676057186943655e-08,5.720590818813067e-08,2.8083739547755634e-09,2.0804152033915697e-08,4.4008892183788196e-08,5.667515262817627e-08,6.38715779245995e-08,2.3439174307759034e-08,4.408353534452756e-08,5.700209844490427e-08,6.32165026973888e-08,6.56836896151527e-08,2.2653134534119817e-09,5.601956981237838e-09,2.6970537266733946e-08,4.2991417753840955e-08,5.8527803274696014e-08,6.441462020893281e-08,6.43174019073112e-08,4.954677503720028e-08,3.143363738155334e-08,3.398736756714725e-08,2.0804152033915697e-08,4.4008892183788196e-08,5.667515262817627e-08,1.3530517618993227e-08,4750.0,9.5
4.436673113767626e-08,3.2293647534387066e-08,6.257511237891153e-08,8.530840570517648e-09,2.66944143113324e-08,4.892527325619922e-08,6.206321854585778e-08,6.955641696730912e-08,2.9009485745226672e-08,4.899552128351137e-08,6.240116579672914e-08,6.884852260493133e-08,7.15159611083275e-08,7.670760553899836e-09,1.2857231933181879e-08,3.233328528097947e-08,4.794042910909425e-08,6.397897475348131e-08,7.014508699404701e-08,7.216963266578188e-08,6.710882140496924e-08,4.8659150523133524e-08,3.8844494088414363e-08,2.66944143113324e-08,4.892527325619922e-08,6.206321854585778e-08,2.0326227611040326e-08,5000.0,6.0
4.459622249442685e-08,3.241009007321039e-08,6.294990595030828e-08,8.253931101023314e-09,2.6762622950629952e-08,4.921831477064461e-08,6.24542689902961e-08,6.994768230763576e-08,2.911619346975631e-08,4.9291047119097345e-08,6.279362305426153e-08,6.924807456441768e-08,7.188293782219178e-08,7.3795645477006835e-09,1.2645779239694808e-08,3.247900644964899e-08,4.823001406195552e-08,6.437664310138752e-08,7.053159128386599e-08,7.233057155535361e-08,6.6796843284762e-08,4.8451943908792754e-08,3.90667518379204e-08,2.6762622950629952e-08,4.921831477064461e-08,6.24542689902961e-08,2.028536416553741e-08,5000.0,6.25
4.480714955165596e-08,3.2517827944017586e-08,6.329001060246296e-08,7.971862437846507e-09,2.6825595680188743e-08,4.949190178637838e-08,6.281110815514884e-08,7.030069693425332e-08,2.9221267510859738e-08,4.9566897420450386e-08,6.315149086983726e-08,6.960782223540061e-08,7.221662565222734e-08,7.086648012801366e-09,1.2416262272415586e-08,3.261989146207796e-08,4.8500900148958585e-08,6.473816108407273e-08,7.087984220566965e-08,7.248396932613504e-08,6.65255699297398e-08,4.825239560173385e-08,3.9282953365934e-08,2.6825595680188743e-08,4.949190178637838e-08,6.281110815514884e-08,2.0236276899072562e-08,5000.0,6.5
4.500240058556821e-08,3.261914404458602e-08,6.36006981546979e-08,7.697209724986451e-09,2.6882727401770966e-08,4.974598940510069e-08,6.313840237341008e-08,7.061916082558134e-08,2.9324444988777417e-08,4.9828117738669086e-08,6.347946559508648e-08,6.993265895657254e-08,7.251659569192359e-08,6.80381582277997e-09,1.2175335829052912e-08,3.275565344206137e-08,4.8754775360324805e-08,6.506813780898734e-08,7.11936564971437e-08,7.262982122930333e-08,6.627940147238893e-08,4.8050541564490695e-08,3.949345376964823e-08,2.6882727401770966e-08,4.974598940510069e-08,6.313840237341008e-08,2.0180085111050976e-08,5000.0,6.75
4.5188871954632426e-08,3.271824086836324e-08,6.389269441053065e-08,7.430340357879753e-09,2.6938793256295015e-08,4.9992405594587564e-08,6.344662133739498e-08,7.09147631513474e-08,2.9428105397333042e-08,5.008239177387623e-08,6.378813536232524e-08,7.023451213893366e-08,7.279377363800592e-08,6.53315608312713e-09,1.1928959145198236e-08,3.288987010417384e-08,4.8999642760208894e-08,6.537776895350046e-08,7.148449391564866e-08,7.276981464770016e-08,6.604495926616789e-08,4.7837926333061915e-08,3.9703255017406415e-08,2.6938793256295015e-08,4.9992405594587564e-08,6.344662133739498e-08,2.0119576347305542e-08,5000.0,7.0
4.536982502180177e-08,3.2817202660105296e-08,6.417162802020857e-08,7.17676623928752e-09,2.6994461434347016e-08,5.023661598106128e-08,6.374006195313694e-08,7.119113724964906e-08,2.953163126239056e-08,5.033590969941291e-08,6.408174751402492e-08,7.051702949339123e-08,7.305220838306861e-08,6.279115476639537e-09,1.168026399786871e-08,3.3023901974941245e-08,4.9239761806317525e-08,6.567111829198153e-08,7.175609972201957e-08,7.290154659129233e-08,6.580384952254195e-08,4.760258163663138e-08,3.991409844977602e-08,2.6994461434347016e-08,5.023661598106128e-08,6.374006195313694e-08,2.0054290965606726e-08,5000.0,7.25
4.555130501596959e-08,3.291967680196884e-08,6.444685547108764e-08,6.934213077863111e-09,2.7053268839678845e-08,5.049041616083038e-08,6.40263975500032e-08,7.145608032081519e-08,2.9636510199752893e-08,5.059761241920852e-08,6.436803552850867e-08,7.078828305576622e-08,7.32985757511897e-08,6.0379648471105055e-09,1.1431222047878932e-08,3.316175979434595e-08,4.948493933345026e-08,6.595613843025348e-08,7.201597797852873e-08,7.30308084674371e-08,6.554175309036436e-08,4.733360709360052e-08,4.0130696594246684e-08,2.7053268839678845e-08,5.049041616083038e-08,6.40263975500032e-08,1.9985323632358985e-08,5000.0,7.5
4.574237372648371e-08,3.3031276585916574e-08,6.473171396109757e-08,6.69814699499335e-09,2.711959620321453e-08,5.0768841815018055e-08,6.431858941278577e-08,7.172138975004092e-08,2.9747204739798957e-08,5.087848605039954e-08,6.465998173340208e-08,7.106048701030145e-08,7.354390546393945e-08,5.8064551622969906e-09,1.1180998302822033e-08,3.331140594611593e-08,4.975026260536575e-08,6.624580977184913e-08,7.227575926864927e-08,7.315414342871426e-08,6.52449530209623e-08,4.7019202365281626e-08,4.036098335006382e-08,2.711959620321453e-08,5.0768841815018055e-08,6.431858941278577e-08,1.9915193662315025e-08,5000.0,7.75
4.5948544222728475e-08,3.31559914491321e-08,6.50329271363994e-08,6.466557754427508e-09,2.719552265784855e-08,5.107928401039606e-08,6.462383736814015e-08,7.199338871696177e-08,2.9867853732932384e-08,5.11853570169653e-08,6.496476519705793e-08,7.134050574835354e-08,7.37926370320849e-08,5.5798654719792984e-09,1.0927877566707761e-08,3.347774673437291e-08,5.004677673859453e-08,6.654722831712695e-08,7.25414453512773e-08,7.327292615485366e-08,6.490017030786167e-08,4.664581827611258e-08,4.0612185836779365e-08,2.719552265784855e-08,5.107928401039606e-08,6.462383736814015e-08,1.9843952998343363e-08,5000.0,8.0
4.617940027528416e-08,3.3300423048728786e-08,6.536365691726934e-08,6.233911631189643e-09,2.7284745062763574e-08,5.142982629159329e-08,6.495717458710297e-08,7.228529831099706e-08,3.0005073573521406e-08,5.152956308523427e-08,6.52974149388155e-08,7.164173330595165e-08,7.405725147913501e-08,5.352998491389456e-09,1.0669957131631895e-08,3.3667154785681354e-08,5.03845059197608e-08,6.687525866469742e-08,7.282594170266071e-08,7.338761789862283e-08,6.449490117692694e-08,4.619667864107853e-08,4.089447528688074e-08,2.7284745062763574e-08,5.142982629159329e-08,6.495717458710297e-08,1.977334136005039e-08,5000.0,8.25
4.643956688951782e-08,3.3466649414942874e-08,6.573125309878089e-08,5.993155479552727e-09,2.7387220699950268e-08,5.1824665174210773e-08,6.532764310934056e-08,7.260437028175468e-08,3.016106625149289e-08,5.1917858749450295e-08,6.56669707342216e-08,7.197226495680015e-08,7.434317011479557e-08,5.118743402415336e-09,1.0400685701802229e-08,3.3881647954440936e-08,5.076601850136882e-08,6.723913759534999e-08,7.31357241729913e-08,7.349343528329124e-08,6.401140741103384e-08,4.5650177516226554e-08,4.121453839053012e-08,2.7387220699950268e-08,5.1824665174210773e-08,6.532764310934056e-08,1.9699772288398934e-08,5000.0,8.5
4.6740569908770134e-08,3.3663255832158434e-08,6.615024178247277e-08,5.738968713189086e-09,2.7509867805806385e-08,5.227823705369398e-08,6.575141824386217e-08,7.296343948912696e-08,3.034406287178602e-08,5.23650314498317e-08,6.608959084313772e-08,7.234516759887561e-08,7.4662169707571e-08,4.871285034529215e-09,1.011797653865831e-08,3.413019633881974e-08,5.120393244268025e-08,6.765431771670548e-08,7.348359347515396e-08,7.358934977179505e-08,6.34296312639371e-08,4.498486637917601e-08,4.158547228758327e-08,2.7509867805806385e-08,5.227823705369398e-08,6.575141824386217e-08,1.9626394447998882e-08,5000.0,8.75
4.7088324122612064e-08,3.389534777232502e-08,6.662745989482007e-08,5.47901470644287e-09,2.7656000456440105e-08,5.2797811756591583e-08,6.62363261168672e-08,7.336808116007651e-08,3.055736505095846e-08,5.2878392764193864e-08,6.65728657813114e-08,7.276702306632739e-08,7.501689043105077e-08,4.617964266441468e-09,9.82990789964222e-09,3.4416484396052745e-08,5.1705956572223026e-08,6.812818370077504e-08,7.387432591726622e-08,7.366520449578795e-08,6.27229345923774e-08,4.41692467165197e-08,4.201318686831064e-08,2.7656000456440105e-08,5.2797811756591583e-08,6.62363261168672e-08,1.9556770559141226e-08,5000.0,9.0
4.748618769814096e-08,3.4165392722517404e-08,6.716734754994209e-08,5.224997097176158e-09,2.7825335755291196e-08,5.33878034395309e-08,6.678875742704825e-08,7.38204434757495e-08,3.0801148306764754e-08,5.346279955489609e-08,6.712304047094562e-08,7.324071862809478e-08,7.540743693253252e-08,4.373301834954175e-09,9.537955901985022e-09,3.474160017934731e-08,5.227766672029539e-08,6.866626390818312e-08,7.43093727321605e-08,7.370643537790752e-08,6.186062393410053e-08,4.317428859085488e-08,4.250086884957868e-08,2.7825335755291196e-08,5.33878034395309e-08,6.678875742704825e-08,1.9489978908202015e-08,5000.0,9.25
4.794107327072458e-08,3.448216775834139e-08,6.777539314180039e-08,5.00727599706434e-09,2.8025049620022827e-08,5.4051810760767835e-08,6.741691331743776e-08,7.432577132358562e-08,3.107972173601935e-08,5.4122046685128695e-08,6.774818684620318e-08,7.377253089412481e-08,7.583595787809308e-08,4.165202773682329e-09,9.282460209863579e-09,3.5108238704746045e-08,5.2922955191321455e-08,6.927570482254434e-08,7.479307020595961e-08,7.36873019067924e-08,6.078952279039691e-08,4.192966318701863e-08,4.305000387225716e-08,2.8025049620022827e-08,5.4051810760767835e-08,6.741691331743776e-08,1.9445004558074425e-08,5000.0,9.5
5.480181577873824e-08,4.1763135986646187e-08,7.411859530786754e-08,1.3795431812036357e-08,3.566360224142659e-08,6.042179434136361e-08,7.385209185636144e-08,8.065039973393666e-08,3.830145430978526e-08,6.047454220340428e-08,7.417869696703954e-08,8.010146271506327e-08,8.214350744188716e-08,1.2698021437187566e-08,1.9290629241921048e-08,4.2105135377463423e-08,5.934255497883049e-08,7.568350329374737e-08,8.110457049720183e-08,8.111190197682065e-08,7.459513051456323e-08,5.3231460786425526e-08,4.9513163418497403e-08,3.566360224142659e-08,6.042179434136361e-08,7.385209185636144e-08,2.821929530392295e-08,5250.0,6.0
5.506992769488285e-08,4.190274348835149e-08,7.455207620708111e-08,1.348111587364303e-08,3.575114440282003e-08,6.075269497568697e-08,7.430655693290494e-08,8.110275766896497e-08,3.842771520298515e-08,6.080847639828428e-08,7.463493660200987e-08,8.056538818056794e-08,8.25627569761736e-08,1.2364444430565227e-08,1.909549903269637e-08,4.22740237402186e-08,5.966996536165734e-08,7.614606151644584e-08,8.155112380829819e-08,8.134205005312168e-08,7.426935544847192e-08,5.3055030149367336e-08,4.976352960983056e-08,3.575114440282003e-08,6.075269497568697e-08,7.430655693290494e-08,2.8193811239951798e-08,5250.0,6.25
5.536880594823769e-08,4.208116357775781e-08,7.499522780451443e-08,1.3133176504930421e-08,3.5874206807898834e-08,6.113634961542487e-08,7.477000414075377e-08,8.155254001745719e-08,3.8599201079399494e-08,6.11957721603086e-08,7.509889495524196e-08,8.102271025605514e-08,8.299110377540139e-08,1.1992216011021508e-08,1.8876523514378417e-08,4.249306402086857e-08,6.005121829317893e-08,7.661128449164939e-08,8.19998292070415e-08,8.158849276731876e-08,7.39592214950858e-08,5.2882401602980423e-08,5.00795635982265e-08,3.5874206807898834e-08,6.113634961542487e-08,7.477000414075377e-08,2.818314123130456e-08,5250.0,6.5
5.5687317434813993e-08,4.226298634292522e-08,7.548300039931219e-08,1.2762659766253804e-08,3.5991955947855905e-08,6.154313489582674e-08,7.528167328918696e-08,8.205065717612605e-08,3.877221359560011e-08,6.160721262676811e-08,7.56114145666982e-08,8.152929815102419e-08,8.346596477812644e-08,1.1595221235190909e-08,1.8627582232531715e-08,4.2713457455696834e-08,6.045387328398932e-08,7.712611972551832e-08,8.249295837914515e-08,8.181725856114366e-08,7.36816122639804e-08,5.271912166829122e-08,5.040358310004684e-08,3.5991955947855905e-08,6.154313489582674e-08,7.528167328918696e-08,2.8161463044443933e-08,5250.0,6.75
5.59873238657564e-08,4.2431052624878375e-08,7.5945306765609e-08,1.2377927546545491e-08,3.610103579957383e-08,6.192147704437672e-08,7.576989373435052e-08,8.252442919414176e-08,3.894150320455755e-08,6.19929507979996e-08,7.610067479366467e-08,8.201316421737177e-08,8.391017850751955e-08,1.1187515217970237e-08,1.835129186818496e-08,4.2924036464660675e-08,6.083031776944983e-08,7.761849584080765e-08,8.295970255620756e-08,8.202934191128665e-08,7.343521976554575e-08,5.2563486308154744e-08,5.0714721923057604e-08,3.610103579957383e-08,6.192147704437672e-08,7.576989373435052e-08,2.8129293105593126e-08,5250.0,7.0
5.626234898444099e-08,4.258622535363141e-08,7.636402625536168e-08,1.1989072719047239e-08,3.6201730566888575e-08,6.227170985836287e-08,7.621449488939079e-08,8.294980329945944e-08,3.9106361130442755e-08,6.235294175312953e-08,7.654595652252246e-08,8.244818267055903e-08,8.430746936402657e-08,1.0780581337631043e-08,1.8052198940617437e-08,4.312511990184065e-08,6.117931185321237e-08,7.806525469458868e-08,8.337807370282324e-08,8.22248940279166e-08,7.321708453548113e-08,5.2412168935794245e-08,5.101467549397559e-08,3.6201730566888575e-08,6.227170985836287e-08,7.621449488939079e-08,2.808691365020792e-08,5250.0,7.25
5.65181617704019e-08,4.273306116914089e-08,7.674745923056442e-08,1.1609169190124647e-08,3.629756315310645e-08,6.26026860423567e-08,7.662205684719347e-08,8.333370951953872e-08,3.926758341890756e-08,6.269629564462817e-08,7.695388256763701e-08,8.284126407415878e-08,8.466404576295999e-08,1.0386187218995557e-08,1.7739005555139996e-08,4.331974629404223e-08,6.15077539260606e-08,7.847312425544009e-08,8.375511874961292e-08,8.240694345934848e-08,7.301199843235488e-08,5.225767684886172e-08,5.130710219243518e-08,3.629756315310645e-08,6.26026860423567e-08,7.662205684719347e-08,2.8035275636650015e-08,5250.0,7.5
5.676105393028577e-08,4.2874229586340725e-08,7.71076267817763e-08,1.1241630586715203e-08,3.639064352600451e-08,6.29273138538866e-08,7.70027381091551e-08,8.36859473929135e-08,3.942369561377207e-08,6.303264461475289e-08,7.733459650413258e-08,8.320254397904805e-08,8.498960686285782e-08,1.0008707429669288e-08,1.7415042058717327e-08,4.351058689038245e-08,6.182527913811201e-08,7.885255558040327e-08,8.410024397085854e-08,8.257570538063546e-08,7.280598257755861e-08,5.2091960561023314e-08,5.159501983464284e-08,3.639064352600451e-08,6.29273138538866e-08,7.70027381091551e-08,2.7971705516893044e-08,5250.0,7.75
5.700136913298277e-08,4.301640992460367e-08,7.745985716406756e-08,1.088387674680215e-08,3.6486872232979575e-08,6.326444234624422e-08,7.736954956171386e-08,8.401871801314001e-08,3.957819683290031e-08,6.337668146544964e-08,7.77012506662371e-08,8.354453941754928e-08,8.529560565848799e-08,9.646592653294025e-09,1.7083220781148586e-08,4.370536917281707e-08,6.214933861613722e-08,7.92166833806537e-08,8.442577494097364e-08,8.273341366242384e-08,7.258545368592649e-08,5.1908419112351405e-08,5.188664713254995e-08,3.6486872232979575e-08,6.326444234624422e-08,7.736954956171386e-08,2.7899447657386698e-08,5250.0,8.0
5.7246030981786226e-08,4.316447251683978e-08,7.781330514244077e-08,1.0533489609996137e-08,3.6588177841723655e-08,6.362689681623553e-08,7.773052543659131e-08,8.43392888417192e-08,3.9735010723174835e-08,6.373771765853134e-08,7.806173515728358e-08,8.387464461097617e-08,8.55884174243733e-08,9.294698216142361e-09,1.6743596799747268e-08,4.391202937309755e-08,6.249494707303945e-08,7.957320740017556e-08,8.4738755598472e-08,8.28819583352929e-08,7.23395295098138e-08,5.170060365697605e-08,5.2189491173396e-08,3.6588177841723655e-08,6.362689681623553e-08,7.773052543659131e-08,2.781959930367279e-08,5250.0,8.25
5.750315924006467e-08,4.3323110645573306e-08,7.818045814920881e-08,1.0182940148828288e-08,3.669474509568058e-08,6.402321952549869e-08,7.809951515759074e-08,8.465964926838451e-08,3.989828641038196e-08,6.41261519176263e-08,7.842996444141706e-08,8.420558735195216e-08,8.587807261092311e-08,8.94445414942676e-09,1.6393465467602278e-08,4.413418668552068e-08,6.287466949863365e-08,7.993598001232874e-08,8.505077828399362e-08,8.301951585481668e-08,7.205972526287828e-08,5.146435235756996e-08,5.251275805858229e-08,3.669474509568058e-08,6.402321952549869e-08,7.809951515759074e-08,2.7730828970383315e-08,5250.0,8.5
5.7783389109239494e-08,4.349801569577188e-08,7.8577664612165e-08,9.824929060908891e-09,3.680622762736945e-08,6.446487675875762e-08,7.849501627673435e-08,8.499606158005019e-08,4.007261060457865e-08,6.45579742339518e-08,7.882428987535117e-08,8.45541000901533e-08,8.617944602173137e-08,8.58921443243687e-09,1.6024606975865864e-08,4.4376115825632885e-08,6.330004209861134e-08,8.032347153945738e-08,8.537748224009918e-08,8.315076986388163e-08,7.174079376773287e-08,5.11955246896477e-08,5.28701295846123e-08,3.680622762736945e-08,6.446487675875762e-08,7.849501627673435e-08,2.7627578447053367e-08,5250.0,8.75
5.809440317368396e-08,4.369311760496517e-08,7.901605677059798e-08,9.441637621882552e-09,3.69239340187337e-08,6.496173445098953e-08,7.893093005424662e-08,8.53597496072757e-08,4.0262210215316014e-08,6.504473345397503e-08,7.925880857708285e-08,8.493224157264733e-08,8.65011643725862e-08,8.209180783642496e-09,1.5623558782525495e-08,4.464247865576459e-08,6.377724963748977e-08,8.074930518640654e-08,8.572960725611598e-08,8.327660370104944e-08,7.137418260656133e-08,5.0890848833852254e-08,5.3273042321975445e-08,3.69239340187337e-08,6.496173445098953e-08,7.893093005424662e-08,2.750475479212729e-08,5250.0,9.0
5.844000056435322e-08,4.3916114121813156e-08,7.949294605580531e-08,9.035434288305e-09,3.70626676270891e-08,6.551092953602534e-08,7.940624770561256e-08,8.574674665371174e-08,4.0478660149291256e-08,6.55840340690914e-08,7.973218721638148e-08,8.533667002970833e-08,8.683782870657019e-08,7.805206368068209e-09,1.5211933548049136e-08,4.494092533808577e-08,6.430421014859136e-08,8.121176127070436e-08,8.610265350140074e-08,8.338114727609189e-08,7.09464316847444e-08,5.0542467824970416e-08,5.3724059793539866e-08,3.70626676270891e-08,6.551092953602534e-08,7.940624770561256e-08,2.7385129949165806e-08,5250.0,9.25
5.881501221075357e-08,4.416025635861886e-08,8.000643519503271e-08,8.636320998530998e-09,3.720576455257698e-08,6.611141865906675e-08,7.992145935793285e-08,8.615309524322803e-08,4.070670763012465e-08,6.617530387381882e-08,8.024469495182051e-08,8.576405608780459e-08,8.718335018594746e-08,7.410149275649192e-09,1.479462497015919e-08,4.525900081999148e-08,6.488151123679757e-08,8.171025585764097e-08,8.649217829931381e-08,8.34487613786683e-08,7.04431080853016e-08,5.014257183339983e-08,5.421861225971359e-08,3.720576455257698e-08,6.611141865906675e-08,7.992145935793285e-08,2.7251183495788805e-08,5250.0,9.5
6.654257306713949e-08,5.2801384922280046e-08,8.648307566214314e-08,2.045340496298283e-08,4.638026487413824e-08,7.325032192729097e-08,8.651020744033423e-08,9.228561136582759e-08,4.931968062286941e-08,7.328133924397304e-08,8.681137980758708e-08,9.192994253187198e-08,9.321662156424731e-08,1.9076011372305624e-08,2.717966636204985e-08,5.358745571150207e-08,7.211018461297898e-08,8.81760428699751e-08,9.257296228781874e-08,9.040900467957457e-08,8.178918195404672e-08,5.750963741439966e-08,6.181703341008521e-08,4.638026487413824e-08,7.325032192729097e-08,8.651020744033423e-08,3.779577874791757e-08,5500.0,6.0
6.691241813907921e-08,5.301136464958359e-08,8.7066263742834e-08,2.0205599257613567e-08,4.650266246042428e-08,7.370172555380573e-08,8.712180666029652e-08,9.288695279737532e-08,4.9486464778825314e-08,7.373663394278699e-08,8.742507804930757e-08,9.25450121487226e-08,9.378145176237045e-08,1.8822275873058e-08,2.708176627020559e-08,5.3808095133548953e-08,7.255389397932299e-08,8.879718725085691e-08,9.316970982660494e-08,9.062214993015997e-08,8.154872089687267e-08,5.73913605666388e-08,6.21458581341688e-08,4.650266246042428e-08,7.370172555380573e-08,8.712180666029652e-08,3.780614268912086e-08,5500.0,6.25
6.727750783932541e-08,5.3217818416786746e-08,8.763764055928926e-08,1.989559329969645e-08,4.662564915279501e-08,7.415170795074824e-08,8.772292187453907e-08,9.347436847919706e-08,4.965858049403647e-08,7.419124943323871e-08,8.802795603736319e-08,9.314744387413506e-08,9.432158596583192e-08,1.8492700426902444e-08,2.6924463171332824e-08,5.403390787764857e-08,7.299753468276834e-08,8.940594060589202e-08,9.374937520974542e-08,9.08386707992885e-08,8.128919321612588e-08,5.726067412226528e-08,6.248262580747998e-08,4.662564915279501e-08,7.415170795074824e-08,8.772292187453907e-08,3.780451024278484e-08,5500.0,6.5
6.763963985034423e-08,5.342320415579522e-08,8.819818343179884e-08,1.9523896248565795e-08,4.67506205286796e-08,7.460162492860746e-08,8.831491359592178e-08,9.40477811949167e-08,4.983976659000201e-08,7.46474025521911e-08,8.862141556366913e-08,9.373625348959218e-08,9.485160954430151e-08,1.8092747892184972e-08,2.6718695599569557e-08,5.426732075760622e-08,7.344306778649394e-08,9.000386554899328e-08,9.431570352618759e-08,9.108746265558695e-08,8.102437231164077e-08,5.712364142030518e-08,6.283340066879515e-08,4.67506205286796e-08,7.460162492860746e-08,8.831491359592178e-08,3.7792654110298164e-08,5500.0,6.75
6.800392600035532e-08,5.3639379568891845e-08,8.874375285902638e-08,1.909819560188766e-08,4.690439179845828e-08,7.504465191456532e-08,8.889419615108447e-08,9.460277865557652e-08,5.005396581733999e-08,7.509835988037056e-08,8.920183850398103e-08,9.430648871129518e-08,9.536200224228187e-08,1.763346616248561e-08,2.647038563489302e-08,5.452604954811048e-08,7.388310588533489e-08,9.058744026443951e-08,9.486442597554705e-08,9.137913248402196e-08,8.076156242932559e-08,5.6982812957255916e-08,6.319192683983581e-08,4.690439179845828e-08,7.504465191456532e-08,8.889419615108447e-08,3.7805257758485876e-08,5500.0,7.0
6.839188417283384e-08,5.389837063090738e-08,8.927259452037209e-08,1.8634024177780355e-08,4.710930850655694e-08,7.551862037902124e-08,8.945696347990615e-08,9.513511044879391e-08,5.03345932484709e-08,7.558275040445923e-08,8.976517061459389e-08,9.485117699372865e-08,9.585960159604174e-08,1.7129977414966852e-08,2.6199919528764606e-08,5.485093875176198e-08,7.43619571771822e-08,9.115123130155116e-08,9.53889393642216e-08,9.169054663387855e-08,8.051806355628849e-08,5.684394846871952e-08,6.364077340147811e-08,4.710930850655694e-08,7.551862037902124e-08,8.945696347990615e-08,3.783961385023907e-08,5500.0,7.25
6.880037663463612e-08,5.4161294020672566e-08,8.98483463702682e-08,1.8145364109717982e-08,4.729740427219251e-08,7.60382085821489e-08,9.006846254479853e-08,9.570343056570754e-08,5.06066046628193e-08,7.611437278879859e-08,9.037616227019661e-08,9.54283091822573e-08,9.640304260354932e-08,1.6602748839697234e-08,2.5891085483641417e-08,5.5168133556924197e-08,7.48783731295476e-08,9.175763530090813e-08,9.595096305198912e-08,9.197636624974194e-08,8.029361662729459e-08,5.670548729349379e-08,6.409167984304434e-08,4.729740427219251e-08,7.60382085821489e-08,9.006846254479853e-08,3.7856188864522906e-08,5500.0,7.5
6.918840940704179e-08,5.4402816920655114e-08,9.040732660275428e-08,1.764469889373888e-08,4.7472352303332474e-08,7.652053960454816e-08,9.066566335309155e-08,9.626315153067601e-08,5.0868307357870366e-08,7.661183341206914e-08,9.097386417204434e-08,9.600202732586177e-08,9.692178714281434e-08,1.606990202758951e-08,2.554726341246535e-08,5.5468078789876404e-08,7.535893943984724e-08,9.235510131164288e-08,9.650024299304433e-08,9.22357222882958e-08,8.008898283205919e-08,5.6565351378183356e-08,6.452134004321177e-08,4.7472352303332474e-08,7.652053960454816e-08,9.066566335309155e-08,3.785491484564681e-08,5500.0,7.75
6.954941485035058e-08,5.462857276757992e-08,9.092217134407001e-08,1.7143131585236407e-08,4.763860643523939e-08,7.698120950616832e-08,9.121501668862649e-08,9.677016623587474e-08,5.111968635239163e-08,7.708735171554839e-08,9.1523287600511e-08,9.652225995643119e-08,9.739002939037497e-08,1.554150490600308e-08,2.5173068068219787e-08,5.5757249476675425e-08,7.581361110708725e-08,9.29026191213779e-08,9.699708757553901e-08,9.247551653676601e-08,7.988946626843353e-08,5.641593148523786e-08,6.493846654162502e-08,4.763860643523939e-08,7.698120950616832e-08,9.121501668862649e-08,3.7830812988408936e-08,5500.0,8.0
6.989698315347252e-08,5.484485080653026e-08,9.141605589241601e-08,1.6637282785630043e-08,4.779913657019806e-08,7.744593602459805e-08,9.173646901268848e-08,9.724395305366907e-08,5.136148296890723e-08,7.756342687052713e-08,9.204451633574965e-08,9.700925132434983e-08,9.782512421426874e-08,1.501544604273889e-08,2.4760804593965347e-08,5.604561317104862e-08,7.62665928141583e-08,9.342026392210566e-08,9.746058067603202e-08,9.270179715659221e-08,7.968939110293432e-08,5.625457305594145e-08,6.535739847284126e-08,4.779913657019806e-08,7.744593602459805e-08,9.173646901268848e-08,3.7775200715838333e-08,5500.0,8.25
7.024321472959075e-08,5.5060327368853725e-08,9.190610300575911e-08,1.6128585219821648e-08,4.7958170494947595e-08,7.79387772481562e-08,9.224394396933402e-08,9.769677593891189e-08,5.15976244859585e-08,7.805805287667063e-08,9.255140530017678e-08,9.74753471877614e-08,9.823927121165297e-08,1.4492291119282725e-08,2.4319742280113682e-08,5.6342282644568534e-08,7.674154796137865e-08,9.392201090977356e-08,9.790290073115866e-08,9.291911771162985e-08,7.947368449224117e-08,5.60735196505672e-08,6.578920663093422e-08,4.7958170494947595e-08,7.79387772481562e-08,9.224394396933402e-08,3.769166258162298e-08,5500.0,8.5
7.05978404330678e-08,5.527888098531935e-08,9.241107946381975e-08,1.5620648301889618e-08,4.810759772861853e-08,7.847683384567154e-08,9.275564056903003e-08,9.814545595224384e-08,5.182644167747213e-08,7.858739152643999e-08,9.306225462765272e-08,9.79381771148879e-08,9.864680362133368e-08,1.3978072194554736e-08,2.3849823330734455e-08,5.664916055837838e-08,7.725936169931942e-08,9.442633840501143e-08,9.834033776339868e-08,9.312908420528282e-08,7.923448766682601e-08,5.586921065486247e-08,6.62453674356552e-08,4.810759772861853e-08,7.847683384567154e-08,9.275564056903003e-08,3.757132052628688e-08,5500.0,8.75
7.097541709485864e-08,5.5505706711108935e-08,9.295880158099529e-08,1.510104191193952e-08,4.823807435445116e-08,7.908102840550121e-08,9.330155681639327e-08,9.861585663014678e-08,5.204645228754904e-08,7.917715933238179e-08,9.360700376887091e-08,9.842441043661268e-08,9.907131788576068e-08,1.3456369898314957e-08,2.3340992095872732e-08,5.696337419131136e-08,7.784171292823807e-08,9.496245755982326e-08,9.879806990171253e-08,9.334111304849444e-08,7.896682065244096e-08,5.563865286821539e-08,6.674376613565782e-08,4.823807435445116e-08,7.908102840550121e-08,9.330155681639327e-08,3.7400139475970655e-08,5500.0,9.0
7.137935790850864e-08,5.572294389263291e-08,9.358851964555686e-08,1.4555878392499956e-08,4.830210791111984e-08,7.978262535859605e-08,9.392376171234251e-08,9.914507039306976e-08,5.2206886369490756e-08,7.985953766163446e-08,9.422737373955954e-08,9.897244027943581e-08,9.954605130373545e-08,1.2915482989509664e-08,2.278123324753967e-08,5.723894152652621e-08,7.850214627325938e-08,9.557198543271847e-08,9.931230612980089e-08,9.35767522923671e-08,7.867675643898298e-08,5.538717019595652e-08,6.722761424851732e-08,4.830210791111984e-08,7.978262535859605e-08,9.392376171234251e-08,3.716300747925102e-08,5500.0,9.25
7.182978074264388e-08,5.598250208604767e-08,9.426128177061104e-08,1.3959111627589177e-08,4.8410198852348805e-08,8.054853581369546e-08,9.458672905558496e-08,9.969804576900415e-08,5.242163501167937e-08,8.060688032758891e-08,9.488814080235327e-08,9.954701310823073e-08,1.0003662083201473e-07,1.232027448001641e-08,2.218154691043924e-08,5.757377726887794e-08,7.922525870010056e-08,9.621957158339007e-08,9.984801536364985e-08,9.379461572485633e-08,7.833043602731117e-08,5.50941924594714e-08,6.778973776148352e-08,4.8410198852348805e-08,8.054853581369546e-08,9.458672905558496e-08,3.6933408064010315e-08,5500.0,9.5
7.93219659663122e-08,6.514575725793668e-08,9.942275863366449e-08,2.8442836776470887e-08,5.860157004479547e-08,8.70582957381811e-08,9.979447768623431e-08,1.0425778757170323e-07,6.17954916493348e-08,8.706952068089838e-08,1.0005940061762341e-07,1.0413377883243236e-07,1.045114414244813e-07,2.671996251958644e-08,3.640949857459347e-08,6.647913420577568e-08,8.589157122572525e-08,1.0123130027005843e-07,1.0433172489161409e-07,9.970759587706632e-08,8.858623180159353e-08,6.150679861704013e-08,7.539327926154415e-08,5.860157004479547e-08,8.70582957381811e-08,9.979447768623431e-08,4.889293260064824e-08,5750.0,6.0
7.978139435960465e-08,6.547133763096909e-08,1.000482669029378e-07,2.833701448090192e-08,5.883734168238018e-08,8.760726660923999e-08,1.0045088243968461e-07,1.0488554860790961e-07,6.207977840798353e-08,8.76221232099882e-08,1.0071677165486382e-07,1.0477595164826495e-07,1.0510590255667112e-07,2.6640181752351463e-08,3.65040723726991e-08,6.682225203329066e-08,8.643825684236728e-08,1.018909642609236e-07,1.0495920554690634e-07,1.0001456954962769e-07,8.845681584892821e-08,6.145163245305376e-08,7.586026831216262e-08,5.883734168238018e-08,8.760726660923999e-08,1.0045088243968461e-07,4.901226019354217e-08,5750.0,6.25
8.03001218366109e-08,6.581253622969251e-08,1.0079773969171365e-07,2.8157085890759222e-08,5.906709727159834e-08,8.823304580891179e-08,1.0123934098023515e-07,1.0563660293085265e-07,6.236413476179315e-08,8.825284017597286e-08,1.0150618757199113e-07,1.0554255317294773e-07,1.0581350784970756e-07,2.6461431330382785e-08,3.6512481526641836e-08,6.717187049028491e-08,8.705525845286064e-08,1.0268257857505445e-07,1.0571008127200385e-07,1.0031518656081683e-07,8.83202144187646e-08,6.14037644158299e-08,7.634482467566418e-08,5.906709727159834e-08,8.823304580891179e-08,1.0123934098023515e-07,4.911312483289446e-08,5750.0,6.5
8.081725619099063e-08,6.614654813855298e-08,1.0155041943655655e-07,2.7899403077985572e-08,5.929464244225558e-08,8.884958537209981e-08,1.0203336428585826e-07,1.0639988267848903e-07,6.265266784323122e-08,8.887614220519067e-08,1.0230197973926818e-07,1.0632750817871205e-07,1.0651332377985984e-07,2.6186141533347268e-08,3.644661688784126e-08,6.752338102428729e-08,8.766526220620319e-08,1.0348311774900264e-07,1.0646614735557375e-07,1.0061199267653625e-07,8.81601823485327e-08,6.13381875888147e-08,7.683291628060092e-08,5.929464244225558e-08,8.884958537209981e-08,1.0203336428585826e-07,4.9199477118364516e-08,5750.0,6.75
8.132666549138157e-08,6.647427314724748e-08,1.022870838575106e-07,2.755550486616436e-08,5.9517124848887985e-08,8.94641966712827e-08,1.0281433885811026e-07,1.071419834787432e-07,6.294490580219017e-08,8.949898359419517e-08,1.030843771182447e-07,1.0708991386819825e-07,1.0719406995297178e-07,2.580944485092203e-08,3.6316750222881645e-08,6.787606781130057e-08,8.827431653369485e-08,1.0426853489794044e-07,1.0719739913338594e-07,1.0091367995001934e-07,8.79819930022271e-08,6.12588234457332e-08,7.733428745342922e-08,5.9517124848887985e-08,8.94641966712827e-08,1.0281433885811026e-07,4.9268383071312215e-08,5750.0,7.0
8.183011347651437e-08,6.67994141917088e-08,1.0300740172150525e-07,2.7125481666413714e-08,5.9745633786131e-08,9.00710595325477e-08,1.0358183720724531e-07,1.0786430095734489e-07,6.325287288062562e-08,9.011640150034773e-08,1.0385283018562915e-07,1.07833328623294e-07,1.078575190969562e-07,2.5336409547977292e-08,3.612225118605686e-08,6.823879701469279e-08,8.887807046016951e-08,1.0503833766737364e-07,1.0790953713820066e-07,1.0121859717338805e-07,8.778543012299142e-08,6.116635147453865e-08,7.78423337034904e-08,5.9745633786131e-08,9.00710595325477e-08,1.0358183720724531e-07,4.933508372596937e-08,5750.0,7.25
8.232643929582382e-08,6.712040006247468e-08,1.0371105245809962e-07,2.6611556063660152e-08,5.997430875971066e-08,9.067463477335371e-08,1.0433526490035476e-07,1.0856792752047924e-07,6.357245254502763e-08,9.073286587529416e-08,1.0460686408454421e-07,1.0855633246185466e-07,1.085037222349979e-07,2.477214382699182e-08,3.5862379189138485e-08,6.860794130150238e-08,8.948013693790732e-08,1.057921341093869e-07,1.0860263342939741e-07,1.0155859017040177e-07,8.758713865699614e-08,6.106670513119245e-08,7.836296403978073e-08,5.997430875971066e-08,9.067463477335371e-08,1.0433526490035476e-07,4.939397085434266e-08,5750.0,7.5
8.282643252755358e-08,6.746435158286935e-08,1.0438397509294884e-07,2.6036277394500706e-08,6.02639207316623e-08,9.125672212497702e-08,1.0505962876083425e-07,1.0923950200007294e-07,6.39578391921689e-08,9.13312044442611e-08,1.0533168402640869e-07,1.0924639634879184e-07,1.0912215253832772e-07,2.414002080273234e-08,3.556510355109655e-08,6.902660864229928e-08,9.006595191236481e-08,1.0651575793257184e-07,1.0926146471236576e-07,1.0193562203442554e-07,8.739126929625261e-08,6.095947242061469e-08,7.891228449706957e-08,6.02639207316623e-08,9.125672212497702e-08,1.0505962876083425e-07,4.95019609448315e-08,5750.0,7.75
8.333933432872681e-08,6.783741579712658e-08,1.0503462579485523e-07,2.5417957298152166e-08,6.056648036255686e-08,9.189931138608663e-08,1.0575518827845798e-07,1.0987456171750763e-07,6.43720786383117e-08,9.198970952636576e-08,1.0602653879515037e-07,1.0989653105008666e-07,1.0971313166949293e-07,2.346509308042405e-08,3.522091881285325e-08,6.948334968131195e-08,9.070955966173774e-08,1.072047477876361e-07,1.0988571113820759e-07,1.0230856518512885e-07,8.720992375957397e-08,6.084767317757957e-08,7.953874639216438e-08,6.056648036255686e-08,9.189931138608663e-08,1.0575518827845798e-07,4.9594054506337434e-08,5750.0,8.0
8.386551010832593e-08,6.81932529974445e-08,1.0574765194049201e-07,2.477975058624269e-08,6.084812341819413e-08,9.255253370732408e-08,1.0652249069006282e-07,1.105675787730881e-07,6.476444129490238e-08,9.266348949570592e-08,1.0679269022876688e-07,1.1060466047552365e-07,1.10362818242349e-07,2.2777003502000085e-08,3.482045287482899e-08,6.991933652789161e-08,9.136025818738657e-08,1.0796231804436662e-07,1.1056682217704429e-07,1.0264750459241975e-07,8.703233688486795e-08,6.072483030325284e-08,8.014525043055386e-08,6.084812341819413e-08,9.255253370732408e-08,1.0652249069006282e-07,4.964625309611482e-08,5750.0,8.25
8.4371956823221e-08,6.85241079360475e-08,1.0644480472677243e-07,2.4089800312082528e-08,6.110743708887098e-08,9.320899952303817e-08,1.0726626297185577e-07,1.1123926434483922e-07,6.513566362942599e-08,9.333548326754895e-08,1.0753599162121358e-07,1.1129508275985755e-07,1.1097994188597877e-07,2.2047790295569416e-08,3.4320045818475916e-08,7.034817344543702e-08,9.200783288362847e-08,1.086998248474601e-07,1.112238463366626e-07,1.0297597223712415e-07,8.686593438103527e-08,6.05948968695745e-08,8.075769835847378e-08,6.110743708887098e-08,9.320899952303817e-08,1.0726626297185577e-07,4.9623145173484044e-08,5750.0,8.5
8.487866780283343e-08,6.884325623545916e-08,1.071531552219684e-07,2.335293140657319e-08,6.134425858747593e-08,9.391550137021986e-08,1.0800935435980821e-07,1.1190142675469672e-07,6.548795224579486e-08,9.40481625784116e-08,1.0827827591916351e-07,1.1197676984742316e-07,1.1158521789623345e-07,2.1282318565955225e-08,3.371461414397197e-08,7.078529883309344e-08,9.269888772181891e-08,1.0943449142945655e-07,1.1187059608073906e-07,1.0330795849987139e-07,8.670379769602122e-08,6.045543978027591e-08,8.140769587617762e-08,6.134425858747593e-08,9.391550137021986e-08,1.0800935435980821e-07,4.9508953296618906e-08,5750.0,8.75
8.539261920750343e-08,6.91497340663046e-08,1.078942367636929e-07,2.259405942496447e-08,6.153478362157425e-08,9.469594741700423e-08,1.0877010327941759e-07,1.1256951919803058e-07,6.580498220861152e-08,9.482102089064222e-08,1.0903776400199871e-07,1.126652974170917e-07,1.1219386854166305e-07,2.051086880684712e-08,3.302171054607922e-08,7.12217958881698e-08,9.345861240266359e-08,1.1018415887486234e-07,1.125223910238916e-07,1.03647050528817e-07,8.653499113354464e-08,6.030129112492209e-08,8.210494120297886e-08,6.153478362157425e-08,9.469594741700423e-08,1.0877010327941759e-07,4.928153507114696e-08,5750.0,9.0
8.593000033335517e-08,6.944234428776431e-08,1.0871203065370729e-07,2.1818826108646642e-08,6.164441653051789e-08,9.558567645262559e-08,1.095925203430975e-07,1.132829616569262e-07,6.606526820424598e-08,9.569276366054053e-08,1.0985852370889209e-07,1.1340156875233978e-07,1.1284119603742164e-07,1.9738756230373378e-08,3.223932500473105e-08,7.163536838519184e-08,9.432386232286371e-08,1.1099275691172508e-07,1.1321769070005133e-07,1.0400829007524086e-07,8.635726512683943e-08,6.01320562674164e-08,8.28743577185356e-08,6.164441653051789e-08,9.558567645262559e-08,1.095925203430975e-07,4.890029859953109e-08,5750.0,9.25
8.649150684494232e-08,6.969099634231118e-08,1.0966254702496203e-07,2.102688689371487e-08,6.159444959449824e-08,9.662200874898983e-08,1.1053616053076981e-07,1.1409299791596807e-07,6.61877552393991e-08,9.670071243655611e-08,1.1079964990695204e-07,1.1423823337161551e-07,1.1357415237444107e-07,1.896118564669005e-08,3.137731363282247e-08,7.19445165572029e-08,9.531013052260857e-08,1.1191798966937705e-07,1.1400640531515742e-07,1.0442252170069395e-07,8.6181281414157e-08,5.995551088165295e-08,8.364252123167008e-08,6.159444959449824e-08,9.662200874898983e-08,1.1053616053076981e-07,4.834062738537799e-08,5750.0,9.5
9.337266730953925e-08,7.89993619182195e-08,1.1319554263448256e-07,3.777913958002334e-08,7.251998434006624e-08,1.0211465804713682e-07,1.1396500885542271e-07,1.168181893350171e-07,7.593798377363772e-08,1.0210724703669887e-07,1.1418253336956338e-07,1.1696819681040739e-07,1.1626644018654805e-07,3.562013240302272e-08,4.6953679001871365e-08,8.100923689236161e-08,1.009592301915384e-07,1.1510705399482223e-07,1.1662524935900624e-07,1.0907713186918081e-07,9.523912380146942e-08,6.547118954823169e-08,9.051690290611908e-08,7.251998434006624e-08,1.0211465804713682e-07,1.1396500885542271e-07,6.161666414303545e-08,6000.0,6.0
9.383404689553603e-08,7.932730988842024e-08,1.138301500390444e-07,3.7811316223959874e-08,7.271439863238158e-08,1.0268707591586329e-07,1.1463342988680128e-07,1.1744672283864691e-07,7.618458561232035e-08,1.0268306225736914e-07,1.1485111137170641e-07,1.1761152552136938e-07,1.1686640775161877e-07,3.573251242330773e-08,4.724680596609125e-08,8.131956526733907e-08,1.0152240322431582e-07,1.15774564391332e-07,1.172676068107105e-07,1.093607530207194e-07,9.508245858590611e-08,6.540600963569991e-08,9.097127880631845e-08,7.271439863238158e-08,1.0268707591586329e-07,1.1463342988680128e-07,6.173889764477244e-08,6000.0,6.25
9.435621231535449e-08,7.969654077890872e-08,1.1455535084041024e-07,3.7827936102807e-08,7.298222255214254e-08,1.0327298287870254e-07,1.1540787800820967e-07,1.1817129416946698e-07,7.649542354138576e-08,1.0327623555333455e-07,1.1562668019295806e-07,1.1835381140566173e-07,1.1754563825528801e-07,3.5792127099760164e-08,4.749879474283041e-08,8.168088699226581e-08,1.0210376386400029e-07,1.165520636767897e-07,1.1799093922185728e-07,1.0969395138418611e-07,9.497859298673384e-08,6.534884644608744e-08,9.143802330849729e-08,7.298222255214254e-08,1.0327298287870254e-07,1.1540787800820967e-07,6.19324013864541e-08,6000.0,6.5
9.493331597318998e-08,8.014198355862491e-08,1.1528645264354866e-07,3.777156084438155e-08,7.334012982471941e-08,1.0392840249944721e-07,1.1618087667645692e-07,1.189064765187388e-07,7.690985630450456e-08,1.0393873050022392e-07,1.164008820387463e-07,1.1910943216682985e-07,1.1821993406076356e-07,3.574637613877608e-08,4.7671503106614266e-08,8.21512708869491e-08,1.0276019531350225e-07,1.1732882041748863e-07,1.1872909322679924e-07,1.1008361319952766e-07,9.491778659176346e-08,6.529662889834029e-08,9.203662057858208e-08,7.334012982471941e-08,1.0392840249944721e-07,1.1618087667645692e-07,6.216445654728462e-08,6000.0,6.75
9.560668377548012e-08,8.064252352434101e-08,1.1616554467530135e-07,3.762459212066774e-08,7.371864240483721e-08,1.0472248303867877e-07,1.1711336547302248e-07,1.197681324775986e-07,7.736185670196442e-08,1.0474285587855904e-07,1.1733287420337321e-07,1.199899664486935e-07,1.1903221123072226e-07,3.5584595187032045e-08,4.775455586954182e-08,8.267372934270514e-08,1.0355236748981575e-07,1.1825528661614385e-07,1.195890736018236e-07,1.1048478674328376e-07,9.486077611579839e-08,6.527846389958263e-08,9.272348220377816e-08,7.371864240483721e-08,1.0472248303867877e-07,1.1711336547302248e-07,6.238600943964546e-08,6000.0,7.0
9.631077152084946e-08,8.114248889554632e-08,1.1711907739660424e-07,3.7371894982539556e-08,7.408444709029878e-08,1.0555060623864587e-07,1.1813025829256077e-07,1.207108636268166e-07,7.781251369456116e-08,1.0558247005125592e-07,1.1835034265237995e-07,1.2096414187181894e-07,1.1987569057653744e-07,3.5296125500273545e-08,4.776015664344093e-08,8.319326983259247e-08,1.0437741907238509e-07,1.1927136579103005e-07,1.2052117286711664e-07,1.1088917189607808e-07,9.479209593440565e-08,6.527129213194119e-08,9.343058640879596e-08,7.408444709029878e-08,1.0555060623864587e-07,1.1813025829256077e-07,6.258347934930469e-08,6000.0,7.25
9.701684220337874e-08,8.164680355650803e-08,1.1806693358461797e-07,3.700193147779787e-08,7.446656944098907e-08,1.0637774367734925e-07,1.1913995836692806e-07,1.216533435125742e-07,7.829207102920757e-08,1.0642231038398899e-07,1.1936062916851253e-07,1.2192906466427879e-07,1.2076051284723513e-07,3.487419637710062e-08,4.7686992783400675e-08,8.373402915280293e-08,1.0520143641489712e-07,1.2028017896276647e-07,1.2144753934424103e-07,1.1129370113565942e-07,9.469813103283857e-08,6.524638596554467e-08,9.415122550997639e-08,7.446656944098907e-08,1.0637774367734925e-07,1.1913995836692806e-07,6.278970707245389e-08,6000.0,7.5
9.771517604070694e-08,8.214553449776344e-08,1.1899602596454986e-07,3.650710607635208e-08,7.485073774966544e-08,1.0720014788201208e-07,1.2013737593670213e-07,1.225704350120572e-07,7.878777949363955e-08,1.0726025248440023e-07,1.2035829950814226e-07,1.2287415969897777e-07,1.2159605254514784e-07,3.4314168885002304e-08,4.752900649655621e-08,8.428227029113133e-08,1.0602317230586645e-07,1.212747994012154e-07,1.2235075936663126e-07,1.1169953855122789e-07,9.458436613680956e-08,6.520538162154374e-08,9.488629453304005e-08,7.485073774966544e-08,1.0720014788201208e-07,1.2013737593670213e-07,6.298943017776162e-08,6000.0,7.75
9.83933153511751e-08,8.262971900285805e-08,1.1989124066320334e-07,3.5900575043359324e-08,7.523261292538975e-08,1.0800342779323485e-07,1.2110290422865905e-07,1.2345280256037848e-07,7.929295165060195e-08,1.0808158923489722e-07,1.2132377105853715e-07,1.2378161149973298e-07,1.2240654925767608e-07,3.3633577330430745e-08,4.728793935039593e-08,8.483099284577537e-08,1.0682774194986232e-07,1.2223555648714595e-07,1.2321602951580644e-07,1.1211643019894182e-07,9.445767831093563e-08,6.514961645543451e-08,9.562742175849427e-08,7.523261292538975e-08,1.0800342779323485e-07,1.2110290422865905e-07,6.317676049531636e-08,6000.0,8.0
9.905349595803455e-08,8.310317007224984e-08,1.2075217737865653e-07,3.5187106663757255e-08,7.56221831421484e-08,1.0878954149497749e-07,1.220354622567197e-07,1.242971343344153e-07,7.981140318523027e-08,1.0888837526970876e-07,1.2225588600535456e-07,1.2465014457500343e-07,1.2318057500005714e-07,3.284168558317486e-08,4.6962142549441864e-08,8.538460478312732e-08,1.0761562869964672e-07,1.2316114862958475e-07,1.2404257763388179e-07,1.1255726473195218e-07,9.432926524176891e-08,6.508198376895645e-08,9.637118595706624e-08,7.56221831421484e-08,1.0878954149497749e-07,1.220354622567197e-07,6.335685171757244e-08,6000.0,8.25
9.971532569694571e-08,8.359972792925812e-08,1.2157216104461272e-07,3.44118855067659e-08,7.607923541937907e-08,1.0955936989337069e-07,1.2292545492036737e-07,1.2509643728323055e-07,8.039873904533005e-08,1.0968294138296416e-07,1.2314530759613253e-07,1.2547347647199543e-07,1.239097468767373e-07,3.198541497225927e-08,4.658063615878766e-08,8.60022118862964e-08,1.0839586232408037e-07,1.240432995746782e-07,1.2482351704493648e-07,1.1302300267799156e-07,9.419897606390881e-08,6.4999913061207e-08,9.71697541269694e-08,7.607923541937907e-08,1.0955936989337069e-07,1.2292545492036737e-07,6.355333863707641e-08,6000.0,8.5
1.0040321861329848e-07,8.410359655388494e-08,1.224311153778591e-07,3.353745192491544e-08,7.651550006568616e-08,1.1043823532849293e-07,1.2384837386053866e-07,1.2590870628711864e-07,8.097584855246354e-08,1.1057864803598858e-07,1.2406605635665798e-07,1.2630622310841244e-07,1.246631103507111e-07,3.1038635481010036e-08,4.604795398383349e-08,8.664547860317124e-08,1.0927090790329909e-07,1.249495517190382e-07,1.25619638442805e-07,1.1348301558725404e-07,9.407875444169954e-08,6.490904458069171e-08,9.80442522368654e-08,7.651550006568616e-08,1.1043823532849293e-07,1.2384837386053866e-07,6.364501720300638e-08,6000.0,8.75
1.0113718971318231e-07,8.459960257697023e-08,1.2340165568516956e-07,3.251099589278545e-08,7.691548621257266e-08,1.1144113370222495e-07,1.2487567682261887e-07,1.2680763698619687e-07,8.153269932492593e-08,1.115902823639531e-07,1.2509091965961686e-07,1.2722916798469476e-07,1.2549281042413224e-07,2.9954615417642914e-08,4.528898603679932e-08,8.731713619735557e-08,1.1026079198669504e-07,1.259578403579534e-07,1.2649938004393372e-07,1.1396926697667318e-07,9.398457264024809e-08,6.482023110690972e-08,9.900654758522916e-08,7.691548621257266e-08,1.1144113370222495e-07,1.2487567682261887e-07,6.357196355517855e-08,6000.0,9.0
1.0189605911244651e-07,8.50703163314713e-08,1.24463155498564e-07,3.1397671910784245e-08,7.724079883376429e-08,1.1255654350541084e-07,1.259777677517338e-07,1.2777162632497783e-07,8.203850295891687e-08,1.1270102010746722e-07,1.2619107333998316e-07,1.2822284497934461e-07,1.2637059741879681e-07,2.8809369818029118e-08,4.432970287775744e-08,8.798950619100686e-08,1.1135721608228425e-07,1.2704289288048759e-07,1.2743976089975255e-07,1.1447769010095824e-07,9.390286106530285e-08,6.472616561216523e-08,1.0005003821640577e-07,7.724079883376429e-08,1.1255654350541084e-07,1.259777677517338e-07,6.3298147628323e-08,6000.0,9.25
1.0268714369790532e-07,8.550741560428339e-08,1.2564698441998705e-07,3.022454502045172e-08,7.742578573547562e-08,1.1384059173969131e-07,1.271815313918159e-07,1.2881407588257991e-07,8.245026420588088e-08,1.1396634733125496e-07,1.2739232982088658e-07,1.2929841858558432e-07,1.2731717725026166e-07,2.763691841817006e-08,4.3157117770085366e-08,8.86279321516907e-08,1.126177329709883e-07,1.2822567324654512e-07,1.2845581751400198e-07,1.1503499390913551e-07,9.38360072359474e-08,6.46301399692073e-08,1.01216452144714e-07,7.742578573547562e-08,1.1384059173969131e-07,1.271815313918159e-07,6.273701645380607e-08,6000.0,9.5
1.08906358365459e-07,9.455083741460617e-08,1.2803633917515292e-07,4.846696710331997e-08,8.829333746434906e-08,1.187097320905411e-07,1.2926011103679687e-07,1.3016128630529124e-07,9.190064377925158e-08,1.1867646102670168e-07,1.2941644827919644e-07,1.3062389239662408e-07,1.2868936928725334e-07,4.5745338505063974e-08,5.88365964516979e-08,9.734255660759521e-08,1.1758264799067432e-07,1.3002665673767866e-07,1.2964624898684113e-07,1.1868423748753675e-07,1.0179026858931311e-07,6.928425524825593e-08,1.0736770355990374e-07,8.829333746434906e-08,1.187097320905411e-07,1.2926011103679687e-07,7.612303842095195e-08,6250.0,6.0
1.093095346377596e-07,9.482267299020374e-08,1.2862929007096773e-07,4.865947817696352e-08,8.844489193137843e-08,1.1914116112831187e-07,1.2990038290354998e-07,1.307751969937335e-07,9.209789671225409e-08,1.191189772385236e-07,1.300594983734373e-07,1.3126095898179566e-07,1.2924855478915597e-07,4.608979818574215e-08,5.9372517791360813e-08,9.75816001849962e-08,1.180140891620147e-07,1.306793113577313e-07,1.3028050661584336e-07,1.1894381751723512e-07,1.0166694644767208e-07,6.92564795717899e-08,1.0770953318131734e-07,8.844489193137843e-08,1.1914116112831187e-07,1.2990038290354998e-07,7.626647447690815e-08,6250.0,6.25
1.097719228412499e-07,9.518648343511685e-08,1.2921217532889363e-07,4.881347801902938e-08,8.870857507222848e-08,1.196508703056907e-07,1.3052593462967314e-07,1.3136271610665403e-07,9.241526557958642e-08,1.196381934597801e-07,1.306859126980551e-07,1.318671500381023e-07,1.2979855540994863e-07,4.635471586628332e-08,5.98374773428925e-08,9.794610448400426e-08,1.185275517974474e-07,1.3130740784053397e-07,1.308897717559296e-07,1.1925262566009665e-07,1.0157551220613747e-07,6.923450466129068e-08,1.0819034194831297e-07,8.870857507222848e-08,1.196508703056907e-07,1.3052593462967314e-07,7.64735342600681e-08,6250.0,6.5
1.103420928835878e-07,9.564091610712889e-08,1.2991744260010643e-07,4.895037870229835e-08,8.902671027371204e-08,1.2031994420407998e-07,1.3127900895325058e-07,1.320535427950425e-07,9.27983941823417e-08,1.2031654881017204e-07,1.3143828431227065e-07,1.3257299725661506e-07,1.3045497840887928e-07,4.65576107723298e-08,6.023484571242381e-08,9.839026460462456e-08,1.1919816282402142e-07,1.3205396878355144e-07,1.315899601720426e-07,1.1959912748726457e-07,1.0150790652319555e-07,6.922095286120454e-08,1.0879655534984386e-07,8.902671027371204e-08,1.2031994420407998e-07,1.3127900895325058e-07,7.670992028087384e-08,6250.0,6.75
1.1101859107926043e-07,9.615803314744408e-08,1.3079571128526043e-07,4.906597139346168e-08,8.941538175815409e-08,1.2106892743782824e-07,1.322246996089494e-07,1.3292331405890043e-07,9.324601221013578e-08,1.2107902305093484e-07,1.323837619255633e-07,1.3346398413457186e-07,1.312644631348306e-07,4.6694724769425585e-08,6.058646245006453e-08,9.889252410970157e-08,1.199482159141266e-07,1.3299502571033739e-07,1.324608546413963e-07,1.1999947812307397e-07,1.0145902722771474e-07,6.920996912778216e-08,1.0944215571484436e-07,8.941538175815409e-08,1.2106892743782824e-07,1.322246996089494e-07,7.701035073328157e-08,6250.0,7.0
1.1176144742356293e-07,9.676223768398854e-08,1.3169311421506694e-07,4.9091479414501757e-08,8.993796217235296e-08,1.218590370192664e-07,1.3319031426707835e-07,1.3381405657317478e-07,9.383550270088394e-08,1.2188322783669275e-07,1.3335024546723404e-07,1.3438300015412134e-07,1.3207658364491847e-07,4.671002419827793e-08,6.087759769255902e-08,9.952833407265597e-08,1.2074982202810557e-07,1.3396122650814233e-07,1.3334800143560365e-07,1.2047692577641993e-07,1.0143592819699599e-07,6.91963322754552e-08,1.1020635654965799e-07,8.993796217235296e-08,1.218590370192664e-07,1.3319031426707835e-07,7.740473126413856e-08,6250.0,7.25
1.1262257577496224e-07,9.746174806500852e-08,1.3272297879101672e-07,4.899962028313113e-08,9.049237269055903e-08,1.228713584807695e-07,1.3429025890963578e-07,1.3480739912282257e-07,9.448779141762057e-08,1.2290740104859606e-07,1.3444778638131166e-07,1.3539653568929126e-07,1.3301011992694982e-07,4.658096384709399e-08,6.108147755792209e-08,1.0025150715119313e-07,1.2176173597989596e-07,1.3504414289142635e-07,1.343369252309127e-07,1.209946279370199e-07,1.0145508980636248e-07,6.918385403651831e-08,1.1115382504381662e-07,9.049237269055903e-08,1.228713584807695e-07,1.3429025890963578e-07,7.777999086414795e-08,6250.0,7.5
1.1356798639057461e-07,9.819423323554914e-08,1.3391333330224646e-07,4.877522031371084e-08,9.107764655414219e-08,1.2394893846207816e-07,1.3556713686219272e-07,1.359725751224286e-07,9.51875974796418e-08,1.240038245274912e-07,1.3572433435436367e-07,1.3659715857077014e-07,1.3407519996836438e-07,4.629812890879085e-08,6.120232751000123e-08,1.0101560276203542e-07,1.2284242490530742e-07,1.363137876793097e-07,1.3548222312424632e-07,1.2151665142879838e-07,1.014747578092763e-07,6.921250210462418e-08,1.1213419198646945e-07,9.107764655414219e-08,1.2394893846207816e-07,1.3556713686219272e-07,7.818560923513179e-08,6250.0,7.75
1.1449701081353725e-07,9.890974088458622e-08,1.3508208370278284e-07,4.838920298774018e-08,9.165706649014665e-08,1.2501021221278284e-07,1.3682742808127954e-07,1.3711598333228064e-07,9.589725225243017e-08,1.2508505356117502e-07,1.3698431671526086e-07,1.3777697190218356e-07,1.351143054885493e-07,4.5834874850037194e-08,6.12196549957895e-08,1.017778555842959e-07,1.2390861491103333e-07,1.375665798608479e-07,1.3660588807951693e-07,1.2203095911744474e-07,1.0146604386088075e-07,6.924327582233695e-08,1.1311721020064359e-07,9.165706649014665e-08,1.2501021221278284e-07,1.3682742808127954e-07,7.858420931173269e-08,6250.0,8.0
1.154106828297273e-07,9.96150343464332e-08,1.362196709500098e-07,4.783853319358678e-08,9.224343753104021e-08,1.2606219745653475e-07,1.3805931756895112e-07,1.3822549369684836e-07,9.662716025187585e-08,1.2615778629784233e-07,1.382154218780746e-07,1.3892032857089367e-07,1.3612529990215802e-07,4.519195657034047e-08,6.11350684101808e-08,1.0254911110929821e-07,1.2496562091075445e-07,1.387882665697775e-07,1.37693878811463e-07,1.2254798413101076e-07,1.0143239357333232e-07,6.925119303092135e-08,1.1411788572152771e-07,9.224343753104021e-08,1.2606219745653475e-07,1.3805931756895112e-07,7.897557725162699e-08,6250.0,8.25
1.1629399911279241e-07,1.0029356465853126e-07,1.3731448411600526e-07,4.712603701254852e-08,9.282206935811723e-08,1.270878988640818e-07,1.392498184412133e-07,1.392901813849695e-07,9.735938535178588e-08,1.27207047800786e-07,1.3940487626424855e-07,1.4001706916639085e-07,1.3709719740149076e-07,4.4376639329904737e-08,6.09316849754973e-08,1.0331334536921461e-07,1.2599781543363283e-07,1.3996673519372265e-07,1.3873505663321573e-07,1.2305709732119468e-07,1.0137900697607394e-07,6.923829616397973e-08,1.1511840886849708e-07,9.282206935811723e-08,1.270878988640818e-07,1.392498184412133e-07,7.933163851875431e-08,6250.0,8.5
1.171581387096167e-07,1.009552282552253e-07,1.3837659811779072e-07,4.627238990083786e-08,9.341025953477796e-08,1.281022625019124e-07,1.4040803385180038e-07,1.403160483709869e-07,9.810211618621989e-08,1.2824620831489263e-07,1.4056167701461085e-07,1.4107428614923322e-07,1.3803210086844554e-07,4.341597104953047e-08,6.060907106531748e-08,1.0409117962881302e-07,1.270190198890413e-07,1.4111061176096327e-07,1.3973688970336154e-07,1.2358904033441421e-07,1.0131781785653817e-07,6.920796401366117e-08,1.1613070789579158e-07,9.341025953477796e-08,1.281022625019124e-07,1.4040803385180038e-07,7.964972396669069e-08,6250.0,8.75
1.1803637387736132e-07,1.0162362642096465e-07,1.394457185614755e-07,4.5240730293414246e-08,9.403982013488072e-08,1.291563874859451e-07,1.4156834087705397e-07,1.4133300455506027e-07,9.888611188690113e-08,1.293218791761087e-07,1.4172006435077429e-07,1.4212239205318332e-07,1.3895891884919046e-07,4.2275727914710803e-08,6.00994914210768e-08,1.0493107553616797e-07,1.280766364532291e-07,1.4225335707769097e-07,1.407293881959445e-07,1.2416303711797816e-07,1.0126102840156649e-07,6.916596393483561e-08,1.1719918115494629e-07,9.403982013488072e-08,1.291563874859451e-07,1.4156834087705397e-07,7.991112395564784e-08,6250.0,9.0
1.1899772995210562e-07,1.023433587470232e-07,1.406061896137954e-07,4.3966010723908e-08,9.470735788720817e-08,1.3039308914862056e-07,1.4280917041188893e-07,1.4241041685030918e-07,9.974180667101021e-08,1.3057144023196256e-07,1.4295850743932247e-07,1.4323381173347847e-07,1.3993753782257885e-07,4.089798912811911e-08,5.9307340242888834e-08,1.0591167303503178e-07,1.2932106633556933e-07,1.434726844170391e-07,1.4177982831210144e-07,1.248149298742338e-07,1.012383569683026e-07,6.912921582467863e-08,1.1850679645091502e-07,9.470735788720817e-08,1.3039308914862056e-07,1.4280917041188893e-07,8.000948718166022e-08,6250.0,9.25
1.200544680317436e-07,1.0307235219691961e-07,1.4196951224419703e-07,4.250683653561784e-08,9.529744719413727e-08,1.3189387346093208e-07,1.4423544892037137e-07,1.4363269036014003e-07,1.0055540405537384e-07,1.3206549788527057e-07,1.4438041239786338e-07,1.4449067344742273e-07,1.4106063554619016e-07,3.9360999586159783e-08,5.8196037674340124e-08,1.0693272732119664e-07,1.3080727404730952e-07,1.4486667520313571e-07,1.4297428133692271e-07,1.2550828763130085e-07,1.0124136087535231e-07,6.909347745852645e-08,1.1996990159578722e-07,9.529744719413727e-08,1.3189387346093208e-07,1.4423544892037137e-07,7.984629253344166e-08,6250.0,9.5
1.2577045807166745e-07,1.1179314685977681e-07,1.4356235818995947e-07,6.049018441999181e-08,1.061182685551459e-07,1.3645599974429803e-07,1.453034209769585e-07,1.4393754209196486e-07,1.0986648321680406e-07,1.3640919668364512e-07,1.453880800295849e-07,1.447585210997508e-07,1.4141116658415793e-07,5.705308412621861e-08,7.203712203957279e-08,1.1557219614501792e-07,1.354305505601258e-07,1.4563092563801373e-07,1.4302552521478008e-07,1.284963054881643e-07,1.0814204073075563e-07,7.292631301312395e-08,1.2591272650178815e-07,1.061182685551459e-07,1.3645599974429803e-07,1.453034209769585e-07,9.260475410308863e-08,6500.0,6.0
1.261769762342351e-07,1.1203940086608606e-07,1.4420793223422823e-07,6.084232118237037e-08,1.0612170236208576e-07,1.3700272599134341e-07,1.4599106236256768e-07,1.4458300728056422e-07,1.099474696704579e-07,1.3696049807707898e-07,1.4607528553248e-07,1.4541770649201352e-07,1.4202797857964945e-07,5.767672251039943e-08,7.278769389845575e-08,1.1573600988252117e-07,1.3595728913331083e-07,1.463151698140117e-07,1.4372506128924945e-07,1.2871577578450718e-07,1.0804737700013717e-07,7.294020726165552e-08,1.2627673611458697e-07,1.0612170236208576e-07,1.3700272599134341e-07,1.4599106236256768e-07,9.25955230728701e-08,6500.0,6.25
1.265963128755807e-07,1.123156267229704e-07,1.4484631159037256e-07,6.122608742988392e-08,1.0621953469411271e-07,1.3746281193979104e-07,1.4668723297181394e-07,1.4524305361876295e-07,1.1009564745974255e-07,1.374360647485043e-07,1.4677357167785029e-07,1.4610167145414245e-07,1.4263574966402758e-07,5.8256611361163594e-08,7.354858156933917e-08,1.1593246791604752e-07,1.3641462770196738e-07,1.4702028709795275e-07,1.4441680660093385e-07,1.289594309449461e-07,1.079837401778436e-07,7.29558276691346e-08,1.265991457418615e-07,1.0621953469411271e-07,1.3746281193979104e-07,1.4668723297181394e-07,9.274030769350591e-08,6500.0,6.5
1.2707687322372992e-07,1.1268658475646937e-07,1.4548150992808325e-07,6.158623420400007e-08,1.0647892385547705e-07,1.3794149809191182e-07,1.4738101804501353e-07,1.4589535788754264e-07,1.1039878811887348e-07,1.3792906276003086e-07,1.4746938968446532e-07,1.4677970539021557e-07,1.43234503780559e-07,5.875207972120901e-08,7.422943934346556e-08,1.1627183712481221e-07,1.3690149748797636e-07,1.4772220294182369e-07,1.4509525404831414e-07,1.2925997012018474e-07,1.079561506554305e-07,7.297766447189855e-08,1.2703291718475121e-07,1.0647892385547705e-07,1.3794149809191182e-07,1.4738101804501353e-07,9.299984281827674e-08,6500.0,6.75
1.2765490552856874e-07,1.131810826486392e-07,1.461507147831908e-07,6.19036766415349e-08,1.0685555334951553e-07,1.3855539524021562e-07,1.4811009083133457e-07,1.465658781589782e-07,1.1084111839581665e-07,1.3855767047997883e-07,1.4819870500276443e-07,1.4746920463598975e-07,1.4385999387555813e-07,5.915755615451061e-08,7.48285579618464e-08,1.1675528669913236e-07,1.3752720684544269e-07,1.4844941276549863e-07,1.4577910615574134e-07,1.2962083273514116e-07,1.079538453702657e-07,7.300491191702494e-08,1.2765487178222293e-07,1.0685555334951553e-07,1.3855539524021562e-07,1.4811009083133457e-07,9.33357945411268e-08,6500.0,7.0
1.2837450579833105e-07,1.1379929151157612e-07,1.4697112639954082e-07,6.219266364033883e-08,1.0732913288237911e-07,1.3936003877959396e-07,1.4900202278619226e-07,1.473665851536305e-07,1.1139212402206982e-07,1.3937762548993464e-07,1.490884984858398e-07,1.4828560267783988e-07,1.446177534225178e-07,5.948490984409455e-08,7.534253869110949e-08,1.1736306676728177e-07,1.383404959546576e-07,1.493264991465184e-07,1.4658882714260983e-07,1.3004312754305742e-07,1.0797201334211689e-07,7.3037528627926e-08,1.284510210654463e-07,1.0732913288237911e-07,1.3936003877959396e-07,1.4900202278619226e-07,9.371817569386245e-08,6500.0,7.25
1.2923297309238648e-07,1.1451553691066903e-07,1.4799210848332795e-07,6.244172767253889e-08,1.0790555186412615e-07,1.4029351879358392e-07,1.5010920997892728e-07,1.4836354264054428e-07,1.1204008239811481e-07,1.403281087750642e-07,1.5019467993676648e-07,1.4931004584444382e-07,1.4554067958641115e-07,5.972629157716614e-08,7.585349713744322e-08,1.1805994768520599e-07,1.3927808195090488e-07,1.5042340405160877e-07,1.4758439609575174e-07,1.3053165440720588e-07,1.0799607054252186e-07,7.306868193915858e-08,1.2931232405097354e-07,1.0790555186412615e-07,1.4029351879358392e-07,1.5010920997892728e-07,9.42126886798523e-08,6500.0,7.5
1.3021234420469155e-07,1.1534960799602267e-07,1.4912240037814325e-07,6.259121281174564e-08,1.0862150123193884e-07,1.413324226462214e-07,1.5133524102304184e-07,1.4947691488746828e-07,1.1284753296389483e-07,1.4138919799784287e-07,1.514204776980038e-07,1.5045893867886273e-07,1.4654840673627477e-07,5.983732672714057e-08,7.633271614520429e-08,1.1890654020864238e-07,1.4033805283224703e-07,1.5164230035809208e-07,1.4868659757608665e-07,1.311195336183373e-07,1.0802796440730548e-07,7.31030862324162e-08,1.3035727266874063e-07,1.0862150123193884e-07,1.413324226462214e-07,1.5133524102304184e-07,9.480551231104823e-08,6500.0,7.75
1.3133902637303542e-07,1.1632781656519389e-07,1.5037847268803445e-07,6.259754163229148e-08,1.0946976025068295e-07,1.4257780543647695e-07,1.5269546970483733e-07,1.5068580318367023e-07,1.1382162348009765e-07,1.4265588145736237e-07,1.5277792688052293e-07,1.517015431861833e-07,1.476632905591229e-07,5.97776935343916e-08,7.673302659340344e-08,1.1993230051761918e-07,1.4160201783830505e-07,1.5298127345935147e-07,1.498771382715632e-07,1.3177477004577023e-07,1.0810315212248981e-07,7.313519364172292e-08,1.3161859711695924e-07,1.0946976025068295e-07,1.4257780543647695e-07,1.5269546970483733e-07,9.548392381043311e-08,6500.0,8.0
1.3255353028682725e-07,1.1733690975480404e-07,1.5180422535156467e-07,6.241033837096127e-08,1.1032576628576941e-07,1.4394113031485477e-07,1.5423924806478413e-07,1.5205927457416643e-07,1.1482461658469716e-07,1.4404124439342753e-07,1.543192270200561e-07,1.5311541104654273e-07,1.4892289215145422e-07,5.950027101099752e-08,7.701870751001726e-08,1.2098611925904086e-07,1.4297216701545114e-07,1.5450434226756854e-07,1.5122790429935556e-07,1.3242845835611562e-07,1.0820199912869584e-07,7.317573544765846e-08,1.3293020679691315e-07,1.1032576628576941e-07,1.4394113031485477e-07,1.5423924806478413e-07,9.61703321458254e-08,6500.0,8.25
1.3376205160209887e-07,1.1832989907472155e-07,1.532321513605301e-07,6.201665894015012e-08,1.111847489195281e-07,1.45291440371168e-07,1.557932613179889e-07,1.534419263645367e-07,1.1584479451811552e-07,1.454184051553185e-07,1.5587166300683926e-07,1.545425121646608e-07,1.5017539177910384e-07,5.8996868599986385e-08,7.71859337740741e-08,1.2204387278707052e-07,1.4433644593402305e-07,1.5604152004930782e-07,1.5258277838427275e-07,1.3307816326842678e-07,1.0828384714806915e-07,7.324452158064788e-08,1.34254741080115e-07,1.111847489195281e-07,1.45291440371168e-07,1.557932613179889e-07,9.684697410718828e-08,6500.0,8.5
1.3493521904347607e-07,1.1929025350577107e-07,1.5461118813504635e-07,6.140475249367912e-08,1.1203871208386865e-07,1.4661234802467876e-07,1.5729938608090505e-07,1.5477324008849253e-07,1.1686961560248954e-07,1.467677849495703e-07,1.5737587317537585e-07,1.5591581570427697e-07,1.5138576294901986e-07,5.8258581896359105e-08,7.720861570202298e-08,1.2309648206730183e-07,1.4567396208894193e-07,1.5752869101770333e-07,1.5388333010873302e-07,1.3371954468681902e-07,1.0833391238381041e-07,7.330194356194958e-08,1.355782519323222e-07,1.1203871208386865e-07,1.4661234802467876e-07,1.5729938608090505e-07,9.748536806791952e-08,6500.0,8.75
1.360801333435472e-07,1.2022296649866395e-07,1.5594798204274406e-07,6.058022233280981e-08,1.1289909080639267e-07,1.4791570808202345e-07,1.5876426774597463e-07,1.5605695031700932e-07,1.179027364084262e-07,1.4809892451611438e-07,1.5883852502953594e-07,1.5724032099164187e-07,1.525512602479903e-07,5.729414081074132e-08,7.707542283599098e-08,1.2416104257792975e-07,1.4699369204869372e-07,1.589723936856529e-07,1.5513562338772518e-07,1.343522444309091e-07,1.0836328708575556e-07,7.333527922622704e-08,1.3691076360242274e-07,1.1289909080639267e-07,1.4791570808202345e-07,1.5876426774597463e-07,9.806739117333702e-08,6500.0,9.0
1.3723285499832666e-07,1.211434665618867e-07,1.5729803193125454e-07,5.948374005910451e-08,1.1377228492968435e-07,1.4927193119814735e-07,1.6023799400648138e-07,1.5733619346957703e-07,1.189562553803276e-07,1.494788271478076e-07,1.6030964283285085e-07,1.5856104676808804e-07,1.5371039619069287e-07,5.6052296662973e-08,7.669214806891406e-08,1.2528109017569396e-07,1.4836333178813565e-07,1.6042192121016334e-07,1.5638231733770535e-07,1.350218437805785e-07,1.083918358740986e-07,7.335445268910743e-08,1.383125675946827e-07,1.1377228492968435e-07,1.4927193119814735e-07,1.6023799400648138e-07,9.853645726046801e-08,6500.0,9.25
1.3846543455897396e-07,1.2209945291600254e-07,1.5875522518232595e-07,5.803224462304579e-08,1.1470049738358447e-07,1.507981112945408e-07,1.6180707556337823e-07,1.58686374081622e-07,1.2008397852019338e-07,1.5101554214830193e-07,1.6187550589458783e-07,1.599555434155809e-07,1.5493238191750625e-07,5.44525249603925e-08,7.594838641163877e-08,1.26540428072945e-07,1.4989587385508097e-07,1.619622352964752e-07,1.57697237624076e-07,1.357912731997382e-07,1.0845378283135475e-07,7.33775596662331e-08,1.398911381469902e-07,1.1470049738358447e-07,1.507981112945408e-07,1.6180707556337823e-07,9.885579921038016e-08,6500.0,9.5
1.4419432088218635e-07,1.308858011136518e-07,1.6009732138301277e-07,7.376049455876483e-08,1.2600945285350364e-07,1.557894790005839e-07,1.6242641905911947e-07,1.5840759703073408e-07,1.298750673749374e-07,1.5572801945895466e-07,1.6242146706240952e-07,1.5961474321442942e-07,1.547107616761547e-07,6.945022713338439e-08,8.652760015315724e-08,1.3575610628134454e-07,1.548863777929436e-07,1.6221010590266322e-07,1.5704306567535674e-07,1.3847480445721502e-07,1.1428956096750274e-07,7.650328447367946e-08,1.463146346341737e-07,1.2600945285350364e-07,1.557894790005839e-07,1.6242641905911947e-07,1.1110360799675374e-07,6750.0,6.0
1.4451471948581885e-07,1.310326560966798e-07,1.6070749015299193e-07,7.437375490262131e-08,1.2592475973614547e-07,1.561402837628272e-07,1.6308492953886885e-07,1.5906251156043956e-07,1.2986169495910473e-07,1.560939047447426e-07,1.6308508121024034e-07,1.6030676298160657e-07,1.5529772606009122e-07,7.045538592411455e-08,8.75896528685409e-08,1.3581876074500617e-07,1.552394857602229e-07,1.6289637013722963e-07,1.5777022605934754e-07,1.3870433133400897e-07,1.1422744995532524e-07,7.651082847682423e-08,1.4654275100012305e-07,1.2592475973614547e-07,1.561402837628272e-07,1.6308492953886885e-07,1.1104123727213894e-07,6750.0,6.25
1.4487244689543453e-07,1.312592645105158e-07,1.6126655381703327e-07,7.492708157453883e-08,1.2587938567525258e-07,1.566276485163762e-07,1.6368765222925623e-07,1.5963143915369102e-07,1.299026362179153e-07,1.5659026175381967e-07,1.6368737202787678e-07,1.608868819138707e-07,1.5585675662945295e-07,7.133635891776932e-08,8.855802453366634e-08,1.3594778772516207e-07,1.5571608740547956e-07,1.6349684427740447e-07,1.5840807571563816e-07,1.3891947479774116e-07,1.1420344697100551e-07,7.653517485148649e-08,1.4688909974829654e-07,1.2587938567525258e-07,1.566276485163762e-07,1.6368765222925623e-07,1.1101813658800868e-07,6750.0,6.5
1.45295849011305e-07,1.315476233573354e-07,1.6190304529680577e-07,7.553570105787727e-08,1.259359807526787e-07,1.5710968802364266e-07,1.6438452048183692e-07,1.6028952851581643e-07,1.3002276065984685e-07,1.5708693092370237e-07,1.6438640656074634e-07,1.615687314526431e-07,1.5646542297953141e-07,7.218642876826596e-08,8.95476942625531e-08,1.3613099082936403e-07,1.5619494101687951e-07,1.642020960938781e-07,1.5909750486199225e-07,1.3915338045284462e-07,1.1420705678080867e-07,7.658416719804087e-08,1.4724666921442693e-07,1.259359807526787e-07,1.5710968802364266e-07,1.6438452048183692e-07,1.1113618165202335e-07,6750.0,6.75
1.457912415113167e-07,1.3192742539347724e-07,1.625730854482192e-07,7.615282520396589e-08,1.2612894164814204e-07,1.5761771648231658e-07,1.6512859107198496e-07,1.60977591014003e-07,1.3027067131705307e-07,1.576161737701833e-07,1.651312083745041e-07,1.6228052687221036e-07,1.5710965747488138e-07,7.29652818523832e-08,9.045650416141183e-08,1.364226006752455e-07,1.5670878963218577e-07,1.6494717727282892e-07,1.5982039759373753e-07,1.394281682524235e-07,1.1424969695938377e-07,7.664880773780798e-08,1.4768210443323752e-07,1.2612894164814204e-07,1.5761771648231658e-07,1.6512859107198496e-07,1.1138777313663391e-07,6750.0,7.0
1.463890793460543e-07,1.3244018856730189e-07,1.6328553249370522e-07,7.673757220641137e-08,1.2650219575840344e-07,1.582009570158805e-07,1.6592136049674544e-07,1.6170747692973048e-07,1.3069599654750575e-07,1.582206826572278e-07,1.659249279860036e-07,1.6303427497947594e-07,1.577823160553791e-07,7.364887539378837e-08,9.130340168363884e-08,1.368704090556223e-07,1.5730492690504368e-07,1.657412132730588e-07,1.6056599508582185e-07,1.3977714860770863e-07,1.1432032954724215e-07,7.67190418675396e-08,1.4823522816652393e-07,1.2650219575840344e-07,1.582009570158805e-07,1.6592136049674544e-07,1.1181859213423922e-07,6750.0,7.25
1.4711672527271617e-07,1.3310922155052402e-07,1.6405805590040133e-07,7.725461221458327e-08,1.2707348667008091e-07,1.588974464685221e-07,1.6678067964013368e-07,1.6249358679264102e-07,1.3133821938624028e-07,1.5894517589993476e-07,1.6678472931688727e-07,1.6384382074047388e-07,1.5849917133057703e-07,7.421386853810132e-08,9.206067699844159e-08,1.3753815248251136e-07,1.580375753357856e-07,1.6659862339175542e-07,1.6136082088392075e-07,1.4021889825718207e-07,1.1440733705866131e-07,7.679260115403731e-08,1.4904615108945096e-07,1.2707348667008091e-07,1.588974464685221e-07,1.6678067964013368e-07,1.1234899351420111e-07,6750.0,7.5
1.4803084104867e-07,1.339432945680676e-07,1.6503020566573575e-07,7.773798296477434e-08,1.2776655204575555e-07,1.5986969011135614e-07,1.6785009854389666e-07,1.6343662084325903e-07,1.3211453040529836e-07,1.5993824667619713e-07,1.6785157638789967e-07,1.648112045505882e-07,1.5938268158808812e-07,7.469885263774264e-08,9.277903942754841e-08,1.3835880095210036e-07,1.5902975019341133e-07,1.6764932218875843e-07,1.6230864000561844e-07,1.4073749566473684e-07,1.1451309624775226e-07,7.687136958038154e-08,1.5006951410493966e-07,1.2776655204575555e-07,1.5986969011135614e-07,1.6785009854389666e-07,1.129670182813197e-07,6750.0,7.75
1.491642221070735e-07,1.349448029408207e-07,1.6629168809507548e-07,7.81753763425617e-08,1.285893313922958e-07,1.6110322534146808e-07,1.6923056987255557e-07,1.646518908973892e-07,1.3303747299372764e-07,1.6119312786183722e-07,1.692282516593589e-07,1.6605875583397003e-07,1.6050814407978766e-07,7.509762783042075e-08,9.352569825841934e-08,1.3932149929014242e-07,1.6027593706324904e-07,1.6900253642019794e-07,1.6351547590759379e-07,1.41352488670125e-07,1.146323345173675e-07,7.695821586258886e-08,1.512887627394506e-07,1.285893313922958e-07,1.6110322534146808e-07,1.6923056987255557e-07,1.1371588355745948e-07,6750.0,8.0
1.5046101908599185e-07,1.36105903757334e-07,1.6771018536345333e-07,7.850947174359034e-08,1.296367885104056e-07,1.624426991693695e-07,1.7078847425912123e-07,1.6603492563904886e-07,1.341920860901397e-07,1.6255888692916966e-07,1.7078453004685116e-07,1.6748757436679077e-07,1.6175739692094318e-07,7.535697374946236e-08,9.430049938685275e-08,1.4049178563123423e-07,1.6163654711103604e-07,1.7054302546408102e-07,1.6487272805090365e-07,1.4207309822055093e-07,1.1475432625309641e-07,7.704673041696732e-08,1.5265557999197306e-07,1.296367885104056e-07,1.624426991693695e-07,1.7078847425912123e-07,1.1469248380869662e-07,6750.0,8.25
1.5187412957163047e-07,1.3740383220123155e-07,1.6918179587748022e-07,7.862401691925845e-08,1.308288862135136e-07,1.639413314459911e-07,1.7239945281222032e-07,1.6745164902787062e-07,1.3554078036327875e-07,1.6408597300819757e-07,1.723927267190108e-07,1.689498624867667e-07,1.6304526964506634e-07,7.53698584910685e-08,9.495909820952434e-08,1.4186436981697505e-07,1.6317527250095875e-07,1.721301075428786e-07,1.6626374135730113e-07,1.428751995680953e-07,1.1487143617427964e-07,7.712949070723893e-08,1.5428895723550239e-07,1.308288862135136e-07,1.639413314459911e-07,1.7239945281222032e-07,1.1574475035841328e-07,6750.0,8.5
1.5341020335503028e-07,1.387508758799468e-07,1.7087840762471155e-07,7.84976839488908e-08,1.3203550809479423e-07,1.6562936995455112e-07,1.7425764839676865e-07,1.6906645507098713e-07,1.3692182793799295e-07,1.658035373399199e-07,1.7424581347303052e-07,1.7061093826756016e-07,1.6452600812415346e-07,7.511505678287954e-08,9.548942991037787e-08,1.432747711395003e-07,1.648879208634482e-07,1.7395056050273477e-07,1.6784873471772233e-07,1.4368013265714264e-07,1.150311268711959e-07,7.720597159886865e-08,1.5599904294079832e-07,1.3203550809479423e-07,1.6562936995455112e-07,1.7425764839676865e-07,1.1680519567383749e-07,6750.0,8.75
1.5492898690507175e-07,1.40061265686501e-07,1.725776333970933e-07,7.809709223136974e-08,1.332404248046016e-07,1.6728751018002696e-07,1.76126591344145e-07,1.707017785335841e-07,1.383101607618375e-07,1.6749381238502958e-07,1.7611191005462968e-07,1.7229969817703623e-07,1.6600771630225597e-07,7.456466014970142e-08,9.584625056852408e-08,1.4468572915286856e-07,1.665751609040735e-07,1.757923995048883e-07,1.6944473364830526e-07,1.4447616216045965e-07,1.1519470651615329e-07,7.728434367870936e-08,1.577081411761107e-07,1.332404248046016e-07,1.6728751018002696e-07,1.76126591344145e-07,1.1781576509762623e-07,6750.0,9.0
1.5642119757167029e-07,1.4134418819489671e-07,1.7423432681996094e-07,7.741170451170809e-08,1.344647798804671e-07,1.6893203920196762e-07,1.7795116797047183e-07,1.7228575751742096e-07,1.3971766599292877e-07,1.691702752626899e-07,1.7793334453785932e-07,1.739359511396666e-07,1.6744058037009226e-07,7.370913566412544e-08,9.601170593180963e-08,1.4612349070667887e-07,1.682484553961221e-07,1.7758763117291532e-07,1.7098828053772836e-07,1.4526603396743507e-07,1.153350306224137e-07,7.738570442613639e-08,1.5943345824611473e-07,1.344647798804671e-07,1.6893203920196762e-07,1.7795116797047183e-07,1.1876492598280636e-07,6750.0,9.25
1.5793367600735733e-07,1.4262311848319608e-07,1.7591544731120822e-07,7.634865477238747e-08,1.3572284771218089e-07,1.7065183466487575e-07,1.797945786631505e-07,1.738724374830117e-07,1.4116919720658068e-07,1.7091297816907618e-07,1.797733104303443e-07,1.755758300423484e-07,1.6887348487418122e-07,7.245743962678513e-08,9.587459823690945e-08,1.4764775914215905e-07,1.6999369247105562e-07,1.793985250627171e-07,1.725330532828041e-07,1.460804188117003e-07,1.1546990817431259e-07,7.747887164159453e-08,1.612519621660765e-07,1.3572284771218089e-07,1.7065183466487575e-07,1.797945786631505e-07,1.1959313175031523e-07,6750.0,9.5
1.642835398401379e-07,1.5195220188368454e-07,1.7769408243667625e-07,8.794581680177596e-08,1.4824269875179037e-07,1.7669044506652766e-07,1.8067895489806008e-07,1.7361293404984662e-07,1.5223502181599423e-07,1.7662753427205982e-07,1.8057246176920784e-07,1.7527180264091566e-07,1.6857652245159244e-07,8.268604831478848e-08,1.023286647084516e-07,1.581548489159379e-07,1.7597464926782894e-07,1.7984823703403283e-07,1.7175859544461523e-07,1.4862759621432804e-07,1.2033229040880728e-07,7.99580922910582e-08,1.68807388456539e-07,1.4824269875179037e-07,1.7669044506652766e-07,1.8067895489806008e-07,1.3178200874834907e-07,7000.0,6.0
1.6447027291751892e-07,1.5196504666572272e-07,1.782055851103332e-07,8.903521593890155e-08,1.478681460586067e-07,1.7700420701236758e-07,1.8123634048097565e-07,1.7416997314904083e-07,1.519286973670538e-07,1.7694432106136465e-07,1.8113148130720562e-07,1.758428193787007e-07,1.691190957058872e-07,8.427618453270487e-08,1.0367040204287082e-07,1.5796523396209094e-07,1.7625762375835071e-07,1.8041575156205905e-07,1.7240838943553351e-07,1.4883769485279285e-07,1.2026635498040237e-07,8.00260286162952e-08,1.6882588103175005e-07,1.478681460586067e-07,1.7700420701236758e-07,1.8123634048097565e-07,1.315315516176026e-07,7000.0,6.25
1.6474246919153002e-07,1.520725170757265e-07,1.7876646122181226e-07,8.99798783039839e-08,1.4768337520869793e-07,1.7727725123191012e-07,1.8186628795188674e-07,1.7480655036571086e-07,1.5182683811313697e-07,1.772431966671921e-07,1.8176727877171601e-07,1.7651675099018002e-07,1.69686955215105e-07,8.563939077371427e-08,1.049722054408191e-07,1.5795196413887818e-07,1.7654721448682833e-07,1.8107541844629097e-07,1.7310061117990022e-07,1.490715289045143e-07,1.2026036029683436e-07,8.00837578630813e-08,1.6902100189885172e-07,1.4768337520869793e-07,1.7727725123191012e-07,1.8186628795188674e-07,1.3141208496001505e-07,7000.0,6.5
1.6504556673340353e-07,1.5224203857209937e-07,1.792973525805507e-07,9.084825974387796e-08,1.4755472965494342e-07,1.776282130360986e-07,1.824614965489085e-07,1.7539374319679446e-07,1.5178380245205804e-07,1.7761701447353395e-07,1.8236476643842142e-07,1.7712148959690982e-07,1.7023944125141196e-07,8.686957378456772e-08,1.0623181919955644e-07,1.5798988889224004e-07,1.7690320511211048e-07,1.816822579461277e-07,1.7375277686286912e-07,1.492820872601774e-07,1.2029753328785055e-07,8.013644978131777e-08,1.6927839148121117e-07,1.4755472965494342e-07,1.776282130360986e-07,1.824614965489085e-07,1.313711278376993e-07,7000.0,6.75
1.6542339805804786e-07,1.5253173660850468e-07,1.7981946962397975e-07,9.167874257087022e-08,1.4758213105554056e-07,1.7808507813605712e-07,1.8303677749506104e-07,1.7592948063778604e-07,1.5188292758225112e-07,1.7808751737445267e-07,1.8293907984907974e-07,1.7767171319056057e-07,1.7078016605257755e-07,8.798250720607449e-08,1.0740971836690552e-07,1.5816323384078357e-07,1.773610757937257e-07,1.822519050268029e-07,1.743511818973479e-07,1.4951207640971426e-07,1.203742177463547e-07,8.019090970361454e-08,1.696460848792792e-07,1.4758213105554056e-07,1.7808507813605712e-07,1.8303677749506104e-07,1.3147631630000508e-07,7000.0,7.0
1.6591456611518846e-07,1.5291572434827715e-07,1.8048629947780635e-07,9.258631457495836e-08,1.477342169588034e-07,1.7856944881633893e-07,1.8378970556525084e-07,1.7663415516031223e-07,1.5209109101950354e-07,1.7859873913937324e-07,1.8369398487476271e-07,1.784003365325924e-07,1.7142875611234387e-07,8.907381938758586e-08,1.0855610782541714e-07,1.584172136071882e-07,1.7785637186649652e-07,1.830108259741162e-07,1.7508492888420402e-07,1.497754586816705e-07,1.2048173682641656e-07,8.027579103568656e-08,1.700701894273595e-07,1.477342169588034e-07,1.7856944881633893e-07,1.8378970556525084e-07,1.317426834395668e-07,7000.0,7.25
1.665256395295408e-07,1.5345297274316725e-07,1.8121048336163227e-07,9.347822476064875e-08,1.4808275909400037e-07,1.7914482849083994e-07,1.8460739665181667e-07,1.7738716074586224e-07,1.5249307674372238e-07,1.7919968417751178e-07,1.8451277452304317e-07,1.7917811513789692e-07,1.7212607503774585e-07,9.00722923725982e-08,1.0965193249147827e-07,1.5883730942208482e-07,1.7844549766847608e-07,1.838300812549577e-07,1.7585989846628263e-07,1.5010995988038378e-07,1.206204780193352e-07,8.037997882922446e-08,1.706235640789892e-07,1.4808275909400037e-07,1.7914482849083994e-07,1.8460739665181667e-07,1.3221486082530046e-07,7000.0,7.5
1.67307753561692e-07,1.5417302029729253e-07,1.8206586521299668e-07,9.433165078505102e-08,1.4865848139532627e-07,1.7987641535292479e-07,1.8557157788676289e-07,1.7826264704386257e-07,1.5311933485056997e-07,1.799623500776169e-07,1.8547718411488924e-07,1.8007998435116057e-07,1.7292577530411376e-07,9.097430529237621e-08,1.1072083954865573e-07,1.594755029274983e-07,1.7920061041664e-07,1.8479008870359152e-07,1.767446654860208e-07,1.5053832341532323e-07,1.2078717612886882e-07,8.049757395486742e-08,1.7138973208611068e-07,1.4865848139532627e-07,1.7987641535292479e-07,1.8557157788676289e-07,1.328781903554738e-07,7000.0,7.75
1.68270396276129e-07,1.5510387033594506e-07,1.830213540262738e-07,9.511118482387868e-08,1.494875111707237e-07,1.8078436437061398e-07,1.8664726396285686e-07,1.792208066989173e-07,1.540224717077255e-07,1.8090484348673653e-07,1.865523673030113e-07,1.810701559873436e-07,1.7380203810397527e-07,9.17545961967075e-08,1.1175275283750074e-07,1.6038953462281398e-07,1.8015865882222626e-07,1.8585656920405415e-07,1.7770748668812542e-07,1.510984516095526e-07,1.209722401772365e-07,8.062231679709036e-08,1.7248921380330152e-07,1.494875111707237e-07,1.8078436437061398e-07,1.8664726396285686e-07,1.3369466269883826e-07,7000.0,8.0
1.6951432016522478e-07,1.5629605430492908e-07,1.842620921826892e-07,9.586099688539629e-08,1.5053769126323628e-07,1.8205958450776018e-07,1.880287919239323e-07,1.804286594645448e-07,1.551739412564336e-07,1.822096622980382e-07,1.8793030152161903e-07,1.8231226597685343e-07,1.7490998433525958e-07,9.246372192912737e-08,1.1282406961070643e-07,1.6155921452933234e-07,1.8147659671627525e-07,1.8721092329355667e-07,1.789064529077597e-07,1.517798499454078e-07,1.2118652434323308e-07,8.076328620765017e-08,1.7392642199490945e-07,1.5053769126323628e-07,1.8205958450776018e-07,1.880287919239323e-07,1.3470542534608365e-07,7000.0,8.25
1.7101837461899956e-07,1.5769475433472878e-07,1.85830165080835e-07,9.651129033339255e-08,1.5176892755223093e-07,1.8364612896597285e-07,1.89762870503879e-07,1.81922708210684e-07,1.5652972491134677e-07,1.838254377477903e-07,1.8965831202659817e-07,1.838478985508091e-07,1.7629032671060145e-07,9.303582403382096e-08,1.1391674236486086e-07,1.6293739922002463e-07,1.8309689759731084e-07,1.8890268478895327e-07,1.80377142011448e-07,1.525561165582092e-07,1.2140469451690082e-07,8.090809640493406e-08,1.7557835870753487e-07,1.5176892755223093e-07,1.8364612896597285e-07,1.89762870503879e-07,1.3590565434531666e-07,7000.0,8.5
1.7267186442727813e-07,1.5923526836006868e-07,1.8755516112727656e-07,9.702199680070216e-08,1.5321519429535192e-07,1.8531476987502696e-07,1.9167448034032817e-07,1.8359079660432444e-07,1.581024424244465e-07,1.855276367707009e-07,1.9156686548039042e-07,1.8557357722955998e-07,1.7779560265920614e-07,9.342905283728726e-08,1.1505398496394478e-07,1.6449549630405422e-07,1.8480607133341513e-07,1.9078517728731093e-07,1.8201139104891426e-07,1.5342855355732453e-07,1.2161682415789818e-07,8.104965202445585e-08,1.7734102119259673e-07,1.5321519429535192e-07,1.8531476987502696e-07,1.9167448034032817e-07,1.373591295146484e-07,7000.0,8.75
1.744319784630032e-07,1.609188813263748e-07,1.8928901747431482e-07,9.726178839279116e-08,1.548297862093624e-07,1.8713764189556043e-07,1.9359804021824005e-07,1.8525837870716528e-07,1.5989411285309794e-07,1.873820175293765e-07,1.9348674075174246e-07,1.8729726328177879e-07,1.7929915889563801e-07,9.352258033213485e-08,1.1604690135563474e-07,1.662862709255068e-07,1.866865143889013e-07,1.9267670964110386e-07,1.8364267257677123e-07,1.5439461838621065e-07,1.21808769219978e-07,8.118185440351076e-08,1.794207160203056e-07,1.548297862093624e-07,1.8713764189556043e-07,1.9359804021824005e-07,1.388725214427582e-07,7000.0,9.0
1.7632327417748916e-07,1.626430338288492e-07,1.9127211571075822e-07,9.717510309483725e-08,1.5646272758464515e-07,1.8915995256303195e-07,1.9579936406510323e-07,1.8714290921400466e-07,1.617194606661968e-07,1.8943712657448896e-07,1.9568149956738169e-07,1.8923759295068836e-07,1.8102545886756425e-07,9.326120292609813e-08,1.1684167468561404e-07,1.681290627285194e-07,1.887537788983929e-07,1.9482762895805028e-07,1.8548495737014003e-07,1.5536009734131014e-07,1.2200091228525918e-07,8.130458725234738e-08,1.815758810934785e-07,1.5646272758464515e-07,1.8915995256303195e-07,1.9579936406510323e-07,1.4034878002622428e-07,7000.0,9.25
1.782124644748674e-07,1.6434227475730917e-07,1.9327191613192313e-07,9.673780070542422e-08,1.5813000595131154e-07,1.9118083202462454e-07,1.9801624512977144e-07,1.890502096338293e-07,1.6357526963914131e-07,1.914878802781676e-07,1.978942247744828e-07,1.9120955976563178e-07,1.8274590315639588e-07,9.26236687380013e-08,1.1741068914859847e-07,1.700135332632718e-07,1.908199229965197e-07,1.970057620173782e-07,1.873419461108365e-07,1.5631985199418073e-07,1.222395358075535e-07,8.141402612309529e-08,1.8374585023203872e-07,1.5813000595131154e-07,1.9118083202462454e-07,1.9801624512977144e-07,1.4176034900751232e-07,7000.0,9.5
1.862966999493365e-07,1.7533674343989084e-07,1.9643547371368311e-07,1.0297333150857858e-07,1.7314733590248804e-07,1.9956081074149076e-07,2.0015568955800105e-07,1.895220990350856e-07,1.7727818727515754e-07,1.9950747211048555e-07,1.9992301549002244e-07,1.9166008716783567e-07,1.8307928888643076e-07,9.669539615282784e-08,1.195757204564552e-07,1.8309378808541444e-07,1.9906700035713132e-07,1.985702406428865e-07,1.871647177880722e-07,1.590028985004864e-07,1.2617581500270997e-07,8.334160321840552e-08,1.9371250415668083e-07,1.7314733590248804e-07,1.9956081074149076e-07,2.0015568955800105e-07,1.5501818416793474e-07,7250.0,6.0
1.8616096706060522e-07,1.7498595969730205e-07,1.967491608069861e-07,1.0458325615114965e-07,1.7230010051198927e-07,1.9946098461905494e-07,2.0051468314476916e-07,1.8997945975826123e-07,1.7651820884740914e-07,1.994210347589602e-07,2.0029247907197958e-07,1.9215842137959785e-07,1.834613772828546e-07,9.900173410495796e-08,1.2133243567151621e-07,1.824721549534383e-07,1.9895951671605311e-07,1.9898775674296941e-07,1.8771681896326288e-07,1.5915372192231336e-07,1.261961842877829e-07,8.343215818272203e-08,1.933683097205581e-07,1.7230010051198927e-07,1.9946098461905494e-07,2.0051468314476916e-07,1.5434992727071054e-07,7250.0,6.25
1.8620691430908958e-07,1.7485256753175596e-07,1.971717150930835e-07,1.0607833709968282e-07,1.7170756345000975e-07,1.9961508122114956e-07,2.0097625140410218e-07,1.9047389300580408e-07,1.759874424782582e-07,1.995769297294998e-07,2.007572501600366e-07,1.926662389974113e-07,1.8395033063746382e-07,1.0107218701733883e-07,1.2299922475450761e-07,1.820655141996444e-07,1.9907474179873414e-07,1.994675870597891e-07,1.8830144871437324e-07,1.5932713234591043e-07,1.2621304510402443e-07,8.352221776405857e-08,1.931668641827507e-07,1.7170756345000975e-07,1.9961508122114956e-07,2.0097625140410218e-07,1.539641499997772e-07,7250.0,6.5
1.863693270375394e-07,1.748457168620593e-07,1.9764768723499444e-07,1.0739967377933166e-07,1.713468070741307e-07,1.997499662412479e-07,2.0154131892005773e-07,1.9108659986981556e-07,1.7570381989611483e-07,1.9973461591996025e-07,2.0132953698230742e-07,1.9331185822664007e-07,1.8448530806249338e-07,1.0276598360998736e-07,1.2429802993245063e-07,1.8189069690077312e-07,1.992362171807506e-07,2.0006947720411165e-07,1.889628316218246e-07,1.5954399108373213e-07,1.2625544138454335e-07,8.362320714475173e-08,1.9323722340892036e-07,1.713468070741307e-07,1.997499662412479e-07,2.0154131892005773e-07,1.536803262348881e-07,7250.0,6.75
1.8659409081071725e-07,1.7494620667174164e-07,1.9810917176307756e-07,1.0865266885717347e-07,1.711129297202033e-07,1.9993922108475008e-07,2.0208878778822273e-07,1.9165411809144026e-07,1.7555390836341355e-07,1.9996198522587756e-07,2.0188154177941096e-07,1.9390287080212283e-07,1.8501387686254333e-07,1.0436965372677245e-07,1.257910356074831e-07,1.8182059210595397e-07,1.9945301348370624e-07,2.0063944548365436e-07,1.895873870141579e-07,1.5974912063070266e-07,1.2633804394720537e-07,8.371590883041177e-08,1.9339519352325913e-07,1.711129297202033e-07,1.9993922108475008e-07,2.0208878778822273e-07,1.5360111431989344e-07,7250.0,7.0
1.8689651218760254e-07,1.7516605991217385e-07,1.9857354820767836e-07,1.0983949284984894e-07,1.7102539874769253e-07,2.0026199781667273e-07,2.0262358949688395e-07,1.921756266497885e-07,1.7553309044222902e-07,2.0030792984359807e-07,2.0241738316094933e-07,1.9443748326282934e-07,1.8553365274740954e-07,1.0584538135187645e-07,1.272266337489213e-07,1.818709277121731e-07,1.9978360934791097e-07,2.0117795694620492e-07,1.9017153345987707e-07,1.599542137142745e-07,1.2647132102607008e-07,8.379808493901705e-08,1.936482464780441e-07,1.7102539874769253e-07,2.0026199781667273e-07,2.0262358949688395e-07,1.536767407657372e-07,7250.0,7.25
1.8733419059290687e-07,1.755393145885027e-07,1.9913152007169005e-07,1.1104153859193094e-07,1.7112793418844675e-07,2.00678277419774e-07,2.0327352311168647e-07,1.927937368587004e-07,1.75697681991055e-07,2.0075388921722265e-07,2.0306822975838291e-07,1.9506922922155507e-07,1.861213584242817e-07,1.0724625552647822e-07,1.2858587859653517e-07,1.82081063824324e-07,2.0021937969752417e-07,2.0182947070978622e-07,1.9082582663715327e-07,1.602071196284324e-07,1.2664213675797164e-07,8.389197758244939e-08,1.9405734608420856e-07,1.7112793418844675e-07,2.00678277419774e-07,2.0327352311168647e-07,1.5394931571625337e-07,7250.0,7.5
1.8792703002634266e-07,1.760880808691063e-07,1.9980132712411047e-07,1.1226633978888646e-07,1.714518534150913e-07,2.0120040207908567e-07,2.0406094030665897e-07,1.935110275576514e-07,1.7607319324829074e-07,2.0131263880917784e-07,2.0385630205827751e-07,1.9580488814821514e-07,1.8680291921785953e-07,1.085862576318107e-07,1.2992755579869645e-07,1.8247313319167832e-07,2.0076862897506731e-07,2.0261580846413793e-07,1.9156678482985323e-07,1.6053145761080905e-07,1.2684547593046881e-07,8.400672084928662e-08,1.946196691989443e-07,1.714518534150913e-07,2.0120040207908567e-07,2.0406094030665897e-07,1.544664382985394e-07,7250.0,7.75
1.8872278634225934e-07,1.7685105930928548e-07,2.0064577834727114e-07,1.134790627453762e-07,1.7203775822116381e-07,2.0191246613052506e-07,2.0502192197336968e-07,1.943908781028973e-07,1.7669907303054638e-07,2.0205648982190166e-07,2.048176883385529e-07,1.9671319834882752e-07,1.876021768780072e-07,1.0984634258780667e-07,1.31298241283293e-07,1.8310131579145962e-07,2.0150914675728772e-07,2.0357284898519535e-07,1.9246323277227217e-07,1.6094903576620392e-07,1.270758369771391e-07,8.413866457586538e-08,1.9537541953117142e-07,1.7203775822116381e-07,2.0191246613052506e-07,2.0502192197336968e-07,1.5523830986160476e-07,7250.0,8.0
1.8977713737359184e-07,1.7787565048139712e-07,2.0171578124208877e-07,1.1469176195154474e-07,1.7291330911560651e-07,2.028825524375315e-07,2.0624340696321227e-07,1.9547257141139276e-07,1.776171645477468e-07,2.0306673556785353e-07,2.0603833553466798e-07,1.978307287824654e-07,1.8859480265303167e-07,1.1105458426718931e-07,1.327557562340321e-07,1.840093182482519e-07,2.0252187630151757e-07,2.0478174211780701e-07,1.9354637601048292e-07,1.6150861383280138e-07,1.2734926648351033e-07,8.43018066930974e-08,1.9647281556974234e-07,1.7291330911560651e-07,2.028825524375315e-07,2.0624340696321227e-07,1.5626980788449517e-07,7250.0,8.25
1.911381628726365e-07,1.7925084963423342e-07,2.0298132651617555e-07,1.158421630175338e-07,1.7420181185523706e-07,2.0415247391228665e-07,2.0768229347300535e-07,1.9673180995924902e-07,1.789890186638421e-07,2.0437798558168016e-07,2.074750990494206e-07,1.9913302230364682e-07,1.8972677941054213e-07,1.1215702043066567e-07,1.3426159005407287e-07,1.853612538115951e-07,2.0386447005727615e-07,2.0619865184936505e-07,1.947902575201532e-07,1.6225466925846597e-07,1.2764983993026837e-07,8.449352967582713e-08,1.9805454088318512e-07,1.7420181185523706e-07,2.0415247391228665e-07,2.0768229347300535e-07,1.5761466179445561e-07,7250.0,8.5
1.928029022142113e-07,1.8090547084557928e-07,2.0456012852062453e-07,1.1690544539532843e-07,1.7573773046556018e-07,2.058162748468666e-07,2.0945332032788377e-07,1.9825431915374044e-07,1.8064112188620197e-07,2.0607624504312942e-07,2.0924063333127597e-07,2.007005559961424e-07,1.9112813563337098e-07,1.1313430223482012e-07,1.3580275818440488e-07,1.8700697065105282e-07,2.0558885317954875e-07,2.079294439903599e-07,1.962905035805443e-07,1.6311808673891185e-07,1.2796433450948734e-07,8.469388478301536e-08,1.9996894988166747e-07,1.7573773046556018e-07,2.058162748468666e-07,2.0945332032788377e-07,1.5918840525417645e-07,7250.0,8.75
1.947230733877945e-07,1.827553284759642e-07,2.0646926681477283e-07,1.178046246908719e-07,1.7745538187389546e-07,2.0777326330171307e-07,2.1159253153181488e-07,2.0007713610058608e-07,1.8249828944650088e-07,2.080678570718661e-07,2.1137273225089775e-07,2.025784337370016e-07,1.927972728771225e-07,1.1390701076129169e-07,1.3736258094972446e-07,1.8886226012190086e-07,2.0760137327231687e-07,2.1001565875255147e-07,1.9807910968054852e-07,1.6407722669800483e-07,1.2827604082409896e-07,8.489730788051333e-08,2.021029560774603e-07,1.7745538187389546e-07,2.0777326330171307e-07,2.1159253153181488e-07,1.6097113915345084e-07,7250.0,9.0
1.9680327367749242e-07,1.8476901055338697e-07,2.0852046770675843e-07,1.1851579224607943e-07,1.7943449147480291e-07,2.0982524216702343e-07,2.138922399973251e-07,2.020533868249206e-07,1.8461767549952032e-07,2.1015368150670779e-07,2.1366788970528336e-07,2.0462393934761884e-07,1.945720574598671e-07,1.1445044329219546e-07,1.3893614553623614e-07,1.9094095359468227e-07,2.0971531544789972e-07,2.1227410320104707e-07,2.000084882506526e-07,1.6514361248392528e-07,1.2857279756407032e-07,8.50929522565102e-08,2.0438523448489856e-07,1.7943449147480291e-07,2.0982524216702343e-07,2.138922399973251e-07,1.6300223980365092e-07,7250.0,9.25
1.9899796129029178e-07,1.869253583354208e-07,2.1059164228382074e-07,1.188464688307864e-07,1.815848710348387e-07,2.120638710550717e-07,2.162095251059645e-07,2.040323265652135e-07,1.8695645694503057e-07,2.1242963380775396e-07,2.159798952261282e-07,2.066692738291741e-07,1.9636054716409518e-07,1.1458247090419589e-07,1.4028182296382617e-07,1.9327215705988494e-07,2.120452467118e-07,2.1454472478407643e-07,2.0193762488173925e-07,1.6629254092158867e-07,1.288480472341709e-07,8.527633203536254e-08,2.0700134487489355e-07,1.815848710348387e-07,2.120638710550717e-07,2.162095251059645e-07,1.650335043193998e-07,7250.0,9.5
2.1033110898767938e-07,2.0119027906420848e-07,2.162756587238945e-07,1.1876707799941858e-07,2.0101925635184312e-07,2.243531443088108e-07,2.2085946225511615e-07,2.061250187993373e-07,2.0531640875892371e-07,2.2432709137419288e-07,2.2047908210272993e-07,2.0878211061008088e-07,1.9817222295100618e-07,1.112053071223583e-07,1.3764124975882832e-07,2.1088576400652725e-07,2.2420351180640301e-07,2.1838958300373328e-07,2.0319721828647473e-07,1.6962817062071675e-07,1.3189395123914084e-07,8.660055224565246e-08,2.2136832808999894e-07,2.0101925635184312e-07,2.243531443088108e-07,2.2085946225511615e-07,1.809419142509004e-07,7500.0,6.0
2.0980273880844013e-07,2.0035685455198445e-07,2.1642154119899592e-07,1.2102590857282848e-07,1.994904634147096e-07,2.2385783749653408e-07,2.2105628169033188e-07,2.0650139547511206e-07,2.0386770978187863e-07,2.2384424683347184e-07,2.2069126571788232e-07,2.0921118947146635e-07,1.984241088739586e-07,1.1436519143355048e-07,1.396830009419771e-07,2.0961165720022523e-07,2.2367176791696462e-07,2.1867337168554994e-07,2.0366460487327478e-07,1.696777026053462e-07,1.3196166406543078e-07,8.677736717689435e-08,2.204080301434525e-07,1.994904634147096e-07,2.2385783749653408e-07,2.2105628169033188e-07,1.7969680224416254e-07,7500.0,6.25
2.0951582884289698e-07,1.998387397497502e-07,2.166569010819409e-07,1.2309531993016756e-07,1.983733367894746e-07,2.23609196449306e-07,2.213296017503562e-07,2.0692057187304851e-07,2.0282838662254086e-07,2.2360864231473785e-07,2.2097562745286998e-07,2.096640153530061e-07,1.9878343524931666e-07,1.1719879214753669e-07,1.417906977385174e-07,2.0872973773630016e-07,2.2340166655520242e-07,2.1900901996400697e-07,2.0418582657254888e-07,1.6980027022912204e-07,1.320400118494166e-07,8.690447191656095e-08,2.1981334991528986e-07,1.983733367894746e-07,2.23609196449306e-07,2.213296017503562e-07,1.7884395153031268e-07,7500.0,6.5
2.0941340806110024e-07,1.9954511203963282e-07,2.16990015744958e-07,1.2504301802066763e-07,1.97541927705916e-07,2.235755284895041e-07,2.2170162302868198e-07,2.0738643127517e-07,2.0205585790816967e-07,2.2357975807907147e-07,2.2135432569487197e-07,2.1014652971018175e-07,1.9923071747551696e-07,1.1975530053177102e-07,1.4377457621715672e-07,2.0809573651169822e-07,2.2333610988720246e-07,2.1941850751058026e-07,2.0474646312087217e-07,1.699539112060054e-07,1.321337349916187e-07,8.701976156105598e-08,2.194173325016267e-07,1.97541927705916e-07,2.235755284895041e-07,2.2170162302868198e-07,1.7827669757680327e-07,7500.0,6.75
2.0939825795811794e-07,1.9937171710148543e-07,2.1732636246884863e-07,1.2678825633200651e-07,1.969250489378184e-07,2.235096773291151e-07,2.2210773106749105e-07,2.0789280083726172e-07,2.0151777477057474e-07,2.235381737236641e-07,2.2176993377162452e-07,2.1068376559465644e-07,1.9968412389048463e-07,1.2199081770775685e-07,1.45627230001053e-07,2.0765903032167518e-07,2.2327774202657972e-07,2.1987520487403085e-07,2.0532937604867722e-07,1.7011864452002317e-07,1.3222580815946555e-07,8.714798772843865e-08,2.1923231929527244e-07,1.969250489378184e-07,2.235096773291151e-07,2.2210773106749105e-07,1.7788054018594255e-07,7500.0,7.0
2.0949453964232343e-07,1.993578100056826e-07,2.176786753465577e-07,1.2843306286523236e-07,1.9652004777760955e-07,2.2354878740090655e-07,2.2253156103465693e-07,2.0838585965120636e-07,2.0118086613726947e-07,2.2360609701666392e-07,2.222000513646132e-07,2.1119416123984506e-07,2.0015237187355103e-07,1.2399610080920447e-07,1.4738189920484358e-07,2.074034765451327e-07,2.233343660249181e-07,2.203315177270551e-07,2.0589305083167436e-07,1.7028605561868926e-07,1.3235653048453417e-07,8.726544213372682e-08,2.19197855558416e-07,1.9652004777760955e-07,2.2354878740090655e-07,2.2253156103465693e-07,1.7771177630473427e-07,7500.0,7.25
2.0971439327574416e-07,1.995061745296432e-07,2.1806429367319557e-07,1.300411026424698e-07,1.963153478412747e-07,2.2371001147184314e-07,2.2301888758230517e-07,2.088901700737077e-07,2.0103394658739177e-07,2.238023404380401e-07,2.2269020557718751e-07,2.117101548552933e-07,2.0064804754059278e-07,1.2583356005510297e-07,1.489847597212101e-07,2.0732959502862318e-07,2.2352830932829022e-07,2.2083168903049386e-07,2.0644653822634135e-07,1.7047884896259162e-07,1.3254501122288797e-07,8.73807292398233e-08,2.1934385106712876e-07,1.963153478412747e-07,2.2371001147184314e-07,2.2301888758230517e-07,1.7774609479982812e-07,7500.0,7.5
2.100667217119549e-07,1.9982737413071488e-07,2.1850584998034894e-07,1.316355635168254e-07,1.96324337661207e-07,2.2396661676975336e-07,2.2358327439617559e-07,2.0944351193482474e-07,2.0110368701376498e-07,2.2410301247621542e-07,2.2325634455857683e-07,2.1227190020257364e-07,2.0118512889483562e-07,1.2760929800177436e-07,1.5061289324284623e-07,2.0743146095472207e-07,2.2382538492450946e-07,2.2140144939128655e-07,2.0704027046472905e-07,1.7071951279002523e-07,1.3276250680037137e-07,8.749927688730152e-08,2.1967086629400431e-07,1.96324337661207e-07,2.2396661676975336e-07,2.2358327439617559e-07,1.7804481014717018e-07,7500.0,7.75
2.1062908891468208e-07,2.0038573183406687e-07,2.1909527636796428e-07,1.3321858323686302e-07,1.9662230803898208e-07,2.2441401189139288e-07,2.2430835223293158e-07,2.1011340742676894e-07,2.0145253796199243e-07,2.245987139762775e-07,2.2398183585820686e-07,2.1295611944468316e-07,2.018306666749614e-07,1.2930841534755957e-07,1.52219533214303e-07,2.0779478302698819e-07,2.24320141221397e-07,2.221233456734445e-07,2.0773151540647908e-07,1.710397053105343e-07,1.3301562483844402e-07,8.763019392230566e-08,2.202371963057846e-07,1.9662230803898208e-07,2.2441401189139288e-07,2.2430835223293158e-07,1.786253475974269e-07,7500.0,8.0
2.1143203796332807e-07,2.0118873037650767e-07,2.1991250167872425e-07,1.3484587473770832e-07,1.9722505283707745e-07,2.2508424067164025e-07,2.2527133678835305e-07,2.1099306292750913e-07,2.0207144509108808e-07,2.2530965946129825e-07,2.2494533461228658e-07,2.138621243819441e-07,2.026397381740583e-07,1.309802739460875e-07,1.5394035528157067e-07,2.0840996080774077e-07,2.2503005930015883e-07,2.2308167172817001e-07,2.086261316982151e-07,1.7146182184598696e-07,1.3330847994759281e-07,8.777326114785919e-08,2.2101090893711377e-07,1.9722505283707745e-07,2.2508424067164025e-07,2.2527133678835305e-07,1.7951239946748076e-07,7500.0,8.25
2.1257427455476986e-07,2.0234044129651512e-07,2.2103082824548015e-07,1.3653316312116153e-07,1.981956378255497e-07,2.2609884624609027e-07,2.2656691850322787e-07,2.121405931038294e-07,2.0306954205498605e-07,2.2636241016044348e-07,2.2623998417256103e-07,2.1504611242093097e-07,2.036959852370413e-07,1.3265679176377692e-07,1.558453653182048e-07,2.0937732634417207e-07,2.2609668711422779e-07,2.2436340580681026e-07,2.0977446703606763e-07,1.720408539451599e-07,1.3365759964593207e-07,8.794849057038087e-08,2.221822161824414e-07,1.981956378255497e-07,2.2609884624609027e-07,2.2656691850322787e-07,1.8078546118751546e-07,7500.0,8.5
2.1409128398602928e-07,2.038893248626298e-07,2.224537573845399e-07,1.3821215232822912e-07,1.9964056270229032e-07,2.2746922896287248e-07,2.2820119195712867e-07,2.135637474509368e-07,2.04551920950862e-07,2.2777790823535787e-07,2.278718370410771e-07,2.1651753751219087e-07,2.0498057792084793e-07,1.3427690985633826e-07,1.57907379397346e-07,2.1081178169908869e-07,2.2753448993378368e-07,2.2597209612904045e-07,2.1117674691024325e-07,1.7280570977723065e-07,1.3405180772585186e-07,8.816391109733329e-08,2.2380744422976273e-07,1.9964056270229032e-07,2.2746922896287248e-07,2.2820119195712867e-07,1.824854917358856e-07,7500.0,8.75
2.159244151211572e-07,2.0579918572273453e-07,2.2407664851474586e-07,1.3976401221768905e-07,2.0151184130144247e-07,2.2915795955477162e-07,2.3005297522118417e-07,2.1516017260374043e-07,2.0650944538977247e-07,2.2951198723338794e-07,2.2971994773651626e-07,2.1816827989782616e-07,2.0642579718683742e-07,1.3572813694255635e-07,1.6000586484224016e-07,2.1272117498264984e-07,2.293141145406969e-07,2.277901357439975e-07,2.1274510883396165e-07,1.7375701263240332e-07,1.3446149839546214e-07,8.841780541680108e-08,2.2593192628365922e-07,2.0151184130144247e-07,2.2915795955477162e-07,2.3005297522118417e-07,1.8452301122457867e-07,7500.0,9.0
2.1806901950739974e-07,2.0798853883857563e-07,2.2602699198099874e-07,1.411719118003115e-07,2.0362873330067948e-07,2.3124738019051723e-07,2.3227299346190115e-07,2.170397747447967e-07,2.087492699072543e-07,2.316406592394296e-07,2.3193337878564096e-07,2.2010914798950726e-07,2.081293686708311e-07,1.369978963352547e-07,1.6212963086865245e-07,2.1493882298970726e-07,2.3149664430297255e-07,2.2995618387961762e-07,2.1458841069227915e-07,1.7483296644851673e-07,1.3487757975444804e-07,8.868347849279161e-08,2.284083230087175e-07,2.0362873330067948e-07,2.3124738019051723e-07,2.3227299346190115e-07,1.8680147285574092e-07,7500.0,9.25
2.2048124595993004e-07,2.1038118408909608e-07,2.2832111492547366e-07,1.4235465386021677e-07,2.0596141918760198e-07,2.3362238838617683e-07,2.348763396869287e-07,2.192383742946964e-07,2.1122929641449666e-07,2.3405599203780873e-07,2.3452883314030227e-07,2.2237621644510625e-07,2.1013423856730308e-07,1.3800190809021232e-07,1.6423058329731458e-07,2.1739761448058188e-07,2.3396143373988529e-07,2.3249532405539874e-07,2.1673549891035705e-07,1.760018451579621e-07,1.3528509925334422e-07,8.894844521038617e-08,2.3110708249589288e-07,2.0596141918760198e-07,2.3362238838617683e-07,2.348763396869287e-07,1.892592433649579e-07,7500.0,9.5
2.365864242810845e-07,2.2976450556253732e-07,2.3731702617589337e-07,1.3515536273837134e-07,2.3216555568618757e-07,2.5127777776369845e-07,2.4290229180834343e-07,2.2346001601182376e-07,2.3667079681393033e-07,2.512994274590847e-07,2.4234855911701766e-07,2.2667427306080748e-07,2.139072124998781e-07,1.2618307116435076e-07,1.5690347017526432e-07,2.4179337945530596e-07,2.5158090031883465e-07,2.393978773235326e-07,2.199258575114616e-07,1.804573834682515e-07,1.3743416032762717e-07,8.975702692197775e-08,2.520027924806645e-07,2.3216555568618757e-07,2.5127777776369845e-07,2.4290229180834343e-07,2.0996889687995456e-07,7750.0,6.0
2.3557844772355354e-07,2.2833468583839727e-07,2.3726808945404363e-07,1.3820016815441043e-07,2.297911921102159e-07,2.503308020318207e-07,2.4289038041013153e-07,2.2372411806137678e-07,2.3437253155979663e-07,2.503561584202366e-07,2.423577106700193e-07,2.2700768368574234e-07,2.1399946624314505e-07,1.3034508524728985e-07,1.5920562562494405e-07,2.3973457990707803e-07,2.505584795560454e-07,2.395068492789425e-07,2.202941750269374e-07,1.804219872730088e-07,1.3760729954581318e-07,9.000489439364509e-08,2.5030639866621453e-07,2.297911921102159e-07,2.503308020318207e-07,2.4289038041013153e-07,2.0795330854169384e-07,7750.0,6.25
2.3481497326854797e-07,2.2725700577305386e-07,2.3724683673157933e-07,1.410296333311967e-07,2.2789237913739762e-07,2.4956612711270457e-07,2.429070804328411e-07,2.240267787329945e-07,2.3256297239594467e-07,2.496099628258951e-07,2.4239504664549885e-07,2.2736427269769956e-07,2.1416679639489477e-07,1.3414667748518368e-07,1.6169621291060682e-07,2.3813384428426486e-07,2.497673179623127e-07,2.3963963456132417e-07,2.206994981548069e-07,1.8047174061232802e-07,1.377355407386599e-07,9.022509073167571e-08,2.490978481846419e-07,2.2789237913739762e-07,2.4956612711270457e-07,2.429070804328411e-07,2.06398059224612e-07,7750.0,6.5
2.343468385988371e-07,2.26528353987307e-07,2.374041723475293e-07,1.4363173731346177e-07,2.2642766386229435e-07,2.491712954273558e-07,2.4309365363373227e-07,2.2440199943363457e-07,2.3115592952113955e-07,2.4922116764717076e-07,2.425920139490748e-07,2.2775330222016795e-07,2.1452176698707295e-07,1.3753634857531702e-07,1.6414391550175715e-07,2.3690623487866584e-07,2.4932159742216385e-07,2.398855117487209e-07,2.2117687615151857e-07,1.805655946953623e-07,1.379035449194895e-07,9.038362696381885e-08,2.48152628232666e-07,2.2642766386229435e-07,2.491712954273558e-07,2.4309365363373227e-07,2.053256568022096e-07,7750.0,6.75
2.340544647608328e-07,2.2602138957881138e-07,2.3762824418302418e-07,1.460412766276781e-07,2.2530128847533456e-07,2.4886432932071076e-07,2.4336526891357117e-07,2.2485357296070577e-07,2.3009285499509237e-07,2.4892934740094406e-07,2.4287609911475015e-07,2.2823324960381282e-07,2.1492328941229584e-07,1.4057700096648363e-07,1.6645183644378034e-07,2.3599571206058073e-07,2.4899707648974164e-07,2.402261081086718e-07,2.2172011562380887e-07,1.806893934181834e-07,1.3805527894608101e-07,9.05323114347228e-08,2.4752418428365394e-07,2.2530128847533456e-07,2.4886432932071076e-07,2.4336526891357117e-07,2.0451936564472853e-07,7750.0,7.0
2.338817635441648e-07,2.2569261204581662e-07,2.3785093059187522e-07,1.4830527006932272e-07,2.2445486969106806e-07,2.4857296979215583e-07,2.4366114015474435e-07,2.2531343693543017e-07,2.29311974160106e-07,2.4867338540416803e-07,2.4318436458505427e-07,2.2871952851297817e-07,2.153346068433674e-07,1.4332497667317762e-07,1.6862896881063413e-07,2.3531949725165232e-07,2.487268290031807e-07,2.405885695034856e-07,2.2226250707265115e-07,1.808274040017292e-07,1.38228338674065e-07,9.068051635931203e-08,2.4711952268663605e-07,2.2445486969106806e-07,2.4857296979215583e-07,2.4366114015474435e-07,2.0398932291852016e-07,7750.0,7.25
2.3379740262939433e-07,2.2550909009809078e-07,2.380465189954534e-07,1.5037133660042467e-07,2.2378397043949e-07,2.4842470825831204e-07,2.4392665697210745e-07,2.2568967061946042e-07,2.2869670512461553e-07,2.4855199974492343e-07,2.4345669784662475e-07,2.2910201288079698e-07,2.157267576516619e-07,1.457556326469835e-07,1.7069574273096635e-07,2.347945841278716e-07,2.485849323031495e-07,2.408900877153229e-07,2.227214501688754e-07,1.8093883084988803e-07,1.3841099105925472e-07,9.081500538820767e-08,2.4683556739839244e-07,2.2378397043949e-07,2.4842470825831204e-07,2.4392665697210745e-07,2.0368050756764153e-07,7750.0,7.5
2.3387141437810562e-07,2.2553630723465935e-07,2.382963318113554e-07,1.5239354904814727e-07,2.2339523505894937e-07,2.484012844657859e-07,2.442625556845863e-07,2.2609947393451688e-07,2.2834763303815634e-07,2.4855674301485785e-07,2.4379762566435554e-07,2.2951616496043347e-07,2.1614684884257598e-07,1.4803217695280117e-07,1.7266359809398308e-07,2.3450640123502273e-07,2.485785168721196e-07,2.4125134050546533e-07,2.23196734699847e-07,1.8108611807642745e-07,1.3862935264660833e-07,9.094667329036602e-08,2.4675586153190555e-07,2.2339523505894937e-07,2.484012844657859e-07,2.442625556845863e-07,2.0366270182724956e-07,7750.0,7.75
2.3413389966797765e-07,2.2580178636683003e-07,2.386311302109908e-07,1.5441494508850293e-07,2.2330407288523066e-07,2.485095839720943e-07,2.447218992532141e-07,2.2658430040368676e-07,2.282966008385063e-07,2.4870420434308095e-07,2.442602881174918e-07,2.3000684078610892e-07,2.1663386642167343e-07,1.5022309574378626e-07,1.7460709722508959e-07,2.344750587045371e-07,2.487288235536757e-07,2.4172482303363784e-07,2.237242201680773e-07,1.813019912609979e-07,1.3888598927022374e-07,9.108535814492714e-08,2.469382998579763e-07,2.2330407288523066e-07,2.485095839720943e-07,2.447218992532141e-07,2.0398062425070912e-07,7750.0,8.0
2.3464331880401808e-07,2.2634585634880077e-07,2.391331362674274e-07,1.5645645365240236e-07,2.2357016645942601e-07,2.488027916783897e-07,2.4540017599698934e-07,2.272360771245082e-07,2.2859659421674345e-07,2.4906163819101773e-07,2.449404251058309e-07,2.306708281069177e-07,2.1725793389117196e-07,1.5235574311729674e-07,1.7663475034017662e-07,2.3476960152405324e-07,2.490994531647486e-07,2.424065508927905e-07,2.243938238976883e-07,1.8162420922380599e-07,1.3918683955405639e-07,9.123865513785824e-08,2.4744791858689973e-07,2.2357016645942601e-07,2.488027916783897e-07,2.4540017599698934e-07,2.0471683678340823e-07,7750.0,8.25
2.3546855361505076e-07,2.2721208392739625e-07,2.3991984455023145e-07,1.5854665461830188e-07,2.2421254577241944e-07,2.494362893052291e-07,2.4637578228597935e-07,2.2812075003830175e-07,2.2923290459897315e-07,2.4974989891930606e-07,2.4591661695128044e-07,2.3157843401945772e-07,2.1809039876924632e-07,1.5448299885259823e-07,1.787573795638991e-07,2.3539918256235306e-07,2.497905358646123e-07,2.4337628798072146e-07,2.252880195974801e-07,1.820717480247679e-07,1.3953764703855192e-07,9.141157556836813e-08,2.4829325478949676e-07,2.2421254577241944e-07,2.494362893052291e-07,2.4637578228597935e-07,2.057645979699741e-07,7750.0,8.5
2.367047809151024e-07,2.2851015679706654e-07,2.410672043127659e-07,1.607603642274947e-07,2.2533495104194677e-07,2.504607079872721e-07,2.4774491859359637e-07,2.293401069819394e-07,2.3034817468492793e-07,2.5082031942063763e-07,2.4728540124220513e-07,2.3283727196466077e-07,2.192042608539098e-07,1.5667937655144975e-07,1.8116721897807685e-07,2.3646420158532005e-07,2.5089021480813193e-07,2.4473139327587865e-07,2.2650121449893868e-07,1.8269178791849164e-07,1.3996457561876084e-07,9.161321165663144e-08,2.49574810720827e-07,2.2533495104194677e-07,2.504607079872721e-07,2.4774491859359637e-07,2.0732881240330333e-07,7750.0,8.75
2.3836243149759467e-07,2.3025275474572894e-07,2.4256893829829604e-07,1.6300354591500667e-07,2.269727419431341e-07,2.519012794014113e-07,2.494962635555035e-07,2.308622052083383e-07,2.3198844602792678e-07,2.5230796726320733e-07,2.490345718663925e-07,2.3440996881793677e-07,2.2058316796317337e-07,1.588531372467004e-07,1.8380805461862915e-07,2.3804100960628235e-07,2.5241067107693904e-07,2.4645551651477754e-07,2.2799954926102036e-07,1.8349532845427967e-07,1.404413295146657e-07,9.184874922173445e-08,2.5131838860567115e-07,2.269727419431341e-07,2.519012794014113e-07,2.494962635555035e-07,2.0939282336520992e-07,7750.0,9.0
2.4041593731551317e-07,2.3243102605087392e-07,2.4436846017419046e-07,1.651620570518369e-07,2.291202154943529e-07,2.537295013959047e-07,2.5156649745206696e-07,2.3263949364725915e-07,2.3417899654438594e-07,2.54182355185772e-07,2.511010607844837e-07,2.3624766623847749e-07,2.221903185091981e-07,1.6089510654723493e-07,1.865833095297737e-07,2.4015446212302717e-07,2.543420344142921e-07,2.4848784169102867e-07,2.297426341866554e-07,1.8450620164141317e-07,1.4095383450557852e-07,9.212867801488793e-08,2.535731822004227e-07,2.291202154943529e-07,2.537295013959047e-07,2.5156649745206696e-07,2.1193526160867713e-07,7750.0,9.25
2.4281932885931715e-07,2.350000076947339e-07,2.463934826209552e-07,1.6716362994351273e-07,2.3172868648491048e-07,2.55909740552567e-07,2.539095614626106e-07,2.3462928919403417e-07,2.3687228278332047e-07,2.5641100611458535e-07,2.5343961062675704e-07,2.3830810136090882e-07,2.2397535212430407e-07,1.6273748204179762e-07,1.8940472220860025e-07,2.4278452391640987e-07,2.566591981524193e-07,2.507842257872275e-07,2.3168751513434254e-07,1.8571763240041194e-07,1.41479848967804e-07,9.245074490197202e-08,2.563862207710741e-07,2.3172868648491048e-07,2.55909740552567e-07,2.539095614626106e-07,2.14844394597148e-07,7750.0,9.5
2.6535964796109174e-07,2.61425748604291e-07,2.597160936211337e-07,1.5209064266038331e-07,2.6705698058359624e-07,2.8065955325704363e-07,2.66433904056557e-07,2.4162169175963266e-07,2.717987763731436e-07,2.8073872532131437e-07,2.656766077390512e-07,2.454183370867792e-07,2.3040411591265865e-07,1.4158766055852095e-07,1.7760812075694493e-07,2.7625914145721046e-07,2.815261065676717e-07,2.6171873187836157e-07,2.3747250700999426e-07,1.914965864027207e-07,1.42790046498328e-07,9.28198703884878e-08,2.860239094105564e-07,2.6705698058359624e-07,2.8065955325704363e-07,2.66433904056557e-07,2.4255052597547926e-07,8000.0,6.0
2.6365263823324386e-07,2.5916152053636795e-07,2.592990355478004e-07,1.5606004001984037e-07,2.634958059151801e-07,2.790438060802498e-07,2.6603903159148157e-07,2.4163962599456015e-07,2.6834516959425845e-07,2.791315186415297e-07,2.653111779416141e-07,2.4553509236770425e-07,2.3017069604541297e-07,1.4692694520910982e-07,1.8000028031386145e-07,2.7313685589826547e-07,2.7981157269935037e-07,2.614945057013446e-07,2.3759306315552781e-07,1.9138553597473356e-07,1.4309747933051646e-07,9.314179711411303e-08,2.8340091295620817e-07,2.634958059151801e-07,2.790438060802498e-07,2.6603903159148157e-07,2.3941440701862196e-07,8000.0,6.25
2.6229324240851865e-07,2.573468410958986e-07,2.590169250648701e-07,1.5970176645119016e-07,2.605781759419952e-07,2.776912569482748e-07,2.657892597663285e-07,2.4181582137113057e-07,2.655103913775778e-07,2.7779136081994193e-07,2.650906083736849e-07,2.457786438749031e-07,2.3014068951799493e-07,1.5174806215082113e-07,1.8274637163491936e-07,2.7057845588151485e-07,2.783947082399266e-07,2.614088425345495e-07,2.3786232878912132e-07,1.913323943041264e-07,1.4333436284407434e-07,9.343297939829827e-08,2.8129730748570085e-07,2.605781759419952e-07,2.776912569482748e-07,2.657892597663285e-07,2.3695196509589905e-07,8000.0,6.5
2.6132580723362313e-07,2.560136165490037e-07,2.589386001551491e-07,1.6312879558916054e-07,2.5827009899360113e-07,2.7674596194501857e-07,2.657414965945737e-07,2.421078616910166e-07,2.632712767544936e-07,2.768582500249571e-07,2.650630808261735e-07,2.461074500581626e-07,2.303399786849487e-07,1.561621664082403e-07,1.856800930878129e-07,2.6857755081767e-07,2.773912256236791e-07,2.614759060451441e-07,2.382536187570625e-07,1.9137010134196512e-07,1.4355184493252584e-07,9.368580988985474e-08,2.7968305686427843e-07,2.5827009899360113e-07,2.7674596194501857e-07,2.657414965945737e-07,2.3511455572553226e-07,8000.0,6.75
2.60625107937545e-07,2.5501524450072424e-07,2.589832405057183e-07,1.6631576031591134e-07,2.564216856023354e-07,2.7605928502172735e-07,2.658133691468267e-07,2.424582568556499e-07,2.6147232416226487e-07,2.761819070650665e-07,2.6515144248260597e-07,2.4648510283950007e-07,2.3065445670744918e-07,1.6013890673218852e-07,1.8846123286725554e-07,2.669849168309379e-07,2.7665167114240864e-07,2.6164079374358e-07,2.3871391391130036e-07,1.9143991614574548e-07,1.4378258594554578e-07,9.388787920454076e-08,2.7840833806121986e-07,2.564216856023354e-07,2.7605928502172735e-07,2.658133691468267e-07,2.337250051056167e-07,8000.0,7.0
2.600984459079501e-07,2.54259150276516e-07,2.5905014889102296e-07,1.6928020919898938e-07,2.549454293400252e-07,2.754224667301653e-07,2.6593436797912563e-07,2.428646352596968e-07,2.600611270222868e-07,2.7557399825511724e-07,2.6529088863756123e-07,2.4692114206963236e-07,2.3100065676462695e-07,1.6373840418750908e-07,1.911347256309775e-07,2.657358628385873e-07,2.7602257005141777e-07,2.6186275283745297e-07,2.3921623269898804e-07,1.9152923721661762e-07,1.4401380523228136e-07,9.405323588056723e-08,2.7749984421758096e-07,2.549454293400252e-07,2.754224667301653e-07,2.6593436797912563e-07,2.326720050303185e-07,8000.0,7.25
2.5968013517747264e-07,2.5368154574038194e-07,2.5908333114733146e-07,1.7199540765750162e-07,2.5371445231532566e-07,2.748964649706472e-07,2.6603776411421377e-07,2.431911366428517e-07,2.5888198729675223e-07,2.750792154257241e-07,2.6540707798753144e-07,2.472568235086995e-07,2.3133785690124426e-07,1.6691653751405987e-07,1.9363608254445598e-07,2.646820973969335e-07,2.7549843425854234e-07,2.6203544435948197e-07,2.396376650779244e-07,1.9159383826009008e-07,1.4423939779441784e-07,9.421508079150586e-08,2.7674254326422165e-07,2.5371445231532566e-07,2.748964649706472e-07,2.6603776411421377e-07,2.3191478220806054e-07,8000.0,7.5
2.5942286030805035e-07,2.5334017111685037e-07,2.591335368198282e-07,1.7456847484589258e-07,2.528105073772639e-07,2.745196219876781e-07,2.661560681968221e-07,2.434819587718657e-07,2.580085015880712e-07,2.7473172480499955e-07,2.655343394606499e-07,2.4754589016008545e-07,2.3166761029906629e-07,1.6983744500599714e-07,1.9604785032009533e-07,2.6389690441459533e-07,2.751253880049812e-07,2.6220212544373995e-07,2.4001309647518024e-07,1.9166487095407962e-07,1.444764607231384e-07,9.437042922288242e-08,2.7619660008458265e-07,2.528105073772639e-07,2.745196219876781e-07,2.661560681968221e-07,2.315060670782284e-07,8000.0,7.75
2.5932256661066926e-07,2.532184240192147e-07,2.5921214731714497e-07,1.7707988030394685e-07,2.522163636522095e-07,2.7423335120389123e-07,2.6634179073830846e-07,2.437958018830593e-07,2.574262299964935e-07,2.744828508291021e-07,2.6572753799191486e-07,2.4785601937528203e-07,2.320109088980582e-07,1.7258978085308564e-07,1.9837909789387547e-07,2.6336461746199614e-07,2.748729037540727e-07,2.6242641975068277e-07,2.4039099082435066e-07,1.9177650107013743e-07,1.4474240555890836e-07,9.45177272906377e-08,2.758877307085502e-07,2.522163636522095e-07,2.7423335120389123e-07,2.6634179073830846e-07,2.3143844800356952e-07,8000.0,8.0
2.594686391670589e-07,2.5340319560103507e-07,2.5941723008053953e-07,1.795780123919661e-07,2.520138867320648e-07,2.7413455371887075e-07,2.666847000945521e-07,2.4421528793507456e-07,2.572302955506217e-07,2.744270192529237e-07,2.660763080600043e-07,2.4827559643672083e-07,2.324478951999828e-07,1.7524065252990168e-07,2.00748902104432e-07,2.6317022696052686e-07,2.748214622036209e-07,2.627964551785806e-07,2.4085853636101914e-07,1.9196527664406756e-07,1.45044744382393e-07,9.466651993089569e-08,2.7589331834342785e-07,2.520138867320648e-07,2.7413455371887075e-07,2.666847000945521e-07,2.3181570086687007e-07,8000.0,8.25
2.59923248623602e-07,2.539397276019021e-07,2.5984004948667543e-07,1.8208675122530847e-07,2.5223298859495993e-07,2.743389945766082e-07,2.67261363789837e-07,2.448016425596732e-07,2.5744556580707276e-07,2.746727337442588e-07,2.6665660413513214e-07,2.4887020233293114e-07,2.33026965994097e-07,1.7783522943599683e-07,2.0318755321895794e-07,2.633610188907207e-07,2.7507448946605004e-07,2.633864460071072e-07,2.414796894388845e-07,1.92276573994238e-07,1.4538545937401518e-07,9.482978879331737e-08,2.762535847198359e-07,2.5223298859495993e-07,2.743389945766082e-07,2.67261363789837e-07,2.3264645797723742e-07,8000.0,8.5
2.6077629907551686e-07,2.548938720047573e-07,2.6059778436947424e-07,1.8470885304162056e-07,2.5291868494510407e-07,2.749344861310883e-07,2.682258530951816e-07,2.456985544736077e-07,2.5811640997574546e-07,2.753134616505584e-07,2.676225820494161e-07,2.4978773497924055e-07,2.3387134373443285e-07,1.8048298964090248e-07,2.0584156758695218e-07,2.639946320407326e-07,2.757485577242738e-07,2.6434911017523233e-07,2.4238715259227385e-07,1.9274510762984874e-07,1.4578969363570758e-07,9.502641685012214e-08,2.77106681936399e-07,2.5291868494510407e-07,2.749344861310883e-07,2.682258530951816e-07,2.3397428537037628e-07,8000.0,8.75
2.620969186995706e-07,2.5633261220000504e-07,2.617539348876353e-07,1.8750343222470555e-07,2.5422911686153626e-07,2.759163255149483e-07,2.696795951387478e-07,2.4699099150921917e-07,2.5936151299102515e-07,2.763678037903077e-07,2.6907720986221184e-07,2.511194261313674e-07,2.3505225696476942e-07,1.83249205918406e-07,2.088380635019468e-07,2.651716885217739e-07,2.768502422186572e-07,2.657905532290872e-07,2.4365292407784593e-07,1.9341933277797176e-07,1.4627674978938475e-07,9.526262106978264e-08,2.785175026217952e-07,2.5422911686153626e-07,2.759163255149483e-07,2.696795951387478e-07,2.3592980037778309e-07,8000.0,9.0
2.639222575611148e-07,2.583096932663729e-07,2.6333180558581365e-07,1.9036067685485303e-07,2.5613932438945707e-07,2.7741757543959596e-07,2.715628903445921e-07,2.486285044592435e-07,2.6122081556614327e-07,2.77929842619212e-07,2.7095890651607604e-07,2.5280980231867134e-07,2.3654192178585526e-07,1.8602959264894093e-07,2.1210739843371207e-07,2.669560905083365e-07,2.7845970947477766e-07,2.676466184378418e-07,2.452609057988285e-07,1.9429818294110152e-07,1.468249488716738e-07,9.553743609735168e-08,2.804524195552861e-07,2.5613932438945707e-07,2.7741757543959596e-07,2.715628903445921e-07,2.3841208541993916e-07,8000.0,9.25
2.6619968033347856e-07,2.60771173161669e-07,2.652812826674902e-07,1.9322557338208844e-07,2.585864424130747e-07,2.793599789075698e-07,2.7385571913496155e-07,2.5059114822929495e-07,2.6365390358103965e-07,2.7992508469298667e-07,2.732486429450358e-07,2.5483916087287973e-07,2.3831551955156327e-07,1.8876469543032933e-07,2.1563556922427507e-07,2.6931074689115926e-07,2.8052610932972076e-07,2.698989572209111e-07,2.471820113433408e-07,1.9537674088878315e-07,1.4742963444846214e-07,9.585369217644228e-08,2.8288591221290094e-07,2.585864424130747e-07,2.793599789075698e-07,2.7385571913496155e-07,2.414860552649461e-07,8000.0,9.5
2.965806474171994e-07,2.9617965960441537e-07,2.8328949414635936e-07,1.6972238483237846e-07,3.057565463791061e-07,3.1240845822966e-07,2.912589937690241e-07,2.603994658031923e-07,3.107329272789503e-07,3.1255514890619287e-07,2.902670420763805e-07,2.648015905200668e-07,2.474862835835746e-07,1.576337043877748e-07,1.9993898237840277e-07,3.142907862923179e-07,3.1396169428636796e-07,2.8515411157531576e-07,2.556142747737713e-07,2.0265945361946766e-07,1.4799091481878217e-07,9.57804333359466e-08,3.2343641713019634e-07,3.057565463791061e-07,3.1240845822966e-07,2.912589937690241e-07,2.7873374052108114e-07,8250.0,6.0
2.9410432891855413e-07,2.9295842895130473e-07,2.8251175677626506e-07,1.7454377247016663e-07,3.008334449084611e-07,3.1005185888744776e-07,2.9051774953394085e-07,2.602223250487568e-07,3.0597156796049873e-07,3.102147814076568e-07,2.8956479326647924e-07,2.647526982869587e-07,2.469359859151679e-07,1.640486063042941e-07,2.0219736819472123e-07,3.099734248814906e-07,3.1148169710158985e-07,2.8463755111168214e-07,2.5553822436673476e-07,2.0248331071205352e-07,1.4840728895669174e-07,9.618739713416103e-08,3.197835541051741e-07,3.008334449084611e-07,3.1005185888744776e-07,2.9051774953394085e-07,2.7432075451180305e-07,8250.0,6.25
2.9205543839769267e-07,2.902766316235711e-07,2.819547554502238e-07,1.7914344310676482e-07,2.9667815585994163e-07,3.080354023742872e-07,2.8997976559977185e-07,2.6025513561266746e-07,3.0192201139851347e-07,3.082092358839707e-07,2.8906561054343526e-07,2.648829151831189e-07,2.466635895943056e-07,1.7006977365079996e-07,2.0512790230605185e-07,3.062977001295294e-07,3.0936218281852556e-07,2.8431796615830233e-07,2.5565035837155346e-07,2.023497391711047e-07,1.4878881992351814e-07,9.655221702093309e-08,3.166457405571337e-07,2.9667815585994163e-07,3.080354023742872e-07,2.8997976559977185e-07,2.7073859675911224e-07,8250.0,6.5
2.904327388786004e-07,2.88143306552875e-07,2.8156301123804755e-07,1.834606640724104e-07,2.932576376204656e-07,3.064090717276771e-07,2.8962035967827196e-07,2.604130523300287e-07,2.9858785208938015e-07,3.065977707919658e-07,2.887388392002002e-07,2.6510576171594623e-07,2.466364703472811e-07,1.7558767431978297e-07,2.0833543356423409e-07,3.0328492853482866e-07,3.076625965578964e-07,2.8414248450264795e-07,2.558996875271726e-07,2.0232044241401273e-07,1.4910439401650508e-07,9.688750686705394e-08,3.1415406161714075e-07,2.932576376204656e-07,3.064090717276771e-07,2.8962035967827196e-07,2.678768198198995e-07,8250.0,6.75
2.892054120230956e-07,2.864950893848205e-07,2.813850721137601e-07,1.8751281976259887e-07,2.9048430603548406e-07,3.051852149100052e-07,2.894671689521884e-07,2.606770430428135e-07,2.9586202704443895e-07,3.053861685025619e-07,2.8860875122944853e-07,2.654012097557242e-07,2.4684558810160547e-07,1.8061090152785798e-07,2.1168862674004467e-07,3.0083188300645606e-07,3.063601329831223e-07,2.8411943168196765e-07,2.562751604781005e-07,2.0232418374223865e-07,1.4938404543070017e-07,9.71762625972085e-08,3.1209060642832514e-07,2.9048430603548406e-07,3.051852149100052e-07,2.894671689521884e-07,2.656991904943124e-07,8250.0,7.0
2.882477212832794e-07,2.852051099790959e-07,2.812883221111498e-07,1.9133240713615668e-07,2.882093779701934e-07,3.0414815943657484e-07,2.89389667101656e-07,2.610272765710655e-07,2.936510874626523e-07,3.0437137583898643e-07,2.8855698187505687e-07,2.6579110185544316e-07,2.471107363763041e-07,1.8520809015290176e-07,2.1482808336360452e-07,2.9885771620115295e-07,3.052979731868707e-07,2.841867371112298e-07,2.5673525086783527e-07,2.0238714961642593e-07,1.497016385253132e-07,9.73975274492841e-08,3.105240620444622e-07,2.882093779701934e-07,3.0414815943657484e-07,2.89389667101656e-07,2.639588409334385e-07,8250.0,7.25
2.8741907641084687e-07,2.8411959008560377e-07,2.811589114434179e-07,1.9483388556581742e-07,2.862415178971684e-07,3.0320817081150193e-07,2.89319454904562e-07,2.6131264999813614e-07,2.9172344634607265e-07,3.034579857033995e-07,2.8850621669183133e-07,2.6608433183718973e-07,2.4740938531431186e-07,1.89305843105687e-07,2.1784233118490285e-07,2.971174379915501e-07,3.0433974097727394e-07,2.8422342819108167e-07,2.5712862938847777e-07,2.0240156183605525e-07,1.4999414823158677e-07,9.759817478018432e-08,3.0916061453838965e-07,2.862415178971684e-07,3.0320817081150193e-07,2.89319454904562e-07,2.6256812568958056e-07,8250.0,7.5
2.8673099826099467e-07,2.832776749924611e-07,2.8097498219457715e-07,1.9806548614450825e-07,2.846403694210623e-07,3.023679038765558e-07,2.8919444095508044e-07,2.615006949689742e-07,2.901457765052206e-07,3.026504898716555e-07,2.8839644165784234e-07,2.662658265982519e-07,2.476463528813589e-07,1.9297588794281565e-07,2.2070968082478618e-07,2.95672374644528e-07,3.0349459579845256e-07,2.841826177764755e-07,2.5741430192195736e-07,2.0240012202412795e-07,1.5027651242996644e-07,9.777247002513117e-08,3.080189778525674e-07,2.846403694210623e-07,3.023679038765558e-07,2.8919444095508044e-07,2.6159857508094827e-07,8250.0,7.75
2.862487498740881e-07,2.827321205761398e-07,2.8082452812372045e-07,2.0116888602002304e-07,2.834643953016935e-07,3.016745012824728e-07,2.891170471879102e-07,2.61676716011668e-07,2.8896679460357407e-07,3.019918068222944e-07,2.8833173246861015e-07,2.6643062722131513e-07,2.4788259861484154e-07,1.9639466134229797e-07,2.2350460260131253e-07,2.94575027515822e-07,3.0280949855647283e-07,2.8417388190357396e-07,2.576819304780191e-07,2.024261988207483e-07,1.5057231122825844e-07,9.79316944889366e-08,3.071538313826948e-07,2.834643953016935e-07,3.016745012824728e-07,2.891170471879102e-07,2.6109543796691965e-07,8250.0,8.0
2.859559505856908e-07,2.824521355878004e-07,2.8070965881816517e-07,2.04216462902778e-07,2.826618772697531e-07,3.010863480269048e-07,2.891306200098407e-07,2.6189187662225195e-07,2.8813796689408993e-07,3.0144434474638215e-07,2.8835598875862386e-07,2.6663497133060377e-07,2.481562029494428e-07,1.996585286157749e-07,2.2627202150983855e-07,2.9376996493096146e-07,3.0226167553538305e-07,2.84243478343299e-07,2.5795796938051203e-07,2.025013424082359e-07,1.5089680262250415e-07,9.808477708843215e-08,3.065802960235699e-07,2.826618772697531e-07,3.010863480269048e-07,2.891306200098407e-07,2.6102255284807986e-07,8250.0,8.25
2.8596127107256325e-07,2.825354286813207e-07,2.807652320876535e-07,2.0722878843293882e-07,2.823342898807749e-07,3.007492185685567e-07,2.893312447232883e-07,2.622340819422357e-07,2.877663300278774e-07,3.011511006180746e-07,2.885654018491739e-07,2.6697331585892203e-07,2.485312589480739e-07,2.0280480726332646e-07,2.2910051261042555e-07,2.933717237088666e-07,3.019763511793118e-07,2.844873544395023e-07,2.58352177770874e-07,2.0266401687328086e-07,1.5124723450010022e-07,9.823736635660577e-08,3.063624175291663e-07,2.823342898807749e-07,3.007492185685567e-07,2.893312447232883e-07,2.614902018551415e-07,8250.0,8.5
2.8634703408153053e-07,2.8304237750484457e-07,2.811035837194146e-07,2.1029052301853565e-07,2.8250790711524093e-07,3.0078945517043093e-07,2.8984853921264e-07,2.6280506296944354e-07,2.8787397929032116e-07,3.012347684883316e-07,2.8908923202505404e-07,2.6754660073703374e-07,2.4910863289577853e-07,2.0593013780349676e-07,2.3207211814357655e-07,2.934369102249091e-07,3.020821614332057e-07,2.8502990709141565e-07,2.589528020732862e-07,2.0296528814032472e-07,1.5164195231104811e-07,9.841095334824577e-08,3.0658927531441404e-07,2.8250790711524093e-07,3.0078945517043093e-07,2.8984853921264e-07,2.6249366133696126e-07,8250.0,8.75
2.8723703522933985e-07,2.8410445421980634e-07,2.818193306228552e-07,2.1351279161630183e-07,2.8331477822109067e-07,3.013062697052474e-07,2.908173955095339e-07,2.637150133543081e-07,2.886174678865028e-07,3.018009857164282e-07,2.900615240730126e-07,2.684743580049987e-07,2.499750028634397e-07,2.0916326159262417e-07,2.3533458097187837e-07,2.9411119345799476e-07,3.0270785057591895e-07,2.8600262031952367e-07,2.5987193547097185e-07,2.0348163408761123e-07,1.521090190805373e-07,9.862994400436033e-08,3.074717642502946e-07,2.8331477822109067e-07,3.013062697052474e-07,2.908173955095339e-07,2.641689374014426e-07,8250.0,9.0
2.8868190704095716e-07,2.857604207223006e-07,2.8299998934464097e-07,2.1688503836674436e-07,2.8482231784081336e-07,3.023582526176091e-07,2.922881688862939e-07,2.6503313327224964e-07,2.900511946100467e-07,3.029023349357711e-07,2.91533527733656e-07,2.69828329364557e-07,2.5119543845164045e-07,2.1249994818057422e-07,2.38927291656157e-07,2.954373429976047e-07,3.038799284734524e-07,2.874626915694987e-07,2.6117564202550033e-07,2.0420310554731852e-07,1.5263566755947127e-07,9.889315495596422e-08,3.089526437770112e-07,2.8482231784081336e-07,3.023582526176091e-07,2.922881688862939e-07,2.6653237913106595e-07,8250.0,9.25
2.9066795457220055e-07,2.8798026671164185e-07,2.84636245551401e-07,2.2039727971014614e-07,2.870178391322459e-07,3.039082892737427e-07,2.9428114608786547e-07,2.6676935945936127e-07,2.9214283864964043e-07,3.045205502876956e-07,2.935257880844309e-07,2.7161916591559416e-07,2.5277690214475815e-07,2.1592776442604541e-07,2.428748726804875e-07,2.9742985450360824e-07,3.0557297449679445e-07,2.894312931275046e-07,2.6287408413870796e-07,2.0516196276594128e-07,1.5323579474887613e-07,9.920895613879914e-08,3.110596218517777e-07,2.870178391322459e-07,3.039082892737427e-07,2.9428114608786547e-07,2.6952303164128317e-07,8250.0,9.5
3.301959646428636e-07,3.340629220913412e-07,3.0785243998319233e-07,1.8816117058253753e-07,3.483871413245972e-07,3.4640596645191963e-07,3.1717718717690966e-07,2.796277153287947e-07,3.5357104817328505e-07,3.466289229952851e-07,3.1591786853215124e-07,2.846364680184825e-07,2.650376686003478e-07,1.744736162755161e-07,2.2405301108402314e-07,3.5596083719302064e-07,3.487870871471134e-07,3.094935673294755e-07,2.742127479992829e-07,2.1384313526631735e-07,1.5301797589858376e-07,9.862562010322076e-08,3.642451125057859e-07,3.483871413245972e-07,3.4640596645191963e-07,3.1717718717690966e-07,3.187028550180295e-07,8500.0,6.0
3.269213045098963e-07,3.2977280354233304e-07,3.0681277182592835e-07,1.937922780248166e-07,3.419158213406329e-07,3.433175149498746e-07,3.162150960857466e-07,2.793550486768548e-07,3.473342780621191e-07,3.43559841603284e-07,3.1500730284280855e-07,2.8453845570913184e-07,2.641865966140922e-07,1.8194996415312539e-07,2.2601862704793775e-07,3.503097245396264e-07,3.455364484013167e-07,3.088263218162791e-07,2.740099611695124e-07,2.1367309515363747e-07,1.5357037353149726e-07,9.914532242495748e-08,3.5947488453090676e-07,3.419158213406329e-07,3.433175149498746e-07,3.162150960857466e-07,3.1278740944232315e-07,8500.0,6.25
3.24113054290823e-07,3.261152439367092e-07,3.059574142128294e-07,1.993333832495737e-07,3.363573537872746e-07,3.4057372036929465e-07,3.153918659706221e-07,2.7923273725157685e-07,3.4193762949379255e-07,3.408345947245021e-07,3.142326245826432e-07,2.845545123141354e-07,2.6364012242157737e-07,1.8914436418878383e-07,2.288670857875647e-07,3.454043002967268e-07,3.426548919863361e-07,3.0827784777688637e-07,2.7396726719386466e-07,2.134875970973628e-07,1.5406620293275254e-07,9.958965605350758e-08,3.552690858015694e-07,3.363573537872746e-07,3.4057372036929465e-07,3.153918659706221e-07,3.07877788611165e-07,8500.0,6.5
3.217588528453539e-07,3.2306660527895814e-07,3.052591885381216e-07,2.0461152802499175e-07,3.316172001932777e-07,3.3824066858044836e-07,3.147058703247666e-07,2.7927286450774813e-07,3.3731859869017965e-07,3.3851731536172954e-07,3.13592206060956e-07,2.846972358206148e-07,2.6337817165624804e-07,1.9582366803035505e-07,2.323150413005014e-07,3.41226683026984e-07,3.40222402847414e-07,3.078484191104676e-07,2.7408959241708314e-07,2.1338523725294705e-07,1.5452110347112053e-07,9.999809996097885e-08,3.5173964377727764e-07,3.316172001932777e-07,3.3824066858044836e-07,3.147058703247666e-07,3.0383135464029955e-07,8500.0,6.75
3.1990057821333957e-07,3.206196804320958e-07,3.0483597242857005e-07,2.0966564966059463e-07,3.276909112637386e-07,3.3637637697067613e-07,3.1431420127421543e-07,2.7945834554945335e-07,3.334621096462205e-07,3.366691933941321e-07,3.1323331338618806e-07,2.849315930933947e-07,2.634568059893763e-07,2.0205146593157378e-07,2.360510412009768e-07,3.3773907253391666e-07,3.382550099531423e-07,3.0764003952649313e-07,2.743716498300626e-07,2.133498703464221e-07,1.5489742276996728e-07,1.0037951728026568e-07,3.487697831725387e-07,3.276909112637386e-07,3.3637637697067613e-07,3.1431420127421543e-07,3.006141880520703e-07,8500.0,7.0
3.183955568858462e-07,3.186374542337578e-07,3.0453414451618536e-07,2.1438082728185635e-07,3.243955294364068e-07,3.348183641206918e-07,3.1401950626932515e-07,2.7975037615574775e-07,3.3024164760724657e-07,3.3513217883895963e-07,3.1297299893230915e-07,2.8527225227012344e-07,2.6363325899510616e-07,2.077030915804814e-07,2.3971226143797285e-07,3.3484398911864196e-07,3.366362896141347e-07,3.075390206746007e-07,2.7476969348425606e-07,2.1337207676417886e-07,1.552852137725024e-07,1.0068872264585371e-07,3.4639598665421127e-07,3.243955294364068e-07,3.348183641206918e-07,3.1401950626932515e-07,2.979780922224641e-07,8500.0,7.25
3.170952643819033e-07,3.169546291217268e-07,3.042467091618797e-07,2.1877704101969922e-07,3.215415793120618e-07,3.334354715328094e-07,3.137595072904461e-07,2.8000252358568354e-07,3.2742194367348623e-07,3.337702590315385e-07,3.127399958296446e-07,2.8553770896022836e-07,2.638788168531658e-07,2.128245375800457e-07,2.432466737005817e-07,3.322996901851148e-07,3.35206291505276e-07,3.0742961201922666e-07,2.7514028309136006e-07,2.133553764092036e-07,1.556554358662962e-07,1.0093897615260696e-07,3.443032647975313e-07,3.215415793120618e-07,3.334354715328094e-07,3.137595072904461e-07,2.958269541602216e-07,8500.0,7.5
3.1594714367454875e-07,3.1554540931088106e-07,3.0387430933345156e-07,2.2283433273320663e-07,3.191134906388576e-07,3.3212792211970844e-07,3.134391199323158e-07,2.8014446390130093e-07,3.250075085466874e-07,3.324916083901803e-07,3.124422306073759e-07,2.856729313093456e-07,2.64086096103418e-07,2.1741947319590344e-07,2.466640694918498e-07,3.300833493020076e-07,3.3386879887762936e-07,3.0723452066665587e-07,2.753982008349606e-07,2.1330332609934509e-07,1.560115261874647e-07,1.0114931199374658e-07,3.424802140695384e-07,3.191134906388576e-07,3.3212792211970844e-07,3.134391199323158e-07,2.9416420619496797e-07,8500.0,7.75
3.1500471331494834e-07,3.1446196500034904e-07,3.0348628729044517e-07,2.2665863881523536e-07,3.171835031670577e-07,3.309523724451752e-07,3.1310289814886953e-07,2.8021248287677396e-07,3.230587955083268e-07,3.31349036832618e-07,3.1212486859002197e-07,2.8571977207315624e-07,2.642430496127156e-07,2.2163706026145495e-07,2.4995152308744234e-07,3.2825374603447776e-07,3.3268062655034386e-07,3.0700280327677187e-07,2.755694728742551e-07,2.1325676494804346e-07,1.5636202648464115e-07,1.0133304962054944e-07,3.409461423414907e-07,3.171835031670577e-07,3.309523724451752e-07,3.1310289814886953e-07,2.930652649298444e-07,8500.0,8.0
3.142470812702546e-07,3.136627099053319e-07,3.030887142943465e-07,2.3032098385760014e-07,3.156960897748561e-07,3.298633963612036e-07,3.1279772909811396e-07,2.802669384778199e-07,3.215104080942193e-07,3.3029655243809664e-07,3.118371668452297e-07,2.857508382955403e-07,2.643993715515282e-07,2.2557271212067807e-07,2.531947603655129e-07,3.267681637630924e-07,3.316134967591661e-07,3.067930199346549e-07,2.757077692259048e-07,2.1322583645963917e-07,1.56713194524317e-07,1.0149273403913993e-07,3.3970714619267934e-07,3.156960897748561e-07,3.298633963612036e-07,3.1279772909811396e-07,2.924515065368619e-07,8500.0,8.25
3.1375964843801066e-07,3.132270926149873e-07,3.0278006585301166e-07,2.339079053429531e-07,3.147070519087621e-07,3.289553406979916e-07,3.126227319424085e-07,2.804008403015206e-07,3.204395277273514e-07,3.294328197469407e-07,3.116778617381695e-07,2.858716908684512e-07,2.645919489945558e-07,2.2933740200363685e-07,2.564438601039035e-07,3.256881985976104e-07,3.307557568939468e-07,3.067002815875782e-07,2.7590945061473004e-07,2.1325924714013299e-07,1.5708132804398714e-07,1.0164406286971705e-07,3.388390010227105e-07,3.147070519087621e-07,3.289553406979916e-07,3.126227319424085e-07,2.9244312835739444e-07,8500.0,8.5
3.1364064012439747e-07,3.1322640565615353e-07,3.027075228839151e-07,2.3748374265731223e-07,3.1427531160261954e-07,3.283887605471502e-07,3.1270642351550446e-07,2.8068851090586156e-07,3.1989838673473477e-07,3.2891059236349363e-07,3.117744137148148e-07,2.861473528684996e-07,2.649308253235302e-07,2.3302165089470508e-07,2.597794909709927e-07,3.250935514075614e-07,3.3024997347991536e-07,3.0684556918493926e-07,2.762467338229072e-07,2.134015017940706e-07,1.5747774810251644e-07,1.0180606745591384e-07,3.383901182778446e-07,3.1427531160261954e-07,3.283887605471502e-07,3.1270642351550446e-07,2.930381114160317e-07,8500.0,8.75
3.1398265729240696e-07,3.137393691780658e-07,3.0296772109150244e-07,2.411842854606842e-07,3.1444229604821223e-07,3.282589813809719e-07,3.131912941031348e-07,2.812692070716549e-07,3.199377835269859e-07,3.2883010492180025e-07,3.122686874378649e-07,2.8672836843558085e-07,2.655202327606235e-07,2.3676533898863518e-07,2.6336961150071577e-07,3.2506696033060783e-07,3.30214401198245e-07,3.0736933405541353e-07,2.768570803516182e-07,2.137265356268203e-07,1.5793223736036903e-07,1.0199758476716003e-07,3.385257326643635e-07,3.1444229604821223e-07,3.282589813809719e-07,3.131912941031348e-07,2.942930274554625e-07,8500.0,9.0
3.149255691243996e-07,3.1492720452610825e-07,3.0366404443884053e-07,2.450521947352279e-07,3.154141431905836e-07,3.2869561634804436e-07,3.141772587621195e-07,2.8222241157821683e-07,3.2077618439962985e-07,3.29317422331323e-07,3.132597607656059e-07,2.8769517780606174e-07,2.664440634861971e-07,2.406264319790679e-07,2.6731345790145706e-07,3.2579745173476544e-07,3.3077332763970627e-07,3.083692104915912e-07,2.778154975016603e-07,2.1429580316469958e-07,1.5845640392725248e-07,1.0223556349096023e-07,3.394044069261812e-07,3.154141431905836e-07,3.2869561634804436e-07,3.141772587621195e-07,2.963850950770551e-07,8500.0,9.25
3.1651514000300456e-07,3.168257618334739e-07,3.0486413581772435e-07,2.4907578939712857e-07,3.172043763294038e-07,3.297857705789832e-07,3.157094691069882e-07,2.8358088490758583e-07,3.22441326843552e-07,3.3045424829318e-07,3.147937361281676e-07,2.89082969474775e-07,2.6772411296271425e-07,2.4459563138045495e-07,2.716155486327346e-07,3.27321558760312e-07,3.3199995266215604e-07,3.0988789369821943e-07,2.791599325932286e-07,2.151084761138321e-07,1.590500949097366e-07,1.025240845192491e-07,3.410236681240283e-07,3.172043763294038e-07,3.297857705789832e-07,3.157094691069882e-07,2.992455384120876e-07,8500.0,9.5
3.6580245384346446e-07,3.747186171786016e-07,3.3296990527810164e-07,2.0742047436011795e-07,3.9461231154110733e-07,3.8220324204159464e-07,3.43708313344942e-07,2.9891030487918644e-07,3.999473170791364e-07,3.825075469448799e-07,3.4215132816620547e-07,3.0450502216166774e-07,2.8275144303996276e-07,1.9221714713115528e-07,2.498111448489709e-07,4.0089460861130455e-07,3.8554935884198385e-07,3.342728283481549e-07,2.9286656054633833e-07,2.2485088949894044e-07,1.578061805918042e-07,1.0134489096872001e-07,4.0799524454572735e-07,3.9461231154110733e-07,3.8220324204159464e-07,3.43708313344942e-07,3.621986313277919e-07,8750.0,6.0
3.6191630045021773e-07,3.6950968590746864e-07,3.318789662499581e-07,2.1383435825979828e-07,3.867109376856345e-07,3.786178593837234e-07,3.4277158516725287e-07,2.987209738131621e-07,3.923806685025205e-07,3.789483654455718e-07,3.412771937367967e-07,3.04564887528926e-07,2.817144824555866e-07,2.006979343313039e-07,2.5144031289790845e-07,3.940901084721011e-07,3.817772290357063e-07,3.3369198518286474e-07,2.92716419100699e-07,2.2478686831449898e-07,1.5852815778728927e-07,1.0196541085827317e-07,4.023639719681185e-07,3.867109376856345e-07,3.786178593837234e-07,3.4277158516725287e-07,3.5481621017045645e-07,8750.0,6.25
3.5834353681531594e-07,3.6479764476067e-07,3.308252565653513e-07,2.2026218855194804e-07,3.7959534103279857e-07,3.7518239540440075e-07,3.417926451274772e-07,2.985776589328982e-07,3.8550511853845486e-07,3.755395760832208e-07,3.403589009326807e-07,3.0461551374506687e-07,2.80934050813695e-07,2.0897328710051217e-07,2.5408997990850816e-07,3.878620137282464e-07,3.781712127575767e-07,3.330538310257706e-07,2.9263108257957843e-07,2.2462215226191985e-07,1.5917243617030827e-07,1.0252091020859969e-07,3.9707878255732823e-07,3.7959534103279857e-07,3.7518239540440075e-07,3.417926451274772e-07,3.483923898567469e-07,8750.0,6.5
3.5526341045682933e-07,3.607791492047627e-07,3.299291235874751e-07,2.2660889706842556e-07,3.7339591226834834e-07,3.7218846085304193e-07,3.40900957634482e-07,2.985894410120034e-07,3.7948700919748575e-07,3.7256393322841124e-07,3.395247015273295e-07,3.0476462163547505e-07,2.8048998824873975e-07,2.1694748277567737e-07,2.576575882818644e-07,3.8241923176522245e-07,3.750198937995263e-07,3.324873711444052e-07,2.927063047760417e-07,2.2450937517284414e-07,1.5977048370503202e-07,1.0302443036012839e-07,3.924481392915035e-07,3.7339591226834834e-07,3.7218846085304193e-07,3.40900957634482e-07,3.430090387813858e-07,8750.0,6.75
3.527147495257863e-07,3.5742899081140175e-07,3.2926859854287875e-07,2.3265587955696813e-07,3.681532376548264e-07,3.696408522900975e-07,3.40289051440942e-07,2.9871212715011287e-07,3.743629285777989e-07,3.70038727408343e-07,3.389570108000373e-07,3.049752671757889e-07,2.804034915045706e-07,2.2436318142331025e-07,2.616182886590027e-07,3.777896140831729e-07,3.7235585005598656e-07,3.321208511741375e-07,2.9291123238480465e-07,2.2444350479239704e-07,1.6030234459085395e-07,1.034829945145937e-07,3.8851325076825064e-07,3.681532376548264e-07,3.696408522900975e-07,3.40289051440942e-07,3.3856024416311654e-07,8750.0,7.0
3.5058280845785834e-07,3.546367842852945e-07,3.2875345770519354e-07,2.3840426426879616e-07,3.6364890112594267e-07,3.6747713385796537e-07,3.397826813306872e-07,2.989855275058104e-07,3.6995938872218645e-07,3.678950909257094e-07,3.3849654937529155e-07,3.05319483588177e-07,2.805015375354418e-07,2.311911382526551e-07,2.6579786766459825e-07,3.7382890761552546e-07,3.701002113429305e-07,3.3187245321889806e-07,2.932743310531607e-07,2.244406694134858e-07,1.6075210697164285e-07,1.0389328223174721e-07,3.8522377513590854e-07,3.6364890112594267e-07,3.6747713385796537e-07,3.397826813306872e-07,3.3485653216641634e-07,8750.0,7.25
3.487562185757144e-07,3.522626007956317e-07,3.283318436111943e-07,2.4380212026015215e-07,3.5973857952194726e-07,3.6561503429469314e-07,3.393586704722917e-07,2.992309097737707e-07,3.660872298345033e-07,3.66052128804331e-07,3.381076617624861e-07,3.0558893928818987e-07,2.807276941383512e-07,2.3745703481242223e-07,2.699245123808304e-07,3.703249829127042e-07,3.681435355761166e-07,3.316454702270321e-07,2.9364631401828364e-07,2.2441133993557303e-07,1.612203508185488e-07,1.0421849646806826e-07,3.822821353410752e-07,3.5973857952194726e-07,3.6561503429469314e-07,3.393586704722917e-07,3.3181227431770374e-07,8750.0,7.5
3.471087749227541e-07,3.5021233745126974e-07,3.278030771289522e-07,2.488512991332689e-07,3.5634066406107653e-07,3.6383923898299714e-07,3.388699128817917e-07,2.993563739541309e-07,3.626950265591205e-07,3.6429849138069523e-07,3.3764905434901857e-07,3.0570287183875805e-07,2.8093052147919846e-07,2.431519175753875e-07,2.7389539930144814e-07,3.672297785512649e-07,3.6631133095765795e-07,3.3132169122103814e-07,2.939005069181264e-07,2.243453930667091e-07,1.6168171433555094e-07,1.0448462051314158e-07,3.7968488387535794e-07,3.5634066406107653e-07,3.6383923898299714e-07,3.388699128817917e-07,3.293164719170606e-07,8750.0,7.75
3.4563650737555064e-07,3.484748563742878e-07,3.2719194799903193e-07,2.5348109467000286e-07,3.534921963039237e-07,3.6210561535886846e-07,3.383049444227053e-07,2.993754764694209e-07,3.5980891960657886e-07,3.625952088414925e-07,3.371116175053684e-07,3.0569889407087824e-07,2.8106237044639825e-07,2.4825750868100394e-07,2.777242206747893e-07,3.6452815449325547e-07,3.645396467595374e-07,3.309112980870473e-07,2.940332554655608e-07,2.242321823090956e-07,1.6209969761921133e-07,1.0470436597822812e-07,3.7736884797583193e-07,3.534921963039237e-07,3.6210561535886846e-07,3.383049444227053e-07,3.2743654548624947e-07,8750.0,8.0
3.443891861534353e-07,3.470991196136225e-07,3.265589304399823e-07,2.5785057296588385e-07,3.5120608888705105e-07,3.604957504257225e-07,3.3771803196643853e-07,2.9933769753827995e-07,3.5744296751225733e-07,3.610206802576367e-07,3.365505562794915e-07,3.0562825636823073e-07,2.811419682883708e-07,2.529601196581567e-07,2.814609371285474e-07,3.6225878514574065e-07,3.6292284062828764e-07,3.3046805781682147e-07,2.941028806957579e-07,2.241170912504832e-07,1.6249124499942228e-07,1.0489390506132327e-07,3.7536745463997604e-07,3.5120608888705105e-07,3.604957504257225e-07,3.3771803196643853e-07,3.2621773380578705e-07,8750.0,8.25
3.433617333207539e-07,3.460571582828959e-07,3.259183075957173e-07,2.6210098644270884e-07,3.4942317820278017e-07,3.5898421741012197e-07,3.371919808355398e-07,2.9929981681373625e-07,3.5553638256353734e-07,3.5955051448558453e-07,3.360488463739601e-07,3.055640632101874e-07,2.812076912822359e-07,2.574396741399172e-07,2.851760610114725e-07,3.6038159798394785e-07,3.6145140089519613e-07,3.3007148425431855e-07,2.9414881033465366e-07,2.2402923377386976e-07,1.6288947757893104e-07,1.0506138362888994e-07,3.7373723031791494e-07,3.4942317820278017e-07,3.5898421741012197e-07,3.371919808355398e-07,3.2558335022707424e-07,8750.0,8.5
3.426714717064844e-07,3.4545839898131756e-07,3.254147916430655e-07,2.6627196936643435e-07,3.4824642816537955e-07,3.577496196066297e-07,3.368279238455532e-07,2.993320999616772e-07,3.5420837004863114e-07,3.5836082916068017e-07,3.3570615748628835e-07,3.0557131185370327e-07,2.8133604884531047e-07,2.61758017773301e-07,2.889269143940555e-07,3.590109335719869e-07,3.6026956876671475e-07,3.2981646611389334e-07,2.9425004405170763e-07,2.2402745805543809e-07,1.6330254869444302e-07,1.0521896975872294e-07,3.725440211970552e-07,3.4824642816537955e-07,3.577496196066297e-07,3.368279238455532e-07,3.2564914642960154e-07,8750.0,8.75
3.424347327495935e-07,3.4539531431876937e-07,3.2519549319338745e-07,2.704668260370793e-07,3.4773274416149817e-07,3.569542371539546e-07,3.3677853429386284e-07,2.995638511584946e-07,3.5351113195598475e-07,3.576107767519358e-07,3.3567286409823655e-07,3.057823867407267e-07,2.816399246721829e-07,2.6602101431964934e-07,2.9287256462827185e-07,3.582380002095741e-07,3.595407481266106e-07,3.298483885878485e-07,2.94532705422453e-07,2.2417742910565e-07,1.6375047389294757e-07,1.053870851341365e-07,3.718959707305435e-07,3.4773274416149817e-07,3.569542371539546e-07,3.3677853429386284e-07,3.2643937375162337e-07,8750.0,9.0
3.4277072473369403e-07,3.4596779105939956e-07,3.2539502511779544e-07,2.7484917615347165e-07,3.479891251673544e-07,3.566631518290217e-07,3.3725838183770166e-07,3.001779255987374e-07,3.535541645699456e-07,3.573686184491923e-07,3.361654856547943e-07,3.063896718236433e-07,2.822820175236896e-07,2.7042405750717406e-07,2.9716881840360025e-07,3.581745766781562e-07,3.593713351446839e-07,3.303813697536963e-07,2.9517107710837633e-07,2.2454392028779295e-07,1.6426028311804048e-07,1.0560216555674587e-07,3.7196250454362064e-07,3.479891251673544e-07,3.566631518290217e-07,3.3725838183770166e-07,3.2808401920266405e-07,8750.0,9.25
3.437877841790081e-07,3.4731608633033777e-07,3.2608174185306555e-07,2.794226459043059e-07,3.491658501376654e-07,3.570333723489775e-07,3.3827067822450666e-07,3.011801616008103e-07,3.5451914982732107e-07,3.5779028930555117e-07,3.3718546911894375e-07,3.0740327921257636e-07,2.832606319018682e-07,2.7496956388682606e-07,3.018672905271694e-07,3.5898098193815666e-07,3.598936169087073e-07,3.3141617823863744e-07,2.961772006554205e-07,2.251730299068802e-07,1.6483948162559184e-07,1.0586460872344386e-07,3.7283608712174785e-07,3.491658501376654e-07,3.570333723489775e-07,3.3827067822450666e-07,3.306517211576324e-07,8750.0,9.5
4.0250751151279565e-07,4.172527934650073e-07,3.578513120637606e-07,2.2759404219021153e-07,4.4350772237518803e-07,4.1871324820855587e-07,3.70037405778668e-07,3.1771097589105674e-07,4.4887288816083675e-07,4.191086599590312e-07,3.6816180334198935e-07,3.238446686080045e-07,3.0012261355301687e-07,2.1096982531588015e-07,2.769940911226724e-07,4.481198154427975e-07,4.231792018053943e-07,3.587336959797724e-07,3.1106293412077444e-07,2.3538307079505236e-07,1.6226492314424192e-07,1.039044188986713e-07,4.5356236569956985e-07,4.4350772237518803e-07,4.1871324820855587e-07,3.70037405778668e-07,4.085435335435167e-07,9000.0,6.0
3.984853973452764e-07,4.1157398337547305e-07,3.5717997774045746e-07,2.34805333481489e-07,4.3461639288157246e-07,4.1524740302861083e-07,3.6960171106485693e-07,3.179182549409032e-07,4.404450331259901e-07,4.1567089564659624e-07,3.677945868191078e-07,3.2438303116733886e-07,2.9917507576513226e-07,2.2043799824668746e-07,2.783655877629104e-07,4.406450275716391e-07,4.194767230179776e-07,3.586793215721489e-07,3.113098880050492e-07,2.3560027262128218e-07,1.6321650397435796e-07,1.0464432729343865e-07,4.4762851707986654e-07,4.3461639288157246e-07,4.1524740302861083e-07,3.6960171106485693e-07,3.999999783631855e-07,9000.0,6.25
3.9443590775355683e-07,4.0605338683461345e-07,3.5623426690186994e-07,2.420732496123849e-07,4.261495024913999e-07,4.1148300624101494e-07,3.6882168722971345e-07,3.179924637080546e-07,4.3233541065548406e-07,4.1194181973630647e-07,3.670842659273368e-07,3.247323912858785e-07,2.983452075793332e-07,2.297735583104561e-07,2.807667799108e-07,4.3337050257258087e-07,4.155152340227971e-07,3.582896585172079e-07,3.113836197113853e-07,2.3561533691403467e-07,1.6404379747302826e-07,1.0532092319469214e-07,4.4164830797773525e-07,4.261495024913999e-07,4.1148300624101494e-07,3.6882168722971345e-07,3.921592447607543e-07,9000.0,6.5
3.907688691621417e-07,4.011521229221311e-07,3.55313316826406e-07,2.4942369493322985e-07,4.18561598345772e-07,4.0799767657709703e-07,3.679560184797655e-07,3.1811397880676083e-07,4.250171203001024e-07,4.084818177916806e-07,3.662870106936752e-07,3.250658532588028e-07,2.977915997569465e-07,2.3895558763402745e-07,2.842985241980188e-07,4.2678600553246067e-07,4.1183914554075683e-07,3.578076476545382e-07,3.11522720888426e-07,2.355716119599891e-07,1.6480843702273794e-07,1.0593255126310785e-07,4.361459141011419e-07,4.18561598345772e-07,4.0799767657709703e-07,3.679560184797655e-07,3.853731021971261e-07,9000.0,6.75
3.8755558347004466e-07,3.9688590130537566e-07,3.54519680407767e-07,2.565776492725598e-07,4.11884923102236e-07,4.0484031489318787e-07,3.672136462862017e-07,3.183030672449724e-07,4.1854306860449666e-07,4.0535626759862395e-07,3.656027692877382e-07,3.2538968922065395e-07,2.976058275932556e-07,2.4762469203045043e-07,2.8857654877569375e-07,4.2096400739971724e-07,4.0853750962083263e-07,3.573871674603874e-07,3.117772028643965e-07,2.3553619396302716e-07,1.655214104129676e-07,1.0649166868099438e-07,4.312507245788711e-07,4.11884923102236e-07,4.0484031489318787e-07,3.672136462862017e-07,3.796097964353716e-07,9000.0,7.0
3.847738201740457e-07,3.932112048009179e-07,3.538534375635207e-07,2.6346589800035375e-07,4.060109975926158e-07,4.0209358943427217e-07,3.665674501045269e-07,3.1862082374341133e-07,4.128125867520461e-07,4.026291563699821e-07,3.6501467652725e-07,3.258106783331719e-07,2.9764734277388023e-07,2.5577494180574903e-07,2.931737321758465e-07,4.158193532099202e-07,4.0566191090033984e-07,3.570659807857597e-07,3.1215887787135334e-07,2.3554555876209348e-07,1.6612552366019922e-07,1.0700423125235696e-07,4.269855362108719e-07,4.060109975926158e-07,4.0209358943427217e-07,3.665674501045269e-07,3.746608641549335e-07,9000.0,7.25
3.82344413428603e-07,3.900204210959714e-07,3.532967175518379e-07,2.699397243877105e-07,4.0084486101598604e-07,3.996716950510765e-07,3.66015946230197e-07,3.188924551706356e-07,4.077114008619804e-07,4.002274208542494e-07,3.6450717546784414e-07,3.2611896420802813e-07,2.978693217222719e-07,2.632443151650155e-07,2.978526029381198e-07,4.1120062765528827e-07,4.0310336770195763e-07,3.5676057067890255e-07,3.125555396359082e-07,2.3551685769545589e-07,1.6670142061989333e-07,1.0743069375692663e-07,4.2309011334971153e-07,4.0084486101598604e-07,3.996716950510765e-07,3.66015946230197e-07,3.7053138295212195e-07,9000.0,7.5
3.8016365338266376e-07,3.872528275398934e-07,3.5266794920054047e-07,2.760347832802146e-07,3.9637095809927917e-07,3.9737336795980845e-07,3.6539887219229545e-07,3.1907738759255086e-07,4.0323694288995473e-07,3.9794989766316283e-07,3.639306595794507e-07,3.2629980903915584e-07,2.9810750011742825e-07,2.700912367842709e-07,3.024133091736221e-07,4.071154727525333e-07,4.0070373220543187e-07,3.563682951084565e-07,3.1287024762361167e-07,2.3543578128743993e-07,1.6725106590813805e-07,1.0777815776826108e-07,4.195883570932582e-07,3.9637095809927917e-07,3.9737336795980845e-07,3.6539887219229545e-07,3.671281318551886e-07,9000.0,7.75
3.7815709943440763e-07,3.8481133945741886e-07,3.5192198881366785e-07,2.816121529611336e-07,3.925043103048376e-07,3.950664508645077e-07,3.64694979371063e-07,3.191554613986812e-07,3.9930978252639995e-07,3.9567146217433087e-07,3.6326661192735066e-07,3.263676481023397e-07,2.982778629474824e-07,2.7621731685050533e-07,3.068895084925588e-07,4.034502442864537e-07,3.983344357082393e-07,3.558853896409796e-07,3.130707941348085e-07,2.3529636283917733e-07,1.6775934981705294e-07,1.0806037259137425e-07,4.1638064489240494e-07,3.925043103048376e-07,3.950664508645077e-07,3.64694979371063e-07,3.644503364910667e-07,9000.0,8.0
3.7636937889563575e-07,3.8276336823701e-07,3.510770343451915e-07,2.8682495699714773e-07,3.8926777099151734e-07,3.928964945496412e-07,3.638805851092616e-07,3.19079641193041e-07,3.95964535666339e-07,3.9353096755474535e-07,3.6248735092045025e-07,3.2625431902508186e-07,2.983382733044261e-07,2.818263456807126e-07,3.1117008236019047e-07,4.002571175536551e-07,3.961179959674332e-07,3.552665656424186e-07,3.131049810818664e-07,2.3511781275563196e-07,1.682291931203893e-07,1.0829388712126372e-07,4.135482988433802e-07,3.8926777099151734e-07,3.928964945496412e-07,3.638805851092616e-07,3.62452223367776e-07,9000.0,8.25
3.7478796186063423e-07,3.810706133302021e-07,3.501529936944571e-07,2.9179622422873015e-07,3.8658161399494617e-07,3.9082310374034405e-07,3.630261461296675e-07,3.188964653336803e-07,3.93133398369011e-07,3.914954728249381e-07,3.616646194754883e-07,3.260245503747337e-07,2.983228831570464e-07,2.870806662766691e-07,3.1534252830616824e-07,3.9750854742986894e-07,3.9404869128037264e-07,3.5458584514526585e-07,3.1303116174330304e-07,2.3493570131144042e-07,1.6867247977826158e-07,1.0848212023095735e-07,4.111000082752052e-07,3.8658161399494617e-07,3.9082310374034405e-07,3.630261461296675e-07,3.610774460917946e-07,9000.0,8.5
3.7349196943191257e-07,3.7979751449532007e-07,3.492570283963696e-07,2.9662370000131575e-07,3.8452201886097e-07,3.8891272836222665e-07,3.622542727849305e-07,3.1871873511716197e-07,3.9088227832471423e-07,3.8963017131917516e-07,3.609221159484374e-07,3.2580262648047114e-07,2.982989565541699e-07,2.921031277188399e-07,3.19512361954574e-07,3.9525270644825335e-07,3.9218486942056985e-07,3.539712991907777e-07,3.129436527658773e-07,2.348118285303278e-07,1.6910711970454524e-07,1.0864815822813065e-07,4.090852465909998e-07,3.8452201886097e-07,3.8891272836222665e-07,3.622542727849305e-07,3.6044268418560595e-07,9000.0,8.75
3.7262890919011213e-07,3.7908251590598935e-07,3.4856476677364074e-07,3.014282984291026e-07,3.8321095097312016e-07,3.8739541876268577e-07,3.6170286926832823e-07,3.186509752487382e-07,3.893316327817723e-07,3.881505087376933e-07,3.6039510025286934e-07,3.25691324575707e-07,2.983738673778608e-07,2.9701847551773917e-07,3.2385338157066215e-07,3.936233938632873e-07,3.907192800048853e-07,3.535473840178655e-07,3.1294884546736827e-07,2.348008241522678e-07,1.695602882984586e-07,1.0881307518282031e-07,4.0759510769039004e-07,3.8321095097312016e-07,3.8739541876268577e-07,3.6170286926832823e-07,3.60665593023438e-07,9000.0,9.0
3.7228974380266814e-07,3.789772728928421e-07,3.4820915694249825e-07,3.0634588879907574e-07,3.826449211147058e-07,3.863363368931771e-07,3.6157328747518e-07,3.188752159860312e-07,3.884992359340638e-07,3.871368038052034e-07,3.6028723964643685e-07,3.2588325372589167e-07,2.9870179522608833e-07,3.0197924349894594e-07,3.285171012192201e-07,3.9269005172404607e-07,3.897647624033885e-07,3.5352181076173345e-07,3.1322108896415767e-07,2.349794376035787e-07,1.7006051638955185e-07,1.0900168475143873e-07,4.06761748580804e-07,3.826449211147058e-07,3.863363368931771e-07,3.6157328747518e-07,3.617394223202287e-07,9000.0,9.25
3.7263817382885273e-07,3.7967036760836026e-07,3.4830797556876916e-07,3.114448204674572e-07,3.830774784121847e-07,3.8589648526953503e-07,3.619819762940308e-07,3.1947912224057466e-07,3.8863540548636576e-07,3.8674731864068964e-07,3.6071293691012035e-07,3.2647405237021096e-07,2.993540361969659e-07,3.070660767295106e-07,3.336040292538779e-07,3.9266492990766225e-07,3.8948032410247365e-07,3.540024158514187e-07,3.138512077154296e-07,2.354149371994831e-07,1.7062911964222403e-07,1.0923569967020274e-07,4.0679105434305434e-07,3.830774784121847e-07,3.8589648526953503e-07,3.619819762940308e-07,3.638528523825174e-07,9000.0,9.5
4.393081237000332e-07,4.6051302236672693e-07,3.8186287924024503e-07,2.4858948429770377e-07,4.937993855687452e-07,4.548421265387732e-07,3.954309959410863e-07,3.356114128580013e-07,4.990211622374874e-07,4.553272230847264e-07,3.932301090259748e-07,3.4224479913228184e-07,3.167053764186914e-07,2.3064692372633766e-07,3.049784860914501e-07,4.963356395915244e-07,4.6052136949090047e-07,3.8223476401353026e-07,3.2839284707629246e-07,2.452667402451805e-07,1.664694385977072e-07,1.0631876618409493e-07,4.995164910437726e-07,4.937993855687452e-07,4.548421265387732e-07,3.954309959410863e-07,4.5659963901978316e-07,9250.0,6.0
4.35629540461072e-07,4.548582180599161e-07,3.8198654398842043e-07,2.5652746227727114e-07,4.844135165795489e-07,4.5208482631720536e-07,3.959274824044214e-07,3.3645226080312865e-07,4.902810831235738e-07,4.52603499506459e-07,3.9379382401809134e-07,3.4351222084632016e-07,3.1607580827435746e-07,2.410480911841288e-07,3.062009388950422e-07,4.887668097097672e-07,4.574977671070741e-07,3.8309292737049115e-07,3.292317563736513e-07,2.458977344627486e-07,1.676201653430513e-07,1.071803203179083e-07,4.939760499046568e-07,4.844135165795489e-07,4.5208482631720536e-07,3.959274824044214e-07,4.4725049281714494e-07,9250.0,6.25
4.3163456152717164e-07,4.49094204333645e-07,3.81560809130412e-07,2.647297487229236e-07,4.7520129312432887e-07,4.486025419266624e-07,3.9579410072866784e-07,3.3703542245013324e-07,4.815732991197214e-07,4.4916650904437175e-07,3.937336011722686e-07,3.444601636544649e-07,3.15422264414947e-07,2.515124979274971e-07,3.0863779866138534e-07,4.810951480415943e-07,4.538096885047757e-07,3.8336251384884186e-07,3.2975794259813095e-07,2.4623780671151535e-07,1.686683103745135e-07,1.0797026405420982e-07,4.880256812934522e-07,4.7520129312432887e-07,4.486025419266624e-07,3.9579410072866784e-07,4.3846211767766874e-07,9250.0,6.5
4.2773039646653594e-07,4.4363889305401013e-07,3.809532558211714e-07,2.7311525958841495e-07,4.665220515697007e-07,4.4504020152835375e-07,3.9534090754683494e-07,3.3754115617881384e-07,4.7328920663452287e-07,4.4564106240336275e-07,3.933570524957782e-07,3.4526405100033467e-07,3.1498045485275374e-07,2.6190796734433015e-07,3.122180928847142e-07,4.7372925794384516e-07,4.5003708236665904e-07,3.8333071269600075e-07,3.3024475521420544e-07,2.4641906615039187e-07,1.696412396214894e-07,1.0871772621264583e-07,4.821244955519068e-07,4.665220515697007e-07,4.4504020152835375e-07,3.9534090754683494e-07,4.305018453018901e-07,9250.0,6.75
4.240643134830614e-07,4.386307960636365e-07,3.802702947927629e-07,2.81451566358493e-07,4.5853964652504043e-07,4.4159876055769315e-07,3.947259264867629e-07,3.379552115839976e-07,4.656062829338949e-07,4.4223384721165425e-07,3.9281051895728393e-07,3.458784304223564e-07,3.1479416069465826e-07,2.719432170086441e-07,3.1673979885863865e-07,4.668635148239098e-07,4.46396841387099e-07,3.830951232798248e-07,3.306851385453371e-07,2.464970418237482e-07,1.7053842508172234e-07,1.0939168432382073e-07,4.765117964078023e-07,4.5853964652504043e-07,4.4159876055769315e-07,3.947259264867629e-07,4.23438589906145e-07,9250.0,7.0
4.2071215774014396e-07,4.3411458492871733e-07,3.795759486365408e-07,2.8950024119110717e-07,4.512815597885101e-07,4.383637991516166e-07,3.9409926483783654e-07,3.38422373787957e-07,4.585698287474478e-07,4.3902767898003896e-07,3.922531783002593e-07,3.4650057000359856e-07,3.148706823093441e-07,2.814033042978482e-07,3.217721117708319e-07,4.605908199991719e-07,4.4300578272087e-07,3.8285225246573713e-07,3.312014506396311e-07,2.46574396002353e-07,1.713542153785669e-07,1.1000656916795661e-07,4.7138410090890254e-07,4.512815597885101e-07,4.383637991516166e-07,3.9409926483783654e-07,4.1721319317151676e-07,9250.0,7.25
4.1771995559207964e-07,4.3011923664568e-07,3.7897014690483173e-07,2.9718699195631266e-07,4.448167958153956e-07,4.354210387370743e-07,3.9353133579176757e-07,3.388303163533242e-07,4.5221649070270693e-07,4.3611079856936437e-07,3.9173937767585606e-07,3.4696663027645164e-07,3.151462262061499e-07,2.9018936827371797e-07,3.2701018271658753e-07,4.5485293090412113e-07,4.3989840565986164e-07,3.825836534909603e-07,3.317119815408766e-07,2.4660792006072774e-07,1.7203476497751952e-07,1.1055353716181451e-07,4.665772758481737e-07,4.448167958153956e-07,4.354210387370743e-07,3.9353133579176757e-07,4.1197344622718356e-07,9250.0,7.5
4.1501128636807866e-07,4.266037782264574e-07,3.7831186151630145e-07,3.044240151991122e-07,4.3921695319359335e-07,4.325721585073738e-07,3.928703001768582e-07,3.3918043068501277e-07,4.466097331575521e-07,4.3328170565196646e-07,3.9113299073296967e-07,3.4734689929998087e-07,3.154736796396717e-07,2.982945854681389e-07,3.3226854277512875e-07,4.497164927365125e-07,4.368945919531628e-07,3.822271606306661e-07,3.3217476077289533e-07,2.465382520789916e-07,1.7271217308269195e-07,1.1099727464606077e-07,4.6211333983481745e-07,4.3921695319359335e-07,4.325721585073738e-07,3.928703001768582e-07,4.07635408121687e-07,9250.0,7.75
4.12472735194945e-07,4.234400000554733e-07,3.774784812956848e-07,3.111272235139713e-07,4.3423226880753597e-07,4.2974271872024376e-07,3.920600102853827e-07,3.393500942651868e-07,4.415652457611901e-07,4.304804913098301e-07,3.903736874370034e-07,3.475190692481867e-07,3.1570286464941345e-07,3.0562443707934375e-07,3.3739674705988337e-07,4.450371700995815e-07,4.3396247657937153e-07,3.81703159658269e-07,3.3246323169302565e-07,2.463915282844447e-07,1.7334811807872184e-07,1.1135418893137388e-07,4.579945024223241e-07,4.3423226880753597e-07,4.2974271872024376e-07,3.920600102853827e-07,4.0402240335491763e-07,9250.0,8.0
4.101205758639068e-07,4.2065733637042697e-07,3.7646485697242793e-07,3.1728355134587654e-07,4.2991096344212125e-07,4.2699707634501307e-07,3.9107607464010685e-07,3.393044152951352e-07,4.371199521583503e-07,4.2776465657388877e-07,3.8943543681352876e-07,3.474270635714303e-07,3.1581636640681164e-07,3.122274270409138e-07,3.4225436985139575e-07,4.408280568712952e-07,4.311444850669311e-07,3.8097186521045464e-07,3.325439502695859e-07,2.461862383158938e-07,1.7391805096422398e-07,1.116385530452511e-07,4.542680140606935e-07,4.2991096344212125e-07,4.2699707634501307e-07,3.9107607464010685e-07,4.0112337033685016e-07,9250.0,8.25
4.0799480457311176e-07,4.1828426297924866e-07,3.7534282671407117e-07,3.2307669509128043e-07,4.2623352103750073e-07,4.2440152711031095e-07,3.899797482168553e-07,3.3906805729814207e-07,4.332782160745129e-07,4.251991680930673e-07,3.883793239952423e-07,3.471324558033274e-07,3.158008168387993e-07,3.18345134281857e-07,3.469861841778569e-07,4.371241324555702e-07,4.285030616064634e-07,3.800979867193307e-07,3.324363942955235e-07,2.459598933588771e-07,1.7443367296607442e-07,1.1186839610010917e-07,4.5097228713408707e-07,4.2623352103750073e-07,4.2440152711031095e-07,3.899797482168553e-07,3.989471531819958e-07,9250.0,8.5
4.060825400147407e-07,4.1628980278325306e-07,3.7411306210834557e-07,3.286431710338847e-07,4.231760121161854e-07,4.218498748277386e-07,3.888590853258984e-07,3.3873188314174516e-07,4.299996338161474e-07,4.226869534285647e-07,3.8729586022498375e-07,3.4672746139744727e-07,3.157042300120135e-07,3.241450475089597e-07,3.5165874337593906e-07,4.3390220691512317e-07,4.2597776570173636e-07,3.7917731487899784e-07,3.322081565081596e-07,2.4574002645149357e-07,1.7491689097410507e-07,1.1205874187249843e-07,4.4808719742362435e-07,4.231760121161854e-07,4.218498748277386e-07,3.888590853258984e-07,3.975071147774699e-07,9250.0,8.75
4.0454038686593324e-07,4.148217533995881e-07,3.729699143452974e-07,3.340769959765513e-07,4.2090087365722425e-07,4.1956219968970623e-07,3.8784947296993913e-07,3.3842310856843124e-07,4.274412170350681e-07,4.2043960012576587e-07,3.8631998076071935e-07,3.4634850104276594e-07,3.156101877172012e-07,3.297300646656853e-07,3.563916806709501e-07,4.3129150439289586e-07,4.2374522474966763e-07,3.7834657846401574e-07,3.319981064267755e-07,2.455812972118331e-07,1.7538411747622297e-07,1.1222461547444301e-07,4.4568945620513497e-07,4.2090087365722425e-07,4.1956219968970623e-07,3.8784947296993913e-07,3.9698514773935185e-07,9250.0,9.0
4.035048788047187e-07,4.139902022042456e-07,3.720946587880994e-07,3.395321894136594e-07,4.194582974078136e-07,4.177335093414125e-07,3.8713376057523424e-07,3.382861771586176e-07,4.256660496645399e-07,4.186439453119412e-07,3.8563423662059797e-07,3.46153926233681e-07,3.1565502133312414e-07,3.3526974973043505e-07,3.6138470314304347e-07,4.2939312049138017e-07,4.2197981571978656e-07,3.7778511335280664e-07,3.3193561848066095e-07,2.455807929858498e-07,1.758676235533794e-07,1.1240003916034341e-07,4.43885374948741e-07,4.194582974078136e-07,4.177335093414125e-07,3.8713376057523424e-07,3.974435259064153e-07,9250.0,9.25
4.0310993888315853e-07,4.139175281618306e-07,3.716073240216395e-07,3.451949415008153e-07,4.189759718377666e-07,4.164143947555743e-07,3.869318173771337e-07,3.385077516742069e-07,4.248137206475307e-07,4.1737584740252993e-07,3.8545937222738405e-07,3.4633550398632276e-07,3.160036164429832e-07,3.4095795814218e-07,3.668121991941502e-07,4.2837548194454316e-07,4.20808629182055e-07,3.777107786565257e-07,3.3220635124025886e-07,2.457989262975373e-07,1.7641534968947572e-07,1.1261536573614598e-07,4.4290571869527335e-07,4.189759718377666e-07,4.164143947555743e-07,3.869318173771337e-07,3.989444221568207e-07,9250.0,9.5
4.7515366262381077e-07,5.033568956476394e-07,4.04204943002048e-07,2.699856599913101e-07,5.443063463562678e-07,4.893618082035443e-07,4.190160263776357e-07,3.520591129004851e-07,5.491996034267078e-07,4.899360597342489e-07,4.16499386166522e-07,3.591540751594736e-07,3.3194726688881437e-07,2.5085616227264467e-07,3.330075455100067e-07,5.443583335178558e-07,4.963343534112029e-07,4.0399374462084835e-07,3.443227231311075e-07,2.5425699323797925e-07,1.703321466571302e-07,1.0857294156006703e-07,5.444699986564329e-07,5.443063463562678e-07,4.893618082035443e-07,4.190160263776357e-07,5.053792066477097e-07,9500.0,6.0
4.7231105769792174e-07,4.982409009950712e-07,4.055108877458156e-07,2.7885382710062423e-07,5.349087567146961e-07,4.879086452668131e-07,4.2088883160886835e-07,3.538357734735362e-07,5.406601657700444e-07,4.885254997320273e-07,4.184291779898295e-07,3.614580848101746e-07,3.319117722159273e-07,2.623546568219479e-07,3.3452083855624635e-07,5.372493317463601e-07,4.946152461272699e-07,4.0616343791476557e-07,3.460386643515191e-07,2.554250145261022e-07,1.7170621037971347e-07,1.0954800666993641e-07,5.400575766581635e-07,5.349087567146961e-07,4.879086452668131e-07,4.2088883160886835e-07,4.955686685698418e-07,9500.0,6.25
4.689724376015313e-07,4.928365344724344e-07,4.06156072760522e-07,2.8811794275679097e-07,5.255115204503068e-07,4.855171253044821e-07,4.2194878656860833e-07,3.5525385427952157e-07,5.31951364353636e-07,4.861798773849908e-07,4.1955760700248825e-07,3.633317235926459e-07,3.317694333289089e-07,2.740799644317034e-07,3.372332411773678e-07,5.297964646003372e-07,4.919714154442141e-07,4.0758523528310005e-07,3.473299847710799e-07,2.5627014247040355e-07,1.7300063266874621e-07,1.1047529780207929e-07,5.348667109590843e-07,5.255115204503068e-07,4.855171253044821e-07,4.2194878656860833e-07,4.862579294955809e-07,9500.0,6.5
4.652783967231665e-07,4.872915671624538e-07,4.061992585321562e-07,2.975681017729869e-07,5.162202599453456e-07,4.8238466807818e-07,4.2233054778979244e-07,3.5637724249553955e-07,5.232161482143308e-07,4.831050508855803e-07,4.200188037751749e-07,3.6485712092518485e-07,3.316508323473506e-07,2.857183373376098e-07,3.410629739513762e-07,5.221984255912867e-07,4.886516784108526e-07,4.0838939446852557e-07,3.483876858507485e-07,2.56814752959727e-07,1.7419814539405106e-07,1.1135176221733856e-07,5.292392247038986e-07,5.162202599453456e-07,4.8238466807818e-07,4.2233054778979244e-07,4.774903991586253e-07,9500.0,6.75
4.615836173636899e-07,4.81982241658986e-07,4.059473769216332e-07,3.071281927703454e-07,5.073867077794782e-07,4.791329978675572e-07,4.2225041242985675e-07,3.572606085144415e-07,5.148166074315401e-07,4.798936465262233e-07,4.2001308357077244e-07,3.6603009226102164e-07,3.316693402206258e-07,2.971606569434909e-07,3.45814048494972e-07,5.148056773229817e-07,4.851835836416566e-07,4.0871561727531806e-07,3.492648403884834e-07,2.5715781228439286e-07,1.7531095791120033e-07,1.1215499154439891e-07,5.235399451959527e-07,5.073867077794782e-07,4.791329978675572e-07,4.2225041242985675e-07,4.6944909313001977e-07,9500.0,7.0
4.580002330169587e-07,4.769608959489818e-07,4.05550917357623e-07,3.164901176984711e-07,4.990733643958092e-07,4.7582441136567857e-07,4.2196518532430696e-07,3.581100378889334e-07,5.068185184556658e-07,4.7662230611011147e-07,4.198030005217814e-07,3.670838500084751e-07,3.3193563304656747e-07,3.0805247388270916e-07,3.5145708115244205e-07,5.077271490486458e-07,4.816692613851725e-07,4.0884689606503003e-07,3.5011505511413724e-07,2.574046445822927e-07,1.763524432289533e-07,1.1289621081805485e-07,5.179195568692772e-07,4.990733643958092e-07,4.7582441136567857e-07,4.2196518532430696e-07,4.6223850092591575e-07,9500.0,7.25
4.546103661221407e-07,4.723027075618017e-07,4.0508381419721626e-07,3.255222918709471e-07,4.914391380275252e-07,4.725399448278979e-07,4.21591804976385e-07,3.5881420179322646e-07,4.993501595139045e-07,4.7337537108616364e-07,4.194942048100169e-07,3.6789716458090715e-07,3.3237527685578505e-07,3.1830033638104665e-07,3.5732934622258596e-07,5.010335919614866e-07,4.781937466377142e-07,4.0882605170811685e-07,3.508848639622954e-07,2.575763250013515e-07,1.7725235087264008e-07,1.1356570055712444e-07,5.123809212630539e-07,4.914391380275252e-07,4.725399448278979e-07,4.21591804976385e-07,4.55940891701773e-07,9500.0,7.5
4.5145737713436596e-07,4.681028150355071e-07,4.0449300824600446e-07,3.340513225780146e-07,4.847005888866719e-07,4.6925790942313345e-07,4.2101554413572737e-07,3.594162258968652e-07,4.9264735479401e-07,4.7011736602754255e-07,4.1898510767130183e-07,3.685732169242236e-07,3.3281427975734686e-07,3.278053384137035e-07,3.6331247558288537e-07,4.949154283993291e-07,4.747232637224912e-07,4.086241591177809e-07,3.515754014325237e-07,2.575746737680125e-07,1.7807398520496724e-07,1.141302914601424e-07,5.071275562263757e-07,4.847005888866719e-07,4.6925790942313345e-07,4.2101554413572737e-07,4.5061166220295945e-07,9500.0,7.75
4.4846668997750297e-07,4.6428617277889806e-07,4.036684409706445e-07,3.419988120640345e-07,4.786307807726503e-07,4.6600495901652927e-07,4.2020297334949294e-07,3.5978005741186565e-07,4.865340607312952e-07,4.668912600102348e-07,4.182372491573926e-07,3.689524994360526e-07,3.3321677926440703e-07,3.3645589220944675e-07,3.6914170117933256e-07,4.892745553813377e-07,4.7132000056952374e-07,4.081664976019406e-07,3.5206391140614286e-07,2.5749629900858737e-07,1.7884300956549522e-07,1.1458864014471574e-07,5.022105397697061e-07,4.786307807726503e-07,4.6600495901652927e-07,4.2020297334949294e-07,4.4606336074868795e-07,9500.0,8.0
4.4559172461043697e-07,4.607939103914987e-07,4.025620078907015e-07,3.492463756089013e-07,4.732046624319849e-07,4.62733926202611e-07,4.1912337557911836e-07,3.598418589496753e-07,4.809939053418897e-07,4.636500721851461e-07,4.1721459214398305e-07,3.689744393307285e-07,3.334403650092448e-07,3.442134210666759e-07,3.7470846863201893e-07,4.840626830271598e-07,4.679532341956432e-07,4.074014030411085e-07,3.5225064201176825e-07,2.573015310677945e-07,1.795377734604105e-07,1.1495291086905743e-07,4.976450603607559e-07,4.732046624319849e-07,4.62733926202611e-07,4.1912337557911836e-07,4.4221660239837247e-07,9500.0,8.25
4.429071138879179e-07,4.5769345052742845e-07,4.012813056006075e-07,3.5598029672316116e-07,4.684610150938217e-07,4.5955513935238674e-07,4.1786487366328874e-07,3.59647999538108e-07,4.7605958514430426e-07,4.605003020246818e-07,4.1600657943935595e-07,3.6870821811283307e-07,3.335060028892798e-07,3.5131868574587635e-07,3.800753868201098e-07,4.793345675366886e-07,4.6470050213612385e-07,4.064214564644742e-07,3.522047771567435e-07,2.57048197131045e-07,1.8015210828463227e-07,1.1524128862655697e-07,4.934354156540077e-07,4.684610150938217e-07,4.5955513935238674e-07,4.1786487366328874e-07,4.391912346411149e-07,9500.0,8.5
4.404197097202154e-07,4.549691903297096e-07,3.9986332545023367e-07,3.6237268069992743e-07,4.643387984064209e-07,4.5645854606352087e-07,4.1651311926620525e-07,3.5927516375360013e-07,4.7167772628959994e-07,4.5743322768418747e-07,4.1470078109320793e-07,3.682478007485152e-07,3.334289397288348e-07,3.579726533923409e-07,3.8531283595889054e-07,4.750595459277778e-07,4.615670149802893e-07,4.0531945572454226e-07,3.519591290441697e-07,2.5676880557411633e-07,1.8070632594010495e-07,1.1546257008688538e-07,4.895912989115038e-07,4.643387984064209e-07,4.5645854606352087e-07,4.1651311926620525e-07,4.3692541222785034e-07,9500.0,8.75
4.3820515587580597e-07,4.5269647490827903e-07,3.98374771238671e-07,3.685130368509657e-07,4.609335570780452e-07,4.5349343501627943e-07,4.1516481527563957e-07,3.588056440255072e-07,4.6794709020246076e-07,4.5450569019480847e-07,4.133941213804513e-07,3.6768946395717824e-07,3.332447469143913e-07,3.6427353479458745e-07,3.905670474874411e-07,4.713357507060282e-07,4.5863118803628535e-07,4.0419257834832377e-07,3.516035091488643e-07,2.5650715783052435e-07,1.812272949617656e-07,1.1563988394355247e-07,4.862258351678809e-07,4.609335570780452e-07,4.5349343501627943e-07,4.1516481527563957e-07,4.3553363784144427e-07,9500.0,9.0
4.364515317093901e-07,4.510767815349623e-07,3.9701081174813815e-07,3.745457276086626e-07,4.584920370484907e-07,4.508713027515374e-07,4.139298753585042e-07,3.5837377281239065e-07,4.651211677983996e-07,4.51916515003063e-07,4.1219715846868965e-07,3.6717093109049627e-07,3.330828542297476e-07,3.704130290824827e-07,3.959147908083219e-07,4.683916754872734e-07,4.5606047425015746e-07,4.03159381215086e-07,3.512744738145273e-07,2.563486902442194e-07,1.817242003677565e-07,1.1580905251983772e-07,4.834554150188743e-07,4.584920370484907e-07,4.508713027515374e-07,4.139298753585042e-07,4.3522143536306666e-07,9500.0,9.25
4.352873524856061e-07,4.501878181278897e-07,3.959646473746835e-07,3.807250919730426e-07,4.570203143289341e-07,4.4869908017520854e-07,4.1310596591443713e-07,3.5822423952842353e-07,4.632071510871559e-07,4.4978710829431303e-07,4.1141034063410164e-07,3.6695147323310933e-07,3.3315165222115776e-07,3.766567563954088e-07,4.01641929683289e-07,4.6629825870254095e-07,4.5400342014083954e-07,4.0252090296572325e-07,3.51198981826176e-07,2.563638136844349e-07,1.8225051172436286e-07,1.159987797753305e-07,4.813990319264605e-07,4.570203143289341e-07,4.4869908017520854e-07,4.1310596591443713e-07,4.3602164234548895e-07,9500.0,9.5
5.081928753730428e-07,5.435545627629858e-07,4.237817222466632e-07,2.905619223814975e-07,5.925316667468318e-07,5.203922415136392e-07,4.395872649110447e-07,3.663239018328677e-07,5.968670328132535e-07,5.210544826912996e-07,4.367821784461986e-07,3.738009039703224e-07,3.451731259998192e-07,2.704638840836272e-07,3.594813616599014e-07,5.897493957963787e-07,5.286617198934243e-07,4.2290731979329097e-07,3.5814296744804397e-07,2.61952345733313e-07,1.737342436774403e-07,1.105994297693299e-07,5.859623191217268e-07,5.925316667468318e-07,5.203922415136392e-07,4.395872649110447e-07,5.524686247131025e-07,9750.0,6.0
5.077609995685479e-07,5.408210780817317e-07,4.272720211380799e-07,3.0136633210677066e-07,5.851299132434629e-07,5.219195621224526e-07,4.4394003591314335e-07,3.6972726323830757e-07,5.905795605670761e-07,5.226352653280929e-07,4.411654175435309e-07,3.7785358699629624e-07,3.464032608360897e-07,2.839882420968505e-07,3.6253212808310605e-07,5.851236822777048e-07,5.299869169020424e-07,4.2739386470565865e-07,3.613929409786081e-07,2.64052282583803e-07,1.75485167962912e-07,1.1175182386297894e-07,5.848257820463808e-07,5.851299132434629e-07,5.219195621224526e-07,4.4394003591314335e-07,5.440141348288129e-07,9750.0,6.25
5.055277720348333e-07,5.362701203064865e-07,4.292905560696762e-07,3.119480841783133e-07,5.760220036142677e-07,5.211103566880428e-07,4.465869589362842e-07,3.722002720930712e-07,5.823865075847483e-07,5.218838421117915e-07,4.4386991093622293e-07,3.8088728457277057e-07,3.470012197777689e-07,2.972015062830321e-07,3.6597126775762314e-07,5.784360584384268e-07,5.289340011011654e-07,4.3032124687851983e-07,3.636841093613087e-07,2.6549832558318626e-07,1.7703125174023837e-07,1.1281846914048802e-07,5.810775899838673e-07,5.760220036142677e-07,5.211103566880428e-07,4.465869589362842e-07,5.345949552211334e-07,9750.0,6.5
5.025990551702265e-07,5.312432152584656e-07,4.3042117231696103e-07,3.2268983686447587e-07,5.667262698127777e-07,5.191380042719872e-07,4.482121528783033e-07,3.7420924513731174e-07,5.738216565372335e-07,5.199726720422773e-07,4.455682836223022e-07,3.833879792442396e-07,3.474433640757003e-07,3.1027501976717916e-07,3.7034556685136366e-07,5.712289222665561e-07,5.267588751840979e-07,4.323226187155842e-07,3.65570843688281e-07,2.665517001989779e-07,1.7847596822172809e-07,1.1382459886458995e-07,5.76414382473182e-07,5.667262698127777e-07,5.191380042719872e-07,4.482121528783033e-07,5.254874183457494e-07,9750.0,6.75
4.993084959915519e-07,5.260523757408413e-07,4.3100262226866346e-07,3.3353284670126207e-07,5.574536587608974e-07,5.165815291569614e-07,4.4911550210728464e-07,3.7585350338899143e-07,5.651412586886708e-07,5.174680313055946e-07,4.4654648938898464e-07,3.8542646703660233e-07,3.479182528091476e-07,3.2315320679176237e-07,3.7565874974070424e-07,5.637735975114814e-07,5.239792865499278e-07,4.336318391024516e-07,3.6714124945874216e-07,2.67298386497857e-07,1.7983010727789696e-07,1.1477140372547313e-07,5.711728714664479e-07,5.574536587608974e-07,5.165815291569614e-07,4.4911550210728464e-07,5.168374693239612e-07,9750.0,7.0
4.959471366977973e-07,5.209925742766847e-07,4.3128093699203725e-07,3.443144446061176e-07,5.485686224869404e-07,5.13754602600941e-07,4.495865965792867e-07,3.7729675279020333e-07,5.566862946415517e-07,5.146828153992586e-07,4.470927265190977e-07,3.871594703967001e-07,3.48533521825814e-07,3.3562645343076596e-07,3.819100065454212e-07,5.56393245212566e-07,5.209030356861151e-07,4.3451004685434453e-07,3.685369655710824e-07,2.6786629266863645e-07,1.81096602943206e-07,1.1564727721060323e-07,5.656409777686945e-07,5.485686224869404e-07,5.13754602600941e-07,4.495865965792867e-07,5.089713167565251e-07,9750.0,7.25
4.924846393962454e-07,5.160207583655958e-07,4.3118340675223254e-07,3.5475393677395423e-07,5.401363641273994e-07,5.104479139661351e-07,4.496967806911656e-07,3.7850547726962596e-07,5.485267655446618e-07,5.114302894893313e-07,4.4727794457796385e-07,3.885444353772726e-07,3.4926449523539707e-07,3.474276874714167e-07,3.885577951349912e-07,5.491652334350056e-07,5.174085745939686e-07,4.3502158132615015e-07,3.697640249595624e-07,2.6825414351130903e-07,1.8224993744167537e-07,1.1644487955729325e-07,5.599033880937376e-07,5.401363641273994e-07,5.104479139661351e-07,4.496967806911656e-07,5.018999860060961e-07,9750.0,7.5
4.891284212383525e-07,5.113751688463617e-07,4.308696945314469e-07,3.6471475352298453e-07,5.324540101330995e-07,5.0701192631461e-07,4.494604634596808e-07,3.7952793329482345e-07,5.409640497923608e-07,5.080296178192648e-07,4.471196308730289e-07,3.896998903547733e-07,3.4999264089368034e-07,3.5844456397010287e-07,3.9536842394313357e-07,5.423366326969043e-07,5.137719154389539e-07,4.352118275445262e-07,3.708403933774014e-07,2.6843815401312855e-07,1.8323425806482501e-07,1.1715408555043689e-07,5.542466585445545e-07,5.324540101330995e-07,5.0701192631461e-07,4.494604634596808e-07,4.956974878557288e-07,9750.0,7.75
4.858707132641725e-07,5.07098153225638e-07,4.301991361090258e-07,3.740376738059665e-07,5.254228901841847e-07,5.036253379940783e-07,4.4878625452018125e-07,3.801947583679459e-07,5.33950030044863e-07,5.046681185881159e-07,4.4651954327739385e-07,3.9040483030692493e-07,3.50618860964454e-07,3.68546681129716e-07,4.0202667799652836e-07,5.359233489353267e-07,5.102024112114847e-07,4.34945952054631e-07,3.716210217853019e-07,2.6847795804958376e-07,1.8418836056832665e-07,1.1772921137035116e-07,5.488841324621762e-07,5.254228901841847e-07,5.036253379940783e-07,4.4878625452018125e-07,4.90253795373199e-07,9750.0,8.0
4.826119219257818e-07,5.030191961476318e-07,4.2916414350857865e-07,3.8258151214890745e-07,5.189679492260456e-07,4.999738241140271e-07,4.477936171278414e-07,3.8052611923715555e-07,5.274038160243167e-07,5.010533834514768e-07,4.455964889139757e-07,3.907105433588075e-07,3.510820386347754e-07,3.776360482797814e-07,4.084615252482208e-07,5.298155898905846e-07,5.06426937008067e-07,4.3433298601497044e-07,3.720772866931475e-07,2.683622856691228e-07,1.8504779144298837e-07,1.1819400127635905e-07,5.436220415315691e-07,5.189679492260456e-07,4.999738241140271e-07,4.477936171278414e-07,4.855522482949469e-07,9750.0,8.25
4.794619591315653e-07,4.992594449804038e-07,4.278612896212387e-07,3.904211575268939e-07,5.132028243534641e-07,4.962854404178928e-07,4.4652627499980397e-07,3.805131460807761e-07,5.214290135867826e-07,4.973956901535073e-07,4.443905677026028e-07,3.906253406639379e-07,3.513389604675177e-07,3.8586772225717513e-07,4.145873574575054e-07,5.241170027307271e-07,5.026314599728393e-07,4.3340271665586715e-07,3.7221174047691325e-07,2.681354519965273e-07,1.8579759340007167e-07,1.1855481679451734e-07,5.385570634983352e-07,5.132028243534641e-07,4.962854404178928e-07,4.4652627499980397e-07,4.81716419177515e-07,9750.0,8.5
4.7642432900190726e-07,4.958056160311764e-07,4.263280653915213e-07,3.9773821509305535e-07,5.080296413236806e-07,4.926100537660255e-07,4.450322751764648e-07,3.801997540613888e-07,5.159525636345879e-07,4.937452794984787e-07,4.429524195088941e-07,3.902132062162697e-07,3.5136450736598407e-07,3.934844233512329e-07,4.204389041971435e-07,5.187744503370111e-07,4.988641322977849e-07,4.3221463755373335e-07,3.7204067687153317e-07,2.6781580003630254e-07,1.864455066020531e-07,1.1883306566852073e-07,5.337023240734454e-07,5.080296413236806e-07,4.926100537660255e-07,4.450322751764648e-07,4.786542369413469e-07,9750.0,8.75
4.735676981988448e-07,4.927371855604704e-07,4.245897674641638e-07,4.0470604435764873e-07,5.035117636677341e-07,4.889645709644635e-07,4.434162863746854e-07,3.796770663412343e-07,5.110538056337394e-07,4.901335593093085e-07,4.4138831719600866e-07,3.895830709552392e-07,3.5119013155281654e-07,4.006646380364049e-07,4.262081817931443e-07,5.139163572914226e-07,4.952042440831038e-07,4.3087654620137056e-07,3.716527799965361e-07,2.6749392116834214e-07,1.8702660726398436e-07,1.1904853110181764e-07,5.292438444074497e-07,5.035117636677341e-07,4.889645709644635e-07,4.434162863746854e-07,4.764545645906038e-07,9750.0,9.0
4.710903390740043e-07,4.902566604875119e-07,4.228493992772505e-07,4.1145053879837e-07,4.998803286982681e-07,4.855996757862437e-07,4.4181864748726527e-07,3.790764582520832e-07,5.069734688132908e-07,4.868023142761198e-07,4.398376065263118e-07,3.8886993497709066e-07,3.509325823381186e-07,4.075403202024359e-07,4.3204094382382856e-07,5.097555704922632e-07,4.918666112437337e-07,4.2952762160039586e-07,3.7117374018247305e-07,2.6721252065071835e-07,1.8756902876513418e-07,1.1922795688825816e-07,5.253882689469173e-07,4.998803286982681e-07,4.855996757862437e-07,4.4181864748726527e-07,4.7524654808169955e-07,9750.0,9.25
4.6917343878973905e-07,4.885201579241286e-07,4.213317746959534e-07,4.1816334474068043e-07,4.972558682488674e-07,4.827049384550757e-07,4.4047247737051e-07,3.7859658808624323e-07,5.038669797883328e-07,4.8393805216425e-07,4.385351335234316e-07,3.8829012486621816e-07,3.507626495434864e-07,4.143095449799893e-07,4.381877005104725e-07,5.064842384325342e-07,4.8903218236849e-07,4.284069235110154e-07,3.7079607484568353e-07,2.670956220966286e-07,1.8811270413481527e-07,1.194097059964906e-07,5.222824410562445e-07,4.972558682488674e-07,4.827049384550757e-07,4.4047247737051e-07,4.751938262522269e-07,9750.0,9.5
5.365144259105315e-07,5.786554345027919e-07,4.397189880682037e-07,3.0946163383658073e-07,6.355601029246246e-07,5.459662730751263e-07,4.562483039318213e-07,3.7802126559410126e-07,6.39088616914144e-07,5.467112734394725e-07,4.5321260943095677e-07,3.8581994185872697e-07,3.560105879796473e-07,2.886558057461765e-07,3.8308571378784973e-07,6.297258404192374e-07,5.554523037407182e-07,4.3824586435882833e-07,3.694788934269003e-07,2.681599716041932e-07,1.766155881184673e-07,1.1239182561875452e-07,6.21209431914174e-07,6.355601029246246e-07,5.459662730751263e-07,4.562483039318213e-07,5.952165446825642e-07,10000.0,6.0
5.398766376572573e-07,5.800484437122479e-07,4.4606207912882125e-07,3.2271466987606347e-07,6.321578990272668e-07,5.519713764718287e-07,4.6375810796432915e-07,3.833253783299878e-07,6.371137893018415e-07,5.527840560360612e-07,4.6070747811723e-07,3.91885850789849e-07,3.588268467151316e-07,3.0466179897619297e-07,3.885633140315673e-07,6.295663024770663e-07,5.613769864093556e-07,4.4561059939376606e-07,3.7453804939137335e-07,2.713511388545957e-07,1.787627115597982e-07,1.1372409776353801e-07,6.254072146993307e-07,6.321578990272668e-07,5.519713764718287e-07,4.6375810796432915e-07,5.898775578728851e-07,10000.0,6.25
5.405128235933552e-07,5.784526665490756e-07,4.505315882958134e-07,3.3577588037682155e-07,6.256842279257393e-07,5.545896063419451e-07,4.691596395224028e-07,3.876043588188502e-07,6.317969493550909e-07,5.554732497318606e-07,4.661333719252918e-07,3.9684282079202913e-07,3.608354586605166e-07,3.2040508756681027e-07,3.941430248767328e-07,6.259370155728428e-07,5.638261063137475e-07,4.510912291153414e-07,3.7856302491282844e-07,2.7382325851344973e-07,1.807333584085892e-07,1.149905610654852e-07,6.254950113214141e-07,6.256842279257393e-07,5.545896063419451e-07,4.691596395224028e-07,5.824802949609455e-07,10000.0,6.5
5.389321866993493e-07,5.745582694572673e-07,4.5323674483564723e-07,3.481772655876047e-07,6.169516957542086e-07,5.545145258320523e-07,4.72528161289425e-07,3.9077793002147596e-07,6.240066423624705e-07,5.554595911984205e-07,4.69558027862531e-07,4.006209181189225e-07,3.621068165640488e-07,3.3530347611118875e-07,3.9960991727774447e-07,6.197392438203182e-07,5.635178983176827e-07,4.5473900800820167e-07,3.815306608567372e-07,2.75528038914963e-07,1.8246383531304453e-07,1.1614274518898853e-07,6.225157625935637e-07,6.169516957542086e-07,5.545145258320523e-07,4.72528161289425e-07,5.7354427052123e-07,10000.0,6.75
5.364999414830787e-07,5.69997967441168e-07,4.5495000334645934e-07,3.605008111497437e-07,6.077897608346941e-07,5.531223438953113e-07,4.7479159364054705e-07,3.9340071364430277e-07,6.156175298872111e-07,5.541359583605503e-07,4.7189198489029534e-07,4.037475344453778e-07,3.632316969160258e-07,3.4980987015769407e-07,4.0581092430711855e-07,6.128047587439329e-07,5.619363084210136e-07,4.5736434948493066e-07,3.840174866394268e-07,2.768051833853997e-07,1.8407118576436517e-07,1.1723444938464173e-07,6.18381921564438e-07,6.077897608346941e-07,5.531223438953113e-07,4.7479159364054705e-07,5.647747589170517e-07,10000.0,7.0
5.336879224958284e-07,5.652649114317494e-07,4.5610213863171806e-07,3.7281477180595826e-07,5.987376577638778e-07,5.510954969142316e-07,4.763052292477196e-07,3.956126154153538e-07,6.071344260436286e-07,5.521620275082643e-07,4.734773444778602e-07,4.0633248579252815e-07,3.643601854362561e-07,3.63941954637668e-07,4.127971365679485e-07,6.055890936865247e-07,5.596677667418681e-07,4.5925683199929394e-07,3.8611292121768245e-07,2.777724495044987e-07,1.8557186439703168e-07,1.1824863981601737e-07,6.134962669971337e-07,5.987376577638778e-07,5.510954969142316e-07,4.763052292477196e-07,5.565687758196186e-07,10000.0,7.25
5.306405623615746e-07,5.604878063735925e-07,4.5680101325506913e-07,3.847958007736995e-07,5.89994842739552e-07,5.484602945201731e-07,4.772635146252666e-07,3.975439679854077e-07,5.987937062101646e-07,5.495816479462481e-07,4.7451301692460895e-07,4.0852950374332924e-07,3.655599276092445e-07,3.7739250585149644e-07,4.2040330918325983e-07,5.983297296734084e-07,5.56803999153361e-07,4.606260909829829e-07,3.8801008484418975e-07,2.785052536629672e-07,1.869827736266474e-07,1.1918550668298517e-07,6.081718210059733e-07,5.89994842739552e-07,5.484602945201731e-07,4.772635146252666e-07,5.490653020078119e-07,10000.0,7.5
5.274293021974415e-07,5.557901866041436e-07,4.569796064634825e-07,3.963784944948647e-07,5.817105904070642e-07,5.45313322600542e-07,4.776466647613963e-07,3.991702575617251e-07,5.907499882518491e-07,5.464900460397139e-07,4.749823242068952e-07,4.1034566521812476e-07,3.6671796190606845e-07,3.901274596249488e-07,4.281967549315944e-07,5.912077155274416e-07,5.534873262173725e-07,4.614671737718596e-07,3.896576409550171e-07,2.789612058365616e-07,1.882378095151891e-07,1.2003556486329562e-07,6.026986112178484e-07,5.817105904070642e-07,5.45313322600542e-07,4.776466647613963e-07,5.422255010902643e-07,10000.0,7.75
5.241860174349384e-07,5.513172454154655e-07,4.567369812187432e-07,4.072663681983228e-07,5.739598683935223e-07,5.420884554281322e-07,4.774548245927248e-07,4.003645007816153e-07,5.831041213560146e-07,5.432873074471713e-07,4.7487187143899343e-07,4.116333453646085e-07,3.677237521555867e-07,4.01901100474059e-07,4.3575405223809996e-07,5.843206913166724e-07,5.500388528596612e-07,4.617203093128352e-07,3.909260340860259e-07,2.7919397743539995e-07,1.893657501712245e-07,1.2076654021104407e-07,5.972042659265701e-07,5.739598683935223e-07,5.420884554281322e-07,4.774548245927248e-07,5.361115650514297e-07,10000.0,8.0
5.208025078323601e-07,5.46911173671692e-07,4.5600856083943716e-07,4.1724728814134223e-07,5.666746030833034e-07,5.384312186892565e-07,4.7679915693900997e-07,4.0111046202904604e-07,5.757696518584806e-07,5.396637804234496e-07,4.7429250876184535e-07,4.1236702795029065e-07,3.6857272599114285e-07,4.124752325676488e-07,4.4326779100819246e-07,5.775319044342217e-07,5.462105307096342e-07,4.614777373327393e-07,3.9178955423402606e-07,2.7927890602653585e-07,1.904220941145303e-07,1.2135070738855641e-07,5.915505946084332e-07,5.666746030833034e-07,5.384312186892565e-07,4.7679915693900997e-07,5.307440283209476e-07,10000.0,8.25
5.173806600248716e-07,5.426767447263771e-07,4.5487132862788614e-07,4.2634156695671546e-07,5.599867037890398e-07,5.345151707867815e-07,4.7572699641114735e-07,4.014157394961526e-07,5.688876789107935e-07,5.357902381112062e-07,4.732889617643924e-07,4.1260803654326317e-07,3.6913377886943916e-07,4.2200075628168545e-07,4.502970912298028e-07,5.710176886594285e-07,5.421746578431265e-07,4.607803454882121e-07,3.922356799000173e-07,2.7920531835654505e-07,1.9133749594490889e-07,1.218147529518149e-07,5.859049702362492e-07,5.599867037890398e-07,5.345151707867815e-07,4.7572699641114735e-07,5.261583199308131e-07,10000.0,8.5
5.139443025354935e-07,5.386465823577018e-07,4.533546724616907e-07,4.3475892678578186e-07,5.538917074324405e-07,5.30386319559519e-07,4.742518266125645e-07,4.013225356713901e-07,5.624741406957995e-07,5.316928405999086e-07,4.718809451099741e-07,4.124158412000824e-07,3.6938976341643034e-07,4.3073717569952663e-07,4.5695689561720495e-07,5.647901262690982e-07,5.379332086270718e-07,4.5967242530515325e-07,3.9229356771041833e-07,2.7892375470251893e-07,1.9212947421698119e-07,1.221687380376998e-07,5.8030143173879e-07,5.538917074324405e-07,5.30386319559519e-07,4.742518266125645e-07,5.223806290092676e-07,10000.0,8.75
5.105582376445239e-07,5.348700390039785e-07,4.515329984583663e-07,4.4266444227989075e-07,5.484060374740723e-07,5.260791763162123e-07,4.7253184823226235e-07,4.0092252725105297e-07,5.565593082823864e-07,5.274194843148906e-07,4.702273808655661e-07,4.1190196566015785e-07,3.693584840064492e-07,4.388556379690867e-07,4.634176409295345e-07,5.589115536438739e-07,5.33560316307779e-07,4.5830730546531384e-07,3.9203047562072853e-07,2.785464315367156e-07,1.928229182993164e-07,1.2242996671679642e-07,5.748328070891849e-07,5.484060374740723e-07,5.260791763162123e-07,4.7253184823226235e-07,5.194995171060703e-07,10000.0,9.0
5.073974199056187e-07,5.315326875135473e-07,4.4953612204296924e-07,4.501654045897926e-07,5.436518230877062e-07,5.219177204028979e-07,4.7069706161046086e-07,4.0029951762425566e-07,5.512670394595602e-07,5.232834360847523e-07,4.684516927254873e-07,4.111544531805479e-07,3.6911710777961246e-07,4.465146289297625e-07,4.6978728644459555e-07,5.535477430227681e-07,5.293711792401842e-07,4.5678462642539434e-07,3.9154162611275527e-07,2.781603160987396e-07,1.9343481617633813e-07,1.2263003944976702e-07,5.697624592837583e-07,5.436518230877062e-07,5.219177204028979e-07,4.7069706161046086e-07,5.175514773314163e-07,10000.0,9.25
5.047155854799003e-07,5.289124706062325e-07,4.4759003227016884e-07,4.575329998104521e-07,5.398659791175941e-07,5.182066279704423e-07,4.6890077898947524e-07,3.9960677233620295e-07,5.469105627113945e-07,5.196042971307248e-07,4.6670882679854773e-07,4.103289838933587e-07,3.6882957034877675e-07,4.539930171201376e-07,4.7630287223255754e-07,5.490412812079583e-07,5.25689549320685e-07,4.5526912502993073e-07,3.909784080172838e-07,2.7790142683770553e-07,1.9399148369922404e-07,1.2281195159590108e-07,5.654604159584363e-07,5.398659791175941e-07,5.182066279704423e-07,4.6890077898947524e-07,5.166895690342541e-07,10000.0,9.5
5.638512573152284e-07,6.128106060166189e-07,4.548667893996983e-07,3.2940189108668017e-07,6.776828470293266e-07,5.701555567155794e-07,4.719787847096828e-07,3.892496299549318e-07,6.802155455265599e-07,5.709747704216204e-07,4.6873645220220534e-07,3.973954556990012e-07,3.6630091710638446e-07,3.0792352529425707e-07,4.072279447124169e-07,6.684818350084913e-07,5.808083371894824e-07,4.5279572950073136e-07,3.803494021600252e-07,2.741210690343424e-07,1.795933457692567e-07,1.142311642441852e-07,6.548393886515216e-07,6.776828470293266e-07,5.701555567155794e-07,4.719787847096828e-07,6.376307861165329e-07,10250.0,6.0
5.674200211499632e-07,6.14191750532243e-07,4.615752264513357e-07,3.423761415533182e-07,6.737840855543375e-07,5.769186757173565e-07,4.79976949080648e-07,3.9464281256824293e-07,6.780613708179362e-07,5.778131924245088e-07,4.767037390207009e-07,4.0356460063542575e-07,3.6914457732227615e-07,3.2382695101289154e-07,4.1204386510576087e-07,6.684878793185463e-07,5.875196646850428e-07,4.605525586285465e-07,3.854931813596497e-07,2.773739121366487e-07,1.8162090898975693e-07,1.154918472414497e-07,6.598796867687048e-07,6.737840855543375e-07,5.769186757173565e-07,4.79976949080648e-07,6.310986329145503e-07,10250.0,6.25
5.719734207806568e-07,6.169483622526117e-07,4.688366573381063e-07,3.580789555210841e-07,6.716469044918604e-07,5.840607049549846e-07,4.885188878657948e-07,4.0080003231636945e-07,6.773509867404395e-07,5.850455448532069e-07,4.852193124234527e-07,4.1051070095136717e-07,3.726994106328394e-07,3.422527122775108e-07,4.2014909139853414e-07,6.696013528966198e-07,5.94654095492623e-07,4.688799064091929e-07,3.912945574406287e-07,2.8087441860380493e-07,1.8396281778526293e-07,1.169246406291175e-07,6.655033918711435e-07,6.716469044918604e-07,5.840607049549846e-07,4.885188878657948e-07,6.272162091227521e-07,10250.0,6.5
5.735109691458864e-07,6.163433002857403e-07,4.7410183605598076e-07,3.7338868799444753e-07,6.659354980064011e-07,5.8760014833368e-07,4.947798372559231e-07,4.0583100842333693e-07,6.728268068839861e-07,5.886640455478498e-07,4.915010277409003e-07,4.1627969589441044e-07,3.754194190103832e-07,3.601397715552601e-07,4.281168712092147e-07,6.668283483951661e-07,5.98056688811672e-07,4.7519898537918885e-07,3.960298697924434e-07,2.8361915858749497e-07,1.861233021337143e-07,1.1829020154447705e-07,6.666587292285707e-07,6.659354980064011e-07,5.8760014833368e-07,4.947798372559231e-07,6.207557051293338e-07,10250.0,6.75
5.725308865726962e-07,6.130786164526326e-07,4.774105076452228e-07,3.8770341234155836e-07,6.575523162704888e-07,5.881322434822925e-07,4.98821259201811e-07,4.096663508993484e-07,6.653938486802558e-07,5.892720350498818e-07,4.95598788138743e-07,4.207369789552876e-07,3.7740923335794004e-07,3.7675446649519704e-07,4.357084887135243e-07,6.610613232889228e-07,5.983908204753745e-07,4.795093577518968e-07,3.996349471219203e-07,2.855497178526442e-07,1.8803245884231182e-07,1.1954030965620763e-07,6.643311030174109e-07,6.575523162704888e-07,5.881322434822925e-07,4.98821259201811e-07,6.124125993236542e-07,10250.0,7.0
5.706562559033292e-07,6.090835151857149e-07,4.797478408048249e-07,4.0180591723944084e-07,6.487350751827312e-07,5.873290731899692e-07,5.017312020284479e-07,4.1290994001601094e-07,6.573033895543588e-07,5.885324357082231e-07,4.985740349517442e-07,4.2444432955751183e-07,3.7928382248619134e-07,3.92799634643394e-07,4.438551284262168e-07,6.54444620879078e-07,5.973738547202825e-07,4.827465552974999e-07,4.0271365701938606e-07,2.870439084755945e-07,1.8979738539701367e-07,1.2070623728279765e-07,6.606237600131779e-07,6.487350751827312e-07,5.873290731899692e-07,5.017312020284479e-07,6.042079348150098e-07,10250.0,7.25
5.683391775695084e-07,6.048464556545165e-07,4.814494446407908e-07,4.1548963824228687e-07,6.400306594688349e-07,5.857029798428069e-07,5.038365910113812e-07,4.1569844056313546e-07,6.491483255158223e-07,5.869722415145307e-07,5.00755472986537e-07,4.2760070308817666e-07,3.81064743764629e-07,4.080885718742808e-07,4.52562297593163e-07,6.475586728031535e-07,5.955317891470133e-07,4.852418383176394e-07,4.054003624772858e-07,2.8821523154909634e-07,1.9146844599894736e-07,1.2179060429446378e-07,6.561971745429212e-07,6.400306594688349e-07,5.857029798428069e-07,5.038365910113812e-07,5.965697676510299e-07,10250.0,7.5
5.65676336019982e-07,6.005320803235607e-07,4.824404456660062e-07,4.2878872866326873e-07,6.315791847767437e-07,5.834024512790843e-07,5.051398872324374e-07,4.181083010226227e-07,6.410642290358547e-07,5.847234782700407e-07,5.021468132679623e-07,4.3027714830349396e-07,3.827999923728927e-07,4.2261959586074405e-07,4.6153516605223364e-07,6.405942141745176e-07,5.930392487508521e-07,4.870048443581366e-07,4.0776995393712723e-07,2.890486302674127e-07,1.929880140510396e-07,1.227882357227888e-07,6.513869207536602e-07,6.315791847767437e-07,5.834024512790843e-07,5.051398872324374e-07,5.895216203821354e-07,10250.0,7.75
5.627898775815447e-07,5.962200353357281e-07,4.829087531399435e-07,4.413430161324207e-07,6.234853403808297e-07,5.807159040509749e-07,5.057795544362686e-07,4.199958930434501e-07,6.331486103849962e-07,5.820730019097568e-07,5.028628002556084e-07,4.322844518470165e-07,3.8441748824756353e-07,4.3613433562449344e-07,4.703490559818986e-07,6.335702224237518e-07,5.90124596676913e-07,4.880563635259007e-07,4.0972130216400983e-07,2.8962692744113016e-07,1.9435441375233054e-07,1.2366680907093667e-07,6.461224438028828e-07,6.234853403808297e-07,5.807159040509749e-07,5.057795544362686e-07,5.831279668465718e-07,10250.0,8.0
5.596595545211475e-07,5.918772749638078e-07,4.828197850917238e-07,4.52990285030959e-07,6.157443197291174e-07,5.775669852917752e-07,5.057832745229699e-07,4.21307730825738e-07,6.254137941424763e-07,5.789511177751473e-07,5.029378352635455e-07,4.336190285114549e-07,3.857491631550504e-07,4.484374674353636e-07,4.789725250106266e-07,6.265020281472139e-07,5.867377973428005e-07,4.884513565647346e-07,4.1112343067768024e-07,2.900054462170013e-07,1.956141984470988e-07,1.2439385585037436e-07,6.404944787148621e-07,6.157443197291174e-07,5.775669852917752e-07,5.057832745229699e-07,5.773787368963352e-07,10250.0,8.25
5.562002514613616e-07,5.874219521962017e-07,4.820197253051462e-07,4.6360337860250716e-07,6.083255393940612e-07,5.736810060077629e-07,5.051399727075286e-07,4.2212433679812656e-07,6.178701995023177e-07,5.751061159352933e-07,5.023735758311882e-07,4.3440433195330065e-07,3.867315382678137e-07,4.5950462984608587e-07,4.871804429283042e-07,6.19448451583845e-07,5.827019755997092e-07,4.882288320087125e-07,4.120552493143979e-07,2.901268909623638e-07,1.9674645964170356e-07,1.249770845834568e-07,6.34680183906656e-07,6.083255393940612e-07,5.736810060077629e-07,5.051399727075286e-07,5.722105445955036e-07,10250.0,8.5
5.526118303847483e-07,5.830799575260999e-07,4.806969576770571e-07,4.7329225093619283e-07,6.014926203767268e-07,5.694580253705759e-07,5.03892348903435e-07,4.2240627345183296e-07,6.107448443779497e-07,5.709174258823704e-07,5.01204690848176e-07,4.3460225042246837e-07,3.873209622533145e-07,4.6953642172851583e-07,4.94816789286881e-07,6.126132184884202e-07,5.783490195812771e-07,4.874036371262504e-07,4.1248598558489484e-07,2.8998760747335226e-07,1.977117527117771e-07,1.2542698965020143e-07,6.287432288430328e-07,6.014926203767268e-07,5.694580253705759e-07,5.03892348903435e-07,5.67845683694514e-07,10250.0,8.75
5.489060546731389e-07,5.788399439020095e-07,4.789073834029871e-07,4.823102329652601e-07,5.95195915826149e-07,5.648036260105228e-07,5.021940487044492e-07,4.2225205500888453e-07,6.040178014763343e-07,5.663008316288157e-07,4.995900030427506e-07,4.343355863053569e-07,3.8753071737495463e-07,4.788326889347975e-07,5.020142782453528e-07,6.059667403202392e-07,5.736149381744693e-07,4.861459034452859e-07,4.1247210253085015e-07,2.896471585044516e-07,1.985347476559135e-07,1.2577017212504002e-07,6.227149910351513e-07,5.95195915826149e-07,5.648036260105228e-07,5.021940487044492e-07,5.64320719179623e-07,10250.0,9.0
5.452432441088882e-07,5.748473941337323e-07,4.7680494176170535e-07,4.908020395786618e-07,5.895221360306981e-07,5.599507171592231e-07,5.002602348882052e-07,4.217629505875556e-07,5.977732445153108e-07,5.614924511027901e-07,4.977316936805089e-07,4.337145160782541e-07,3.8744704019458576e-07,4.875082169265477e-07,5.090986319676133e-07,5.996442913384388e-07,5.687368886174116e-07,4.846116599743811e-07,4.121217684669665e-07,2.892420969369956e-07,1.9924777170323727e-07,1.2602862671754317e-07,6.167521029918741e-07,5.895221360306981e-07,5.599507171592231e-07,5.002602348882052e-07,5.617328931110158e-07,10250.0,9.25
5.418664306428962e-07,5.713456962238449e-07,4.746247822267171e-07,4.989149619038379e-07,5.846751319211064e-07,5.552938897897554e-07,4.982647224097146e-07,4.2109296295456343e-07,5.922340953661188e-07,5.568797164509783e-07,4.958029743829171e-07,4.328995948283614e-07,3.872196496907467e-07,4.9571640003901e-07,5.162459278776063e-07,5.939095740120727e-07,5.640795470817064e-07,4.829535293496487e-07,4.115941120604464e-07,2.8883095337829787e-07,1.9988986151942577e-07,1.2623406710652431e-07,6.111209390886156e-07,5.846751319211064e-07,5.552938897897554e-07,4.982647224097146e-07,5.602553631601655e-07,10250.0,9.5
5.928682108781262e-07,6.487864776589613e-07,4.715647830210765e-07,3.527806071243516e-07,7.212229080651576e-07,5.962669071207485e-07,4.893389668721406e-07,4.01653177840632e-07,7.226738217322114e-07,5.971480001251638e-07,4.858751088769153e-07,4.1021863282131935e-07,3.775418094214274e-07,3.3050087197646793e-07,4.3488120297918216e-07,7.084316496377648e-07,6.080103550823493e-07,4.68889325715509e-07,3.9233354099977887e-07,2.807599832794767e-07,1.8304229790028392e-07,1.1628927180445649e-07,6.900028433551935e-07,7.212229080651576e-07,5.962669071207485e-07,4.893389668721406e-07,6.81811354244669e-07,10500.0,6.0
5.94413800489354e-07,6.47907753273814e-07,4.765430358999245e-07,3.6316822993844757e-07,7.15111457076681e-07,6.009235139029762e-07,4.955798504648801e-07,4.056664083598007e-07,7.18514657619821e-07,6.019074197150833e-07,4.920990089982855e-07,4.149591141804461e-07,3.7914773170834076e-07,3.441433079321348e-07,4.362638470469746e-07,7.067828896579319e-07,6.127127019785045e-07,4.7497107655131914e-07,3.9615761765958795e-07,2.8323229079211914e-07,1.8457643033757823e-07,1.1731391252465395e-07,6.932992358618183e-07,7.15111457076681e-07,6.009235139029762e-07,4.955798504648801e-07,6.725271065675961e-07,10500.0,6.25
5.989458146064448e-07,6.504019532333533e-07,4.839882677039894e-07,3.784118424425272e-07,7.121907124315401e-07,6.086126478849515e-07,5.044084910349187e-07,4.1178154823670834e-07,7.173365600297584e-07,6.096875632255627e-07,5.008892601282858e-07,4.218838712605272e-07,3.8259501500755497e-07,3.622654493156461e-07,4.43445198919805e-07,7.077927112737965e-07,6.204176939563668e-07,4.835098073220859e-07,4.0190838664430535e-07,2.867071656620364e-07,1.8676198559865318e-07,1.186572207421715e-07,6.995120752215486e-07,7.121907124315401e-07,6.086126478849515e-07,5.044084910349187e-07,6.67223732350966e-07,10500.0,6.5
6.044774839726941e-07,6.542689230431738e-07,4.920789571156225e-07,3.967808675280229e-07,7.109981459584553e-07,6.166397137207517e-07,5.138612641494353e-07,4.1874567535703677e-07,7.17566152796521e-07,6.178102062982401e-07,5.103140104009452e-07,4.297073089714333e-07,3.868584122284283e-07,3.83249687640771e-07,4.543482561828549e-07,7.098598364143543e-07,6.284712771261673e-07,4.927242750708214e-07,4.084770665378068e-07,2.905130436975814e-07,1.8931840834705026e-07,1.2020013613084533e-07,7.062166743253035e-07,7.109981459584553e-07,6.166397137207517e-07,5.138612641494353e-07,6.645652098630496e-07,10500.0,6.75
6.068191684167265e-07,6.545436034420575e-07,4.981129201838466e-07,4.1456911209155526e-07,7.058906734310836e-07,6.209993724862768e-07,5.209245481386484e-07,4.245484780959091e-07,7.136166594996574e-07,6.222560811539554e-07,5.173966160716722e-07,4.362773411518255e-07,3.903938045620922e-07,4.0343201077601733e-07,4.649185780375779e-07,7.077002259476164e-07,6.327037539954948e-07,4.998301504071901e-07,4.1395910430428495e-07,2.935103505787174e-07,1.9170167336334448e-07,1.2168611393419373e-07,7.081826344015677e-07,7.058906734310836e-07,6.209993724862768e-07,5.209245481386484e-07,6.589886080471382e-07,10500.0,7.0
6.064840454359555e-07,6.519807006929277e-07,5.020425787108664e-07,4.309601739807525e-07,6.980044755063566e-07,6.221090854457691e-07,5.256700105199727e-07,4.290563435525828e-07,7.066410430096028e-07,6.234467154244506e-07,5.221946195153831e-07,4.413717243493874e-07,3.931641633055345e-07,4.2188806164090333e-07,4.747772535069091e-07,7.024167635213151e-07,6.336426371296635e-07,5.048153491868044e-07,4.18195892850193e-07,2.9566466447589643e-07,1.9378667944411784e-07,1.2302357194399242e-07,7.064561889647786e-07,6.980044755063566e-07,6.221090854457691e-07,5.256700105199727e-07,6.514464468436894e-07,10500.0,7.25
6.051829741549938e-07,6.486221440905542e-07,5.049152633026749e-07,4.4665593810717427e-07,6.896653019653294e-07,6.21817776263272e-07,5.291309412355712e-07,4.3285763149728193e-07,6.990031919636979e-07,6.232275552057301e-07,5.257257341058287e-07,4.4563525010969547e-07,3.956876355639036e-07,4.392614916178862e-07,4.848221082475275e-07,6.962569427946084e-07,6.331598498404116e-07,5.086214501999182e-07,4.218453829118057e-07,2.97333446384529e-07,1.9571188557880753e-07,1.2425805660747474e-07,7.03346522221474e-07,6.896653019653294e-07,6.21817776263272e-07,5.291309412355712e-07,6.439449178490813e-07,10500.0,7.5
6.034040265448504e-07,6.450357559832083e-07,5.070447570386744e-07,4.617806077526886e-07,6.814084681744066e-07,6.208239861937066e-07,5.316179844423364e-07,4.3616608723670337e-07,6.912392385737082e-07,6.222728068668348e-07,5.282912697337394e-07,4.492880163059383e-07,3.980991201944234e-07,4.557218050477763e-07,4.951271083982758e-07,6.897719127146649e-07,6.319080847244701e-07,5.115156403023849e-07,4.2504924284976417e-07,2.986272503620656e-07,1.975195103693074e-07,1.2540259509693502e-07,6.994637010460983e-07,6.814084681744066e-07,6.208239861937066e-07,5.316179844423364e-07,6.370151961539782e-07,10500.0,7.75
6.010978304138602e-07,6.411435533838023e-07,5.083469050541251e-07,4.7626133647697985e-07,6.732845762970825e-07,6.188025383392294e-07,5.333094944009061e-07,4.3889452122324196e-07,6.833710241694359e-07,6.203123189143706e-07,5.300534124808202e-07,4.521885440287037e-07,4.004373187756646e-07,4.7124224951645243e-07,5.053858948994655e-07,6.829617971751487e-07,6.296974009380116e-07,5.135776081350485e-07,4.2780145139230254e-07,2.996160342628618e-07,1.9912391839147936e-07,1.2644943505098983e-07,6.947998723166856e-07,6.732845762970825e-07,6.188025383392294e-07,5.333094944009061e-07,6.306563064579424e-07,10500.0,8.0
5.985576620657767e-07,6.372320585926982e-07,5.091241345618848e-07,4.897589369320283e-07,6.655474543109963e-07,6.163445329724347e-07,5.343362380702107e-07,4.410254598625816e-07,6.757135136120946e-07,6.178926182821056e-07,5.311533861210279e-07,4.544004978017467e-07,4.0242853071815937e-07,4.854545282181635e-07,5.154647301338199e-07,6.760951820634624e-07,6.270083734031809e-07,5.149882347619114e-07,4.2997669991517085e-07,3.003515024441836e-07,2.006247059761625e-07,1.273349032428997e-07,6.897390047271905e-07,6.655474543109963e-07,6.163445329724347e-07,5.343362380702107e-07,6.249325486711011e-07,10500.0,8.25
5.954895830639832e-07,6.329842267111419e-07,5.090736234683441e-07,5.020128896913796e-07,6.579160389858185e-07,6.129510933548382e-07,5.345303468618074e-07,4.4257307230704817e-07,6.679963382486878e-07,6.145459163853651e-07,5.314349450797447e-07,4.5595445540245115e-07,4.0404453809851153e-07,4.982116765240285e-07,5.249768911345997e-07,6.689579586661068e-07,6.234451194337302e-07,5.156306755851674e-07,4.3161018714344876e-07,3.0075504589656e-07,2.0198638936959962e-07,1.2805313247059837e-07,6.841406102188482e-07,6.579160389858185e-07,6.129510933548382e-07,5.345303468618074e-07,6.196535332831037e-07,10500.0,8.5
5.920484754765831e-07,6.286101984171665e-07,5.082569194496227e-07,5.132231958669319e-07,6.505667190561446e-07,6.089749800385552e-07,5.338952381169883e-07,4.4343562526641824e-07,6.603937074793639e-07,6.106074342748992e-07,5.308837339537113e-07,4.5675981847969477e-07,4.0514351906278017e-07,5.098173919361193e-07,5.338000273882852e-07,6.617364120680765e-07,6.193157732765534e-07,5.154368734225893e-07,4.325976737260983e-07,3.008497803885829e-07,2.031585823981392e-07,1.286272232172544e-07,6.781521221159312e-07,6.505667190561446e-07,6.089749800385552e-07,5.338952381169883e-07,6.149370174698575e-07,10500.0,8.75
5.883129923334297e-07,6.241915022269707e-07,5.067573775747954e-07,5.235656705777753e-07,6.435899225070685e-07,6.044945277366442e-07,5.324926704341447e-07,4.436588204843602e-07,6.53029013264806e-07,6.061568140915796e-07,5.295651782587655e-07,4.568810248775316e-07,4.056925735626228e-07,5.204527161392752e-07,5.420078891824371e-07,6.545524260454818e-07,6.147104715354608e-07,5.144830810174937e-07,4.3295647083578047e-07,3.0065920225715725e-07,2.0416425564966082e-07,1.2906638095418214e-07,6.719432851870721e-07,6.435899225070685e-07,6.044945277366442e-07,5.324926704341447e-07,6.108679199475531e-07,10500.0,9.0
5.843444967037418e-07,6.197976701072757e-07,5.046110904783171e-07,5.331901580184243e-07,6.371340354936508e-07,5.993588239877103e-07,5.304847505000042e-07,4.434095518981244e-07,6.460316815317675e-07,6.010584334753209e-07,5.276532007705478e-07,4.564986172942171e-07,4.0585216852635064e-07,5.30282084467309e-07,5.499279966685003e-07,6.475357618178669e-07,6.095294078493161e-07,5.129671936483966e-07,4.328541339846005e-07,3.002952515810866e-07,2.0503005112393853e-07,1.2938987113898673e-07,6.656012756831362e-07,6.371340354936508e-07,5.993588239877103e-07,5.304847505000042e-07,6.076548655525002e-07,10500.0,9.25
5.804564453530888e-07,6.156852864527332e-07,5.022051281559167e-07,5.422259169688295e-07,6.314322199531743e-07,5.940075168339863e-07,5.282802700151908e-07,4.4281890772777436e-07,6.396090563210279e-07,5.957643616203726e-07,5.255322888150169e-07,4.5575045549668635e-07,4.057404437713459e-07,5.394754191761881e-07,5.577101294869195e-07,6.409303485719505e-07,6.042015977048002e-07,5.112018359244943e-07,4.324172319359039e-07,2.9981264842552437e-07,2.057644873700919e-07,1.2962642498104955e-07,6.592364926159594e-07,6.314322199531743e-07,5.940075168339863e-07,5.282802700151908e-07,6.056039925083893e-07,10500.0,9.5
6.231211847305851e-07,6.859472315502092e-07,4.896983784396951e-07,3.7950207496673414e-07,7.653317805972133e-07,6.239694769663429e-07,5.082030111205887e-07,4.151232934435853e-07,7.656336370401925e-07,6.248851662676593e-07,5.045039900794857e-07,4.241750989738277e-07,3.897139649575669e-07,3.5628654564239173e-07,4.6596917375789263e-07,7.48817254351886e-07,6.366799232725819e-07,4.863978530515209e-07,4.053617559149147e-07,2.8801784719322387e-07,1.8685039311904413e-07,1.1851569758861209e-07,7.260911458616001e-07,7.653317805972133e-07,6.239694769663429e-07,5.082030111205887e-07,7.268132475753619e-07,10750.0,6.0
6.229516814699195e-07,6.833883438019219e-07,4.928132776915506e-07,3.872092452504287e-07,7.580103782192034e-07,6.265570134073813e-07,5.125264192948339e-07,4.177066246095812e-07,7.604117513450123e-07,6.276034057448811e-07,5.088285597784028e-07,4.274181101904219e-07,3.8998399257107875e-07,3.676211772743885e-07,4.637685896157723e-07,7.463232356357394e-07,6.394579105832682e-07,4.90667021044339e-07,4.0780022928556617e-07,2.8966506542338467e-07,1.8794274904685262e-07,1.1933217071671514e-07,7.280759233841324e-07,7.580103782192034e-07,6.265570134073813e-07,5.125264192948339e-07,7.159678037905392e-07,10750.0,6.25
6.252510568577608e-07,6.832628632410163e-07,4.985745840303299e-07,3.9978591587167294e-07,7.522620107889063e-07,6.320957909766151e-07,5.196370487166839e-07,4.2248490178694925e-07,7.566584815951532e-07,6.332482319424227e-07,5.159170069310099e-07,4.329732696923512e-07,3.9220872857167824e-07,3.8331718349917406e-07,4.6751419246204254e-07,7.451619718685209e-07,6.450554445350272e-07,4.975807820337848e-07,4.122549393026898e-07,2.924085759927249e-07,1.8965904643077774e-07,1.2043852698722117e-07,7.32234654933096e-07,7.522620107889063e-07,6.320957909766151e-07,5.196370487166839e-07,7.072351092760357e-07,10750.0,6.5
6.310094717714874e-07,6.871327854427301e-07,5.070641449167116e-07,4.180330204833841e-07,7.505203014329019e-07,6.409466805253185e-07,5.29626961898894e-07,4.2957112939789507e-07,7.566198842698068e-07,6.42199848642385e-07,5.25863062685598e-07,4.4096354702665025e-07,3.9649151355235967e-07,4.043024193935889e-07,4.778820012932855e-07,7.473023783688569e-07,6.539670977801897e-07,5.07238313827372e-07,4.189294488788869e-07,2.9625792137585145e-07,1.9211063014013718e-07,1.2191004400864197e-07,7.397895874509633e-07,7.505203014329019e-07,6.409466805253185e-07,5.29626961898894e-07,7.034409103574404e-07,10750.0,6.75
6.376932996860642e-07,6.923606260667188e-07,5.160548114073322e-07,4.3945441035509065e-07,7.505429873381375e-07,6.500139031348439e-07,5.400370107680701e-07,4.3740195860435176e-07,7.580246585085854e-07,6.513852754110269e-07,5.362407280961445e-07,4.496988179506494e-07,4.0162209430044157e-07,4.2819405674793895e-07,4.918267771187636e-07,7.50558211784492e-07,6.631210088485087e-07,5.173831045657801e-07,4.263234946333491e-07,3.003408506030559e-07,1.94914867688942e-07,1.235949646883535e-07,7.477757830205793e-07,7.505429873381375e-07,6.500139031348439e-07,5.400370107680701e-07,7.023410765239737e-07,10750.0,7.0
6.405719509887673e-07,6.932545297502104e-07,5.225968466251637e-07,4.595472816358182e-07,7.458369408801247e-07,6.547868149527475e-07,5.476609517296644e-07,4.438110388917673e-07,7.544374197124462e-07,6.562558205176463e-07,5.438838523201571e-07,4.568376793991548e-07,4.05854499972718e-07,4.5045625250126524e-07,5.047709224601425e-07,7.487831728369321e-07,6.678034415569673e-07,5.250435411889106e-07,4.323467331016411e-07,3.035151071583769e-07,1.9746780131777163e-07,1.251695491049067e-07,7.502046663872031e-07,7.458369408801247e-07,6.547868149527475e-07,5.476609517296644e-07,6.975373237723907e-07,10750.0,7.25
6.408270681078051e-07,6.913865572663618e-07,5.270446352688131e-07,4.779244787825893e-07,7.38455463843852e-07,6.564229701436568e-07,5.529302175558325e-07,4.489192237151395e-07,7.479072293206439e-07,6.579668609583458e-07,5.492123164935256e-07,4.625261297124207e-07,4.0934954230345435e-07,4.706173143201061e-07,5.170006093127163e-07,7.439351227725813e-07,6.692699865176625e-07,5.305807740275845e-07,4.372265839848039e-07,3.05851533816841e-07,1.9973617008808229e-07,1.2659017063748357e-07,7.490366704588175e-07,7.38455463843852e-07,6.564229701436568e-07,5.529302175558325e-07,6.908402184845377e-07,10750.0,7.5
6.401525630560471e-07,6.887801576620853e-07,5.304325551325681e-07,4.952979364758046e-07,7.307187847122529e-07,6.567786969698917e-07,5.568766172070213e-07,4.532763819377008e-07,7.407764948322561e-07,6.583759273384566e-07,5.532217163926792e-07,4.673029819050166e-07,4.1259317138982487e-07,4.89412005931119e-07,5.289709027256967e-07,7.382496619367604e-07,6.693896047412276e-07,5.348427100938996e-07,4.414154573808296e-07,3.076583581480047e-07,2.0183446881365366e-07,1.2789809729193965e-07,7.46425521128558e-07,7.307187847122529e-07,6.567786969698917e-07,5.568766172070213e-07,6.8431798225699e-07,10750.0,7.75
6.388073382527116e-07,6.857165622927774e-07,5.328878413061604e-07,5.118220694775128e-07,7.229639061522582e-07,6.559465237114571e-07,5.598690646373938e-07,4.569644193859062e-07,7.334046917904363e-07,6.576170606359609e-07,5.562826944314025e-07,4.712441643052572e-07,4.1566465077593293e-07,5.070392611295567e-07,5.407681169554274e-07,7.320898830486976e-07,6.683792979454847e-07,5.381730226237258e-07,4.45060602217122e-07,3.091039994195929e-07,2.0372930790221213e-07,1.290971862668181e-07,7.429063341301934e-07,7.229639061522582e-07,6.559465237114571e-07,5.598690646373938e-07,6.781862020991208e-07,10750.0,8.0
6.37033510870925e-07,6.824431737345058e-07,5.346285520234425e-07,5.272790810992157e-07,7.154511150043567e-07,6.543282408237724e-07,5.620566042223562e-07,4.599931541042056e-07,7.260686948928646e-07,6.560609783147083e-07,5.5854980252594e-07,4.744098573270756e-07,4.1841365018804434e-07,5.232641519312476e-07,5.524527737100131e-07,7.256931925793818e-07,6.665901100869044e-07,5.407337550375828e-07,4.4809229758467085e-07,3.1024901059143316e-07,2.0546852140301228e-07,1.3014404732663884e-07,7.387522007701999e-07,7.154511150043567e-07,6.543282408237724e-07,5.620566042223562e-07,6.727096365946719e-07,10750.0,8.25
6.347271009636523e-07,6.788406142768583e-07,5.355615191413048e-07,5.413575140113618e-07,7.08021662759144e-07,6.519958987963579e-07,5.632645701094934e-07,4.623672382491411e-07,7.186077743683753e-07,6.537546410167906e-07,5.598374152336527e-07,4.768503391221693e-07,4.207135560425084e-07,5.378839959585961e-07,5.634844063107631e-07,7.189134023836147e-07,6.640188874774876e-07,5.42365504966995e-07,4.5050774700388005e-07,3.1099663806960266e-07,2.0706403247373633e-07,1.3101155194556566e-07,7.338483908085376e-07,7.08021662759144e-07,6.519958987963579e-07,5.632645701094934e-07,6.676797149444538e-07,10750.0,8.5
6.31726999788703e-07,6.747696544208909e-07,5.354397888378974e-07,5.543293489339225e-07,7.005632649953035e-07,6.484850504650527e-07,5.635042164186933e-07,4.6401847905116427e-07,7.109352675205488e-07,6.50296192082879e-07,5.6016790900397e-07,4.784844661481712e-07,4.2248704003102505e-07,5.512773473742344e-07,5.737527141774884e-07,7.117235479784e-07,6.603750077888682e-07,5.430669176246724e-07,4.5226412423388113e-07,3.113791440114852e-07,2.0846871443120296e-07,1.3171950459549668e-07,7.282560652682888e-07,7.005632649953035e-07,6.484850504650527e-07,5.635042164186933e-07,6.630008975866154e-07,10750.0,8.75
6.282821279128687e-07,6.704647569036129e-07,5.345683446286665e-07,5.661851886987656e-07,6.932308797698429e-07,6.444353112482156e-07,5.62868445386708e-07,4.6484934877963014e-07,7.032389536687549e-07,6.462836591977033e-07,5.596141360583658e-07,4.792307038339972e-07,4.2359742683284175e-07,5.634715783674738e-07,5.831656478074327e-07,7.042958060264952e-07,6.561707827412271e-07,5.428477113309186e-07,4.532042049243544e-07,3.1146408669361666e-07,2.0968036420044246e-07,1.322683884768021e-07,7.220611980380718e-07,6.932308797698429e-07,6.444353112482156e-07,5.62868445386708e-07,6.588159583924519e-07,10750.0,9.0
6.243271413609648e-07,6.659115680345723e-07,5.327875481518465e-07,5.771747577547442e-07,6.861229379465941e-07,6.394694156175693e-07,5.613062010373159e-07,4.6501212890354073e-07,6.956099904393378e-07,6.413530644452026e-07,5.581465803887218e-07,4.792647183623004e-07,4.2415803050913145e-07,5.747355371936721e-07,5.920711928523e-07,6.967391103095716e-07,6.511245493496149e-07,5.417762050273142e-07,4.535132128608632e-07,3.1126143629084217e-07,2.1071162377553603e-07,1.3268477561380905e-07,7.155212458396078e-07,6.861229379465941e-07,6.394694156175693e-07,5.613062010373159e-07,6.551512807461124e-07,10750.0,9.25
6.201855020699987e-07,6.614545431044726e-07,5.303812618809536e-07,5.873607121504205e-07,6.796697629793929e-07,6.339288805099768e-07,5.59080386374078e-07,4.6467674698868587e-07,6.884497907869335e-07,6.35863476947995e-07,5.560190121905513e-07,4.787725851779296e-07,4.2429260023819954e-07,5.850808448175546e-07,6.007919113997245e-07,6.894574313377024e-07,6.455825288041082e-07,5.400653388742267e-07,4.5333776678754763e-07,3.1081478541234666e-07,2.1157294642672157e-07,1.3299896215873014e-07,7.08833327528876e-07,6.796697629793929e-07,6.339288805099768e-07,5.59080386374078e-07,6.525210121848286e-07,10750.0,9.5
6.535606623025997e-07,7.232414397591999e-07,5.082899758964898e-07,4.086164581006604e-07,8.091689662288308e-07,6.519167394109353e-07,5.275227565525013e-07,4.289984406255906e-07,8.082118444646161e-07,6.528425455731646e-07,5.235897722838152e-07,4.385526584254969e-07,4.022016230492869e-07,3.8441676564064555e-07,4.993676906113271e-07,7.887545284208161e-07,6.654869012053048e-07,5.043696790304297e-07,4.1874498080830243e-07,2.954899979277228e-07,1.9082146740005092e-07,1.2082225184792567e-07,7.618373777812971e-07,8.091689662288308e-07,6.519167394109353e-07,5.275227565525013e-07,7.71933186368484e-07,11000.0,6.0
6.529800699132478e-07,7.203961929187182e-07,5.106585092724384e-07,4.149049502421301e-07,8.019374582950599e-07,6.539423581405344e-07,5.311095784966573e-07,4.309457446826923e-07,8.032180204732086e-07,6.550211824474563e-07,5.27180761036852e-07,4.4114818620727334e-07,4.018240249064031e-07,3.946508525670131e-07,4.950421170789863e-07,7.866176584699984e-07,6.678259004421871e-07,5.079205060797547e-07,4.2056011655411365e-07,2.9678392562090637e-07,1.9170395337050062e-07,1.2153442432217778e-07,7.639703110343326e-07,8.019374582950599e-07,6.539423581405344e-07,5.311095784966573e-07,7.608040015752586e-07,11000.0,6.25
6.534430052691776e-07,7.183693125259933e-07,5.145630698142338e-07,4.2458447311894003e-07,7.946017339439267e-07,6.574161203959933e-07,5.363157079499761e-07,4.34253378100957e-07,7.980916444532305e-07,6.586351359024773e-07,5.323811348045577e-07,4.4519622660040015e-07,4.0270541044277346e-07,4.0774825368049684e-07,4.950663937975225e-07,7.843906922342208e-07,6.715111802142921e-07,5.130255369326714e-07,4.236228567504628e-07,2.986971587711191e-07,1.9296260458905514e-07,1.2242040433790592e-07,7.668278504410749e-07,7.946017339439267e-07,6.574161203959933e-07,5.363157079499761e-07,7.49911786274648e-07,11000.0,6.5
6.568877615101477e-07,7.19462624003324e-07,5.214010211618301e-07,4.4002872589360587e-07,7.897047326079788e-07,6.641777976007337e-07,5.446204676899638e-07,4.400257889086146e-07,7.951851250985171e-07,6.655129833049555e-07,5.406567834325536e-07,4.5183006946313435e-07,4.057633817124363e-07,4.2611445247167014e-07,5.019605917709183e-07,7.841218506465135e-07,6.783728396699288e-07,5.210831911936261e-07,4.290134674897837e-07,3.0180886610969515e-07,1.949443334561888e-07,1.236494958371312e-07,7.722912894090671e-07,7.897047326079788e-07,6.641777976007337e-07,5.446204676899638e-07,7.423630059426618e-07,11000.0,6.75
6.639272598693564e-07,7.248780994139183e-07,5.308265175162164e-07,4.615685992088671e-07,7.894215019359316e-07,6.741317983900067e-07,5.556350312590421e-07,4.480235875611789e-07,7.965403201065515e-07,6.755891019435598e-07,5.516220021511513e-07,4.607725221535587e-07,4.109520335183545e-07,4.502299721037577e-07,5.155846116433887e-07,7.876267181861263e-07,6.884614780809005e-07,5.317285965191722e-07,4.3655489912421543e-07,3.059834490228558e-07,1.9766747261182258e-07,1.2527313245312805e-07,7.812777393268641e-07,7.894215019359316e-07,6.741317983900067e-07,5.556350312590421e-07,7.404109226122126e-07,11000.0,7.0
6.715193911662072e-07,7.311650568692211e-07,5.406250967322645e-07,4.862807681443872e-07,7.902552792016142e-07,6.839580058842904e-07,5.669003788734286e-07,4.567170940896636e-07,7.986976894709961e-07,6.855440204294139e-07,5.628555445734092e-07,4.7036055907654245e-07,4.1698126275516136e-07,4.772032900538435e-07,5.327556351187661e-07,7.91621129472948e-07,6.983987135241802e-07,5.427250244673963e-07,4.4473617621580456e-07,3.1035409262927135e-07,2.0074321779187078e-07,1.2709848650791423e-07,7.90053309828045e-07,7.902552792016142e-07,6.839580058842904e-07,5.669003788734286e-07,7.406016065999256e-07,11000.0,7.25
6.748808831785557e-07,7.326437389652774e-07,5.476173043646819e-07,5.087190866926071e-07,7.858995513339747e-07,6.890972610471719e-07,5.750115433573351e-07,4.637205474631509e-07,7.953620457285594e-07,6.907757824122136e-07,5.709927975345184e-07,4.780847767902234e-07,4.2195385600425867e-07,5.015422596486202e-07,5.483312316535705e-07,7.900912574852835e-07,7.034439333961332e-07,5.509019836732098e-07,4.513972389445691e-07,3.1367850704695265e-07,2.0348007128323814e-07,1.2876714161329327e-07,7.927919462362341e-07,7.858995513339747e-07,6.890972610471719e-07,5.750115433573351e-07,7.366349588916261e-07,11000.0,7.5
6.757582076747053e-07,7.315472981577728e-07,5.525589476398423e-07,5.289550897475551e-07,7.792001385975413e-07,6.91271471492982e-07,5.807406238474381e-07,4.6934591199410216e-07,7.894034425546414e-07,6.93024866993829e-07,5.767717006123499e-07,4.842252840217878e-07,4.26202412632728e-07,5.232837800917671e-07,5.626347760217219e-07,7.857537415739112e-07,7.054331791918347e-07,5.568441270397066e-07,4.568019948863135e-07,3.161247788374399e-07,2.0592635680518445e-07,1.302618834540408e-07,7.920962588714152e-07,7.792001385975413e-07,6.91271471492982e-07,5.807406238474381e-07,7.310130289863978e-07,11000.0,7.75
6.756674519129804e-07,7.29649868240285e-07,5.563857188082142e-07,5.478834330544247e-07,7.721176236896645e-07,6.920174042148184e-07,5.852394592992077e-07,4.740534262012412e-07,7.828411109189464e-07,6.938480302704778e-07,5.813314108715514e-07,4.892618071925466e-07,4.301039510350576e-07,5.433942602917785e-07,5.763323613620412e-07,7.805544574373916e-07,7.060059803838456e-07,5.616121607806501e-07,4.6139893953971315e-07,3.181122510102155e-07,2.081047639142885e-07,1.3163210725569226e-07,7.900791959706768e-07,7.721176236896645e-07,6.920174042148184e-07,5.852394592992077e-07,7.254308341808871e-07,11000.0,8.0
6.747870452645707e-07,7.271873766269631e-07,5.591181413610534e-07,5.655003446477934e-07,7.649102593630687e-07,6.915061954558561e-07,5.885911399167113e-07,4.781117921865015e-07,7.759140769454636e-07,6.934049420910002e-07,5.847653070190515e-07,4.935589637095391e-07,4.3359503107056917e-07,5.618165057406068e-07,5.897959274991845e-07,7.747593430110752e-07,7.053491127633234e-07,5.653579296001618e-07,4.653826661788438e-07,3.1963349477168654e-07,2.101192321555241e-07,1.3283508388574754e-07,7.870679987002467e-07,7.649102593630687e-07,6.915061954558561e-07,5.885911399167113e-07,7.20240583274963e-07,11000.0,8.25
6.733652107887178e-07,7.243945453688621e-07,5.610425682032843e-07,5.815835788802532e-07,7.578536625938263e-07,6.902413506365506e-07,5.909327519139152e-07,4.814635587831257e-07,7.689164221897508e-07,6.921711766113871e-07,5.871858223992753e-07,4.970392856305692e-07,4.3666179388936076e-07,5.784780600766388e-07,6.02577841827966e-07,7.686042687763887e-07,7.038799214607907e-07,5.681040413292975e-07,4.6874092623616425e-07,3.2078657825561763e-07,2.119704051291449e-07,1.3384951720499412e-07,7.832431714294096e-07,7.578536625938263e-07,6.902413506365506e-07,5.909327519139152e-07,7.156505710115897e-07,11000.0,8.5
6.711744993003511e-07,7.210231810453931e-07,5.619323282578076e-07,5.963811905828546e-07,7.5070260065586e-07,6.877082075241209e-07,5.922628049163762e-07,4.839999983105977e-07,7.616191139848301e-07,6.896988678205099e-07,5.886044773405592e-07,4.996066498759934e-07,4.3919224373876905e-07,5.937503801754477e-07,6.143334526597854e-07,7.618835858232705e-07,7.012096469803125e-07,5.698644096611428e-07,4.713398508768199e-07,3.215425430689866e-07,2.1361719685795014e-07,1.346921096502246e-07,7.784998610395206e-07,7.5070260065586e-07,6.877082075241209e-07,5.922628049163762e-07,7.113208360162395e-07,11000.0,8.75
6.683185824532669e-07,7.172030992111643e-07,5.618497036690926e-07,6.100231000184759e-07,7.435417393388315e-07,6.841888541180566e-07,5.925857382843568e-07,4.856671933618165e-07,7.54132185775137e-07,6.86236774077655e-07,5.890115116634273e-07,5.012330226465679e-07,4.410126145809361e-07,6.077981577035562e-07,6.251877823325956e-07,7.54721347088478e-07,6.97577275737943e-07,5.706150744636035e-07,4.730894111762922e-07,3.2189842261634314e-07,2.1504369802090916e-07,1.3537809765357127e-07,7.728832053318446e-07,7.435417393388315e-07,6.841888541180566e-07,5.925857382843568e-07,7.074428452987005e-07,11000.0,9.0
6.647954516092018e-07,7.129271247366038e-07,5.608127287767862e-07,6.225044499031497e-07,7.363417346543614e-07,6.798316611409883e-07,5.918445711086372e-07,4.864338119964797e-07,7.463760937508957e-07,6.819102524463534e-07,5.883536466637839e-07,5.018947304472622e-07,4.421279824291369e-07,6.205553680191087e-07,6.353438454361128e-07,7.470858062293943e-07,6.930750704100105e-07,5.7031767508973e-07,4.739751534545123e-07,3.2197029004216775e-07,2.1625783991134594e-07,1.3590899923884923e-07,7.664060520743276e-07,7.363417346543614e-07,6.798316611409883e-07,5.918445711086372e-07,7.038916809158861e-07,11000.0,9.25
6.606684728818218e-07,7.083210237335756e-07,5.587372716575536e-07,6.340387429472328e-07,7.292708906625572e-07,6.744203380908094e-07,5.901378480093078e-07,4.864726592326936e-07,7.385960978147154e-07,6.765404193559071e-07,5.867495438197375e-07,5.017671428009495e-07,4.4268748810048097e-07,6.322890716724663e-07,6.450934550411954e-07,7.39260164751696e-07,6.876211461043697e-07,5.691063037567145e-07,4.7417614258160295e-07,3.2175428349816565e-07,2.173049063215849e-07,1.3630785718537876e-07,7.594751381594257e-07,7.292708906625572e-07,6.744203380908094e-07,5.901378480093078e-07,7.009188515171402e-07,11000.0,9.5
6.837276455315067e-07,7.60254874603373e-07,5.268137695907241e-07,4.394677609652842e-07,8.524789455593633e-07,6.795012273734022e-07,5.467310720170795e-07,4.428665505592815e-07,8.501487340718148e-07,6.804274861818679e-07,5.425715497475738e-07,4.5293371994311355e-07,4.146374417205892e-07,4.14282194147882e-07,5.343529642062206e-07,8.279843582263939e-07,6.938669378529682e-07,5.22271966139096e-07,4.321137544849936e-07,3.0294485793920027e-07,1.9484482285922258e-07,1.2315705967727293e-07,7.968212789942491e-07,8.524789455593633e-07,6.795012273734022e-07,5.467310720170795e-07,8.169407973423334e-07,11250.0,6.0
6.833830797830948e-07,7.577421344264451e-07,5.291181634986692e-07,4.451719426604774e-07,8.457894782407376e-07,6.817813762298974e-07,5.503095972120895e-07,4.4469070368316866e-07,8.458323956994178e-07,6.828790333116045e-07,5.461479900256145e-07,4.554229552029771e-07,4.1405981874710314e-07,4.242280236955995e-07,5.287122576459877e-07,8.266421396065083e-07,6.965472177291677e-07,5.257781912676379e-07,4.3380858760658565e-07,3.041554488526851e-07,1.956492096586711e-07,1.2382516492534e-07,7.996896332026063e-07,8.457894782407376e-07,6.817813762298974e-07,5.503095972120895e-07,8.060010313675629e-07,11250.0,6.25
6.831897096258048e-07,7.551714104743513e-07,5.320211295931931e-07,4.529843789314037e-07,8.383030048267344e-07,6.844565593322189e-07,5.545198871025855e-07,4.4714643593693884e-07,8.407284690306193e-07,6.85723198867472e-07,5.503552919673842e-07,4.5859255048102706e-07,4.1416223002819666e-07,4.3572923886750567e-07,5.261746768827491e-07,8.24647609420689e-07,6.995840226915016e-07,5.299086085310811e-07,4.360505611312749e-07,3.0559915533732514e-07,1.9663379839415542e-07,1.2457955646493985e-07,8.025904616764944e-07,8.383030048267344e-07,6.844565593322189e-07,5.545198871025855e-07,7.944496815332505e-07,11250.0,6.5
6.842430820881109e-07,7.536309947285145e-07,5.367349650475685e-07,4.6499553396505655e-07,8.308596174100528e-07,6.887135751438066e-07,5.606402140158577e-07,4.512715031683694e-07,8.355529373706744e-07,6.901307353817337e-07,5.564666504321678e-07,4.6352100104204543e-07,4.1571446429609175e-07,4.5089005524551395e-07,5.28894408996037e-07,8.225081088850034e-07,7.040743998404259e-07,5.358978512429827e-07,4.3983981446860617e-07,3.0781582904958576e-07,1.9811117213750572e-07,1.255585627596658e-07,8.061389845614051e-07,8.308596174100528e-07,6.887135751438066e-07,5.606402140158577e-07,7.836719014892425e-07,11250.0,6.75
6.890411430060171e-07,7.562197126954348e-07,5.447956359249884e-07,4.841123465405667e-07,8.271087004948747e-07,6.968042178444226e-07,5.702872603795017e-07,4.581769994619533e-07,8.337325423789041e-07,6.983549680245215e-07,5.660769166142864e-07,4.7134208892440145e-07,4.19881396318862e-07,4.727028683860213e-07,5.395602276800487e-07,8.232950615966443e-07,7.123077321009599e-07,5.452431950390755e-07,4.463204084869079e-07,3.113792510056674e-07,2.004330173363022e-07,1.2696256905577013e-07,8.129957960449104e-07,8.271087004948747e-07,6.968042178444226e-07,5.702872603795017e-07,7.777228333692179e-07,11250.0,7.0
6.97829365395481e-07,7.63715555781525e-07,5.555565295658835e-07,5.099015182678822e-07,8.28752244372186e-07,7.083327737039981e-07,5.827289297767656e-07,4.6742620893848985e-07,8.369311902567109e-07,7.100209911993827e-07,5.784641012818438e-07,4.815653876083906e-07,4.262816776823729e-07,5.008552181328577e-07,5.573782388196744e-07,8.285614406814221e-07,7.240240035381932e-07,5.57276183898633e-07,4.5503015288836634e-07,3.1602849853006497e-07,2.0353944010707326e-07,1.2878202295439905e-07,8.23805975739618e-07,8.28752244372186e-07,7.083327737039981e-07,5.827289297767656e-07,7.782478255436859e-07,11250.0,7.25
7.062183019980081e-07,7.71007487845549e-07,5.659762144050706e-07,5.376775677403729e-07,8.30424811387162e-07,7.187786963049145e-07,5.946424737118263e-07,4.768198559383604e-07,8.398157664284825e-07,7.20586688666981e-07,5.903500140972736e-07,4.918429265425877e-07,4.331643054863327e-07,5.306620103394221e-07,5.777108426597509e-07,8.332479155029295e-07,7.345721965749451e-07,5.689242959704321e-07,4.6394432990304394e-07,3.2058606004301947e-07,2.0684973389503884e-07,1.307376608103485e-07,8.332134982999843e-07,8.30424811387162e-07,7.187786963049145e-07,5.946424737118263e-07,7.798092997083148e-07,11250.0,7.5
7.098465721740999e-07,7.728609074140245e-07,5.732157292968525e-07,5.621277654874769e-07,8.263163721521432e-07,7.239546124776641e-07,6.02992642144964e-07,4.842217872382222e-07,8.366029605299467e-07,7.258639753563338e-07,5.987251862467837e-07,4.99886183969656e-07,4.388202914404737e-07,5.567294598932507e-07,5.9556782216419e-07,8.317814719089242e-07,7.396746705210206e-07,5.773344227573048e-07,4.710288898894426e-07,3.2395979598204523e-07,2.0976342933697776e-07,1.3248210681565013e-07,8.360149386893331e-07,8.263163721521432e-07,7.239546124776641e-07,6.02992642144964e-07,7.765543061764559e-07,11250.0,7.75
7.113037055169021e-07,7.724998446565035e-07,5.785757422355173e-07,5.841617254060414e-07,8.202236083729835e-07,7.265770324108103e-07,6.092041162788833e-07,4.902687579677433e-07,8.311412131037031e-07,7.285579503539945e-07,6.049920920831464e-07,5.063809712124284e-07,4.437111438731104e-07,5.799945592236215e-07,6.118737257712005e-07,8.278612320096609e-07,7.421260822147197e-07,5.837761127185153e-07,4.768768089722438e-07,3.2656250323986073e-07,2.1229771867523944e-07,1.3404746160095411e-07,8.358448098935401e-07,8.202236083729835e-07,7.265770324108103e-07,6.092041162788833e-07,7.719441728606277e-07,11250.0,8.0
7.116396912421283e-07,7.711891401728892e-07,5.826249445822386e-07,6.042309513188414e-07,8.136491788185101e-07,7.276656943392945e-07,6.139564740216766e-07,4.953951129522472e-07,8.249468302479171e-07,7.297028343521692e-07,6.098160232009557e-07,5.118216286088067e-07,4.480613640126904e-07,6.009400027820701e-07,6.273462990358577e-07,8.229528837626374e-07,7.430269635735773e-07,5.888582817692292e-07,4.818779090348356e-07,3.286088047137605e-07,2.1458570529695612e-07,1.3542338898132156e-07,8.342070450560226e-07,8.136491788185101e-07,7.276656943392945e-07,6.139564740216766e-07,7.673636557289737e-07,11250.0,8.25
7.111768459115081e-07,7.69298907117318e-07,5.855803514628341e-07,6.225242130964786e-07,8.070399148488092e-07,7.275431829276798e-07,6.175012968084888e-07,4.996912921127964e-07,8.184743777196184e-07,7.296339006524971e-07,6.134303076987031e-07,5.162995992692829e-07,4.519150952489961e-07,6.198836654538369e-07,6.419418947353167e-07,8.174773093334081e-07,7.427430718002477e-07,5.927481330101083e-07,4.861327510671941e-07,3.3015390402128255e-07,2.167017665370267e-07,1.365891027034729e-07,8.315209448265879e-07,8.070399148488092e-07,7.275431829276798e-07,6.175012968084888e-07,7.632553881347313e-07,11250.0,8.5
7.10039607630617e-07,7.669455983920703e-07,5.875890579744022e-07,6.393804045283009e-07,8.004783478433913e-07,7.264244027096023e-07,6.199978768751137e-07,5.031249562000653e-07,8.11814020627377e-07,7.28547818584568e-07,6.160038852368296e-07,5.198244515555448e-07,4.551841449286426e-07,6.372706278072386e-07,6.553919673928148e-07,8.115068364242988e-07,7.414370531880309e-07,5.956147549064438e-07,4.89598392452611e-07,3.3125823386340944e-07,2.1859021726378074e-07,1.375773936296704e-07,8.27899650544878e-07,8.004783478433913e-07,7.264244027096023e-07,6.199978768751137e-07,7.595646287164365e-07,11250.0,8.75
7.079504042351513e-07,7.638383217083271e-07,5.883489737077587e-07,6.549379338257555e-07,7.936676485152976e-07,7.236860817521304e-07,6.213710813599071e-07,5.05696002684228e-07,8.047451274892877e-07,7.258800641171855e-07,6.174707608272162e-07,5.224038414908761e-07,4.577814974903736e-07,6.532306847239637e-07,6.678975934763849e-07,8.048742006858854e-07,7.386396647191724e-07,5.974429415584734e-07,4.922131631877656e-07,3.319852403251822e-07,2.2024554539030605e-07,1.3839949841606444e-07,8.232642955308961e-07,7.936676485152976e-07,7.236860817521304e-07,6.213710813599071e-07,7.561212413141368e-07,11250.0,9.0
7.051633682376709e-07,7.602105290460312e-07,5.881851893953467e-07,6.690516019931471e-07,7.86858474425644e-07,7.200174996187496e-07,6.216897888755589e-07,5.07312620691079e-07,7.974247502357219e-07,7.222736387189956e-07,6.17875157781244e-07,5.239638525263832e-07,4.5960390284617456e-07,6.676425411030724e-07,6.795612898382369e-07,7.977395666128658e-07,7.348945800130926e-07,5.981845835651426e-07,4.939055102185055e-07,3.3235260580623646e-07,2.21670962369465e-07,1.39041705788333e-07,8.175915416686921e-07,7.86858474425644e-07,7.200174996187496e-07,6.216897888755589e-07,7.530930029270125e-07,11250.0,9.25
7.014937990889577e-07,7.558881689620176e-07,5.869063806357725e-07,6.821019108398017e-07,7.798504982020198e-07,7.149496386316483e-07,6.209275250586214e-07,5.081042759036714e-07,7.89686141262565e-07,7.172625939557346e-07,6.172167596110769e-07,5.246332265810166e-07,4.6078876238084687e-07,6.809649815966745e-07,6.904993884130496e-07,7.89937596209691e-07,7.297935873938222e-07,5.979279692256949e-07,4.948199059018896e-07,3.323977200363522e-07,2.2292111094003387e-07,1.3952527265928572e-07,8.108218319139743e-07,7.798504982020198e-07,7.149496386316483e-07,6.209275250586214e-07,7.503874362782203e-07,11250.0,9.5
7.135458427043732e-07,7.969196633307683e-07,5.451635706003052e-07,4.718581792356888e-07,8.95235824885033e-07,7.06634696222598e-07,5.657177580689197e-07,4.566428804988342e-07,8.914302702673877e-07,7.075501836640836e-07,5.613386916964695e-07,4.672351715759595e-07,4.269782264525073e-07,4.4568487779890174e-07,5.706905711515145e-07,8.665123708887921e-07,7.217444428171664e-07,5.399966245447447e-07,4.4538612341117834e-07,3.103405760364126e-07,1.988957481661585e-07,1.2550575837282296e-07,8.310354461133107e-07,8.95235824885033e-07,7.06634696222598e-07,5.657177580689197e-07,8.617694063069604e-07,11500.0,6.0
7.136256838821835e-07,7.949008678473427e-07,5.476362115452199e-07,4.77308379242487e-07,8.891644152875982e-07,7.094295912802995e-07,5.695341873018368e-07,4.58517387671611e-07,8.878758755316879e-07,7.105310004545586e-07,5.651440091728322e-07,4.6979155252304665e-07,4.263402076025203e-07,4.556716460649992e-07,5.639813127582047e-07,8.660373278756392e-07,7.250098306134224e-07,5.436875101963926e-07,4.471193667260311e-07,3.11580663364665e-07,1.9966470216968554e-07,1.261532000205528e-07,8.348345725008732e-07,8.891644152875982e-07,7.094295912802995e-07,5.695341873018368e-07,8.510153053738908e-07,11500.0,6.25
7.135205681816934e-07,7.925338368639191e-07,5.502928813319715e-07,4.843147545080174e-07,8.821384151252844e-07,7.1216064895115e-07,5.735518493178314e-07,4.6069128685209644e-07,8.833705919181419e-07,7.134522071038158e-07,5.691536873468779e-07,4.7267493335301243e-07,4.2617018387758186e-07,4.6661667809219604e-07,5.600794137965347e-07,8.647741005494299e-07,7.282061085490177e-07,5.4759677599473e-07,4.491069471602222e-07,3.1286912807450553e-07,2.0053171733774355e-07,1.2684944059643842e-07,8.383659410624388e-07,8.821384151252844e-07,7.1216064895115e-07,5.735518493178314e-07,8.396103589084165e-07,11500.0,6.5
7.135629440291706e-07,7.900126608108037e-07,5.53766872713729e-07,4.940264513603386e-07,8.740150200101577e-07,7.153071832219321e-07,5.784326824368142e-07,4.637895278951732e-07,8.777438874654096e-07,7.167806836742499e-07,5.740318514018586e-07,4.765557279533361e-07,4.267579439679141e-07,4.797097055143105e-07,5.598166351753311e-07,8.624635321506982e-07,7.317423876073858e-07,5.523842504449973e-07,4.518963931651884e-07,3.1451808044601304e-07,2.0168855469685136e-07,1.2767205595515413e-07,8.416349575477453e-07,8.740150200101577e-07,7.153071832219321e-07,5.784326824368142e-07,8.275216216248501e-07,11500.0,6.75
7.157737772092606e-07,7.896335857029452e-07,5.597378447006963e-07,5.095721900181461e-07,8.671479155724089e-07,7.208514390262817e-07,5.859356392608883e-07,4.6907298987172226e-07,8.731224344565458e-07,7.22487939726553e-07,5.815196625012552e-07,4.827046188247453e-07,4.294503107973011e-07,4.98107971090162e-07,5.662744319653596e-07,8.609032528611121e-07,7.375289367769276e-07,5.597091843282222e-07,4.568138878226933e-07,3.1719816187330013e-07,2.0350064004188695e-07,1.2881232445463267e-07,8.463186769881397e-07,8.671479155724089e-07,7.208514390262817e-07,5.859356392608883e-07,8.177287940060515e-07,11500.0,7.0
7.224965732332863e-07,7.944812054760092e-07,5.6929583725131e-07,5.331068899538723e-07,8.654266523254787e-07,7.307760275053776e-07,5.972025119780428e-07,4.773416162447727e-07,8.732345660960574e-07,7.32552957170097e-07,5.92740351160206e-07,4.91923216439081e-07,4.3492670208560527e-07,5.241007110739075e-07,5.813740596442724e-07,8.635159502909766e-07,7.476393590467113e-07,5.706117375516878e-07,4.645713312843905e-07,3.212959934507502e-07,2.062374012846116e-07,1.3042594840936232e-07,8.551853357419058e-07,8.654266523254787e-07,7.307760275053776e-07,5.972025119780428e-07,8.144262426463347e-07,11500.0,7.25
7.330104474809643e-07,8.041204311631391e-07,5.812612206169826e-07,5.632404891131423e-07,8.692101079543817e-07,7.43732015683506e-07,6.109188935020315e-07,4.877524200711406e-07,8.784325763140597e-07,7.456471600538422e-07,6.063999890029225e-07,5.033127509245897e-07,4.425592908507344e-07,5.563771191305736e-07,6.035800003298834e-07,8.706655980226753e-07,7.608163744073308e-07,5.838852172146534e-07,4.744284278779708e-07,3.2637272629042835e-07,2.0971919114352185e-07,1.3244958559530336e-07,8.677515784585973e-07,8.692101079543817e-07,7.43732015683506e-07,6.109188935020315e-07,8.176642913760346e-07,11500.0,7.5
7.416310990311813e-07,8.117290268114532e-07,5.919926434495834e-07,5.93843793730885e-07,8.709578928536008e-07,7.541301988093913e-07,6.231463794712509e-07,4.976751065561661e-07,8.812241690080893e-07,7.561789359866851e-07,6.186030719572144e-07,5.140605277054443e-07,4.5024050049199565e-07,5.887130711877455e-07,6.269004863474094e-07,8.752148078572238e-07,7.713350516066683e-07,5.958761983196794e-07,4.839123399564654e-07,3.3103670278967244e-07,2.132699951879843e-07,1.3452389918951406e-07,8.770397430526069e-07,8.709578928536008e-07,7.541301988093913e-07,6.231463794712509e-07,8.198996377934297e-07,11500.0,7.75
7.456053423658937e-07,8.140717668322663e-07,5.994926705861294e-07,6.201238453227771e-07,8.671282064523136e-07,7.595841026925354e-07,6.31745246265146e-07,5.054338592263561e-07,8.781440505034925e-07,7.617063702161518e-07,6.27240388232975e-07,5.223856701940607e-07,4.5648557342051513e-07,6.163320544332135e-07,6.468382299458974e-07,8.738008409154392e-07,7.766571307930703e-07,6.045841371474855e-07,4.913559271366408e-07,3.34484517057126e-07,2.1626439381409653e-07,1.3633415519373895e-07,8.799269486448099e-07,8.671282064523136e-07,7.595841026925354e-07,6.31745246265146e-07,8.175080777258604e-07,11500.0,8.0
7.474882613172406e-07,8.14317887518617e-07,6.050762419118968e-07,6.432559854945393e-07,8.615987674680268e-07,7.625630726059901e-07,6.381251976727675e-07,5.118025961824331e-07,8.730884501867857e-07,7.647445200354109e-07,6.336749590712133e-07,5.291507354056677e-07,4.618140930002631e-07,6.403806185263435e-07,6.650176186213632e-07,8.701545071944907e-07,7.794399477981053e-07,6.111908426417433e-07,4.975354835258442e-07,3.370937800057984e-07,2.1890281193353273e-07,1.37904740972193e-07,8.800284906513045e-07,8.615987674680268e-07,7.625630726059901e-07,6.381251976727675e-07,8.14009497624103e-07,11500.0,8.25
7.481493788957575e-07,8.134819289831676e-07,6.092500960817355e-07,6.641221805083028e-07,8.55576198614556e-07,7.637364386117088e-07,6.431381211406949e-07,5.171021213172909e-07,8.672702005443596e-07,7.659855191170967e-07,6.387454985480992e-07,5.346763014491516e-07,4.665678239143911e-07,6.619820315294521e-07,6.816822000975414e-07,8.654778688308382e-07,7.804806143481054e-07,6.164669516575594e-07,5.027650445907196e-07,3.3914699840558387e-07,2.2128970692347308e-07,1.3923677755817725e-07,8.786089959673677e-07,8.55576198614556e-07,7.637364386117088e-07,6.431381211406949e-07,8.105334344508035e-07,11500.0,8.5
7.480264457097153e-07,8.120857230628269e-07,6.123442092834416e-07,6.832339003734291e-07,8.495440674570969e-07,7.637939216300247e-07,6.469344609435085e-07,5.214488493585032e-07,8.612024250557793e-07,7.660890043467812e-07,6.426086216407984e-07,5.391644065750352e-07,4.706090152429861e-07,6.816522861054896e-07,6.96985434334877e-07,8.602258744208255e-07,7.803775065845934e-07,6.205675991071711e-07,5.070926326703866e-07,3.406961898319501e-07,2.2341877784600876e-07,1.4037344765518082e-07,8.761322134649986e-07,8.495440674570969e-07,7.637939216300247e-07,6.469344609435085e-07,8.074440200830068e-07,11500.0,8.75
7.469785677226363e-07,8.099921362506609e-07,6.14194756932974e-07,7.007109693240718e-07,8.433617430706083e-07,7.624175851525151e-07,6.494529495942695e-07,5.249107317092674e-07,8.54799536819014e-07,7.647594369822783e-07,6.452139643288061e-07,5.426901690976125e-07,4.7394138524247114e-07,6.995561549029598e-07,7.112945235527052e-07,8.543703884433379e-07,7.788984121509047e-07,6.234911185657443e-07,5.105738654491019e-07,3.41761234778714e-07,2.252980563864096e-07,1.4132618685624527e-07,8.726466160582262e-07,8.433617430706083e-07,7.624175851525151e-07,6.494529495942695e-07,8.047457757373641e-07,11500.0,9.0
7.450296906600122e-07,8.072168170881545e-07,6.14822144237038e-07,7.166579094300827e-07,8.370654157040894e-07,7.596429399620684e-07,6.507348518151948e-07,5.274520491616283e-07,8.480613338187266e-07,7.620531961831469e-07,6.465943695363948e-07,5.452398691872329e-07,4.7650799714789016e-07,7.158496277706825e-07,7.245768597524969e-07,8.479386266934393e-07,7.761089965363328e-07,6.252410376183985e-07,5.131381335115768e-07,3.42431704134642e-07,2.2694781433379167e-07,1.420841770329838e-07,8.681199009167699e-07,8.370654157040894e-07,7.596429399620684e-07,6.507348518151948e-07,8.02346667452479e-07,11500.0,9.25
7.422479443720248e-07,8.037786769491586e-07,6.144363683158918e-07,7.313165539109545e-07,8.306260716981692e-07,7.556645538300415e-07,6.508952287401709e-07,5.290751017793271e-07,8.409456178951271e-07,7.58132534588873e-07,6.468586060578862e-07,5.46789808094032e-07,4.78383094310061e-07,7.307589966265927e-07,7.369798777354665e-07,8.408624293207003e-07,7.721070277841842e-07,6.259064900130027e-07,5.148468808277713e-07,3.4272914781940795e-07,2.2838158473979097e-07,1.4267468417031492e-07,8.624021406844848e-07,8.306260716981692e-07,7.556645538300415e-07,6.508952287401709e-07,8.003112406418761e-07,11500.0,9.5
7.43056155595673e-07,8.332651117980794e-07,5.633745739427864e-07,5.057431457183867e-07,9.374399427691224e-07,7.333971208241874e-07,5.845407842068264e-07,4.7031978006764685e-07,9.320933132445011e-07,7.342951822209126e-07,5.79948312073492e-07,4.814621921378483e-07,4.3916503895236174e-07,4.786058411470605e-07,6.082292724587536e-07,9.044093080603847e-07,7.492071017687763e-07,5.575922184705137e-07,4.585608327164463e-07,3.176916980095404e-07,2.0297703405596772e-07,1.2786929714926688e-07,8.645877893902314e-07,9.374399427691224e-07,7.333971208241874e-07,5.845407842068264e-07,9.063492291287167e-07,11750.0,6.0
7.435884228756245e-07,8.317862676599337e-07,5.660310746470454e-07,5.109717461789626e-07,9.320521389293471e-07,7.367098541198409e-07,5.886016874459532e-07,4.7227019715485886e-07,9.293501143591915e-07,7.378038206228278e-07,5.839895807224896e-07,4.840930626373183e-07,4.3855036110880896e-07,4.88676377846381e-07,6.005346141860028e-07,9.048145855763442e-07,7.530525406080832e-07,5.614793975529738e-07,4.6035904015146663e-07,3.1896196434951133e-07,2.0371285096781217e-07,1.2849912797793909e-07,8.692950902857819e-07,9.320521389293471e-07,7.367098541198409e-07,5.886016874459532e-07,8.959117953935352e-07,11750.0,6.25
7.438094894526831e-07,8.298332101512505e-07,5.687510612913044e-07,5.177019396963669e-07,9.256202991010446e-07,7.397874640074459e-07,5.927468500986034e-07,4.744298660487028e-07,9.255419940629474e-07,7.410836847638849e-07,5.881207233887381e-07,4.8697644490473e-07,4.3829641297503483e-07,4.995765419701302e-07,5.95730641161867e-07,9.043518441193908e-07,7.566669757026657e-07,5.654763460426943e-07,4.623344591489005e-07,3.2023773209668097e-07,2.0453521538808515e-07,1.2916988176443485e-07,8.735845238124322e-07,9.256202991010446e-07,7.397874640074459e-07,5.927468500986034e-07,8.848111231815902e-07,11750.0,6.5
7.437960580310605e-07,8.273686531598518e-07,5.718076005598876e-07,5.262778017072095e-07,9.178200270451724e-07,7.428610453442615e-07,5.97259602228747e-07,4.77104803567922e-07,9.204167333315221e-07,7.443642137769769e-07,5.926254858105726e-07,4.904313932439567e-07,4.384785577905878e-07,5.117393241157744e-07,5.938116822031065e-07,9.02729164866937e-07,7.602552587225736e-07,5.698734712164525e-07,4.6471156968069925e-07,3.216496017240686e-07,2.0552535334470233e-07,1.299119613723918e-07,8.774977373824132e-07,9.178200270451724e-07,7.428610453442615e-07,5.97259602228747e-07,8.725734390851123e-07,11750.0,6.75
7.444620467296003e-07,8.253716259596765e-07,5.761579781448322e-07,5.387978166346145e-07,9.095443922876151e-07,7.468014939540808e-07,6.031160502648343e-07,4.81068839426169e-07,9.146724349770488e-07,7.485030661361701e-07,5.984775426355801e-07,4.952423946756508e-07,4.3997718671529657e-07,5.272826823215963e-07,5.966529020896095e-07,9.004078252896562e-07,7.646074145836976e-07,5.756149917562235e-07,4.6837290918524046e-07,3.2360786121639754e-07,2.069289585557792e-07,1.3084947215321444e-07,8.81449277965719e-07,9.095443922876151e-07,7.468014939540808e-07,6.031160502648343e-07,8.605917985443479e-07,11750.0,7.0
7.482464316992684e-07,8.267115146129812e-07,5.836014582816732e-07,5.586047801094006e-07,9.038748022228122e-07,7.540081570705372e-07,6.122127032139526e-07,4.877220238205468e-07,9.111686839790992e-07,7.55868624343523e-07,6.075514155822957e-07,5.027753362312321e-07,4.439810402031153e-07,5.496437844187254e-07,6.07469964015688e-07,8.99900109738154e-07,7.720525484818977e-07,5.844762600641439e-07,4.7455113366890356e-07,3.2683233867700753e-07,2.0915536160753749e-07,1.321911806072554e-07,8.876461315989708e-07,9.038748022228122e-07,7.540081570705372e-07,6.122127032139526e-07,8.52608750192421e-07,11750.0,7.25
7.57309095302211e-07,8.343447523574828e-07,5.949575976629381e-07,5.875268770236777e-07,9.048321542931671e-07,7.660308084317626e-07,6.253977996201736e-07,4.976064677097125e-07,9.137687403707858e-07,7.680359171837672e-07,6.206829074274725e-07,5.136430521605865e-07,4.510907334076863e-07,5.807836579102123e-07,6.280562669065492e-07,9.048085464888821e-07,7.842745764707107e-07,5.972272858431531e-07,4.838955668062879e-07,3.3160970236995294e-07,2.1240485541382444e-07,1.3406950227238902e-07,8.987924315049845e-07,9.048321542931671e-07,7.660308084317626e-07,6.253977996201736e-07,8.527202309499075e-07,11750.0,7.5
7.6938699603097e-07,8.459489450323659e-07,6.080329942223456e-07,6.221654412631175e-07,9.105351304574987e-07,7.801912688664764e-07,6.402691006005433e-07,5.091452860660803e-07,9.207015523192839e-07,7.823494541380914e-07,6.35491990190305e-07,5.261285735896409e-07,4.6001199251566326e-07,6.172980022358502e-07,6.548203629757173e-07,9.135617162583807e-07,7.987047471870441e-07,6.116289452109842e-07,4.948761650278807e-07,3.3708891503793267e-07,2.1629326718412318e-07,1.363071319910396e-07,9.128077112281514e-07,9.105351304574987e-07,7.801912688664764e-07,6.402691006005433e-07,8.585932222956912e-07,11750.0,7.75
7.779713411184633e-07,8.536142021917689e-07,6.188000155768425e-07,6.548175380726599e-07,9.120334005200686e-07,7.904192796871081e-07,6.524812853823626e-07,5.193607508346338e-07,9.230665317098672e-07,7.926845885257312e-07,6.476988241818569e-07,5.370768884002732e-07,4.6823079119703465e-07,6.514188485064983e-07,6.804338844486498e-07,9.176104924155569e-07,8.089830183558071e-07,6.236865320843124e-07,5.046585557672994e-07,3.417437295235484e-07,2.1992852422300665e-07,1.384595259501425e-07,9.215939247713431e-07,9.120334005200686e-07,7.904192796871081e-07,6.524812853823626e-07,8.613148494466554e-07,11750.0,8.0
7.820866982480085e-07,8.562213528828924e-07,6.263652573675997e-07,6.821163261483057e-07,9.084436341432998e-07,7.958461144756237e-07,6.611252680092722e-07,5.272733537897275e-07,9.200150153843131e-07,7.981822304770408e-07,6.563686103752773e-07,5.454672116223266e-07,4.748875730801012e-07,6.79725451533744e-07,7.022159231035918e-07,9.16067677239114e-07,8.14260956479845e-07,6.324102131504903e-07,5.123264097437059e-07,3.4513245554270114e-07,2.2301064853595023e-07,1.4026473046964315e-07,9.24290522935242e-07,9.084436341432998e-07,7.958461144756237e-07,6.611252680092722e-07,8.597969901233024e-07,11750.0,8.25
7.842593943652842e-07,8.56897506920973e-07,6.320647908370985e-07,7.061082567905362e-07,9.034280330560299e-07,7.988300953525276e-07,6.677952044515874e-07,5.337625924614266e-07,9.152813194387314e-07,8.012313965723911e-07,6.630868619366547e-07,5.522602341939187e-07,4.806052876307945e-07,7.045172222493217e-07,7.215056310105953e-07,9.125927390025386e-07,8.170812322068957e-07,6.392592007646564e-07,5.186794202182201e-07,3.477422544534977e-07,2.2572127421623166e-07,1.417879840833462e-07,9.244947933004291e-07,9.034280330560299e-07,7.988300953525276e-07,6.677952044515874e-07,8.574041103636122e-07,11750.0,8.5
7.852590030965404e-07,8.565938922935021e-07,6.363210276124816e-07,7.277485201944116e-07,8.980686663093396e-07,8.001085384068957e-07,6.729721936819394e-07,5.391629352147843e-07,9.099366995296123e-07,8.025745473129971e-07,6.683319373867794e-07,5.578751055100657e-07,4.855170664152437e-07,7.267359108037626e-07,7.390712646231776e-07,9.081851297132113e-07,8.182497722164868e-07,6.447153157009798e-07,5.239837443935944e-07,3.4979181811252715e-07,2.2810794657587577e-07,1.43088571957916e-07,9.232957044394772e-07,8.980686663093396e-07,8.001085384068957e-07,6.729721936819394e-07,8.551307031449504e-07,11750.0,8.75
7.853280446253883e-07,8.55588038814249e-07,6.393282104778318e-07,7.473596743172406e-07,8.925771484151514e-07,8.001411931878083e-07,6.767524319399707e-07,5.435371743784774e-07,9.042550058253907e-07,8.026465903066356e-07,6.721843112670701e-07,5.623640579321468e-07,4.896085491623239e-07,7.46792767250942e-07,7.553246545640986e-07,9.031565712439501e-07,8.181617524180956e-07,6.488163290749554e-07,5.283490386993046e-07,3.51237549182223e-07,2.3022212294447686e-07,1.4417896907354115e-07,9.210080574312286e-07,8.925771484151514e-07,8.001411931878083e-07,6.767524319399707e-07,8.532213545831415e-07,11750.0,9.0
7.843266719447149e-07,8.537645011174414e-07,6.408669377520692e-07,7.652503081476445e-07,8.868881673807793e-07,7.984328149096084e-07,6.791570334431377e-07,5.469176514951704e-07,8.981667260378481e-07,8.010140052161527e-07,6.746766561179365e-07,5.657928324679202e-07,4.928913937155426e-07,7.650319481232394e-07,7.703952278651288e-07,8.97474153465815e-07,8.164789274351125e-07,6.516158586064058e-07,5.317236050150883e-07,3.522522335569622e-07,2.3209232923680965e-07,1.450586665795582e-07,9.17659784444719e-07,8.868881673807793e-07,7.984328149096084e-07,6.791570334431377e-07,8.515904014269357e-07,11750.0,9.25
7.825416594329019e-07,8.513627053909505e-07,6.413692579765471e-07,7.815303397578187e-07,8.811604291453309e-07,7.95675786174309e-07,6.803328136425971e-07,5.493671148834948e-07,8.918203905338939e-07,7.983121438709577e-07,6.759525191541664e-07,5.682136623561317e-07,4.95461736082102e-07,7.816040776381343e-07,7.843277787062561e-07,8.912904002158211e-07,8.137143802737365e-07,6.532431412100443e-07,5.342318860856529e-07,3.5280898054319074e-07,2.3371408414502433e-07,1.4576115060722317e-07,9.132133868460897e-07,8.811604291453309e-07,7.95675786174309e-07,6.803328136425971e-07,8.503936856965013e-07,11750.0,9.5
7.723853073770149e-07,8.694362386151595e-07,5.815082854680777e-07,5.410539407141628e-07,9.792728157904387e-07,7.599380395601746e-07,6.032809632237846e-07,4.839551320233337e-07,9.723425727009052e-07,7.608133717400698e-07,5.984792878105255e-07,4.956654467880023e-07,4.5123307312346074e-07,5.129826221734915e-07,6.46844665820778e-07,9.41911542223394e-07,7.764190472569799e-07,5.751283221979133e-07,4.716706435184139e-07,3.2502607347634765e-07,2.070810017484247e-07,1.302429319290277e-07,8.977313451928755e-07,9.792728157904387e-07,7.599380395601746e-07,6.032809632237846e-07,9.5077893720219e-07,12000.0,6.0
7.732958637398336e-07,8.684299116152381e-07,5.842970989423584e-07,5.460516755125567e-07,9.745205858584405e-07,7.63655353588278e-07,6.075070623932508e-07,4.859490062756079e-07,9.703237694460674e-07,7.64733770653451e-07,6.026790645309732e-07,4.983310969940494e-07,4.5067131872886403e-07,5.23102377231732e-07,6.3826580021694e-07,9.430565250350968e-07,7.807164093794835e-07,5.791410870315959e-07,4.7352211275421805e-07,3.263060093728741e-07,2.077773267027721e-07,1.3085390215981487e-07,9.031709380400636e-07,9.745205858584405e-07,7.63655353588278e-07,6.075070623932508e-07,9.40683383548551e-07,12000.0,6.25
7.738950353731406e-07,8.669272544321506e-07,5.871680216659134e-07,5.526664333136444e-07,9.6866803968922e-07,7.671508847326049e-07,6.118597998628408e-07,4.881895490018062e-07,9.671996667969412e-07,7.684420710348437e-07,6.070110836783593e-07,5.013044149018256e-07,4.5037134559097704e-07,5.341255828294122e-07,6.326997840419931e-07,9.433569545489431e-07,7.848061003595614e-07,5.83305618774508e-07,4.75538585461605e-07,3.2760826748395177e-07,2.0857670485380367e-07,1.31509956631337e-07,9.082135887326046e-07,9.6866803968922e-07,7.671508847326049e-07,6.118597998628408e-07,9.298996960167702e-07,12000.0,6.5
7.741542199682005e-07,8.648466308850253e-07,5.901719839238942e-07,5.60749037643299e-07,9.614663875824516e-07,7.705117460238159e-07,6.163809583151285e-07,4.907140479822408e-07,9.6279705726065e-07,7.72026928381916e-07,6.115178200043085e-07,5.04618790588758e-07,4.5043482229105673e-07,5.460077104121157e-07,6.297791577074423e-07,9.425868419263474e-07,7.887737655754872e-07,5.876716377959686e-07,4.778057503726682e-07,3.289457402573105e-07,2.0948770613779344e-07,1.322134835701511e-07,9.129520864716953e-07,9.614663875824516e-07,7.705117460238159e-07,6.163809583151285e-07,9.179028161348611e-07,12000.0,6.75
7.74379520813672e-07,8.624734780166363e-07,5.937740568022121e-07,5.715718444503115e-07,9.530386536417162e-07,7.740176505548302e-07,6.21531812154973e-07,4.939983835917516e-07,9.57132685083814e-07,7.757590300960832e-07,6.166629167352205e-07,5.087435655633293e-07,4.5128482050099205e-07,5.600349781696575e-07,6.303537341913226e-07,9.406115806358497e-07,7.928353585586841e-07,5.927001653480265e-07,4.808086965757828e-07,3.305238987285546e-07,2.1066134589177737e-07,1.3303756105322943e-07,9.172644903172246e-07,9.530386536417162e-07,7.740176505548302e-07,6.21531812154973e-07,9.051570064032335e-07,12000.0,7.0
7.760584903724898e-07,8.614450293357175e-07,5.993567633762656e-07,5.878692914907115e-07,9.449785145703423e-07,7.7916357850595e-07,6.287297965977868e-07,4.991855502838808e-07,9.515727702084559e-07,7.810995837452943e-07,6.238529540560987e-07,5.147720709889158e-07,4.5395993632357146e-07,5.78993868205405e-07,6.371263267697324e-07,9.384929879901484e-07,7.983680326994889e-07,5.997515293898397e-07,4.855713064800192e-07,3.329541937692087e-07,2.1243200015672016e-07,1.3414692204412224e-07,9.220675292718401e-07,9.449785145703423e-07,7.7916357850595e-07,6.287297965977868e-07,8.939219003229173e-07,12000.0,7.25
7.822953659960035e-07,8.655766653343096e-07,6.089061645874631e-07,6.134193925332255e-07,9.41757004098597e-07,7.887125395755955e-07,6.400858155858337e-07,5.076950087572822e-07,9.503097859851631e-07,7.908141289735067e-07,6.35174002998223e-07,5.242106041100372e-07,4.598253842480903e-07,6.068151857321263e-07,6.539841932718573e-07,9.399991073703496e-07,8.081499956853052e-07,6.107777799888704e-07,4.935879331882727e-07,3.369885954517402e-07,2.152173749679619e-07,1.357662528119432e-07,9.304994231926341e-07,9.41757004098597e-07,7.887125395755955e-07,6.400858155858337e-07,8.893174438374139e-07,12000.0,7.5
7.939823167815334e-07,8.764743908905291e-07,6.220242057319515e-07,6.480921123063885e-07,9.460940765530807e-07,8.02959103667484e-07,6.551279104915341e-07,5.191884365146135e-07,9.560565729205178e-07,8.052107010740327e-07,6.501491515899171e-07,5.366827589557719e-07,4.6861667155812744e-07,6.434433821764343e-07,6.803236093787175e-07,9.478159121878791e-07,8.226533049048874e-07,6.253127148623992e-07,5.045095798849479e-07,3.424008695125417e-07,2.1900624481791e-07,1.3792838541515987e-07,9.443577938612804e-07,9.460940765530807e-07,8.02959103667484e-07,6.551279104915341e-07,8.935443941123207e-07,12000.0,7.75
8.070767641628578e-07,8.894459166044397e-07,6.357910093312492e-07,6.866620048558498e-07,9.530101081883938e-07,8.178498925698146e-07,6.706769139802441e-07,5.315646131285578e-07,9.639800060851614e-07,8.202351051201207e-07,6.656485740991484e-07,5.499385174436596e-07,4.785734549814131e-07,6.836212800757489e-07,7.11205353453383e-07,9.57431598740521e-07,8.377836747454639e-07,6.404432828831486e-07,5.163262100781268e-07,3.481358018652024e-07,2.2319132648698637e-07,1.4035136731349096e-07,9.590944163162325e-07,9.530101081883938e-07,8.178498925698146e-07,6.706769139802441e-07,9.014819129114524e-07,12000.0,8.0
8.150895232341422e-07,8.96481910381504e-07,6.462889615652603e-07,7.200802443074739e-07,9.536739212481274e-07,8.273174149972377e-07,6.825885873846545e-07,5.417060900899826e-07,9.652591711315717e-07,8.298004152684263e-07,6.775482077782591e-07,5.606962649982679e-07,4.870674808197509e-07,7.181791673962262e-07,7.383821283360055e-07,9.60254495903816e-07,8.472283761632972e-07,6.522041250974852e-07,5.261093479930528e-07,3.52634541375782e-07,2.2685273598986135e-07,1.4248973197440206e-07,9.665513140992513e-07,9.536739212481274e-07,8.273174149972377e-07,6.825885873846545e-07,9.042194142156093e-07,12000.0,8.25
8.193461233465757e-07,8.993713436345785e-07,6.538678851241252e-07,7.481486469390665e-07,9.504600329867219e-07,8.325764625245005e-07,6.913618459638411e-07,5.496546321631545e-07,9.623599270945648e-07,8.351356005371278e-07,6.86360500968656e-07,5.690399526861638e-07,4.94014750418559e-07,7.471395389749064e-07,7.611730956526206e-07,9.586707079317642e-07,8.523501134989771e-07,6.610636179158725e-07,5.338387635112586e-07,3.559841972832697e-07,2.299754459121241e-07,1.4423528046131543e-07,9.690775323857585e-07,9.504600329867219e-07,8.325764625245005e-07,6.913618459638411e-07,9.037349882612606e-07,12000.0,8.5
8.216948959495262e-07,9.004350261756762e-07,6.594630590657332e-07,7.727605619804621e-07,9.460243015728653e-07,8.353859408739414e-07,6.980096558918767e-07,5.562455263780979e-07,9.579912993418677e-07,8.380065305926769e-07,6.930700471240317e-07,5.759105154969201e-07,4.999072155830941e-07,7.723367958472915e-07,7.814547190798636e-07,9.553552726509454e-07,8.550497412384281e-07,6.679482822327642e-07,5.402923501041898e-07,3.5854434164630716e-07,2.3265855857583749e-07,1.457186802221362e-07,9.693600875279374e-07,9.460243015728653e-07,8.353859408739414e-07,6.980096558918767e-07,9.02555708799145e-07,12000.0,8.75
8.228919113785037e-07,9.005476178086514e-07,6.635976821351948e-07,7.947336692877955e-07,9.412804098593304e-07,8.366741226690251e-07,7.031196538073843e-07,5.615983558030924e-07,9.530795130741049e-07,8.393497736132625e-07,6.982462226014122e-07,5.814452241709048e-07,5.047943174999705e-07,7.947738992820486e-07,7.999044795712407e-07,9.511923755672721e-07,8.562543144929845e-07,6.733231593025342e-07,5.455695094241848e-07,3.6042571844980656e-07,2.3502308640156984e-07,1.469579344272596e-07,9.683426472188823e-07,9.412804098593304e-07,8.366741226690251e-07,7.031196538073843e-07,9.015462670830139e-07,12000.0,9.0
8.230223831648244e-07,8.998379773416438e-07,6.662946114348849e-07,8.146298174146509e-07,9.363309756949518e-07,8.364061584702862e-07,7.067888934998483e-07,5.658251051117671e-07,9.47754640111966e-07,8.391313003329054e-07,7.019968423651022e-07,5.85764826303307e-07,5.088206121237462e-07,8.15035344133908e-07,8.168851218493334e-07,9.463511183554354e-07,8.559608277410552e-07,6.773233213588061e-07,5.497509686880093e-07,3.6180280098911416e-07,2.3710882381314155e-07,1.4796867852939767e-07,9.661979319062678e-07,9.363309756949518e-07,8.364061584702862e-07,7.067888934998483e-07,9.008165312374239e-07,12000.0,9.25
8.221592696901268e-07,8.983592101119276e-07,6.676538005569444e-07,8.327307602623927e-07,9.311885672282116e-07,8.346364748468831e-07,7.091069196802231e-07,5.690864735087386e-07,9.420526076841858e-07,8.374420724357767e-07,7.043991540108322e-07,5.890377435338555e-07,5.120810303893108e-07,8.334495263932115e-07,8.324778174632742e-07,9.409392819196996e-07,8.542707206183323e-07,6.800253360788824e-07,5.530458614357849e-07,3.626226729864286e-07,2.389272113720412e-07,1.4877989069538264e-07,9.629600377583659e-07,9.311885672282116e-07,8.346364748468831e-07,7.091069196802231e-07,9.003825703091613e-07,12000.0,9.5
8.016488952506049e-07,9.055621470798622e-07,5.996344456335171e-07,5.777462639844419e-07,1.0208815553226255e-06,7.863878049742501e-07,6.220075260660061e-07,4.975927301215472e-07,1.0123538873590358e-06,7.872378073161667e-07,6.169991682037887e-07,5.09889397261689e-07,4.632429279628837e-07,5.487924051764918e-07,6.863741077218749e-07,9.792094153027178e-07,8.035235877878397e-07,5.926618176818096e-07,4.84771955440558e-07,3.3235262404424193e-07,2.112063338272126e-07,1.3262679654079093e-07,9.306796106616118e-07,1.0208815553226255e-06,7.863878049742501e-07,6.220075260660061e-07,9.95102801521506e-07,12250.0,6.0
8.028376793176082e-07,9.049298397731971e-07,6.02478072248602e-07,5.824974103904522e-07,1.0166781428592159e-06,7.903726283772591e-07,6.263130520274614e-07,4.995678209364271e-07,1.0109315678904866e-06,7.914309231040051e-07,6.212731342913199e-07,5.125224494921944e-07,4.626995724990649e-07,5.589492815072831e-07,6.770788432869193e-07,9.80921669867239e-07,8.08124739645165e-07,5.967270647481154e-07,4.866153215294465e-07,3.336206388827163e-07,2.118653190673544e-07,1.3322058028990093e-07,9.366452200294578e-07,1.0166781428592159e-06,7.903726283772591e-07,6.263130520274614e-07,9.85387619051805e-07,12250.0,6.25
8.038133497404537e-07,9.038746821114385e-07,6.055147194298235e-07,5.890486704731544e-07,1.0113916683784408e-06,7.942876348596547e-07,6.308771190255204e-07,5.018816793045292e-07,1.008469223448995e-06,7.955681842243359e-07,6.258099796702652e-07,5.155847212207203e-07,4.624034214648417e-07,5.701459593055588e-07,6.708012421103545e-07,9.819399849565268e-07,8.126835211952902e-07,6.010658057503422e-07,4.887365588482674e-07,3.349464149301152e-07,2.1264331268372023e-07,1.33863805240787e-07,9.424063263906584e-07,1.0113916683784408e-06,7.942876348596547e-07,6.308771190255204e-07,9.749017315520374e-07,12250.0,6.5
8.044115648761964e-07,9.022342515381559e-07,6.085896391108884e-07,5.969378658460622e-07,1.0048014182339528e-06,7.979824151725132e-07,6.355123891712238e-07,5.044186789625876e-07,1.004779363175659e-06,7.995091694988233e-07,6.304240678414566e-07,5.189127051549542e-07,4.624389921440372e-07,5.820153191188923e-07,6.671924181673842e-07,9.819716902386141e-07,8.170634053919479e-07,6.055100777040842e-07,4.909821397908402e-07,3.3626260586748614e-07,2.1351261404857995e-07,1.3454518593765428e-07,9.47871244390966e-07,1.0048014182339528e-06,7.979824151725132e-07,6.355123891712238e-07,9.633036488370823e-07,12250.0,6.75
8.047806875183217e-07,9.001105294223808e-07,6.119900260243349e-07,6.069827013305518e-07,9.96832415319461e-07,8.016629835062649e-07,6.405203352411974e-07,5.074443491581188e-07,9.997425407300283e-07,8.034331760272347e-07,6.354195359685862e-07,5.227891952602432e-07,4.6301954846080273e-07,5.954307033569753e-07,6.664900979597984e-07,9.807993427133732e-07,8.21413833086925e-07,6.103578356045987e-07,4.937321068461776e-07,3.376995790766233e-07,2.1456606075440825e-07,1.3531092357338625e-07,9.53008020685431e-07,9.96832415319461e-07,8.016629835062649e-07,6.405203352411974e-07,9.505286250311975e-07,12250.0,7.0
8.055553877274108e-07,8.981552794057128e-07,6.164838284903361e-07,6.20931950022181e-07,9.880025143332462e-07,8.059322449440825e-07,6.466605601688952e-07,5.117040702238068e-07,9.9369599991816e-07,8.079315298756299e-07,6.415535122248751e-07,5.278690091759701e-07,4.6482930804477987e-07,6.121671335619906e-07,6.704267564703385e-07,9.785412759991121e-07,8.262327721527964e-07,6.163600264050559e-07,4.975978570463041e-07,3.396382427435464e-07,2.160283036002415e-07,1.3626694179088412e-07,9.577886125916436e-07,9.880025143332462e-07,8.059322449440825e-07,6.466605601688952e-07,9.377986110124968e-07,12250.0,7.25
8.092056585857126e-07,8.992412580900488e-07,6.240288774162474e-07,6.426076100785777e-07,9.814465558506737e-07,8.130944872237576e-07,6.559782701533576e-07,5.186590885231706e-07,9.894392758553848e-07,8.15282035202081e-07,6.508554457506689e-07,5.3569941374617e-07,4.6930800084491516e-07,6.36183610518311e-07,6.830112994128203e-07,9.775388891010732e-07,8.337208649051374e-07,6.25455553256279e-07,5.041156612539867e-07,3.4282272357801547e-07,2.1832664486997775e-07,1.3762298638465515e-07,9.641566527961207e-07,9.814465558506737e-07,8.130944872237576e-07,6.559782701533576e-07,9.290273722868264e-07,12250.0,7.5
8.182440330479586e-07,9.067470191828721e-07,6.356754053462498e-07,6.745270299780663e-07,9.815130081663528e-07,8.251743169360099e-07,6.695478534093463e-07,5.290360057948696e-07,9.91173156306181e-07,8.275158008712072e-07,6.643752643577968e-07,5.470170679291719e-07,4.770939122681622e-07,6.700916225257516e-07,7.0627869046377e-07,9.817530104298005e-07,8.460174706519107e-07,6.386105539267455e-07,5.139585215743898e-07,3.4762907209438813e-07,2.2173650945716312e-07,1.3956478867023622e-07,9.75270413407306e-07,9.815130081663528e-07,8.251743169360099e-07,6.695478534093463e-07,9.285986034876198e-07,12250.0,7.75
8.322595178944445e-07,9.206414812716086e-07,6.502766036546828e-07,7.148485089317358e-07,9.88925264385224e-07,8.413170380801168e-07,6.861035822563875e-07,5.419727031905252e-07,9.997308329042366e-07,8.437991475277867e-07,6.808645515845728e-07,5.608928547858182e-07,4.874497531437558e-07,7.121197257533095e-07,7.3840886369005e-07,9.921397361229743e-07,8.624444302465629e-07,6.546604878258214e-07,5.262882886211667e-07,3.5361742120619813e-07,2.260127373863679e-07,1.4200740255913763e-07,9.91396060522422e-07,9.88925264385224e-07,8.413170380801168e-07,6.861035822563875e-07,9.368850607395997e-07,12250.0,8.0
8.456723652916228e-07,9.340557964384716e-07,6.643835342898156e-07,7.558495621501501e-07,9.961621839426416e-07,8.562148651271566e-07,7.020376829998827e-07,5.547527671579108e-07,1.0076766450048075e-06,8.588327857209324e-07,6.967411171594405e-07,5.744547263578331e-07,4.981150536277704e-07,7.544376798908837e-07,7.72322439001997e-07,1.001586457379265e-06,8.775514832429607e-07,6.70133272356626e-07,5.385785167378608e-07,3.5946516660994595e-07,2.3035398060200999e-07,1.4451552426649635e-07,1.0057763741367914e-06,9.961621839426416e-07,8.562148651271566e-07,7.020376829998827e-07,9.460623905899665e-07,12250.0,8.25
8.53048742353096e-07,9.404550576913691e-07,6.744259892465603e-07,7.894810074740652e-07,9.9615792627987e-07,8.647064945380589e-07,7.135130438766127e-07,5.647059994111935e-07,1.008046391053983e-06,8.674098468033262e-07,7.082318162203937e-07,5.849307451864466e-07,5.066757227726045e-07,7.890258748289683e-07,8.000755745308428e-07,1.003323351163995e-06,8.85979937970673e-07,6.815549838707401e-07,5.482045915247632e-07,3.637668627599048e-07,2.3398544311355422e-07,1.4655656612998178e-07,1.0119774056585869e-06,9.9615792627987e-07,8.647064945380589e-07,7.135130438766127e-07,9.489608577138921e-07,12250.0,8.5
8.572722584145592e-07,9.435257340208657e-07,6.817236755703966e-07,8.179164031599144e-07,9.933462500051768e-07,8.695908589920366e-07,7.219916745998611e-07,5.726635300529801e-07,1.005306121108488e-06,8.723604868224168e-07,7.167594850723488e-07,5.932597997041225e-07,5.136815533734265e-07,8.18106973674255e-07,8.237895503230348e-07,1.0016689558953005e-06,8.90747291313934e-07,6.901905017258504e-07,5.559550371091514e-07,3.6694668088736375e-07,2.3705338104612082e-07,1.4825347805672184e-07,1.0142896220787154e-06,9.933462500051768e-07,8.695908589920366e-07,7.219916745998611e-07,9.496086589898526e-07,12250.0,8.75
8.597269152563035e-07,9.449309244788801e-07,6.870694117656682e-07,8.427493744159698e-07,9.895071623063032e-07,8.72222136391612e-07,7.285033583296757e-07,5.791114029157476e-07,1.0013215760526852e-06,8.750593229418086e-07,7.233327079125742e-07,5.999485464338821e-07,5.194906385440137e-07,8.434430574534347e-07,8.448596755483938e-07,9.985339137095065e-07,8.933322443326973e-07,6.969219109767506e-07,5.622842077679504e-07,3.6931059483998267e-07,2.397051422208197e-07,1.4966402582517084e-07,1.0146687927548748e-06,9.895071623063032e-07,8.72222136391612e-07,7.285033583296757e-07,9.49723565338027e-07,12250.0,9.0
8.610374611560347e-07,9.453954411632134e-07,6.90952268184361e-07,8.648382436049774e-07,9.853727804042686e-07,8.733680070123399e-07,7.334713671086797e-07,5.843030035488578e-07,9.968273968798468e-07,8.762540784261936e-07,7.283700793595107e-07,6.052894052906774e-07,5.243068652351981e-07,8.659211883774797e-07,8.638559819728428e-07,9.946043383785844e-07,8.944457795359864e-07,7.021581196433343e-07,5.673838187909381e-07,3.710492123883937e-07,2.420098096843805e-07,1.50813902686716e-07,1.0137841728060424e-06,9.853727804042686e-07,8.733680070123399e-07,7.334713671086797e-07,9.499698510550936e-07,12250.0,9.25
8.611686574782464e-07,9.449027989734634e-07,6.932917135301051e-07,8.848869911199926e-07,9.808681417999495e-07,8.727442170056309e-07,7.370026471961861e-07,5.883556526201837e-07,9.917956858845026e-07,8.757059964594549e-07,7.319872316928531e-07,6.09401250631739e-07,5.282434984800907e-07,8.863054281922218e-07,8.812617858838013e-07,9.899403997525159e-07,8.93916721075668e-07,7.060139958139416e-07,5.714329275864957e-07,3.722377649460075e-07,2.4403551612023187e-07,1.517358955872375e-07,1.0117124751499486e-06,9.808681417999495e-07,8.727442170056309e-07,7.370026471961861e-07,9.503758126992279e-07,12250.0,9.5
8.308723903225461e-07,9.416912933802298e-07,6.177323343814682e-07,6.157373391537948e-07,1.0623640153140288e-06,8.127550960450184e-07,6.406989462925729e-07,5.11240585916862e-07,1.052212706757498e-06,8.135794795715455e-07,6.35485455482434e-07,5.241143308114032e-07,4.752131637840552e-07,5.85933184297526e-07,7.26853854779302e-07,1.0163886452209118e-06,8.305391256925203e-07,6.101687677109249e-07,4.978478196025852e-07,3.3966181735458317e-07,2.1533643335522913e-07,1.3501503286113274e-07,9.634771655263156e-07,1.0623640153140288e-06,8.127550960450184e-07,6.406989462925729e-07,1.0394455504163961e-06,12500.0,6.0
8.3230350051033e-07,9.413927702148867e-07,6.206215041573385e-07,6.202763016022338e-07,1.0586549824512465e-06,8.169616323708636e-07,6.45069144740822e-07,5.13167921000852e-07,1.0513145256944369e-06,8.179976332004244e-07,6.398196884258268e-07,5.267081450897695e-07,4.7467028743620003e-07,5.961711474160671e-07,7.169833437643614e-07,1.018565749772392e-06,8.353869191950478e-07,6.14275475329457e-07,4.996861613287741e-07,3.4092380974172506e-07,2.1596813929010145e-07,1.3559400908421199e-07,9.69869219446828e-07,1.0586549824512465e-06,8.169616323708636e-07,6.45069144740822e-07,1.0301064247891792e-06,12500.0,6.25
8.336012291460429e-07,9.407309177194745e-07,6.237838085709413e-07,6.267211393711082e-07,1.0538823399290795e-06,8.212233701720924e-07,6.497923417486309e-07,5.155271612345143e-07,1.049451312225434e-06,8.224877432879138e-07,6.445098122096712e-07,5.298231779059706e-07,4.743920779638933e-07,6.074967601528021e-07,7.099661773365238e-07,1.0202061560656667e-06,8.403320217640386e-07,6.187415384109653e-07,5.0185582661308e-07,3.422629915526239e-07,2.167203926491069e-07,1.3622281971142755e-07,9.7624119307782e-07,1.0538823399290795e-06,8.212233701720924e-07,6.497923417486309e-07,1.019894734379513e-06,12500.0,6.5
8.345565577015729e-07,9.395359861998679e-07,6.269867663981235e-07,6.345940297341539e-07,1.0478891561556834e-06,8.252817646571791e-07,6.545992972312242e-07,5.181258991344829e-07,1.0464299806514843e-06,8.268014862867895e-07,6.492894698464774e-07,5.332198159200176e-07,4.744191840426579e-07,6.195341928650365e-07,7.058188108371018e-07,1.0209715215564864e-06,8.451263688978048e-07,6.233226350330272e-07,5.041583436075248e-07,3.4360006676424115e-07,2.1757136104483536e-07,1.3689116828565022e-07,9.823700121314392e-07,1.0478891561556834e-06,8.252817646571791e-07,6.545992972312242e-07,1.0087175234087185e-06,12500.0,6.75
8.352259683005066e-07,9.378193072750177e-07,6.303824553926083e-07,6.442907147258381e-07,1.0405165240979122e-06,8.292904847403778e-07,6.596612548181311e-07,5.210820510596201e-07,1.0420966082100954e-06,8.310687553815618e-07,6.543308958709309e-07,5.370174827014018e-07,4.7489998429121294e-07,6.327523789511348e-07,7.043631025254112e-07,1.0206375914875531e-06,8.498832914950284e-07,6.28180855701126e-07,5.068270746060529e-07,3.4498013345934323e-07,2.1855326279988546e-07,1.376235623249655e-07,9.882978165275334e-07,1.0405165240979122e-06,8.292904847403778e-07,6.596612548181311e-07,9.962364469187554e-07,12500.0,7.0
8.358549142825768e-07,9.358030765774627e-07,6.343776147906512e-07,6.568555436857984e-07,1.0318324285735314e-06,8.334636346661424e-07,6.653698969514212e-07,5.248209341278656e-07,1.0364156396688738e-06,8.354934527432883e-07,6.600273308929814e-07,5.415906067704378e-07,4.7621959610344144e-07,6.482416284161733e-07,7.064122988017269e-07,1.0189985466371677e-06,8.547425617260262e-07,6.337204944544859e-07,5.10197894978788e-07,3.4660894579024986e-07,2.1982071408758695e-07,1.38483763959944e-07,9.937770678238709e-07,1.0318324285735314e-06,8.334636346661424e-07,6.653698969514212e-07,9.830459233441702e-07,12500.0,7.25
8.378021275524625e-07,9.349801537577673e-07,6.403371060213362e-07,6.752868297202708e-07,1.0233421644357392e-06,8.390113170643933e-07,6.730975614665769e-07,5.305123872542491e-07,1.030574749624121e-06,8.412646450528919e-07,6.677500341216633e-07,5.481216188789397e-07,4.795469896572909e-07,6.690901750114279e-07,7.153419710939862e-07,1.0168426149871599e-06,8.607774339856581e-07,6.412876209003915e-07,5.154926467159196e-07,3.4912868407027387e-07,2.217308186132758e-07,1.396357590359014e-07,9.993149194020687e-07,1.0233421644357392e-06,8.390113170643933e-07,6.730975614665769e-07,9.71450470893829e-07,12500.0,7.5
8.438951759143976e-07,9.388707725518554e-07,6.500317015723201e-07,7.034049530870435e-07,1.0191659077188822e-06,8.48468739045924e-07,6.846693198329393e-07,5.394219986897054e-07,1.0284077973398461e-06,8.5090096187534e-07,6.792954095482267e-07,5.579155970078105e-07,4.860332476114897e-07,6.99219213651726e-07,7.346014467502413e-07,1.017616346995407e-06,8.705015578342508e-07,6.525705354520669e-07,5.239253638962705e-07,3.53147934926939e-07,2.2466583614443034e-07,1.413143351200841e-07,1.0076655912736547e-06,1.0191659077188822e-06,8.48468739045924e-07,6.846693198329393e-07,9.661796262481181e-07,12500.0,7.75
8.561919931964328e-07,9.504457583635053e-07,6.638886760042746e-07,7.424110391138089e-07,1.0234048201866083e-06,8.633719893809907e-07,7.005291167070413e-07,5.517905945327445e-07,1.0339685428930817e-06,8.659428298214748e-07,6.950977948738632e-07,5.712146295920455e-07,4.958494639956097e-07,7.399781881668268e-07,7.650026843870854e-07,1.0252969139909084e-06,8.85631591205494e-07,6.67964475129626e-07,5.356965527483327e-07,3.5880850140622883e-07,2.2872542734279595e-07,1.436152078209391e-07,1.02190084995281e-06,1.0234048201866083e-06,8.633719893809907e-07,7.005291167070413e-07,9.711067723926238e-07,12500.0,8.0
8.724538637701528e-07,9.671822465625078e-07,6.799498075633797e-07,7.877254574964677e-07,1.033837346269763e-06,8.813049278758869e-07,7.186681783381138e-07,5.659646894068029e-07,1.045226344545158e-06,8.840303369278752e-07,7.131478131896936e-07,5.862707794557729e-07,5.076004310796084e-07,7.867424134434999e-07,8.02594060046796e-07,1.038100916111744e-06,9.038995487762345e-07,6.854557424328226e-07,5.493038524544289e-07,3.6530135647502086e-07,2.3338436754806063e-07,1.4628863058505683e-07,1.0400869592260238e-06,1.033837346269763e-06,8.813049278758869e-07,7.186681783381138e-07,9.833623190774988e-07,12500.0,8.25
8.849379120683277e-07,9.796008014745629e-07,6.935087431050413e-07,8.293412211676806e-07,1.0399446569634527e-06,8.948639679248842e-07,7.340320047501997e-07,5.785871242687697e-07,1.0517415227337381e-06,8.977065359042444e-07,7.284873216058821e-07,5.995895190573709e-07,5.183682380659863e-07,8.294675552057591e-07,8.37417683223909e-07,1.045925918685075e-06,9.175916849965598e-07,7.005174858023082e-07,5.614504464083963e-07,3.7091571512547185e-07,2.377326252861655e-07,1.4871317861419495e-07,1.0526325212643867e-06,1.0399446569634527e-06,8.948639679248842e-07,7.340320047501997e-07,9.9243672900411e-07,12500.0,8.5
8.917666132068413e-07,9.855981342024658e-07,7.029157050160789e-07,8.628284044698352e-07,1.0397721669532094e-06,9.024313247678437e-07,7.448203591571346e-07,5.882750718844638e-07,1.0516339071634931e-06,9.053463803234295e-07,7.393060233352315e-07,6.097568697912224e-07,5.26757920718926e-07,8.636662194154928e-07,8.658176790050086e-07,1.046913260474055e-06,9.250884014969096e-07,7.113447592324544e-07,5.708708439212047e-07,3.7495582690226417e-07,2.4125813419218456e-07,1.5068638292031714e-07,1.0578668356684872e-06,1.0397721669532094e-06,9.024313247678437e-07,7.448203591571346e-07,9.960384144909143e-07,12500.0,8.75
8.958521960096056e-07,9.88760941788905e-07,7.097353009723147e-07,8.911735608250273e-07,1.0373297035065222e-06,9.068494335367575e-07,7.529259177251573e-07,5.959366275400234e-07,1.0490404062336723e-06,9.098369327087965e-07,7.474632332423963e-07,6.177186417419819e-07,5.336339363527126e-07,8.92572404090341e-07,8.899613323486698e-07,1.0452086381346926e-06,9.294536938958784e-07,7.196006357237411e-07,5.783484680485912e-07,3.7787096690670223e-07,2.442522742395213e-07,1.522878013648734e-07,1.05999833893765e-06,1.0373297035065222e-06,9.068494335367575e-07,7.529259177251573e-07,9.977770984158512e-07,12500.0,9.0
8.983177793441213e-07,9.904043174204351e-07,7.147438649614494e-07,9.15939342919632e-07,1.0339561078693426e-06,9.0927547986433e-07,7.592018313396683e-07,6.021379516551721e-07,1.0453375623149259e-06,9.123223946745227e-07,7.538033556022496e-07,6.241236834309871e-07,5.393092304567082e-07,9.17779419287828e-07,9.113023147781459e-07,1.0421760966321327e-06,9.318780143903414e-07,7.260981334476362e-07,5.844174170713412e-07,3.8000614183276886e-07,2.4682089920651416e-07,1.535866266334857e-07,1.0604199596454024e-06,1.0339561078693426e-06,9.0927547986433e-07,7.592018313396683e-07,9.989939724527516e-07,12500.0,9.25
8.9957655907329e-07,9.910299742288296e-07,7.182330427862302e-07,9.380813894730945e-07,1.0302053183025563e-06,9.100356037881166e-07,7.639905519779122e-07,6.071014137999497e-07,1.041080383851172e-06,9.131385484200591e-07,7.586680658680735e-07,6.292067899268831e-07,5.439769115818556e-07,9.403041263063229e-07,9.306030696073112e-07,1.038346069602489e-06,9.326985603150205e-07,7.311645226191851e-07,5.893266867096078e-07,3.815915346986163e-07,2.4905715730705843e-07,1.5462814449989155e-07,1.0595391647793586e-06,1.0302053183025563e-06,9.100356037881166e-07,7.639905519779122e-07,1.0003355303986797e-06,12500.0,9.5
8.601043034685148e-07,9.778847527368917e-07,6.358269147197177e-07,6.549524270647927e-07,1.103819391216216e-06,8.39088641082728e-07,6.593803953533545e-07,5.248793910376185e-07,1.0920033116805657e-06,8.398846600320989e-07,6.539625412962293e-07,5.38358216675431e-07,4.871471062046462e-07,6.243505737214229e-07,7.682587313147061e-07,1.0535308685023199e-06,8.575167130422701e-07,6.276696456434088e-07,5.109477483411015e-07,3.4695500764666145e-07,2.1946590714551528e-07,1.3740314521726448e-07,9.961970545861515e-07,1.103819391216216e-06,8.39088641082728e-07,6.593803953533545e-07,1.0838825333677124e-06,12750.0,6.0
8.617292556021192e-07,9.77858834941116e-07,6.387462785760609e-07,6.593339500619702e-07,1.1005060436744372e-06,8.434587783025637e-07,6.637922557441917e-07,5.267812447080892e-07,1.091540137616217e-06,8.444684115572038e-07,6.58335353080242e-07,5.409146769938378e-07,4.866117053109932e-07,6.347025868282626e-07,7.579037168679192e-07,1.0560660031926275e-06,8.625439488347503e-07,6.318007771621865e-07,5.127661103684856e-07,3.482059212410075e-07,2.2007860837936674e-07,1.379699040305087e-07,1.0029067602554627e-06,1.1005060436744372e-06,8.434587783025637e-07,6.637922557441917e-07,1.0748849951379986e-06,12750.0,6.25
8.632929847639984e-07,9.7753791231001e-07,6.419912448525743e-07,6.656252254280165e-07,1.0962091540625603e-06,8.479918121688658e-07,6.686251174177123e-07,5.291422134137651e-07,1.0902070717564268e-06,8.492363828681292e-07,6.631301856186461e-07,5.440297672201519e-07,4.86333976181898e-07,6.461321640944783e-07,7.502584994385666e-07,1.0582327362914262e-06,8.677965161514833e-07,6.363498687036586e-07,5.1493887928942e-07,3.495529755248685e-07,2.2080320446400012e-07,1.3858394669877302e-07,1.0097759202313638e-06,1.0962091540625603e-06,8.479918121688658e-07,6.686251174177123e-07,1.0649759096481243e-06,12750.0,6.5
8.645712481103223e-07,9.76738496694718e-07,6.453261166326887e-07,6.735535339899894e-07,1.0907342674411205e-06,8.52380930566399e-07,6.73600036242162e-07,5.318138637952539e-07,1.0877736390316267e-06,8.538866824148742e-07,6.680723987591816e-07,5.475126096813108e-07,4.863658511001107e-07,6.583931581866625e-07,7.455639096124554e-07,1.0596288087531729e-06,8.729603390607698e-07,6.410691904139808e-07,5.17311693224061e-07,3.5090502579444646e-07,2.2164083079203614e-07,1.3924280841916142e-07,1.0164930534060628e-06,1.0907342674411205e-06,8.52380930566399e-07,6.73600036242162e-07,1.0541346113753911e-06,12750.0,6.75
8.655799910684071e-07,9.754569292359846e-07,6.488016268491837e-07,6.831444073633966e-07,1.0839483152802556e-06,8.567455957982611e-07,6.787923411053834e-07,5.347609850363647e-07,1.0841225008724183e-06,8.58522933693463e-07,6.732372511003526e-07,5.513105297912157e-07,4.868150718482038e-07,6.716623690559536e-07,7.435453537130019e-07,1.0600829568565507e-06,8.781404479121441e-07,6.460191272401315e-07,5.199725859839205e-07,3.52281699479026e-07,2.225830094052158e-07,1.3995752826840872e-07,1.0231575684513286e-06,1.0839483152802556e-06,8.567455957982611e-07,6.787923411053834e-07,1.042027251423614e-06,12750.0,7.0
8.664067349819995e-07,9.73742983922244e-07,6.526546440263235e-07,6.950251625019138e-07,1.0757443645198704e-06,8.611657381351761e-07,6.844249213995378e-07,5.382852963134571e-07,1.0790803531304117e-06,8.632172481500296e-07,6.788500302331576e-07,5.556751774597603e-07,4.87903394745775e-07,6.86617653448418e-07,7.444652133035727e-07,1.0592548464513591e-06,8.833568790763775e-07,6.51438323629418e-07,5.231326125123659e-07,3.537926095999066e-07,2.2373883220931493e-07,1.407630097399488e-07,1.0294799670094608e-06,1.0757443645198704e-06,8.611657381351761e-07,6.844249213995378e-07,1.028845875528235e-06,12750.0,7.25
8.676028697656731e-07,9.721531802324618e-07,6.576574404171603e-07,7.11260032990751e-07,1.0666043227088216e-06,8.66034807997449e-07,6.912424206215109e-07,5.43140964224532e-07,1.0728793798103572e-06,8.683433953263322e-07,6.856632323350843e-07,5.613597116710334e-07,4.904409283780753e-07,7.053447716178925e-07,7.508247014724988e-07,1.0570835323803512e-06,8.888773683241174e-07,6.580959756144414e-07,5.276132519847023e-07,3.558449667093116e-07,2.2537226041622077e-07,1.4177168436717324e-07,1.0351897173830358e-06,1.0666043227088216e-06,8.66034807997449e-07,6.912424206215109e-07,1.0158585609515743e-06,12750.0,7.5
8.71467974769845e-07,9.734100509604508e-07,6.655961006546298e-07,7.357814493024451e-07,1.0595178040399583e-06,8.734580360326102e-07,7.010370260467845e-07,5.507042205971546e-07,1.0681724436125654e-06,8.759767915166098e-07,6.954490398989792e-07,5.697550181773535e-07,4.957291210503841e-07,7.319106742771909e-07,7.660564992653422e-07,1.0557814857879786e-06,8.96693043650219e-07,6.676973601027837e-07,5.347486000322095e-07,3.591242428099506e-07,2.278847025110228e-07,1.4321872695483601e-07,1.0419864255029145e-06,1.0595178040399583e-06,8.734580360326102e-07,7.010370260467845e-07,1.0068278136468397e-06,12750.0,7.75
8.80986666022234e-07,9.814601291834732e-07,6.778449431598244e-07,7.716183200745874e-07,1.0594081580195668e-06,8.860282604664406e-07,7.152714215931072e-07,5.618648528613556e-07,1.0696573538818245e-06,8.886915295711598e-07,7.096435044591857e-07,5.818052571154598e-07,5.044638604722235e-07,7.695227484076823e-07,7.930596404298979e-07,1.0597779692321787e-06,9.094673203603329e-07,6.815653509686079e-07,5.453519576119559e-07,3.6414080039928135e-07,2.3154756707974852e-07,1.4528697135207366e-07,1.0534120467559894e-06,1.0594081580195668e-06,8.860282604664406e-07,7.152714215931072e-07,1.0069856466371378e-06,12750.0,8.0
8.966154765506206e-07,9.972357790450438e-07,6.938054952243425e-07,8.17137817510496e-07,1.0681928517613117e-06,9.037151531471794e-07,7.33395980527332e-07,5.759660272893872e-07,1.0793963457965061e-06,9.065315205033962e-07,7.276787974301207e-07,5.968094945816031e-07,5.160845423448961e-07,8.165441271701339e-07,8.30476509049846e-07,1.0712596789501466e-06,9.274552336493435e-07,6.990409810146808e-07,5.588725360230595e-07,3.705498177769207e-07,2.3613040395076792e-07,1.4790569437827417e-07,1.0709675938226023e-06,1.0681928517613117e-06,9.037151531471794e-07,7.33395980527332e-07,1.017544836744635e-06,12750.0,8.25
9.138601430971562e-07,1.0153440110235e-06,7.104887818617206e-07,8.660047519195786e-07,1.0801668095037784e-06,9.21997531693789e-07,7.522238318071656e-07,5.908857742026364e-07,1.0918172504814742e-06,9.2496032601006e-07,7.464410568874347e-07,6.125700528958409e-07,5.287451348995033e-07,8.666816147206542e-07,8.717237386557103e-07,1.084919200967032e-06,9.460728700890943e-07,7.173082585227087e-07,5.732048888822408e-07,3.7732559958975757e-07,2.410803754398338e-07,1.5065230814867315e-07,1.0895394463981115e-06,1.0801668095037784e-06,9.21997531693789e-07,7.522238318071656e-07,1.0325338005249051e-06,12750.0,8.5
9.248709405162556e-07,1.0262623393959882e-06,7.228585556625103e-07,9.067130711706379e-07,1.0849186547755676e-06,9.336739372919717e-07,7.662658282661713e-07,6.028849551206842e-07,1.0966050696448389e-06,9.36726934134789e-07,7.604825677633792e-07,6.251864749588839e-07,5.390497837367236e-07,9.082510069291942e-07,9.065972889447442e-07,1.0907642175992063e-06,9.577970255518336e-07,7.311925603625306e-07,5.848223536571776e-07,3.8246685471004594e-07,2.4524435611133e-07,1.5296936806965246e-07,1.0996912104544164e-06,1.0849186547755676e-06,9.336739372919717e-07,7.662658282661713e-07,1.0413642023185475e-06,12750.0,8.75
9.31223129977486e-07,1.0319851328303812e-06,7.315296037117632e-07,9.397568880008419e-07,1.0847625506037027e-06,9.404220315829127e-07,7.763815482707101e-07,6.120667942732195e-07,1.096257129071154e-06,9.435499809229513e-07,7.706347041671872e-07,6.347492760450767e-07,5.47219427325056e-07,9.419512353558975e-07,9.349413596722878e-07,1.0912811903623041e-06,9.645123916023124e-07,7.41361480840598e-07,5.937577833634955e-07,3.8608861781803583e-07,2.486608142796773e-07,1.5481580922041584e-07,1.1042758156985498e-06,1.0847625506037027e-06,9.404220315829127e-07,7.763815482707101e-07,1.0456900419566642e-06,12750.0,9.0
9.350997046363177e-07,1.0351543021390941e-06,7.378100178639179e-07,9.677578844104874e-07,1.0825129455433078e-06,9.443697391156263e-07,7.840801937692911e-07,6.193604446334089e-07,1.0936989582245887e-06,9.475654866642789e-07,7.783923828706673e-07,6.423021021952202e-07,5.538294478083818e-07,9.704593727531263e-07,9.592162669666647e-07,1.089425974871632e-06,9.68475659237183e-07,7.49223607894975e-07,6.008727657738061e-07,3.8878331037364106e-07,2.515422956817875e-07,1.5628254496309934e-07,1.1062356518408063e-06,1.0825129455433078e-06,9.443697391156263e-07,7.840801937692911e-07,1.048371694895652e-06,12750.0,9.25
9.374488444882479e-07,1.0368521480449042e-06,7.424324924244211e-07,9.923300630849296e-07,1.0793968920613156e-06,9.46456639236781e-07,7.901264234630235e-07,6.252687584427176e-07,1.0900846643480242e-06,9.497134669115449e-07,7.845039835947385e-07,6.483856675368456e-07,5.59278713268933e-07,9.954187711425894e-07,9.807038722965361e-07,1.0863322793287934e-06,9.706186206858975e-07,7.554930251596869e-07,6.066818081731548e-07,3.9069627318007296e-07,2.5401224837895474e-07,1.5745894527367742e-07,1.1065526558456872e-06,1.0793968920613156e-06,9.46456639236781e-07,7.901264234630235e-07,1.0504877791848645e-06,12750.0,9.5
8.894167267193262e-07,1.014235388105771e-06,6.539448924785069e-07,6.953883231674609e-07,1.1453505299938922e-06,8.654506265840029e-07,6.780839224897644e-07,5.385333360324325e-07,1.1318558214737676e-06,8.662153307258807e-07,6.724616298542965e-07,5.526310878106455e-07,4.990525181019683e-07,6.640402817147376e-07,8.106714054988026e-07,1.0907598901852675e-06,8.845234272068821e-07,6.451920009022497e-07,5.240632144679833e-07,3.542424595050983e-07,2.2359365139146145e-07,1.3979150188593707e-07,1.0289355675580852e-06,1.1453505299938922e-06,8.654506265840029e-07,6.780839224897644e-07,1.1285862361701913e-06,13000.0,6.0
8.912083563964457e-07,1.0144413335425861e-06,6.568965147375294e-07,6.996656012538808e-07,1.142380555844891e-06,8.69962195050088e-07,6.825371756105557e-07,5.404241961196575e-07,1.1317566807471638e-06,8.709423064636737e-07,6.76873184363881e-07,5.551617444827307e-07,4.985383055445035e-07,6.745381922633451e-07,7.99794190188563e-07,1.0935759317233613e-06,8.897039480224331e-07,6.493495674341248e-07,5.258744643668206e-07,3.554875051218721e-07,2.2419652427041733e-07,1.4034846806726748e-07,1.0359181480671524e-06,1.142380555844891e-06,8.69962195050088e-07,6.825371756105557e-07,1.1198249429972895e-06,13000.0,6.25
8.929567909046184e-07,1.0143734259217351e-06,6.601733352430134e-07,7.057872231598162e-07,1.138459153905522e-06,8.746681496965609e-07,6.874153015611012e-07,5.427392945023667e-07,1.1308447376549704e-06,8.758847564726406e-07,6.817100572500671e-07,5.582406983868007e-07,4.982608369868658e-07,6.860384072982661e-07,7.915808804200099e-07,1.0961232480142137e-06,8.951487351177023e-07,6.539265015565055e-07,5.280258061962454e-07,3.5682532634316707e-07,2.2489499625864695e-07,1.4094816983483922e-07,1.0431319907281436e-06,1.138459153905522e-06,8.746681496965609e-07,6.874153015611012e-07,1.110158188311372e-06,13000.0,6.5
8.945167554915022e-07,1.0139221814898866e-06,6.636188843525923e-07,7.137532737545432e-07,1.1334540499647886e-06,8.793434250802054e-07,6.925350126878536e-07,5.454747653984594e-07,1.1289305198546977e-06,8.808253945408224e-07,6.867936515046759e-07,5.617791226394394e-07,4.982836552865072e-07,6.9853644714297e-07,7.863961923511998e-07,1.0980684217570245e-06,9.006323440247885e-07,6.587652863811708e-07,5.30440694494897e-07,3.5820888666582905e-07,2.2572045115922333e-07,1.4159719815611452e-07,1.0503549684169774e-06,1.1334540499647886e-06,8.793434250802054e-07,6.925350126878536e-07,1.0996412035382353e-06,13000.0,6.75
8.958399767313546e-07,1.013040932404886e-06,6.671906977096801e-07,7.233604023981624e-07,1.127194673380097e-06,8.840301957004236e-07,6.978571410428662e-07,5.484466126144595e-07,1.1258874245271935e-06,8.857955162473315e-07,6.920819961663268e-07,5.656117845263154e-07,4.987196736860164e-07,7.11972117687507e-07,7.838980428478332e-07,1.099196534429551e-06,9.061877178934551e-07,6.638161688227273e-07,5.331277274266813e-07,3.595773957439425e-07,2.2664115102894363e-07,1.4230059433586027e-07,1.0576436672272619e-06,1.127194673380097e-06,8.840301957004236e-07,6.978571410428662e-07,1.0878756623279542e-06,13000.0,7.0
8.970027156167146e-07,1.0117683406570934e-06,6.710775667244065e-07,7.349952303275686e-07,1.119591659482892e-06,8.888148026198942e-07,7.035829896373724e-07,5.519093785823573e-07,1.1215658031824601e-06,8.908698450510611e-07,6.97780490506599e-07,5.69936194131086e-07,4.997176298972692e-07,7.268122761511706e-07,7.841307152856971e-07,1.099219463241329e-06,9.118539796116622e-07,6.69285431528144e-07,5.36239918093023e-07,3.6104874986795046e-07,2.2773302866278964e-07,1.4307453274937542e-07,1.064809913512723e-06,1.119591659482892e-06,8.888148026198942e-07,7.035829896373724e-07,1.0749739028758633e-06,13000.0,7.25
8.980837693549584e-07,1.0101316506575728e-06,6.756460235524499e-07,7.499887485826313e-07,1.1105609206425445e-06,8.936418946045658e-07,7.100362936744077e-07,5.563204646820947e-07,1.1156894626272578e-06,8.959800362665879e-07,7.042228659925535e-07,5.751705108903904e-07,5.017981367545244e-07,7.444027292172413e-07,7.887835022771004e-07,1.0976408674903571e-06,9.174636121548671e-07,6.755429184698988e-07,5.402620757324126e-07,3.6284848201616525e-07,2.2919119830274284e-07,1.4399461233591337e-07,1.0712216847354235e-06,1.1105609206425445e-06,8.936418946045658e-07,7.100362936744077e-07,1.0615125858122594e-06,13000.0,7.5
9.006159256760657e-07,1.0098925191730962e-06,6.822709241347524e-07,7.715619883556605e-07,1.1019403043497821e-06,8.998835924533156e-07,7.185513904452666e-07,5.627975481739788e-07,1.1097979285364e-06,9.024651820387297e-07,7.127352083599219e-07,5.824564611750519e-07,5.060928578807355e-07,7.680850181662109e-07,8.006259033004706e-07,1.095579586903354e-06,9.242592266971439e-07,6.838993744876912e-07,5.463441773984432e-07,3.655528509363689e-07,2.3135123573013168e-07,1.4525402334838782e-07,1.077647799309035e-06,1.1019403043497821e-06,8.998835924533156e-07,7.185513904452666e-07,1.0500442082103667e-06,13000.0,7.75
9.074441897138983e-07,1.0146332598165625e-06,6.927158747848199e-07,8.037561747245177e-07,1.097922307278022e-06,9.101001967881882e-07,7.309524714847931e-07,5.726089829106584e-07,1.1077200097512952e-06,9.128516140835199e-07,7.251153139708699e-07,5.931002259156023e-07,5.136448462425374e-07,8.020513204482673e-07,8.237910766830479e-07,1.0964567038833916e-06,9.347429794818916e-07,6.960381798818333e-07,5.556495641697041e-07,3.698322347666994e-07,2.345934892233071e-07,1.4708462130106822e-07,1.086708062615274e-06,1.097922307278022e-06,9.101001967881882e-07,7.309524714847931e-07,1.045642775987485e-06,13000.0,8.0
9.207275120095393e-07,1.027356914393935e-06,7.075024855290546e-07,8.471370810781433e-07,1.1027511174518174e-06,9.258895705084785e-07,7.479043438722667e-07,5.85862834983283e-07,1.1136973494286269e-06,9.287979155846936e-07,7.419943762082226e-07,6.072307167972663e-07,5.244984376336656e-07,8.469522256594043e-07,8.588290805189136e-07,1.1044791592543105e-06,9.507724793886191e-07,7.124279277611443e-07,5.68346082842513e-07,3.7576870563850995e-07,2.3890619660892455e-07,1.4953089756709516e-07,1.101650870784898e-06,1.1027511174518174e-06,9.258895705084785e-07,7.479043438722667e-07,1.0520955225107203e-06,13000.0,8.25
9.393443421167907e-07,1.0469996749378317e-06,7.252688135080914e-07,8.989277016064187e-07,1.1159259892094246e-06,9.457335331878798e-07,7.679913406418995e-07,6.015815290155965e-07,1.1273835907905492e-06,9.488005814325802e-07,7.620030512052287e-07,6.238510999426419e-07,5.377784241246801e-07,9.001020348799329e-07,9.024713849782094e-07,1.1194650559847633e-06,9.710036209244847e-07,7.318539934161006e-07,5.83429080740982e-07,3.828941199155521e-07,2.440276936122916e-07,1.5236324384466846e-07,1.1219832820249019e-06,1.1159259892094246e-06,9.457335331878798e-07,7.679913406418995e-07,1.0683336079252993e-06,13000.0,8.5
9.559025941602007e-07,1.0645990543665487e-06,7.412435545419159e-07,9.484826872038883e-07,1.1276504346014836e-06,9.627861545575106e-07,7.860026213500852e-07,6.162965528026427e-07,1.1391397749700972e-06,9.659743792977006e-07,7.799679225269771e-07,6.393526222000867e-07,5.503213852631099e-07,9.507047406048317e-07,9.451835932810222e-07,1.1321609563010691e-06,9.883325847769153e-07,7.494287752836242e-07,5.976250882649873e-07,3.8937355659922126e-07,2.489088911603764e-07,1.5508061124485738e-07,1.139052191649076e-06,1.1276504346014836e-06,9.627861545575106e-07,7.860026213500852e-07,1.0842946351047605e-06,13000.0,8.75
9.655352911198494e-07,1.0741962222759342e-06,7.522637219901361e-07,9.877530789417631e-07,1.131295771330386e-06,9.726860491299727e-07,7.986880234812194e-07,6.273394014848277e-07,1.1425688024031451e-06,9.759625626279538e-07,7.926653055860986e-07,6.508721571648553e-07,5.600877830792001e-07,9.907583140746104e-07,9.79118686060976e-07,1.1363921202717003e-06,9.983135959895417e-07,7.620284884871809e-07,6.083467944137522e-07,3.9389358741227066e-07,2.52883789942617e-07,1.5721392598061172e-07,1.1475707556124304e-06,1.131295771330386e-06,9.726860491299727e-07,7.986880234812194e-07,1.0926961519531038e-06,13000.0,9.0
9.713345073162946e-07,1.079531757720564e-06,7.601372683981628e-07,1.0198958149528547e-06,1.1309560731643698e-06,9.786041511444547e-07,8.081297748268626e-07,6.359397941463264e-07,1.1418739155367063e-06,9.819450440176746e-07,8.021522577529853e-07,6.597976093115274e-07,5.678185973026809e-07,1.0234206815381287e-06,1.0071958945224946e-06,1.1363932783021026e-06,1.0042362353461696e-06,7.715547715109769e-07,6.167269817259426e-07,3.9719051385941687e-07,2.5614206343614333e-07,1.5888953006473193e-07,1.1515545280565e-06,1.1309560731643698e-06,9.786041511444547e-07,8.081297748268626e-07,1.0976296133551662e-06,13000.0,9.25
9.74889256977572e-07,1.0824994174766419e-06,7.659010447958511e-07,1.0472827032652367e-06,1.128712835314202e-06,9.820215445339612e-07,8.154796833508386e-07,6.428439789812308e-07,1.1391224426172659e-06,9.854245397543325e-07,8.095706609192344e-07,6.669396250608244e-07,5.740914762720538e-07,1.0512298448882689e-06,1.0313648930807894e-06,1.1342077763183812e-06,1.0076977339551326e-06,7.79078717553226e-07,6.234541657424804e-07,3.9954684764643887e-07,2.5886656442931507e-07,1.602150009256474e-07,1.153017259491735e-06,1.128712835314202e-06,9.820215445339612e-07,8.154796833508386e-07,1.1010205482145339e-06,13000.0,9.5
9.188153050354118e-07,1.0507468405708765e-06,6.720846474962482e-07,7.369880049749472e-07,1.186979914402083e-06,8.918401980706414e-07,6.968095297051209e-07,5.522029134684518e-07,1.1717883637561607e-06,8.925729772150843e-07,6.909830888950503e-07,5.669266358299714e-07,5.109453022085835e-07,7.049700543693328e-07,8.537801514054707e-07,1.1280861935678022e-06,9.115585061538e-07,6.62739543604914e-07,5.371946156144732e-07,3.615229641110592e-07,2.277235624574096e-07,1.4218075924262525e-07,1.0617170345560541e-06,1.186979914402083e-06,8.918401980706414e-07,6.968095297051209e-07,1.1734903013349375e-06,13250.0,6.0
9.207549937732605e-07,1.0511625610440997e-06,6.750664876626117e-07,7.412188308035615e-07,1.184313499180862e-06,8.964814000798053e-07,7.013005763049276e-07,5.540775129091367e-07,1.1720109574573834e-06,8.974290623430826e-07,6.954304262247804e-07,5.694341801886541e-07,5.10444473656711e-07,7.156475607443425e-07,8.425493073613578e-07,1.1311526006574215e-06,9.168770307494832e-07,6.669229773758001e-07,5.389941281161398e-07,3.627760078448403e-07,2.283204285926706e-07,1.4272904362347557e-07,1.0689440041991366e-06,1.184313499180862e-06,8.964814000798053e-07,7.013005763049276e-07,1.1649466455128676e-06,13250.0,6.25
9.22673810686774e-07,1.0513283022562562e-06,6.783765486707618e-07,7.472428785414938e-07,1.1807290904169118e-06,9.013472572398277e-07,7.062219261396622e-07,5.563769194363939e-07,1.171474620678298e-06,9.025343703800363e-07,7.003076391871953e-07,5.724878685050349e-07,5.101746170722565e-07,7.272704699139064e-07,8.338350790748996e-07,1.1340246194094148e-06,9.224971808423995e-07,6.715270206876833e-07,5.411357161476511e-07,3.6410496796030375e-07,2.2900023564247423e-07,1.4331812253842965e-07,1.0764673626921163e-06,1.1807290904169118e-06,9.013472572398277e-07,7.062219261396622e-07,1.1555150233879525e-06,13250.0,6.5
9.244726920038771e-07,1.0511795367834223e-06,6.819043050520507e-07,7.552025217970038e-07,1.1761398248136585e-06,9.062663032197976e-07,7.114478971684863e-07,5.591048762949149e-07,1.170018086069087e-06,9.077244749557096e-07,7.054932265267019e-07,5.760456609335837e-07,5.101837473743551e-07,7.399748170521937e-07,8.28183698869005e-07,1.1364319329584182e-06,9.282532181361079e-07,6.764495431723281e-07,5.435637178031717e-07,3.654970734573492e-07,2.2981200789090493e-07,1.4395655706364373e-07,1.0841267541055623e-06,1.1761398248136585e-06,9.062663032197976e-07,7.114478971684863e-07,1.1452462063554184e-06,13250.0,6.75
9.260641099826179e-07,1.0506436927686835e-06,6.855632867413502e-07,7.648707132062376e-07,1.1703346613250935e-06,9.112168434690157e-07,7.168806261180074e-07,5.621360336661749e-07,1.167492696156347e-06,9.129638537563393e-07,7.108881852902902e-07,5.799224530820797e-07,5.10621149189122e-07,7.536222842555664e-07,8.253283822531561e-07,1.1381141776300805e-06,9.341076215513768e-07,6.815884333393606e-07,5.4628391274291e-07,3.6688045882695354e-07,2.3071992259679932e-07,1.4465100449704394e-07,1.091899965309161e-06,1.1703346613250935e-06,9.112168434690157e-07,7.168806261180074e-07,1.1338397838500876e-06,13250.0,7.0
9.275491083080214e-07,1.0497846472463146e-06,6.895286052141549e-07,7.764568720601626e-07,1.1632871154876575e-06,9.163426507954911e-07,7.227305564680367e-07,5.656031765684637e-07,1.1638067126633032e-06,9.183908631107498e-07,7.167038405844777e-07,5.842568190639574e-07,5.11603325279225e-07,7.685371787082527e-07,8.250932369214113e-07,1.1388826626845492e-06,9.401728980360465e-07,6.871444463043136e-07,5.493926640822164e-07,3.683317587533303e-07,2.3177142447781716e-07,1.4540611413653582e-07,1.0997776537610216e-06,1.1632871154876575e-06,9.163426507954911e-07,7.227305564680367e-07,1.1212816263617616e-06,13250.0,7.25
9.2882569605922e-07,1.048440277189465e-06,6.939573344865745e-07,7.907985968883845e-07,1.1546851011446228e-06,9.214279461817696e-07,7.291243777100783e-07,5.69777784896176e-07,1.1585424039705998e-06,9.237834377469781e-07,7.230775627501385e-07,5.892743994932811e-07,5.134033214342221e-07,7.855967023514801e-07,8.286274213905243e-07,1.1381087689939546e-06,9.461617899325242e-07,6.932918852472357e-07,5.531768927778868e-07,3.6999098551230916e-07,2.3311266901055863e-07,1.462674050431485e-07,1.1070705676762444e-06,1.1546851011446228e-06,9.214279461817696e-07,7.291243777100783e-07,1.1077883941660528e-06,13250.0,7.5
9.307123702668283e-07,1.0475267760951282e-06,6.997435274711673e-07,8.103326509077454e-07,1.1454611801311803e-06,9.271468406660155e-07,7.368721384638099e-07,5.755007417816155e-07,1.1523239239658567e-06,9.297798408549108e-07,7.308198790517303e-07,5.957952470156531e-07,5.169825740954585e-07,8.073073320872934e-07,8.379184502182017e-07,1.1360771010798388e-06,9.525964026353719e-07,7.008604034620325e-07,5.58525282835303e-07,3.7228818762744267e-07,2.350112892619526e-07,1.4739105204441126e-07,1.1137748580058093e-06,1.1454611801311803e-06,9.271468406660155e-07,7.368721384638099e-07,1.094932489943622e-06,13250.0,7.75
9.35501635371953e-07,1.0498381765698028e-06,7.085868444340091e-07,8.390961233651988e-07,1.1386967963144627e-06,9.355568496863569e-07,7.476630774683884e-07,5.840780435165407e-07,1.1478804550260016e-06,9.383973270268676e-07,7.416038312590325e-07,6.051608240469513e-07,5.234349609264152e-07,8.378606746517043e-07,8.573859689331555e-07,1.1350299086417166e-06,9.614087454649087e-07,7.114643599840496e-07,5.666385964886867e-07,3.7587320293128966e-07,2.3787321032163588e-07,1.4901097015014173e-07,1.1215374943300731e-06,1.1386967963144627e-06,9.355568496863569e-07,7.476630774683884e-07,1.0869555983602086e-06,13250.0,8.0
9.460759479944747e-07,1.0591242170972176e-06,7.218103065425807e-07,8.79360368442434e-07,1.1392788054508152e-06,9.490722468459462e-07,7.63037195852598e-07,5.961884802902701e-07,1.149863589851603e-06,9.520713544316544e-07,7.569282386738317e-07,6.180999267139277e-07,5.33281188317617e-07,8.79640400056004e-07,8.891539759681594e-07,1.1394332739550715e-06,9.751425191395186e-07,7.263998010558638e-07,5.782307091173147e-07,3.812215195662839e-07,2.4183138507868633e-07,1.5123893302158146e-07,1.1337098599988421e-06,1.1392788054508152e-06,9.490722468459462e-07,7.63037195852598e-07,1.088802659579794e-06,13250.0,8.25
9.633641299171516e-07,1.0769636116799799e-06,7.390539824985426e-07,9.304745529117641e-07,1.1499013781853013e-06,9.679683598284137e-07,7.826485495600076e-07,6.115408181832106e-07,1.1611150567799246e-06,9.71123325748669e-07,7.764672415272645e-07,6.343502115762231e-07,5.462046415374366e-07,9.321445844159368e-07,9.318394966658059e-07,1.152166748114e-06,9.943596422830273e-07,7.453850781412747e-07,5.929567817772711e-07,3.88117176378357e-07,2.468000195183904e-07,1.5398148413753908e-07,1.1524919086449847e-06,1.1499013781853013e-06,9.679683598284137e-07,7.826485495600076e-07,1.1024450485795393e-06,13250.0,8.5
9.838691552208622e-07,1.09933176431492e-06,7.575699908178155e-07,9.866430389074358e-07,1.1664941582065214e-06,9.88866283160637e-07,8.034799827185206e-07,6.281447394177394e-07,1.177780366973085e-06,9.921707739842379e-07,7.972180363488991e-07,6.518585360658022e-07,5.603090839999813e-07,9.89530974815925e-07,9.803194862061629e-07,1.1697059675862628e-06,1.015718694112582e-06,7.65567632177653e-07,6.089429061202084e-07,3.954998714106273e-07,2.521861910342834e-07,1.5695775018159776e-07,1.1746235116264097e-06,1.1664941582065214e-06,9.88866283160637e-07,8.034799827185206e-07,1.1233689388975232e-06,13250.0,8.75
9.98399898519068e-07,1.114819904782259e-06,7.718461986622594e-07,1.0344040281110005e-06,1.1761132025716713e-06,1.0035193956047393e-06,8.197336008151744e-07,6.416924106717317e-07,1.1871709535216537e-06,1.0069438907574393e-06,8.134466396053641e-07,6.660277886767908e-07,5.721686203706035e-07,1.038219631335398e-06,1.021920168296249e-06,1.179799472404893e-06,1.0306511676001694e-06,7.815070025030845e-07,6.220517627438856e-07,4.012594650222405e-07,2.568476724136196e-07,1.5947875215241328e-07,1.1891634146614756e-06,1.1761132025716713e-06,1.0035193956047393e-06,8.197336008151744e-07,1.138070575666733e-06,13250.0,9.0
1.0068127710858338e-06,1.1232089259405854e-06,7.81659630240549e-07,1.0717117117951633e-06,1.1786639466523159e-06,1.0120167901161049e-06,8.312955854074312e-07,6.518432860154703e-07,1.1893229972684864e-06,1.0155345707591123e-06,8.250358055135346e-07,6.765835957347604e-07,5.812275971259874e-07,1.0760909782465156e-06,1.054869144406498e-06,1.1826308135305365e-06,1.0392528380176862e-06,7.930377790582553e-07,6.319286991869493e-07,4.0530254218417897e-07,2.6055738534675664e-07,1.6140228833577057e-07,1.1962126929310135e-06,1.1786639466523159e-06,1.0120167901161049e-06,8.312955854074312e-07,1.1462624003641188e-06,13250.0,9.25
1.011993092621667e-06,1.1280165632732013e-06,7.887690846663489e-07,1.1026472930602066e-06,1.1780506209694673e-06,1.0170151270053087e-06,8.401437105244469e-07,6.598922441155032e-07,1.188163084328382e-06,1.0205992829018122e-06,8.339415196807879e-07,6.849262146306226e-07,5.88486395642357e-07,1.1074750733514665e-06,1.082326294735613e-06,1.1819910374738733e-06,1.0443187924685747e-06,8.01994431319169e-07,6.397411435551919e-07,4.081698020768554e-07,2.6360403730796676e-07,1.6291001985446236e-07,1.1993847298889334e-06,1.1780506209694673e-06,1.0170151270053087e-06,8.401437105244469e-07,1.1516878517006229e-06,13250.0,9.5
9.483318218074224e-07,1.0874632192013224e-06,6.902553867602619e-07,7.797598994803631e-07,1.2287693376554822e-06,9.183008583944978e-07,7.155715147069817e-07,5.658829763580619e-07,1.211857134712483e-06,9.190037162833851e-07,7.095405360459776e-07,5.812493960387952e-07,5.228133804393037e-07,7.471550771333799e-07,8.976225163403712e-07,1.1655667945672708e-06,9.386731697759255e-07,6.803235375929243e-07,5.503427131014861e-07,3.6881514790469277e-07,2.3185772738261262e-07,1.4457232827119603e-07,1.0946152091472597e-06,1.2287693376554822e-06,9.183008583944978e-07,7.155715147069817e-07,1.2186159116800756e-06,13500.0,6.0
9.503933746835607e-07,1.0880531484833918e-06,6.932619738525705e-07,7.83966212334812e-07,1.2263335457293882e-06,9.230445078267971e-07,7.200890572829761e-07,5.677516497607683e-07,1.2123454241839557e-06,9.239627238002605e-07,7.140123755561423e-07,5.837402296073562e-07,5.223300261147164e-07,7.580195233201394e-07,8.861209396649469e-07,1.168813777050703e-06,9.440985182439405e-07,6.845233594226239e-07,5.521309779813059e-07,3.700613851932265e-07,2.324510339245002e-07,1.4511398739848106e-07,1.1020344537567658e-06,1.2263335457293882e-06,9.230445078267971e-07,7.200890572829761e-07,1.210269203632787e-06,13500.0,6.25
9.524624936986247e-07,1.0884291067708332e-06,6.966016857176877e-07,7.899444167986232e-07,1.2230489002551474e-06,9.28047232230387e-07,7.250480368819185e-07,5.700394303936938e-07,1.2121316430840366e-06,9.292060151301445e-07,7.189248267455619e-07,5.867686496495722e-07,5.220663047635265e-07,7.698061999071776e-07,8.771072600979128e-07,1.171958147409899e-06,9.498662722135815e-07,6.891508346771589e-07,5.542496338200242e-07,3.713822339436684e-07,2.3311784050018583e-07,1.456950726275771e-07,1.1098121138806283e-06,1.2230489002551474e-06,9.28047232230387e-07,7.250480368819185e-07,1.201080572802708e-06,13500.0,6.5
9.544659828561671e-07,1.0885469396700445e-06,7.001926690721577e-07,7.978987189768047e-07,1.2188344443568788e-06,9.331691835069751e-07,7.30351292012725e-07,5.727705803666292e-07,1.2110871704641772e-06,9.346021701962787e-07,7.241841163357419e-07,5.903222069951171e-07,5.221048713207177e-07,7.82694719775704e-07,8.709411584793285e-07,1.174762510580682e-06,9.558452815575485e-07,6.941307646951113e-07,5.566960291000729e-07,3.7278022550852793e-07,2.3391165176287952e-07,1.4632257303195317e-07,1.1178337912956657e-06,1.2188344443568788e-06,9.331691835069751e-07,7.30351292012725e-07,1.1910426873990042e-06,13500.0,6.75
9.563185697835594e-07,1.0883384180065364e-06,7.039531592030654e-07,8.076898369437889e-07,1.2134485501137502e-06,9.383850846433818e-07,7.359173848822991e-07,5.758261856097564e-07,1.2090349355947073e-06,9.401126548774121e-07,7.297075988801419e-07,5.942525467489583e-07,5.224880902865696e-07,7.966364799546313e-07,8.677275157374492e-07,1.1769505421568564e-06,9.619987351669242e-07,6.993778277466024e-07,5.594348166007839e-07,3.741754635383148e-07,2.3481529463214303e-07,1.4701190861443143e-07,1.1260698405295692e-06,1.2134485501137502e-06,9.383850846433818e-07,7.359173848822991e-07,1.1799400545727831e-06,13500.0,7.0
9.58144701174843e-07,1.0879168846039532e-06,7.080274601939751e-07,8.193506858371986e-07,1.2069750496189277e-06,9.438510482648985e-07,7.419111614476526e-07,5.793296464068347e-07,1.2059886313072543e-06,9.458919447847086e-07,7.356601920740433e-07,5.986215932698688e-07,5.234876449945717e-07,8.117505558330363e-07,8.671924042565684e-07,1.1784203631553165e-06,9.684595967791775e-07,7.050382615380766e-07,5.625783589434863e-07,3.75637620309253e-07,2.358382933180162e-07,1.4775178574129303e-07,1.1345901433423106e-06,1.2069750496189277e-06,9.438510482648985e-07,7.419111614476526e-07,1.167784371494212e-06,13500.0,7.25
9.596210980581693e-07,1.0868509457969877e-06,7.12399004682596e-07,8.333180973694908e-07,1.19878468337283e-06,9.491705546551431e-07,7.483033142963433e-07,5.833751728673767e-07,1.201252917469548e-06,9.515380327185843e-07,7.42024966794402e-07,6.035175871054388e-07,5.251472166492934e-07,8.285375891670005e-07,8.699871361099995e-07,1.1783257964918926e-06,9.747722555802267e-07,7.111428153154986e-07,5.662336642934386e-07,3.7720522708989854e-07,2.370981018480391e-07,1.4857480384297615e-07,1.1425829001220427e-06,1.19878468337283e-06,9.491705546551431e-07,7.483033142963433e-07,1.1544019119278782e-06,13500.0,7.5
9.613231827893416e-07,1.0858044987749342e-06,7.177058481703389e-07,8.515270501457299e-07,1.1895253068151103e-06,9.5480286712675e-07,7.556547434240221e-07,5.886144690505355e-07,1.195245453724014e-06,9.57468987309681e-07,7.493666497804665e-07,6.095577024435636e-07,5.282344927406204e-07,8.490140367030778e-07,8.774427996657879e-07,1.1767894100500728e-06,9.812486141277323e-07,7.182861466129707e-07,5.711039224537217e-07,3.792359782021561e-07,2.38812189205896e-07,1.4960085013682372e-07,1.1499245175098078e-06,1.1895253068151103e-06,9.5480286712675e-07,7.556547434240221e-07,1.1409490149258698e-06,13500.0,7.75
9.648081941513889e-07,1.0866178142342767e-06,7.253049532209422e-07,8.773922995908435e-07,1.1811659473196735e-06,9.621115193181704e-07,7.652678535273202e-07,5.961590320979842e-07,1.1895487756687594e-06,9.6501908813611e-07,7.589768577739275e-07,6.178631490573128e-07,5.337408062241319e-07,8.766987774630554e-07,8.936122782140859e-07,1.1749270552107841e-06,9.891198025345498e-07,7.277283790886312e-07,5.782132476660713e-07,3.8227664881705716e-07,2.4133641319946903e-07,1.510363479035083e-07,1.1573153435166772e-06,1.1811659473196735e-06,9.621115193181704e-07,7.652678535273202e-07,1.1304643233360655e-06,13500.0,8.0
9.729567105473257e-07,1.09288144937311e-06,7.369712950987067e-07,9.143987163569918e-07,1.178116658244584e-06,9.735292529281119e-07,7.790519193804242e-07,6.071334213184041e-07,1.188222990349701e-06,9.76614906284164e-07,7.727329848891919e-07,6.296196681619734e-07,5.425952384991842e-07,9.152139166426076e-07,9.219934135863998e-07,1.1763902347319004e-06,1.0008003740003645e-06,7.411946298395459e-07,5.887080592324414e-07,3.8699969328356255e-07,2.4494394805887323e-07,1.5305776482134142e-07,1.1673647686244354e-06,1.178116658244584e-06,9.735292529281119e-07,7.790519193804242e-07,1.1280864755938402e-06,13500.0,8.25
9.878267521162385e-07,1.1075915092900046e-06,7.529759621932748e-07,9.631376142445575e-07,1.184720610331854e-06,9.904671473572277e-07,7.974122469421501e-07,6.215886340014335e-07,1.195647239896348e-06,9.937083554409167e-07,7.910362854991362e-07,6.449410066406281e-07,5.54717412530929e-07,9.653426834592774e-07,9.621771771112923e-07,1.1855948725393721e-06,1.017996623385638e-06,7.590134802647858e-07,6.025638363572004e-07,3.9335743608497184e-07,2.496237805456924e-07,1.556356917481145e-07,1.1834733203575946e-06,1.184720610331854e-06,9.904671473572277e-07,7.974122469421501e-07,1.1375700353049053e-06,13500.0,8.5
1.0088910859578866e-06,1.1305235675657903e-06,7.720534618443857e-07,1.0212802510090585e-06,1.2014737227263244e-06,1.012105600143755e-06,8.189306786088023e-07,6.386257164741986e-07,1.2125150498526002e-06,1.0155038842536505e-06,8.124673051889465e-07,6.629171760913365e-07,5.691536269654267e-07,1.024780667737425e-06,1.0121744019779667e-06,1.2034065936245499e-06,1.040112656317639e-06,7.798344547897901e-07,6.189560823251424e-07,4.009531320712755e-07,2.550993238021686e-07,1.5863983863846648e-07,1.2063440307112369e-06,1.2014737227263244e-06,1.012105600143755e-06,8.189306786088023e-07,1.1587018652716277e-06,13500.0,8.75
1.0290641389685216e-06,1.1528873255613047e-06,7.89893841809152e-07,1.078463773405917e-06,1.2182135086434066e-06,1.032180469874904e-06,8.39104640536209e-07,6.548495258065172e-07,1.229039234689553e-06,1.0357488433180032e-06,8.325703853510015e-07,6.799196672720343e-07,5.832440181206078e-07,1.0830629666982827e-06,1.0621861882113053e-06,1.2205171675594304e-06,1.0607455118446766e-06,7.994134871575172e-07,6.346146017193818e-07,4.080568275122624e-07,2.604908830018384e-07,1.6155591508921383e-07,1.2280362379245326e-06,1.2182135086434066e-06,1.032180469874904e-06,8.39104640536209e-07,1.1807933174693759e-06,13500.0,9.0
1.0412227765068301e-06,1.1657520475109529e-06,8.022893663097125e-07,1.1227377930680452e-06,1.2251540346332764e-06,1.0443937269192175e-06,8.534980991411227e-07,6.670214531172069e-07,1.2355186231787836e-06,1.0480566015324576e-06,8.469643732701547e-07,6.926074637211778e-07,5.940167766820071e-07,1.1280087354573201e-06,1.1015450363997636e-06,1.2276001759780895e-06,1.0731510352100029e-06,8.136070890176997e-07,6.464060197026404e-07,4.1302953217289375e-07,2.6476937486292145e-07,1.6380761759295138e-07,1.2394953424145557e-06,1.2251540346332764e-06,1.0443937269192175e-06,8.534980991411227e-07,1.1938012784054227e-06,13500.0,9.25
1.048534025834634e-06,1.1730401626339805e-06,8.110154498445199e-07,1.158040961572491e-06,1.2268423412187094e-06,1.0515102492297444e-06,8.641100477578228e-07,6.763984580706806e-07,1.2366051638785506e-06,1.0552481219083362e-06,8.576217371347088e-07,7.023446952093082e-07,6.02412806218108e-07,1.1637954566949486e-06,1.133122016552591e-06,1.2291889151709047e-06,1.0803833436519732e-06,8.242458539313657e-07,6.555078601944631e-07,4.1653609495219406e-07,2.6819861065583407e-07,1.6553139374990235e-07,1.2450963193276866e-06,1.2268423412187094e-06,1.0515102492297444e-06,8.641100477578228e-07,1.2018907032294777e-06,13500.0,9.5
9.780107811474166e-07,1.1244348724221863e-06,7.084880212062245e-07,8.237048638561903e-07,1.2707596999992359e-06,9.448775668149591e-07,7.344044406838119e-07,5.795983773280155e-07,1.2521216701039003e-06,9.45552518795258e-07,7.281672567457503e-07,5.956164300775605e-07,5.346822032781782e-07,7.906078455721115e-07,9.421926971904647e-07,1.2032521695833768e-06,9.659131789666813e-07,6.97969762235524e-07,5.635211043836959e-07,3.7610603797680805e-07,2.3599549547793496e-07,1.4697002088890842e-07,1.1276801070568628e-06,1.2707596999992359e-06,9.448775668149591e-07,7.344044406838119e-07,1.2640530721424147e-06,13750.0,6.0
9.80172659506574e-07,1.1251766489894628e-06,7.115031625372717e-07,8.278881406153311e-07,1.2685443449759166e-06,9.496995500037693e-07,7.389321837231997e-07,5.814534683290178e-07,1.2528447700580977e-06,9.505900476749883e-07,7.326477922913726e-07,5.980694324646243e-07,5.342032041189634e-07,8.016367439434625e-07,9.304963718309025e-07,1.206661547285295e-06,9.714197486476325e-07,7.021710524994265e-07,5.652724237656725e-07,3.773388253802827e-07,2.3658245042007944e-07,1.4750368682702367e-07,1.1352559049637362e-06,1.2685443449759166e-06,9.496995500037693e-07,7.389321837231997e-07,1.255901158297953e-06,13750.0,6.25
9.823665632482356e-07,1.1257272343466044e-06,7.148706384324287e-07,8.338614217444753e-07,1.2655045148218624e-06,9.548121788357696e-07,7.439221264423497e-07,5.837388345522795e-07,1.2529032739490132e-06,9.559439954843947e-07,7.375889552449926e-07,6.010867760639745e-07,5.33972494208982e-07,8.136012068894754e-07,9.210877348505254e-07,1.2100073030100394e-06,9.773044492290471e-07,7.068172719247192e-07,5.674150442267162e-07,3.786615141428316e-07,2.3724060080473173e-07,1.4807784249830553e-07,1.143235858981557e-06,1.2655045148218624e-06,9.548121788357696e-07,7.439221264423497e-07,1.2468539477006699e-06,13750.0,6.5
9.84538462842039e-07,1.126064820795493e-06,7.185189791998345e-07,8.418632657966906e-07,1.2615663107434756e-06,9.600988466626474e-07,7.49301974530505e-07,5.864576770124859e-07,1.2521871996787284e-06,9.615074807030723e-07,7.42922012274184e-07,6.04637770644675e-07,5.34003585576581e-07,8.267302307837714e-07,9.146177254509477e-07,1.213119766790357e-06,9.834642440535967e-07,7.118573730273873e-07,5.698440027927952e-07,3.8006643465881007e-07,2.3802546451886584e-07,1.4869917452439865e-07,1.151545422539228e-06,1.2615663107434756e-06,9.600988466626474e-07,7.49301974530505e-07,1.2370310701229617e-06,13750.0,6.75
9.865978619131826e-07,1.126119342308506e-06,7.223530929586495e-07,8.51734870656312e-07,1.2565464126661154e-06,9.655195267811505e-07,7.549596958095665e-07,5.895434308511726e-07,1.2505298443141895e-06,9.672260216184254e-07,7.485338492438325e-07,6.085954259216687e-07,5.343870745902498e-07,8.409078550997903e-07,9.110330617852168e-07,1.215719971395593e-06,9.898453085394762e-07,7.171787921451945e-07,5.726056334293613e-07,3.8148328298767773e-07,2.3891999676288103e-07,1.4937994423809563e-07,1.1601464754902326e-06,1.2565464126661154e-06,9.655195267811505e-07,7.549596958095665e-07,1.2261814849666744e-06,13750.0,7.0
9.886291737094557e-07,1.1259633565976893e-06,7.264777770242501e-07,8.634382087808349e-07,1.2504262551390258e-06,9.712077581382886e-07,7.610386290746996e-07,5.930130891210317e-07,1.2478916135873027e-06,9.732330233620129e-07,7.545670256415636e-07,6.129431351730804e-07,5.353314166684697e-07,8.561991311854577e-07,9.101361557055312e-07,1.21766026435266e-06,9.965611283961278e-07,7.229009911328094e-07,5.75739524848467e-07,3.829266337424796e-07,2.399218734207623e-07,1.5010797425829356e-07,1.1690834739994508e-06,1.2504262551390258e-06,9.712077581382886e-07,7.610386290746996e-07,1.2142550954141752e-06,13750.0,7.25
9.904370286252748e-07,1.1253292009735135e-06,7.30914680881081e-07,8.773298217890475e-07,1.242808763324384e-06,9.768803208933035e-07,7.675414062410902e-07,5.97047163616918e-07,1.2438126557435e-06,9.792436075440346e-07,7.610348779971931e-07,6.178409424772531e-07,5.369642653717464e-07,8.730142315221864e-07,9.123505605897808e-07,1.2183269270267883e-06,1.0032946871375714e-06,7.290771662564337e-07,5.79369236719808e-07,3.844838718631669e-07,2.4112859129160974e-07,1.5090371557099474e-07,1.1778094048285835e-06,1.242808763324384e-06,9.768803208933035e-07,7.675414062410902e-07,1.201163505208992e-06,13750.0,7.5
9.922230845885116e-07,1.1244488743357063e-06,7.359911493777999e-07,8.947625134497157e-07,1.2338402997307246e-06,9.826515700932317e-07,7.747333500617453e-07,6.020037874994257e-07,1.238284160024422e-06,9.853384378481581e-07,7.682106439597916e-07,6.236088934346471e-07,5.397389984440902e-07,8.927989590329029e-07,9.187116389492966e-07,1.217487905416623e-06,1.0100339815304641e-06,7.360237779591985e-07,5.839413452145445e-07,3.863148254395286e-07,2.427109258347404e-07,1.5185873066430145e-07,1.1859647889303506e-06,1.2338402997307246e-06,9.826515700932317e-07,7.747333500617453e-07,1.187531562999205e-06,13750.0,7.75
9.94993696415225e-07,1.1244869351449681e-06,7.427282229848402e-07,9.18401804550133e-07,1.2247444319676683e-06,9.893804759707343e-07,7.835621725816905e-07,6.087840211840541e-07,1.2321540613252407e-06,9.923372208037448e-07,7.770349294189474e-07,6.311389863565218e-07,5.445198635346311e-07,9.183227417571478e-07,9.323203865813572e-07,1.2155423037276323e-06,1.0174842416808715e-06,7.446674338672075e-07,5.90303193226064e-07,3.889478236422507e-07,2.449645756795453e-07,1.5314904816898117e-07,1.1935875158944863e-06,1.2247444319676683e-06,9.893804759707343e-07,7.835621725816905e-07,1.1755696228503539e-06,13750.0,8.0
1.001163171806405e-06,1.12836980881594e-06,7.528688590748721e-07,9.520477570417607e-07,1.2189520318001976e-06,9.990976511426433e-07,7.958285872925885e-07,6.185909327868581e-07,1.228453348987424e-06,1.0022679287480595e-06,7.89288950161974e-07,6.416839777335423e-07,5.523296806726821e-07,9.534719563264206e-07,9.570883378216606e-07,1.2150621078324514e-06,1.0275981497774342e-06,7.566797782833248e-07,5.996657304781135e-07,3.9301745821522255e-07,2.4821164926064704e-07,1.5496611491330385e-07,1.2024271508802497e-06,1.2189520318001976e-06,9.990976511426433e-07,7.958285872925885e-07,1.1696233935453914e-06,13750.0,8.25
1.0135329740695764e-06,1.1398777920441516e-06,7.675011019535923e-07,9.980339894457612e-07,1.2215291495683428e-06,1.0139737147671473e-06,8.127851467447379e-07,6.320709606360626e-07,1.2320723601033687e-06,1.0173041579865297e-06,8.062068365481824e-07,6.559842006265249e-07,5.636102214426103e-07,1.0008305033668955e-06,9.944803174520685e-07,1.220781296123085e-06,1.0426878824793045e-06,7.732067440035561e-07,6.125909051362503e-07,3.9886941975501815e-07,2.525838973193434e-07,1.573706792092757e-07,1.2158897323319455e-06,1.2215291495683428e-06,1.0139737147671473e-06,8.127851467447379e-07,1.1748121248494132e-06,13750.0,8.5
1.0331638898205965e-06,1.1608811319143918e-06,7.85984774748421e-07,1.0552868811539224e-06,1.235602090355832e-06,1.0345549562168022e-06,8.3375742781504e-07,6.486808655693175e-07,1.2463663056553103e-06,1.0380415919081818e-06,8.270969165237325e-07,6.735234971749718e-07,5.77647445313182e-07,1.0593954362754934e-06,1.0433802942771142e-06,1.2362112365711999e-06,1.0636901687840247e-06,7.93519558658326e-07,6.28562798546576e-07,4.0620273521250325e-07,2.579128398130239e-07,1.6026661700636355e-07,1.2370859910350804e-06,1.235602090355832e-06,1.0345549562168022e-06,8.3375742781504e-07,1.1932580336112797e-06,13750.0,8.75
1.0566682975144542e-06,1.1872763109229727e-06,8.059938949779223e-07,1.1185591854243153e-06,1.2563466818044301e-06,1.057904847268034e-06,8.563512832839044e-07,6.66534221692663e-07,1.266906488008142e-06,1.0615843843276478e-06,8.495943728875226e-07,6.922577037620486e-07,5.930780170080812e-07,1.1239083512059182e-06,1.098698455898275e-06,1.2573079520739598e-06,1.0877422895231544e-06,8.153457519799222e-07,6.457643282002168e-07,4.140483516531218e-07,2.637162909995123e-07,1.6341336565352764e-07,1.2629647138532654e-06,1.2563466818044301e-06,1.057904847268034e-06,8.563512832839044e-07,1.2195851012621478e-06,13750.0,9.0
1.074020975289729e-06,1.2064533052710505e-06,8.217537494702052e-07,1.1720055434080624e-06,1.2697237990630738e-06,1.0751624470769524e-06,8.744280412020821e-07,6.812759709420409e-07,1.2797575364088197e-06,1.07895346360742e-06,8.676313796120155e-07,7.076573353309697e-07,6.060194495923229e-07,1.178192446124013e-06,1.1463881530834663e-06,1.2706228761353643e-06,1.1053695332047757e-06,8.329777058647266e-07,6.600281435961552e-07,4.203201260516963e-07,2.68718081111832e-07,1.6604996606700826e-07,1.2807365585887996e-06,1.2697237990630738e-06,1.0751624470769524e-06,8.744280412020821e-07,1.239469044864839e-06,13750.0,9.25
1.0842361151346784e-06,1.2172058993971378e-06,8.325363697629086e-07,1.2130473838919516e-06,1.2747521908468873e-06,1.0851496350184432e-06,8.872880148940189e-07,6.923000229911595e-07,1.284102518898383e-06,1.0890130740435515e-06,8.805225707498409e-07,7.191280449239465e-07,6.15819894501455e-07,1.2197853597229218e-06,1.1832728655592797e-06,1.2754043047468728e-06,1.1155188227614822e-06,8.457495747249249e-07,6.706931679435321e-07,4.245986614983979e-07,2.726111899678866e-07,1.680452017069035e-07,1.2896692785735123e-06,1.2747521908468873e-06,1.0851496350184432e-06,8.872880148940189e-07,1.251414989394519e-06,13750.0,9.5
1.007860140120465e-06,1.1616667901873324e-06,7.267906521662943e-07,8.687895550514222e-07,1.312963512480736e-06,9.715713964006196e-07,7.533243332982725e-07,5.933524802953985e-07,1.292594916332644e-06,9.722193367425504e-07,7.468796681775725e-07,6.100309588210283e-07,5.465516032430146e-07,8.352833971355909e-07,9.874730677222183e-07,1.2411490834281094e-06,9.932813438086694e-07,7.156931963233946e-07,5.76727558509948e-07,3.834072990052045e-07,2.401368572807987e-07,1.493719425616072e-07,1.160915205136004e-06,1.312963512480736e-06,9.715713964006196e-07,7.533243332982725e-07,1.3098059600038923e-06,14000.0,6.0
1.0101194657585346e-06,1.1625526216942274e-06,7.298241425533367e-07,8.729869194248355e-07,1.3109453917265828e-06,9.764714479447771e-07,7.578664238207909e-07,5.952050666217766e-07,1.2935317061847718e-06,9.77334699455289e-07,7.513735998026588e-07,6.124733779994968e-07,5.460968432444834e-07,8.46499788317459e-07,9.756483661412617e-07,1.2446958076366982e-06,9.988668091053644e-07,7.199023978239743e-07,5.784819101424676e-07,3.8463877200769643e-07,2.407198759917941e-07,1.4989882487580132e-07,1.1686360601272007e-06,1.3109453917265828e-06,9.764714479447771e-07,7.578664238207909e-07,1.3018064041041845e-06,14000.0,6.25
1.0124247614857568e-06,1.1632627467172011e-06,7.332120775822207e-07,8.789806251317117e-07,1.3081204010731201e-06,9.816810594246035e-07,7.628862697482852e-07,5.974788573449214e-07,1.2938299938891206e-06,9.827857876353416e-07,7.563428889302781e-07,6.154594631647556e-07,5.458547713082498e-07,8.586694549416937e-07,9.66041839578471e-07,1.2482226490009795e-06,1.0048529163516527e-06,7.245690652101859e-07,5.805968900334662e-07,3.859583618045824e-07,2.413749187530772e-07,1.5046800055558394e-07,1.1767947823309843e-06,1.3081204010731201e-06,9.816810594246035e-07,7.628862697482852e-07,1.2929464123225793e-06,14000.0,6.5
1.0147345659839437e-06,1.16378726577628e-06,7.368973726221242e-07,8.870135105912688e-07,1.304438317642394e-06,9.871013550635664e-07,7.683092763214359e-07,6.001833841713098e-07,1.2934031676634683e-06,9.884835407272506e-07,7.617168138389349e-07,6.190035317752566e-07,5.459020705537618e-07,8.719871943005226e-07,9.591924104134813e-07,1.2515984812347894e-06,1.0111572066518466e-06,7.296396558786562e-07,5.830139337242641e-07,3.873552396242144e-07,2.4214696386918193e-07,1.510799303432542e-07,1.1853511164256862e-06,1.304438317642394e-06,9.871013550635664e-07,7.683092763214359e-07,1.2832835131588414e-06,14000.0,6.75
1.016975414585514e-06,1.1640787786152296e-06,7.407918158665563e-07,8.969685414522058e-07,1.2997256051411348e-06,9.926984035861498e-07,7.740455226726427e-07,6.032815190263341e-07,1.2921015181834378e-06,9.94378723419009e-07,7.674053192594356e-07,6.229759444643244e-07,5.462923694628097e-07,8.864017232070114e-07,9.552313698618488e-07,1.2545553936997279e-06,1.0177318886072177e-06,7.350226155935967e-07,5.857981565404033e-07,3.887778731543565e-07,2.430329706571471e-07,1.5175173356483956e-07,1.1942657279002243e-06,1.2997256051411348e-06,9.926984035861498e-07,7.740455226726427e-07,1.272660016821194e-06,14000.0,7.0
1.0193060152356414e-06,1.1643035009725327e-06,7.450425286748017e-07,9.089451862588501e-07,1.294102235494529e-06,9.98677811422912e-07,7.802693058178139e-07,6.068052240138704e-07,1.2899812743718504e-06,1.000683692090064e-06,7.735781570175148e-07,6.273863814849528e-07,5.472604730000292e-07,9.021022991675974e-07,9.542452212899937e-07,1.257025461512899e-06,1.0247665643439688e-06,7.408664060808076e-07,5.88980943007526e-07,3.9025697090874647e-07,2.4403544771840396e-07,1.5247612664317136e-07,1.2036763190612233e-06,1.294102235494529e-06,9.98677811422912e-07,7.802693058178139e-07,1.2611182725748852e-06,14000.0,7.25
1.0212684045788668e-06,1.1638722819434866e-06,7.494786227950124e-07,9.227010326018226e-07,1.2867840025138133e-06,1.004529441863993e-06,7.868045820157088e-07,6.107761868180079e-07,1.286269337063383e-06,1.0068760275851304e-06,7.800741473916166e-07,6.322301898258041e-07,5.488065622071689e-07,9.188784055711836e-07,9.5593289759553e-07,1.2581600140354097e-06,1.0317204729889183e-06,7.470580321793922e-07,5.925410714177812e-07,3.9178107190260254e-07,2.4519194056706387e-07,1.5324998800015134e-07,1.2128229992108375e-06,1.2867840025138133e-06,1.004529441863993e-06,7.868045820157088e-07,1.2481406777614443e-06,14000.0,7.5
1.0232283141401691e-06,1.1632601491948082e-06,7.544376525613527e-07,9.39630606279003e-07,1.2782192469553569e-06,1.0105079842271256e-06,7.939394531558806e-07,6.15555934138061e-07,1.2812798906712057e-06,1.0132003630941535e-06,7.871859130315456e-07,6.378262170242848e-07,5.514003218780435e-07,9.382482973038317e-07,9.614674620401986e-07,1.2580221030483153e-06,1.0387686757671862e-06,7.538992157168807e-07,5.96939442302356e-07,3.934984436826299e-07,2.4667156441886127e-07,1.5414889543000615e-07,1.2217129873007768e-06,1.2782192469553569e-06,1.0105079842271256e-06,7.939394531558806e-07,1.2345740267919824e-06,14000.0,7.75
1.025762446926273e-06,1.1630900422092093e-06,7.606581542102407e-07,9.618120384222782e-07,1.2690040306641971e-06,1.0171033848733085e-06,8.023393719898129e-07,6.218210559379074e-07,1.275278375090898e-06,1.0201002910580578e-06,7.955751543702215e-07,6.448471402061595e-07,5.556409496651273e-07,9.623945843109491e-07,9.731666214557228e-07,1.2565098196449583e-06,1.0462411604991883e-06,7.620765543202307e-07,6.027903313739037e-07,3.9584311369324146e-07,2.4872074652594973e-07,1.5532904057621522e-07,1.2300125943023984e-06,1.2690040306641971e-06,1.0171033848733085e-06,8.023393719898129e-07,1.2218474398322733e-06,14000.0,8.0
1.0305921303833307e-06,1.165409221273761e-06,7.695749940241392e-07,9.925838062756336e-07,1.2614629385481886e-06,1.025724594659002e-06,8.134355114481922e-07,6.306389036962841e-07,1.270194877935236e-06,1.0289715561825214e-06,8.066620432701952e-07,6.543721895423427e-07,5.62550382764056e-07,9.94708527971315e-07,9.946872830701986e-07,1.2550726490176493e-06,1.0554172997014107e-06,7.72938968699058e-07,6.111922266884305e-07,3.9935624887481446e-07,2.516527933084128e-07,1.56965678888745e-07,1.238452379317836e-06,1.2614629385481886e-06,1.025724594659002e-06,8.134355114481922e-07,1.213288901973102e-06,14000.0,8.25
1.0406146631632387e-06,1.1739908137806848e-06,7.826850202720729e-07,1.0353009437960187e-06,1.260479737808652e-06,1.0386287108513878e-06,8.288635429661109e-07,6.429921250013735e-07,1.2705727483693847e-06,1.0420579754630793e-06,8.220686215200894e-07,6.674931795657798e-07,5.728661212798669e-07,1.0387748980877665e-06,1.0287676769008541e-06,1.2579261800545446e-06,1.06859876070397e-06,7.880291681756833e-07,6.230345561597822e-07,4.046005525343634e-07,2.556706128814566e-07,1.5917303430201686e-07,1.2499634218206194e-06,1.260479737808652e-06,1.0386287108513878e-06,8.288635429661109e-07,1.2143466023385657e-06,14000.0,8.5
1.058009674175258e-06,1.19205123479686e-06,8.001414613164995e-07,1.0905630823893572e-06,1.2707170199874115e-06,1.0574272293673087e-06,8.487974429988468e-07,6.588946979018378e-07,1.2811494015016255e-06,1.060999923731824e-06,8.419408423445318e-07,6.842913379277662e-07,5.862925404416876e-07,1.0953117547539828e-06,1.075691773233147e-06,1.269871264078996e-06,1.0877127124230412e-06,8.073997195634567e-07,6.383238338130967e-07,4.115351508393709e-07,2.607858591568765e-07,1.6192635928592595e-07,1.2684938475291258e-06,1.2707170199874115e-06,1.0574272293673087e-06,8.487974429988468e-07,1.228913866308889e-06,14000.0,8.75
1.081842086045261e-06,1.218721564660089e-06,8.2059743991145e-07,1.1555725164362762e-06,1.2912926130223496e-06,1.0813020392467045e-06,8.719514935535171e-07,6.77102813966848e-07,1.3015385715194101e-06,1.0850694314434187e-06,8.649912243483561e-07,7.034132031650894e-07,6.019870273517563e-07,1.1616251548536055e-06,1.1323785029743239e-06,1.2908840982870581e-06,1.1122735271181358e-06,8.297520518698279e-07,6.558544735994113e-07,4.19515607332723e-07,2.666395472160069e-07,1.6510088164457808e-07,1.2946804300987187e-06,1.2912926130223496e-06,1.0813020392467045e-06,8.719514935535171e-07,1.255237028290402e-06,14000.0,9.0
1.1047055305539948e-06,1.244671876714571e-06,8.397933449565432e-07,1.2186176387103194e-06,1.3116986287336614e-06,1.103828361212903e-06,8.938038470357122e-07,6.944243116138692e-07,1.321370421237788e-06,1.1077341385959154e-06,8.867610678539135e-07,7.215422739897106e-07,6.170865303068571e-07,1.2257141139974415e-06,1.1885856036223862e-06,1.311031890341351e-06,1.1353982809518572e-06,8.508926113639509e-07,6.725764570157254e-07,4.2703647018840765e-07,2.723368707486131e-07,1.6812175079986115e-07,1.3193106032406338e-06,1.3116986287336614e-06,1.103828361212903e-06,8.938038470357122e-07,1.2825808630545745e-06,14000.0,9.25
1.1187544445504434e-06,1.2600608551408925e-06,8.531542928134978e-07,1.2670291391258026e-06,1.3213547578057694e-06,1.1175309338814034e-06,9.094771799702425e-07,7.074721949042783e-07,1.330238834976269e-06,1.1215140674430413e-06,9.024398707327889e-07,7.351446196012943e-07,6.286051684893904e-07,1.2747913187506018e-06,1.2321961694407443e-06,1.3202094174166043e-06,1.1493661247239558e-06,8.663121508203389e-07,6.851791682453897e-07,4.322898878159752e-07,2.768079957145785e-07,1.7043711333444672e-07,1.332733702049631e-06,1.3213547578057694e-06,1.1175309338814034e-06,9.094771799702425e-07,1.299629623910304e-06,14000.0,9.5
1.0379019269790723e-06,1.1991918010324586e-06,7.451676781285278e-07,9.150040737644035e-07,1.3554311307302447e-06,9.984012733588916e-07,7.723278728678854e-07,6.071436474447681e-07,1.3333162921477353e-06,9.990219182953542e-07,7.656750377051366e-07,6.24499600718748e-07,5.58430546028166e-07,8.811813382922434e-07,1.0334981083674605e-06,1.2792924328890649e-06,1.0207954336577938e-06,7.334932714739234e-07,5.899724088739557e-07,3.907245649588419e-07,2.442871317387745e-07,1.5177621972883802e-07,1.1943512269994451e-06,1.3554311307302447e-06,9.984012733588916e-07,7.723278728678854e-07,1.3559120954420387e-06,14250.0,6.0
1.040245105673027e-06,1.2001999554261072e-06,7.482198989872727e-07,9.192291576672065e-07,1.3535704402425053e-06,1.0033745391820836e-06,7.768897945724002e-07,6.089959018239674e-07,1.3344339759659964e-06,1.0042123899158444e-06,7.701874140794748e-07,6.269233667188859e-07,5.579876040528167e-07,8.926028013056079e-07,1.0215740214557403e-06,1.2829529151412671e-06,1.0264554179106803e-06,7.377157067298626e-07,5.917196481138464e-07,3.91957675981922e-07,2.4486769465007147e-07,1.5229824247596058e-07,1.2022030728657842e-06,1.3535704402425053e-06,1.0033745391820836e-06,7.768897945724002e-07,1.3480275508423716e-06,14250.0,6.25
1.0426387402137688e-06,1.2010378358179619e-06,7.516248188766848e-07,9.252594988929924e-07,1.3509233680458964e-06,1.008649748055373e-06,7.819225365796271e-07,6.11263632207133e-07,1.3349303297293876e-06,1.009738878644304e-06,7.751683615407675e-07,6.299024819093888e-07,5.577622891926902e-07,9.049609414545849e-07,1.0117586592704653e-06,1.2866223026959662e-06,1.0325180333990776e-06,7.42388876711528e-07,5.938261311360269e-07,3.932776036280392e-07,2.4551620582874237e-07,1.528609807783283e-07,1.2105053118931236e-06,1.3509233680458964e-06,1.008649748055373e-06,7.819225365796271e-07,1.3392985984950019e-06,14250.0,6.5
1.0450639199746146e-06,1.2017287503663815e-06,7.553298000670062e-07,9.333463852944446e-07,1.3474675506006694e-06,1.014175423072021e-06,7.873659572736629e-07,6.139586549684847e-07,1.3347591230173724e-06,1.0155321593222746e-06,7.805607141306239e-07,6.334288521907353e-07,5.578298074564846e-07,9.184720130477585e-07,1.0047161576655957e-06,1.2902105288823754e-06,1.0389249440852392e-06,7.474706604403182e-07,5.962387792957484e-07,3.946619515550243e-07,2.462771273740732e-07,1.5346460194688488e-07,1.21925154521031e-06,1.3474675506006694e-06,1.014175423072021e-06,7.873659572736629e-07,1.3298276349260758e-06,14250.0,6.75
1.047470316678368e-06,1.2022355579227952e-06,7.592800458788871e-07,9.434158024315152e-07,1.3430598277049391e-06,1.0199382615388573e-06,7.931704768820256e-07,6.170621613725581e-07,1.333774112902205e-06,1.0215964745758973e-06,7.863150305059745e-07,6.374080928306062e-07,5.582218339519348e-07,9.331498735952772e-07,1.0004282485579135e-06,1.2934796658303487e-06,1.0456829291725489e-06,7.529086134235883e-07,5.990272811832741e-07,3.960986917808256e-07,2.471563524952211e-07,1.541299196029882e-07,1.2284610926381475e-06,1.3430598277049391e-06,1.0199382615388573e-06,7.931704768820256e-07,1.319385056536087e-06,14250.0,7.0
1.0499897142017498e-06,1.2027009517344317e-06,7.636097235746397e-07,9.555910629165612e-07,1.3377279512201523e-06,1.026106200659641e-06,7.994898798327327e-07,6.206152420624055e-07,1.3319973064908053e-06,1.0280914857143627e-06,7.925803218411386e-07,6.418533847172656e-07,5.591948275951319e-07,9.491822092604377e-07,9.992030046354939e-07,1.2963077389871052e-06,1.0529256787209789e-06,7.588342101290252e-07,6.022353431868594e-07,3.975903682508631e-07,2.4815590784981095e-07,1.5484964944257327e-07,1.2381819935467836e-06,1.3377279512201523e-06,1.026106200659641e-06,7.994898798327327e-07,1.3080515350780417e-06,14250.0,7.25
1.0522621897913092e-06,1.202680775897215e-06,7.681369043755163e-07,9.694758950089965e-07,1.3309611693789421e-06,1.0322561699038386e-06,8.061383033776382e-07,6.246074509700606e-07,1.3288682814791237e-06,1.0345935067978474e-06,7.991835344529888e-07,6.46728633526207e-07,5.607313782621235e-07,9.661810089918219e-07,1.0008397825103002e-06,1.2980874044251745e-06,1.0602223170836038e-06,7.65109277012343e-07,6.058115774168043e-07,3.991007956801892e-07,2.492805106465535e-07,1.5561166870765822e-07,1.2478915928416394e-06,1.3309611693789421e-06,1.0322561699038386e-06,8.061383033776382e-07,1.2955373038505922e-06,14250.0,7.5
1.0543942757398728e-06,1.202309986665436e-06,7.730425088530324e-07,9.86123263009664e-07,1.3227547546172664e-06,1.038431830735844e-06,8.132692980253808e-07,6.292724247983329e-07,1.3243350747136646e-06,1.0411304936167552e-06,8.062837946579551e-07,6.522190909241954e-07,5.631827843869784e-07,9.85361416611703e-07,1.0055674281592017e-06,1.298531819410766e-06,1.067541998961063e-06,7.719079493391348e-07,6.100918524855067e-07,4.007533626631332e-07,2.5068730291129706e-07,1.564667039678639e-07,1.2573658173220671e-06,1.3227547546172664e-06,1.038431830735844e-06,8.132692980253808e-07,1.2820705927968569e-06,14250.0,7.75
1.0568515681803721e-06,1.2021128681518525e-06,7.789067110538753e-07,1.0072054975204007e-06,1.3136098666265547e-06,1.0450205476924419e-06,8.214002464994785e-07,6.351371245625434e-07,1.3186198473350855e-06,1.0480574387564681e-06,8.143966191729738e-07,6.588376578804443e-07,5.670429242614744e-07,1.0085002228784197e-06,1.0157129072154845e-06,1.2975513684153117e-06,1.0751528640277772e-06,7.797678298347788e-07,6.155473864778832e-07,4.028536995761363e-07,2.5256755771019554e-07,1.5755728207749034e-07,1.266354800411529e-06,1.3136098666265547e-06,1.0450205476924419e-06,8.214002464994785e-07,1.2688668754350468e-06,14250.0,8.0
1.0608878042194896e-06,1.203551991919377e-06,7.869093606853567e-07,1.0357117764775958e-06,1.305137170089091e-06,1.0530463615760303e-06,8.3167243902372e-07,6.431538893337611e-07,1.3129306563143468e-06,1.0563606433647608e-06,8.246599051382051e-07,6.675508292576744e-07,5.731889231723997e-07,1.0386010587606747e-06,1.0345652509507853e-06,1.2958927985980348e-06,1.083896993005032e-06,7.898020994529465e-07,6.231639372724387e-07,4.059340317749399e-07,2.552328555063083e-07,1.5903825217140637e-07,1.2750417936138852e-06,1.305137170089091e-06,1.0530463615760303e-06,8.3167243902372e-07,1.2585510077436278e-06,14250.0,8.25
1.0690066931268069e-06,1.2097937345554518e-06,7.98644922518077e-07,1.0753076180581704e-06,1.3013546710413254e-06,1.0644075423625174e-06,8.457425973607748e-07,6.544685062626553e-07,1.3108447369358406e-06,1.0679230141949123e-06,8.387218469849717e-07,6.795882272768141e-07,5.825849168541169e-07,1.0795267832926125e-06,1.0654277246265469e-06,1.2966864415403666e-06,1.0956274993199085e-06,8.035977848687531e-07,6.340093816276574e-07,4.106087113809342e-07,2.589244671672774e-07,1.610623730752129e-07,1.2853232754172322e-06,1.3013546710413254e-06,1.0644075423625174e-06,8.457425973607748e-07,1.2560759741159413e-06,14250.0,8.5
1.0839223534445572e-06,1.2246436541189137e-06,8.148077626602249e-07,1.1278032971016772e-06,1.3074910122151915e-06,1.0812022869974107e-06,8.643737303422305e-07,6.694432578016968e-07,1.3175290924107898e-06,1.0848664446576368e-06,8.573092782218223e-07,6.954132153441328e-07,5.952252638015481e-07,1.1332510153617594e-06,1.1096516297530482e-06,1.3050495050377886e-06,1.1126816053088926e-06,8.217662847067104e-07,6.48404198072877e-07,4.170432565764362e-07,2.637551957417825e-07,1.636440673627932e-07,1.3011570826487577e-06,1.3074910122151915e-06,1.0812022869974107e-06,8.643737303422305e-07,1.266379730301058e-06,14250.0,8.75
1.1063949014755719e-06,1.249480579929159e-06,8.347287296941159e-07,1.191995306724695e-06,1.3255672903959328e-06,1.1040253082183226e-06,8.870273519255902e-07,6.872971891127101e-07,1.3354726676712366e-06,1.1078763538141222e-06,8.798694881777301e-07,7.141739121267053e-07,6.105818679815256e-07,1.1987712154502469e-06,1.165398280237334e-06,1.3237606535497634e-06,1.1361072144275167e-06,8.436661395953552e-07,6.655868465042929e-07,4.2481042241997455e-07,2.6946232669307836e-07,1.6672985065855247e-07,1.3255769403448013e-06,1.3255672903959328e-06,1.1040253082183226e-06,8.870273519255902e-07,1.2902939398590368e-06,14250.0,9.0
1.1324747557233585e-06,1.2793678479276554e-06,8.559825874604984e-07,1.2612655948271059e-06,1.349911880525952e-06,1.129639185491448e-06,9.111637384849679e-07,7.061913871932424e-07,1.3592280191135214e-06,1.133647485306439e-06,9.039013810346203e-07,7.339687308318128e-07,6.26989496598745e-07,1.2692312775812104e-06,1.227021862455189e-06,1.347746917118255e-06,1.1624664948609153e-06,8.669314345959967e-07,6.838063060906552e-07,4.330527988187244e-07,2.755645776079238e-07,1.6996783425401733e-07,1.3542207594816953e-06,1.349911880525952e-06,1.129639185491448e-06,9.111637384849679e-07,1.3218738253698023e-06,14250.0,9.25
1.1517746947675305e-06,1.301187027690266e-06,8.72706231906919e-07,1.3192873634049298e-06,1.3661703816773108e-06,1.148342887773457e-06,9.305173455067191e-07,7.21784741929573e-07,1.374596764479133e-06,1.1524572267584344e-06,9.232146204234754e-07,7.502576108044102e-07,6.406565083997467e-07,1.328093425936694e-06,1.2793135181328477e-06,1.363260172696943e-06,1.1816269513410587e-06,8.857726579809089e-07,6.988395701281207e-07,4.395507976918674e-07,2.8074987417908864e-07,1.7267534465343968e-07,1.3739456814634017e-06,1.3661703816773108e-06,1.148342887773457e-06,9.305173455067191e-07,1.3461271600451854e-06,14250.0,9.5
1.0681352518296885e-06,1.23701387154482e-06,7.636103517597749e-07,9.623376531725156e-07,1.39818849515916e-06,1.025364163426263e-06,7.914003450191474e-07,6.20982559265909e-07,1.3742957344239916e-06,1.0259578991390922e-06,7.845375784623109e-07,6.390198032711198e-07,5.7030316746402e-07,9.282688399254584e-07,1.0803310056233082e-06,1.3176932701572767e-06,1.048447498091375e-06,7.513552996792199e-07,6.032483725282404e-07,3.9805253774246317e-07,2.484409867521286e-07,1.5418364972609895e-07,1.2279878880824475e-06,1.39818849515916e-06,1.025364163426263e-06,7.914003450191474e-07,1.4024170652993752e-06,14500.0,6.0
1.0705610450588751e-06,1.2381427126617786e-06,7.66679615655995e-07,9.665747785314843e-07,1.3964887058555186e-06,1.030408531118201e-06,7.95975790924126e-07,6.228159928728375e-07,1.375593775794189e-06,1.0312208555854939e-06,7.890622725127089e-07,6.414293047521708e-07,5.698965158833229e-07,9.398794256386963e-07,1.0683606125698334e-06,1.321470976947083e-06,1.0541836551303938e-06,7.555836089223328e-07,6.049930963498763e-07,3.9927288359563625e-07,2.490148417873995e-07,1.5469899101478935e-07,1.235968848008285e-06,1.3964887058555186e-06,1.030408531118201e-06,7.95975790924126e-07,1.3946447427521666e-06,14500.0,6.25
1.0730435986859858e-06,1.239107642096709e-06,7.701052537459519e-07,9.726660231834452e-07,1.3940028713016541e-06,1.0357626360838536e-06,8.010284550016095e-07,6.250965492900833e-07,1.3762778193814206e-06,1.0368248752476115e-06,7.940616647197555e-07,6.443990819401943e-07,5.696989182906683e-07,9.524441353359815e-07,1.0583988698976922e-06,1.3252816674530791e-06,1.0603273130473978e-06,7.602698438517925e-07,6.071034186560102e-07,4.006017675448885e-07,2.4965847798336534e-07,1.5525606110944881e-07,1.2444134475385421e-06,1.3940028713016541e-06,1.0357626360838536e-06,8.010284550016095e-07,1.3860429794742583e-06,14500.0,6.5
1.0755679493442412e-06,1.2399369725533665e-06,7.738389043673994e-07,9.808781960561567e-07,1.3907272950381765e-06,1.0413799865277718e-06,8.065073985663321e-07,6.277890544048352e-07,1.3763065119043539e-06,1.0427119383253298e-06,7.994882590168619e-07,6.47916870693084e-07,5.697738213250352e-07,9.662175528259815e-07,1.0511571742805054e-06,1.3290244951983248e-06,1.0668310593025642e-06,7.653800638482519e-07,6.09532191144789e-07,4.0198641908599274e-07,2.504171868176964e-07,1.5585564552586728e-07,1.2533228281770097e-06,1.3907272950381765e-06,1.0413799865277718e-06,8.065073985663321e-07,1.3766986691733362e-06,14500.0,6.75
1.0780839887527514e-06,1.2405968571309225e-06,7.77813614572516e-07,9.910293711747527e-07,1.3865352533813163e-06,1.0472415580297356e-06,8.123373529035043e-07,6.308856111844499e-07,1.375561306352625e-06,1.0488758667951625e-06,8.052659716992522e-07,6.518875783516023e-07,5.701797361981316e-07,9.810968626823605e-07,1.0466165200544507e-06,1.3325167858190226e-06,1.0736970231254236e-06,7.708340325735644e-07,6.122981435037713e-07,4.0341927465254683e-07,2.5128667248831954e-07,1.5651349744271492e-07,1.2627221059970281e-06,1.3865352533813163e-06,1.0472415580297356e-06,8.123373529035043e-07,1.3664045923366682e-06,14500.0,7.0
1.0808485047074068e-06,1.2413744228964e-06,7.822541532154378e-07,1.0035023402906492e-06,1.3815853876600209e-06,1.0536507137146315e-06,8.1878637775176e-07,6.344850409000587e-07,1.374195757209593e-06,1.055614558700357e-06,8.116572495825349e-07,6.563837141613299e-07,5.711752270153163e-07,9.975578656759617e-07,1.0452168874577507e-06,1.335765876939987e-06,1.0811968544284438e-06,7.768670343952785e-07,6.155487527210634e-07,4.049376613521194e-07,2.5229030641808666e-07,1.5723143895602093e-07,1.2728227849570771e-06,1.3815853876600209e-06,1.0536507137146315e-06,8.1878637775176e-07,1.355379138448353e-06,14500.0,7.25
1.0833342780911703e-06,1.2416317991612583e-06,7.868385072865833e-07,1.0174910065218646e-06,1.37519370510464e-06,1.0600082474116815e-06,8.25520427832029e-07,6.384716662855215e-07,1.3714906104598033e-06,1.0623283580981319e-06,8.183415869974887e-07,6.612645099031037e-07,5.726571822581852e-07,1.0147753595095544e-06,1.0465390585026946e-06,1.338011613314911e-06,1.0887362118278693e-06,7.83205546131256e-07,6.191077535139061e-07,4.064439342415458e-07,2.533937082568575e-07,1.5798227312763868e-07,1.2829559481912894e-06,1.37519370510464e-06,1.0600082474116815e-06,8.25520427832029e-07,1.3431157274006645e-06,14500.0,7.5
1.085777256203281e-06,1.2416831801270593e-06,7.917887358354329e-07,1.034159786583625e-06,1.367542133365829e-06,1.0664936961322272e-06,8.327433544103734e-07,6.430912420814125e-07,1.3675791455553714e-06,1.0691909531425338e-06,8.255254059887509e-07,6.667134300506459e-07,5.750789276975697e-07,1.034065640274237e-06,1.0509582159404362e-06,1.3391635841230428e-06,1.0964379026822646e-06,7.900508159246459e-07,6.233499873848704e-07,4.0806152303945245e-07,2.547447776850945e-07,1.588059390074838e-07,1.2931010807590881e-06,1.367542133365829e-06,1.0664936961322272e-06,8.327433544103734e-07,1.330021419697105e-06,14500.0,7.75
1.088196255630569e-06,1.2414966915498125e-06,7.973630430320368e-07,1.0543482682187723e-06,1.3585188346698387e-06,1.0731238013470398e-06,8.406709710107972e-07,6.485986710336264e-07,1.3621346912683104e-06,1.076174606649988e-06,8.334282405585627e-07,6.729713779143654e-07,5.785843048353461e-07,1.056392445739254e-06,1.0598103630222499e-06,1.3386747672657748e-06,1.1041850720246402e-06,7.976715866712492e-07,6.284305425012626e-07,4.0998080173875214e-07,2.564808695368731e-07,1.5981903667565805e-07,1.3026743502489275e-06,1.3585188346698387e-06,1.0731238013470398e-06,8.406709710107972e-07,1.316504051910554e-06,14500.0,8.0
1.0917446125499913e-06,1.2424196085942473e-06,8.046894583174546e-07,1.0810119259799877e-06,1.349543283913675e-06,1.0808171115284395e-06,8.503359021218307e-07,6.560179385198475e-07,1.3562201869075105e-06,1.0841715106747925e-06,8.430812074994185e-07,6.810841619521857e-07,5.841797182565912e-07,1.084699586093706e-06,1.0764305619279746e-06,1.3371172354469234e-06,1.1127467548792026e-06,8.070880279726561e-07,6.354804218302549e-07,4.1267624414060656e-07,2.589105003842165e-07,1.6116718601693903e-07,1.311819655797523e-06,1.349543283913675e-06,1.0808171115284395e-06,8.503359021218307e-07,1.3049734621178408e-06,14500.0,8.25
1.098372340900846e-06,1.2468586483390357e-06,8.152196854301598e-07,1.1177367384953004e-06,1.3436333785891445e-06,1.0909859175902194e-06,8.632473663197386e-07,6.663876290904383e-07,1.3523676224332462e-06,1.0945761484159228e-06,8.559913663663124e-07,6.921463865524045e-07,5.926942449179596e-07,1.1227710054708163e-06,1.10423134677191e-06,1.336547515063789e-06,1.1234206096643426e-06,8.197501945271155e-07,6.454114733919182e-07,4.168641958648741e-07,2.6230528121400664e-07,1.630198252715093e-07,1.3214430433584435e-06,1.3436333785891445e-06,1.0909859175902194e-06,8.632473663197386e-07,1.2996069067386077e-06,14500.0,8.5
1.110873069957143e-06,1.2586397484627948e-06,8.299362164765797e-07,1.1669559777712528e-06,1.3459339034609934e-06,1.1058199912745366e-06,8.804365149359249e-07,6.802900292820103e-07,1.3555227945459156e-06,1.109577448674247e-06,8.731564318316431e-07,7.068475923253921e-07,6.044191017898717e-07,1.1731815932246402e-06,1.1451527213010372e-06,1.3417333879670743e-06,1.1385386244411076e-06,8.365706720435559e-07,6.587684663912448e-07,4.2267681081832535e-07,2.6680497634159656e-07,1.654144292555892e-07,1.3350342730882092e-06,1.3459339034609934e-06,1.1058199912745366e-06,8.804365149359249e-07,1.3056247028409033e-06,14500.0,8.75
1.1312843895480764e-06,1.2807483532400267e-06,8.489555907479362e-07,1.2293244255294437e-06,1.3604988200258496e-06,1.126950199405578e-06,9.021794924599652e-07,6.97541839828421e-07,1.3700180318258485e-06,1.1308835270452833e-06,8.948219484345592e-07,7.249878942054492e-07,6.19218803408528e-07,1.2368589145836038e-06,1.1991445335292376e-06,1.3571859436765956e-06,1.160163298631908e-06,8.576459903869576e-07,6.753707781739956e-07,4.300767283593897e-07,2.723072454848982e-07,1.6836903148624056e-07,1.356861434273425e-06,1.3604988200258496e-06,1.126950199405578e-06,9.021794924599652e-07,1.3260887747557645e-06,14500.0,9.0
1.157964137820333e-06,1.3112899553773474e-06,8.707649624543117e-07,1.3008247400124796e-06,1.3851696696354603e-06,1.1532151587900316e-06,9.269897808994277e-07,7.16894489101809e-07,1.394107432648964e-06,1.157321022834052e-06,9.195219517403472e-07,7.452738310524468e-07,6.359934132976413e-07,1.3096167671052642e-06,1.262582399410496e-06,1.3815573904065665e-06,1.1872023277012498e-06,8.815485540637869e-07,6.940034043172987e-07,4.384948902060638e-07,2.784981061336623e-07,1.716517729261108e-07,1.3861852409920261e-06,1.3851696696354603e-06,1.1532151587900316e-06,9.269897808994277e-07,1.3582113827596966e-06,14500.0,9.25
1.1828159383176678e-06,1.339979864705739e-06,8.9090966807209e-07,1.3689451733317316e-06,1.4085357992469022e-06,1.1771940740595865e-06,9.500877295387032e-07,7.350659595524416e-07,1.4165080305254607e-06,1.1814397310994235e-06,9.425329785706977e-07,7.642872466119987e-07,6.518284497105111e-07,1.3787914329108595e-06,1.3238549562559175e-06,1.4038940435495142e-06,1.2118768031553205e-06,9.038604853873317e-07,7.115124287017067e-07,4.462813965870009e-07,2.8439051046125356e-07,1.7473943371337617e-07,1.4127634157325874e-06,1.4085357992469022e-06,1.1771940740595865e-06,9.500877295387032e-07,1.3901215696662639e-06,14500.0,9.5
1.098543958525577e-06,1.2751154577102347e-06,7.821099621091874e-07,1.0107425946300714e-06,1.4412187375267225e-06,1.052442021352677e-06,8.10528434739915e-07,6.348647564313178e-07,1.415513668837078e-06,1.0530084703203954e-06,8.034544853954654e-07,6.535825835436967e-07,5.822176051718314e-07,9.764943985842466e-07,1.1279898461571621e-06,1.356322503451035e-06,1.07622494938752e-06,7.692651257333668e-07,6.16573865762765e-07,4.0537177173265957e-07,2.5259254921241437e-07,1.5658878803620401e-07,1.2617906222109783e-06,1.4412187375267225e-06,1.052442021352677e-06,8.10528434739915e-07,1.4493091576793313e-06,14750.0,6.0
1.1010533946109666e-06,1.2763623875223686e-06,7.852048964722213e-07,1.0150319337233125e-06,1.439666172222022e-06,1.0575632013447726e-06,8.151298902393128e-07,6.366990165084576e-07,1.416980628837133e-06,1.058348474946032e-06,8.080037186470081e-07,6.559881813391887e-07,5.818343505727408e-07,9.883314943426822e-07,1.1160088932788182e-06,1.3602163851983331e-06,1.082038854113863e-06,7.735120966486128e-07,6.183191928147756e-07,4.066107516579293e-07,2.53165638792966e-07,1.571009027971502e-07,1.269899966032477e-06,1.439666172222022e-06,1.0575632013447726e-06,8.151298902393128e-07,1.4416414720395778e-06,14750.0,6.25
1.103626529755412e-06,1.277456776299519e-06,7.886528326925617e-07,1.0211844215065759e-06,1.4373412330365414e-06,1.0630068930357536e-06,8.202055575277086e-07,6.389739235933639e-07,1.417852897694546e-06,1.0640323770247462e-06,8.130250242354109e-07,6.589464674502208e-07,5.816524758647636e-07,1.0011073620231825e-06,1.1059325339393481e-06,1.3641671914049731e-06,1.0882641613461507e-06,7.78214962662042e-07,6.204229674689492e-07,4.07932414181167e-07,2.5380663879351804e-07,1.576524470322542e-07,1.2784867732540283e-06,1.4373412330365414e-06,1.0630068930357536e-06,8.202055575277086e-07,1.4331882960625722e-06,14750.0,6.5
1.1062620150460691e-06,1.2784442364217077e-06,7.924167433503135e-07,1.0295281597886601e-06,1.4342610064966755e-06,1.068708600569215e-06,8.257153185616348e-07,6.416595675984136e-07,1.4181035592265003e-06,1.07001563439768e-06,8.184807904336699e-07,6.624612381638213e-07,5.817517670372663e-07,1.0151354261479627e-06,1.098546004275705e-06,1.3680784685145396e-06,1.094868324332996e-06,7.833477642964735e-07,6.228567594185914e-07,4.093186307034499e-07,2.5456241849517933e-07,1.582467883849113e-07,1.2875638802693595e-06,1.4342610064966755e-06,1.068708600569215e-06,8.257153185616348e-07,1.4239854652489465e-06,14750.0,6.75
1.108913429000118e-06,1.2792829169432432e-06,7.96441797823945e-07,1.039855163573973e-06,1.4302929826064509e-06,1.0747026539186462e-06,8.316013589657033e-07,6.447786718447509e-07,1.417608241740983e-06,1.0763126207402522e-06,8.243125656181363e-07,6.66445506417455e-07,5.821795334742466e-07,1.0303001157634941e-06,1.0938435904980386e-06,1.371810789983379e-06,1.1018768171017768e-06,7.888465631677925e-07,6.256363170895643e-07,4.1076521839165134e-07,2.554298587204586e-07,1.5890126669157835e-07,1.2971940522752259e-06,1.4302929826064509e-06,1.0747026539186462e-06,8.316013589657033e-07,1.4138615186287156e-06,14750.0,7.0
1.111724834663833e-06,1.2801258463597673e-06,8.008754296629759e-07,1.052345030275075e-06,1.4254495857908066e-06,1.0811647213921667e-06,8.38049187339776e-07,6.483441090357278e-07,1.4163781246185674e-06,1.0831088200776332e-06,8.307007564685525e-07,6.709049344540208e-07,5.831451703918979e-07,1.0468932565971254e-06,1.092066475910132e-06,1.3752165695481714e-06,1.1094458866005596e-06,7.948705399973172e-07,6.288541387219169e-07,4.122674162922253e-07,2.5642069579891104e-07,1.5961171586497187e-07,1.3074204933276945e-06,1.4254495857908066e-06,1.0811647213921667e-06,8.38049187339776e-07,1.4028767023270777e-06,14750.0,7.25
1.1144004359688586e-06,1.2806252557822945e-06,8.055285803389791e-07,1.0665221503310005e-06,1.4193731372497949e-06,1.0877068057808466e-06,8.448800002123025e-07,6.523386795306447e-07,1.4140266533302467e-06,1.0900107409926222e-06,8.374780794328179e-07,6.758026984387319e-07,5.846047706619207e-07,1.0644192691082038e-06,1.0930966311664012e-06,1.3778495536700385e-06,1.1171868962892874e-06,8.012813659432763e-07,6.324166862651888e-07,4.13783533931781e-07,2.5750972197185334e-07,1.6035720132672326e-07,1.3179008977202104e-06,1.4193731372497949e-06,1.0877068057808466e-06,8.448800002123025e-07,1.3908143118583095e-06,14750.0,7.5
1.1171495518837738e-06,1.281076642239485e-06,8.105770342919091e-07,1.0834529329574488e-06,1.412228471985452e-06,1.0944844567047316e-06,8.522399815039741e-07,6.569724198626728e-07,1.4106679333026382e-06,1.0971726925668005e-06,8.447922198571842e-07,6.8127283589735e-07,5.870207458483104e-07,1.0840509737383326e-06,1.0973781024500312e-06,1.3796171467022314e-06,1.1252334663716665e-06,8.082323836203617e-07,6.366702691038539e-07,4.1539980207053963e-07,2.5883358890851673e-07,1.6116184180649949e-07,1.3286270372525893e-06,1.412228471985452e-06,1.0944844567047316e-06,8.522399815039741e-07,1.378097198989451e-06,14750.0,7.75
1.1198154913020215e-06,1.2812502114144304e-06,8.160705454303199e-07,1.1032744908224932e-06,1.403706903035613e-06,1.1013948017448622e-06,8.60161074536169e-07,6.623211989854664e-07,1.40584749019459e-06,1.1044574297142415e-06,8.526806028799181e-07,6.873736332470965e-07,5.903547854911848e-07,1.1060972171574944e-06,1.105427414308063e-06,1.3799044676924697e-06,1.1333646075489562e-06,8.158021933143864e-07,6.415894690733405e-07,4.172179921031701e-07,2.6045904453334924e-07,1.6211495297531993e-07,1.3390089247970766e-06,1.403706903035613e-06,1.1013948017448622e-06,8.60161074536169e-07,1.36471965857103e-06,14750.0,8.0
1.1230438002263943e-06,1.281860587153052e-06,8.22849313906799e-07,1.1283876899407353e-06,1.394470801969822e-06,1.1088996160176337e-06,8.69363093368797e-07,6.691895425334597e-07,1.3998944470975503e-06,1.1122970755809736e-06,8.618680752524722e-07,6.949362177383434e-07,5.954271714847813e-07,1.132916208070076e-06,1.1201723350535748e-06,1.3786026857189098e-06,1.1418695187843182e-06,8.24727735109596e-07,6.480951152915279e-07,4.196252412871356e-07,2.6268161720201334e-07,1.6334858822389604e-07,1.3486234086349955e-06,1.394470801969822e-06,1.1088996160176337e-06,8.69363093368797e-07,1.3524048889971904e-06,14750.0,8.25
1.1286098892584603e-06,1.2850633524873345e-06,8.323386688269804e-07,1.1624851330903836e-06,1.3871668062161113e-06,1.1182662600057509e-06,8.813020132516802e-07,6.786884744429421e-07,1.3950015501742176e-06,1.1219247227855414e-06,8.738051881661799e-07,7.051143006235351e-07,6.031233222843793e-07,1.1684048850413606e-06,1.1450484601762278e-06,1.3773794012839539e-06,1.1518957097863222e-06,8.364263878984517e-07,6.571626876200194e-07,4.232918789476919e-07,2.657934559640475e-07,1.6503259105677568e-07,1.3582026923587659e-06,1.3871668062161113e-06,1.1182662600057509e-06,8.813020132516802e-07,1.3448105273366158e-06,14750.0,8.5
1.1391194756501127e-06,1.2943366156343845e-06,8.457677334907767e-07,1.2087596394570096e-06,1.3863512372129231e-06,1.1315068772370284e-06,8.972268362291206e-07,6.916295224051345e-07,1.3953628156147404e-06,1.1353562592129526e-06,8.897206529950128e-07,7.188042025950673e-07,6.140241659403072e-07,1.2158475279126445e-06,1.1829209257515947e-06,1.3801292490711555e-06,1.1654904958732287e-06,8.520429144697787e-07,6.696025299115754e-07,4.2858233561610656e-07,2.6998896379407147e-07,1.6726461680340158e-07,1.3702824390186285e-06,1.3863512372129231e-06,1.1315068772370284e-06,8.972268362291206e-07,1.3471094593732206e-06,14750.0,8.75
1.1570913337575174e-06,1.313265737464001e-06,8.635785533171381e-07,1.268360895098941e-06,1.3969195545356521e-06,1.1506108468137674e-06,9.177371391681147e-07,7.0805328664343e-07,1.4060107076243632e-06,1.154629879923896e-06,9.101725650651412e-07,7.360797084465964e-07,6.280973526908108e-07,1.2767145235381133e-06,1.234327765498163e-06,1.3919691888572723e-06,1.1850078391894235e-06,8.719954289765884e-07,6.854063870574725e-07,4.3554773903394734e-07,2.752354603899352e-07,1.7005047864962584e-07,1.3892983115622862e-06,1.3969195545356521e-06,1.1506108468137674e-06,9.177371391681147e-07,1.3634509714726396e-06,14750.0,9.0
1.182729720548005e-06,1.3423819881965533e-06,8.850427571411374e-07,1.3396134813897276e-06,1.4195918801195993e-06,1.1760295642931966e-06,9.42253859325183e-07,7.272013250514866e-07,1.4281264455798563e-06,1.1802288179661586e-06,9.345893650014874e-07,7.561560154039126e-07,6.446797059712349e-07,1.3492286877770379e-06,1.2973681381888901e-06,1.4144768877629205e-06,1.2111447781901834e-06,8.956349559630209e-07,7.038427338476524e-07,4.437918819595796e-07,2.8132535549035963e-07,1.7328122249784593e-07,1.4172093938694923e-06,1.4195918801195993e-06,1.1760295642931966e-06,9.42253859325183e-07,1.3937435187998157e-06,14750.0,9.25
1.211287817173634e-06,1.375665480813121e-06,9.074778128656307e-07,1.4150011515212103e-06,1.4475828550898182e-06,1.2035716206410546e-06,9.678912673178053e-07,7.471203190805288e-07,1.4551089726436735e-06,1.207922148830422e-06,9.601142805885338e-07,7.770203543507506e-07,6.619634537813291e-07,1.4258463451640727e-06,1.3649299059841212e-06,1.4412971724777566e-06,1.2395288085188768e-06,9.203246272446392e-07,7.230137934393594e-07,4.523930316336121e-07,2.8768862084611103e-07,1.7660971893469715e-07,1.4483822414300204e-06,1.4475828550898182e-06,1.2035716206410546e-06,9.678912673178053e-07,1.430669031115872e-06,14750.0,9.5
1.1291859063020725e-06,1.3135672160027366e-06,8.007002159161043e-07,1.060246003600554e-06,1.4846053437312344e-06,1.0796875484095709e-06,8.297533958623419e-07,6.488218455821438e-07,1.4570589483011197e-06,1.0802247440584057e-06,8.224663067731939e-07,6.682106976292747e-07,5.941666627237705e-07,1.025905856172576e-06,1.1764499482379957e-06,1.3952639474903783e-06,1.1041810568679649e-06,7.872600073333853e-07,6.299729286148424e-07,4.1272722888777695e-07,2.567517640639444e-07,1.589958742408705e-07,1.2958387355705099e-06,1.4846053437312344e-06,1.0796875484095709e-06,8.297533958623419e-07,1.4966639773104087e-06,15000.0,6.0
1.1317557156412722e-06,1.314904049578352e-06,8.038069339591147e-07,1.064594319166833e-06,1.4831614927232932e-06,1.0848577168061559e-06,8.34364687547402e-07,6.506320290748142e-07,1.458655174855634e-06,1.0856139461027038e-06,8.270242736893338e-07,6.706047440353316e-07,5.937971161059948e-07,1.0379445275401598e-06,1.1644649901987742e-06,1.3992315849858927e-06,1.1100429416483152e-06,7.915111814604145e-07,6.316883438746926e-07,4.139519718743349e-07,2.573227962777253e-07,1.5950384430129845e-07,1.3040340898170535e-06,1.4831614927232932e-06,1.0848577168061559e-06,8.34364687547402e-07,1.4890971689992765e-06,15000.0,6.25
1.1343939705919196e-06,1.3160941033017484e-06,8.072702327951512e-07,1.070813854371749e-06,1.4809588148699308e-06,1.0903561137973215e-06,8.394527244077971e-07,6.529034170488459e-07,1.4596684404289276e-06,1.091353118931529e-06,8.320573279402132e-07,6.735526613848723e-07,5.936374869533837e-07,1.0509321043551363e-06,1.1543585776199448e-06,1.403271714544292e-06,1.1163225871452883e-06,7.962226225683526e-07,6.337948157746674e-07,4.152721300128932e-07,2.5795989818306183e-07,1.600499947178481e-07,1.3127152949809316e-06,1.4809588148699308e-06,1.0903561137973215e-06,8.394527244077971e-07,1.4807473383634115e-06,15000.0,6.5
1.137122913303456e-06,1.3172103681831664e-06,8.110623537829902e-07,1.0792852457785083e-06,1.4780388919762601e-06,1.0961458110238302e-06,8.449941962940769e-07,6.555828061888999e-07,1.460103795899686e-06,1.0974253765894646e-06,8.375431116285222e-07,6.770588406453684e-07,5.937632118938051e-07,1.0652138201875267e-06,1.1468104363468982e-06,1.4073368568027426e-06,1.123019149403888e-06,8.013783137878817e-07,6.362320446242073e-07,4.1666298480638886e-07,2.587128161174909e-07,1.606400964851408e-07,1.3219460929118593e-06,1.4780388919762601e-06,1.0961458110238302e-06,8.449941962940769e-07,1.4716562455208861e-06,15000.0,6.75
1.1399017427470113e-06,1.3182202232694726e-06,8.151351900655568e-07,1.0898074334059324e-06,1.4742827700865881e-06,1.1022602679073713e-06,8.509323992062149e-07,6.587189713862032e-07,1.4598390813219748e-06,1.1038427755628097e-06,8.434249709507383e-07,6.810523109286015e-07,5.942218382263385e-07,1.0806739153247575e-06,1.14201172527317e-06,1.4112846138384749e-06,1.1301564986145575e-06,8.069193303946985e-07,6.390136404375406e-07,4.18110366366447e-07,2.5957927284289684e-07,1.6129242107280437e-07,1.3317788671242206e-06,1.4742827700865881e-06,1.1022602679073713e-06,8.509323992062149e-07,1.4617094818263942e-06,15000.0,7.0
1.1427938220438493e-06,1.3191744488959026e-06,8.195826202767862e-07,1.1023893427075862e-06,1.4695971705738627e-06,1.108796898029025e-06,8.573995592563519e-07,6.622765154054553e-07,1.4587992398064347e-06,1.110713343997002e-06,8.498312437856801e-07,6.85506988091746e-07,5.95174095863079e-07,1.0974630383102076e-06,1.1399268157848513e-06,1.4148837485543887e-06,1.1378098493134327e-06,8.129561964841994e-07,6.422298802939039e-07,4.1960295327050753e-07,2.605617307448198e-07,1.6199762158620638e-07,1.3421792498784217e-06,1.4695971705738627e-06,1.108796898029025e-06,8.573995592563519e-07,1.4507838338779885e-06,15000.0,7.25
1.1457046335968328e-06,1.3199741909461746e-06,8.243464861555543e-07,1.1169376261687088e-06,1.4638669087065492e-06,1.1155665980428388e-06,8.643590648587193e-07,6.663138374887023e-07,1.4568251350924695e-06,1.1178486053916373e-06,8.567341355484482e-07,6.904532258011983e-07,5.966666143578225e-07,1.1154681174735363e-06,1.1409140479571307e-06,1.4179071229512657e-06,1.1458002911807587e-06,8.194826989114771e-07,6.458374597014986e-07,4.2117580734866576e-07,2.616513679476615e-07,1.6274259438210728e-07,1.3530051107850633e-06,1.4638669087065492e-06,1.1155665980428388e-06,8.643590648587193e-07,1.439032637504475e-06,15000.0,7.5
1.1485645247534027e-06,1.3205809261688873e-06,8.293792885580327e-07,1.1338259853662147e-06,1.4569417258373522e-06,1.1224602064334769e-06,8.717251592851302e-07,6.708976368192118e-07,1.4537448259231772e-06,1.1251388762502286e-06,8.64051563342092e-07,6.958715556643827e-07,5.990033214126885e-07,1.1351536477382708e-06,1.1447736154925271e-06,1.420029635359038e-06,1.1540045244010377e-06,8.264214719259033e-07,6.500326957411937e-07,4.227485699148763e-07,2.629416376233605e-07,1.6352906053363792e-07,1.3640532322745648e-06,1.4569417258373522e-06,1.1224602064334769e-06,8.717251592851302e-07,1.4264088624028927e-06,15000.0,7.75
1.1515388019953143e-06,1.3211673579378264e-06,8.349079371209014e-07,1.153695008575173e-06,1.4489529200582713e-06,1.1296973755122138e-06,8.797479564944624e-07,6.761786636222411e-07,1.449529227964033e-06,1.1327625836823883e-06,8.720347352449649e-07,7.019184052162464e-07,6.022404535536216e-07,1.157321889694986e-06,1.1524305962683009e-06,1.4210319673555548e-06,1.1625323905808474e-06,8.340468954999243e-07,6.548786838344862e-07,4.2450406546077046e-07,2.6450028951157265e-07,1.6444198573154142e-07,1.3751659033459205e-06,1.4489529200582713e-06,1.1296973755122138e-06,8.797479564944624e-07,1.4133134406338959e-06,15000.0,8.0
1.1547685108511356e-06,1.3218664779756573e-06,8.413500442282714e-07,1.1777939283932306e-06,1.4399614483074758e-06,1.137283238787504e-06,8.88700270197916e-07,6.826519660255216e-07,1.4439930198043317e-06,1.1406964257022975e-06,8.80965439163685e-07,7.091012813764838e-07,6.069114654004187e-07,1.1832088330974589e-06,1.1657041031021662e-06,1.420375618145687e-06,1.1712361539174863e-06,8.426840510785563e-07,6.609892886703082e-07,4.266564461103202e-07,2.665426654033321e-07,1.6557577699263847e-07,1.3855428083478779e-06,1.4399614483074758e-06,1.137283238787504e-06,8.88700270197916e-07,1.4007423046239144e-06,15000.0,8.25
1.159529917427272e-06,1.3241518493489724e-06,8.499702977172789e-07,1.209625215826364e-06,1.4316342424872094e-06,1.1460460080913402e-06,8.998454188477227e-07,6.914135472180637e-07,1.4384030180003738e-06,1.1497621571913352e-06,8.921048974640824e-07,7.185286259232475e-07,6.138967259817793e-07,1.2164816498293873e-06,1.1879772757618434e-06,1.4188110498441577e-06,1.1808280049161586e-06,8.535719670306638e-07,6.69325883341951e-07,4.298931290051839e-07,2.6940164301413946e-07,1.6710876531956053e-07,1.3952965526389445e-06,1.4316342424872094e-06,1.1460460080913402e-06,8.998454188477227e-07,1.3913793623402745e-06,15000.0,8.5
1.1684404334576603e-06,1.3314476354966556e-06,8.622206790940844e-07,1.2531149247105624e-06,1.4283818797877713e-06,1.158057074839229e-06,9.146443847667529e-07,7.034171821096088e-07,1.4366793121040117e-06,1.1619810713691167e-06,9.069029831008168e-07,7.312359350403296e-07,6.240048764249034e-07,1.261148272686531e-06,1.222865322566823e-06,1.4198644370184607e-06,1.1932945231305458e-06,8.681147725717782e-07,6.808661958965319e-07,4.347121136490335e-07,2.7330411838015167e-07,1.6918550762414446e-07,1.4065298770495028e-06,1.4283818797877713e-06,1.158057074839229e-06,9.146443847667529e-07,1.390506944103394e-06,15000.0,8.75
1.1840843178514432e-06,1.3473639864901244e-06,8.787583075205704e-07,1.3096703933670626e-06,1.4351520054066426e-06,1.1752942039416442e-06,9.339009408551175e-07,7.189259730278681e-07,1.44375698547353e-06,1.179402666996433e-06,9.261183643133878e-07,7.475556687751973e-07,6.372730064231417e-07,1.3188956685637135e-06,1.2714151421312783e-06,1.4284428161107257e-06,1.210929154891493e-06,8.868850740168392e-07,6.957871850346295e-07,4.4114681303709383e-07,2.7827255167976136e-07,1.717937069924734e-07,1.4231870576321089e-06,1.4351520054066426e-06,1.1752942039416442e-06,9.339009408551175e-07,1.4027813670272978e-06,15000.0,9.0
1.2078302320910093e-06,1.3739823021490116e-06,8.993891859403452e-07,1.3792652145676102e-06,1.4546186641625426e-06,1.1991040350701206e-06,9.575812432370316e-07,7.375287782503977e-07,1.462736782616964e-06,1.2033997347517427e-06,9.497093099622003e-07,7.670634254487149e-07,6.53368522518928e-07,1.3897511086318494e-06,1.3327601155499772e-06,1.4479623413187025e-06,1.2353881651292373e-06,9.097764992758906e-07,7.136983179733557e-07,4.491249955971074e-07,2.8415953032041595e-07,1.74911376169838e-07,1.4487008436344385e-06,1.4546186641625426e-06,1.1991040350701206e-06,9.575812432370316e-07,1.4299250988171097e-06,15000.0,9.25
1.2374143758150604e-06,1.408488211106165e-06,9.225978967792019e-07,1.457728601451358e-06,1.4835552733724865e-06,1.227685950321344e-06,9.841132257930463e-07,7.580910170648263e-07,1.4906416709180439e-06,1.2321356413219386e-06,9.761280104152185e-07,7.886120188481275e-07,6.711832186770661e-07,1.4695218075120465e-06,1.4029626334650974e-06,1.475688912408873e-06,1.2648318078554012e-06,9.35316010525906e-07,7.334779128949524e-07,4.579535747518388e-07,2.9068583969631403e-07,1.7831552771947164e-07,1.4810280464356252e-06,1.4835552733724865e-06,1.227685950321344e-06,9.841132257930463e-07,1.468113014222167e-06,15000.0,9.5
1.1600356621557813e-06,1.3523423658274487e-06,8.193566560028512e-07,1.110845296001309e-06,1.5283248531603773e-06,1.107067937089132e-06,8.490672915358991e-07,6.627867470421152e-07,1.4989008375848717e-06,1.107574455456132e-06,8.415659872843463e-07,6.82875966273087e-07,6.061191513547993e-07,1.0764794335577136e-06,1.2256151796874321e-06,1.4344753923877173e-06,1.1322868937662679e-06,8.053340967127779e-07,6.433723481346238e-07,4.200860465556861e-07,2.6091791120381553e-07,1.614060724715249e-07,1.3300852604058906e-06,1.5283248531603773e-06,1.107067937089132e-06,8.490672915358991e-07,1.5444625380360712e-06,15250.0,6.0
1.1626915541188709e-06,1.353793140465842e-06,8.225043998842945e-07,1.1152900826875175e-06,1.5270093742797844e-06,1.1123147584250044e-06,8.537053825706837e-07,6.646310745359547e-07,1.5006508850484163e-06,1.1130415588479672e-06,8.46149461493586e-07,6.852873554508803e-07,6.057932332985892e-07,1.0887578227313646e-06,1.2137446765583957e-06,1.4385482738172188e-06,1.1382197624532705e-06,8.096064969276401e-07,6.451254740268881e-07,4.2131263008248684e-07,2.614880134620836e-07,1.6191144543230616e-07,1.3383998716865528e-06,1.5270093742797844e-06,1.1123147584250044e-06,8.537053825706837e-07,1.5370243183302179e-06,15250.0,6.25
1.1654087993844424e-06,1.3550966807418272e-06,8.259891848484608e-07,1.1216077380606976e-06,1.5249412478991585e-06,1.1178811258293193e-06,8.58811590665186e-07,6.668990985326927e-07,1.5018230293387342e-06,1.1188509391482587e-06,8.511995236292688e-07,6.882338806794203e-07,6.056621108808504e-07,1.10197940476736e-06,1.2036243556771922e-06,1.4427046558053727e-06,1.1445689449924512e-06,8.143307188457571e-07,6.472288201455508e-07,4.226356015615639e-07,2.6212210731248484e-07,1.624529483244288e-07,1.3472071929745737e-06,1.5249412478991585e-06,1.1178811258293193e-06,8.58811590665186e-07,1.5287989906749233e-06,15250.0,6.5
1.1682050938541587e-06,1.3563116873933498e-06,8.297950888815763e-07,1.130172397731907e-06,1.5221520619028002e-06,1.123731007962311e-06,8.643649454069971e-07,6.695720093426726e-07,1.5024045401029502e-06,1.1249837994759982e-06,8.566963524144638e-07,6.917214792709952e-07,6.058023089496518e-07,1.116487708864665e-06,1.1959475393068066e-06,1.4468850924025748e-06,1.1513273987893364e-06,8.194936129400656e-07,6.496533219875377e-07,4.240205306533949e-07,2.6287069491394903e-07,1.6303744979012278e-07,1.3565490482658748e-06,1.5221520619028002e-06,1.123731007962311e-06,8.643649454069971e-07,1.5197903649922998e-06,15250.0,6.75
1.1710691837354696e-06,1.3574426877888029e-06,8.338929017047487e-07,1.1408554591390077e-06,1.518544711197707e-06,1.1299190294844631e-06,8.703281140504082e-07,6.727113036272032e-07,1.5023111449199472e-06,1.1314746397357353e-06,8.626021849290435e-07,6.957168206521908e-07,6.062838573913044e-07,1.1322030992642464e-06,1.191044080420879e-06,1.450972498409535e-06,1.1585415003326014e-06,8.250545770817597e-07,6.524440189654345e-07,4.2548605537617947e-07,2.6373520725859893e-07,1.6368687289742234e-07,1.3665147486048464e-06,1.518544711197707e-06,1.1299190294844631e-06,8.703281140504082e-07,1.5099508113850473e-06,15250.0,7.0
1.1741176499249054e-06,1.3585921736606468e-06,8.384260650053344e-07,1.1538008947576876e-06,1.5140758135483535e-06,1.1366094267023643e-06,8.768875802955245e-07,6.763159674322306e-07,1.5015066511262518e-06,1.138501013498805e-06,8.690985943493141e-07,7.002252810467992e-07,6.072700270841062e-07,1.149449451941289e-06,1.189217606176847e-06,1.4548162161073845e-06,1.1663555277191772e-06,8.311720277736076e-07,6.557097013332862e-07,4.2699532527332534e-07,2.647275749094944e-07,1.6439449159930944e-07,1.3771489979484896e-06,1.5140758135483535e-06,1.1366094267023643e-06,8.768875802955245e-07,1.4992410134194604e-06,15250.0,7.25
1.1770937084953696e-06,1.3594970233169601e-06,8.43164169729779e-07,1.1683313252637609e-06,1.508521455069002e-06,1.1434334367676752e-06,8.838270885137418e-07,6.803036930998561e-07,1.4997381962420129e-06,1.1456917937088324e-06,8.759802435849809e-07,7.051128509719613e-07,6.087621376567104e-07,1.1675274085965235e-06,1.1895964007634006e-06,1.4580590961826173e-06,1.1744183895159126e-06,8.376714187848344e-07,6.592448240409525e-07,4.285395666390395e-07,2.657977573318337e-07,1.6513014470704888e-07,1.3881461549834536e-06,1.508521455069002e-06,1.1434334367676752e-06,8.838270885137418e-07,1.4875584607108818e-06,15250.0,7.5
1.1802177693342988e-06,1.360433331719708e-06,8.483170921176685e-07,1.1856208737929301e-06,1.5019739193306248e-06,1.1506062948189195e-06,8.91335737306035e-07,6.849219884408667e-07,1.4970798801210547e-06,1.1532609089075328e-06,8.834353316377946e-07,7.105899932024017e-07,6.11044801259059e-07,1.1877273520747752e-06,1.193295355935769e-06,1.4606476020865163e-06,1.1829229924723154e-06,8.447418562389548e-07,6.634861632536638e-07,4.301450406213897e-07,2.67081609444709e-07,1.659100864813223e-07,1.3996271084175313e-06,1.5019739193306248e-06,1.1506062948189195e-06,8.91335737306035e-07,1.4751971096823118e-06,15250.0,7.75
1.1833123042059928e-06,1.3612072696272669e-06,8.537838301595099e-07,1.2053193752611663e-06,1.494252748162174e-06,1.1579676650368543e-06,8.993281310754528e-07,6.901088608095815e-07,1.4932108330274637e-06,1.1610282297872333e-06,8.913838469709461e-07,7.165451552356012e-07,6.141830545567475e-07,1.2097878170420683e-06,1.2004520986306006e-06,1.4620956479905114e-06,1.1916481572879536e-06,8.523075843960894e-07,6.682368921095816e-07,4.3182014582735754e-07,2.685758250977737e-07,1.6678774731900167e-07,1.4111979680336464e-06,1.494252748162174e-06,1.1579676650368543e-06,8.993281310754528e-07,1.4621700384003075e-06,15250.0,8.0
1.1866304783371632e-06,1.3620646587305716e-06,8.600402478571351e-07,1.2288337295381355e-06,1.4855090607179085e-06,1.1656999911171692e-06,9.081900356917486e-07,6.963167433108168e-07,1.4880688354248234e-06,1.1691367576449027e-06,9.002153698268614e-07,7.234676272397342e-07,6.185752504797446e-07,1.2351845912418863e-06,1.2126541734926106e-06,1.4620305193179664e-06,1.200609168415931e-06,8.607947502305395e-07,6.740819221753302e-07,4.3382062619290376e-07,2.7047924221518663e-07,1.6784489319964645e-07,1.4222964322358719e-06,1.4855090607179085e-06,1.1656999911171692e-06,9.081900356917486e-07,1.4494594301921304e-06,15250.0,8.25
1.190980441684081e-06,1.3639333847647271e-06,8.680205465228083e-07,1.2589605806096965e-06,1.476783986396638e-06,1.1742289473387151e-06,9.187883033660789e-07,7.04475037672117e-07,1.4823437699319595e-06,1.1779807482503578e-06,9.108022565173271e-07,7.322922003468579e-07,6.249904440861995e-07,1.2667957473241949e-06,1.2328449334215782e-06,1.4606511675550576e-06,1.2101028800149577e-06,8.711082022702445e-07,6.818370430318916e-07,4.367285440834989e-07,2.7311260969154097e-07,1.6924396443544588e-07,1.4325700538852387e-06,1.476783986396638e-06,1.1742289473387151e-06,9.187883033660789e-07,1.4390566678724022e-06,15250.0,8.5
1.1985767028618605e-06,1.3696393851210438e-06,8.79150369738417e-07,1.2996561487338977e-06,1.471610426859834e-06,1.1852436675851534e-06,9.325660456975913e-07,7.15539394746544e-07,1.4790743126083509e-06,1.1892556372236685e-06,9.245799780735507e-07,7.440229186197457e-07,6.342534359522234e-07,1.3086912395689693e-06,1.2647128094855885e-06,1.4605679431030957e-06,1.2217473494956915e-06,8.846224105304429e-07,6.924502275386775e-07,4.409973017043738e-07,2.76716283240999e-07,1.711524576108298e-07,1.4434671683279321e-06,1.471610426859834e-06,1.1852436675851534e-06,9.325660456975913e-07,1.4354685163964487e-06,15250.0,8.75
1.2121487548271006e-06,1.3829009515536716e-06,8.94469171959455e-07,1.3532859961640458e-06,1.4750327407825825e-06,1.2008674866787586e-06,9.50611857653959e-07,7.301726503727177e-07,1.4830662543201423e-06,1.2050644978065947e-06,9.426071490777092e-07,7.594270392650019e-07,6.467569428850357e-07,1.3634563376549437e-06,1.3104246993462473e-06,1.4663873662984012e-06,1.237767199014219e-06,9.022763051688315e-07,7.065257384556461e-07,4.4695455430430407e-07,2.8141862758758457e-07,1.7360782259786957e-07,1.4582532422032713e-06,1.4750327407825825e-06,1.2008674866787586e-06,9.50611857653959e-07,1.443972877683428e-06,15250.0,9.0
1.2336785117253088e-06,1.4066037516221963e-06,9.140797409076971e-07,1.4205843556860955e-06,1.490824279718686e-06,1.2227866017016147e-06,9.732523988151862e-07,7.48098411795239e-07,1.4984718411120378e-06,1.2271775915636045e-06,9.65172568346577e-07,7.78227434188045e-07,6.62261439875482e-07,1.4319983228763901e-06,1.369535854467022e-06,1.4824959732032302e-06,1.2602638919784865e-06,9.242308412697594e-07,7.237839784426697e-07,4.5453670169941526e-07,2.8707763155590294e-07,1.7658381453449e-07,1.4810673783724187e-06,1.490824279718686e-06,1.2227866017016147e-06,9.732523988151862e-07,1.4674129676332124e-06,15250.0,9.25
1.2625031003401358e-06,1.4400747507122135e-06,9.370358594510478e-07,1.4991293531776627e-06,1.5182215129662167e-06,1.2507749991621594e-06,9.99591122011282e-07,7.685374816009687e-07,1.5248662445836552e-06,1.2553175054214776e-06,9.91405326958209e-07,7.996520789575738e-07,6.799546047528237e-07,1.5118614797820407e-06,1.4397006286947907e-06,1.5087951610757745e-06,1.2890708565949214e-06,9.496073575374536e-07,7.434427674329284e-07,4.6325710020955203e-07,2.935357049055857e-07,1.7994440868233995e-07,1.5123678484408956e-06,1.5182215129662167e-06,1.2507749991621594e-06,9.99591122011282e-07,1.504235381669209e-06,15250.0,9.5
1.1911036172912982e-06,1.3914470452368374e-06,8.380962142134123e-07,1.1625110547718513e-06,1.572373808875135e-06,1.1345932695602716e-06,8.68462528180212e-07,6.767867161789523e-07,1.5410483328475777e-06,1.1350678779245737e-06,8.60745617384425e-07,6.975856462375477e-07,6.181028879071812e-07,1.128209206598783e-06,1.2755827071265806e-06,1.4739622255869429e-06,1.1605372153852356e-06,8.23484433095367e-07,6.568142202862362e-07,4.2746144789850846e-07,2.650916303051068e-07,1.6382060140619203e-07,1.3645437339753349e-06,1.572373808875135e-06,1.1345932695602716e-06,8.68462528180212e-07,1.5927237826502207e-06,15500.0,6.0
1.193834470931046e-06,1.3929983659396907e-06,8.412776630786456e-07,1.1670888955266727e-06,1.5711645977950066e-06,1.1399120672133e-06,8.731308212820137e-07,6.78664302574374e-07,1.5429305908872756e-06,1.140609720930627e-06,8.653581401183582e-07,7.000201254795071e-07,6.178029218853984e-07,1.1407493864441461e-06,1.263768982633461e-06,1.4781342496925317e-06,1.166543602127154e-06,8.277810037709265e-07,6.58589402161411e-07,4.2869339041248733e-07,2.656629018838114e-07,1.6432387016382304e-07,1.3729816578269586e-06,1.5711645977950066e-06,1.1399120672133e-06,8.731308212820137e-07,1.5853577348599005e-06,15500.0,6.25
1.1966389506709229e-06,1.3944216841642118e-06,8.447980779161056e-07,1.173563665380678e-06,1.5692326863650637e-06,1.1455576644935757e-06,8.782653652006755e-07,6.809557942973616e-07,1.5442598451648946e-06,1.1464996544855144e-06,8.704355628877345e-07,7.029914601553725e-07,6.177295142580115e-07,1.1542443208884246e-06,1.2537088522084962e-06,1.4824119477514572e-06,1.1729731826590826e-06,8.325295810204305e-07,6.607089228178775e-07,4.300090135562121e-07,2.6629696038646437e-07,1.6486278190349297e-07,1.3819227956172145e-06,1.5692326863650637e-06,1.1455576644935757e-06,8.782653652006755e-07,1.5772548801249254e-06,15500.0,6.5
1.1995101558300146e-06,1.3957489539964386e-06,8.486190903163267e-07,1.1822450011194818e-06,1.5665843035472192e-06,1.151467641769778e-06,8.838290615742887e-07,6.836154005780537e-07,1.5450008266384785e-06,1.1526931109774965e-06,8.759417396929763e-07,7.064718611391981e-07,6.178904759885052e-07,1.1689922640438126e-06,1.2459897848356831e-06,1.4867019709339381e-06,1.1797932497479725e-06,8.376978116794991e-07,6.6314231227734e-07,4.3141108834479773e-07,2.6704356814689633e-07,1.6544232158251227e-07,1.3913780686750158e-06,1.5665843035472192e-06,1.151467641769778e-06,8.838290615742887e-07,1.5683592949059363e-06,15500.0,6.75
1.20246485747498e-06,1.3970035140548271e-06,8.527410944084379e-07,1.1930785968951952e-06,1.5631225587146987e-06,1.1577477287176786e-06,8.898204112594327e-07,6.867572676522435e-07,1.545082429566314e-06,1.1592772543027024e-06,8.818744433556429e-07,7.104515600697335e-07,6.183630027382716e-07,1.1849708214075683e-06,1.2408518342225287e-06,1.4909567734479688e-06,1.187107723016996e-06,8.432800729976651e-07,6.659296903661289e-07,4.328593484837944e-07,2.679053138329226e-07,1.6608756439226986e-07,1.401511566464752e-06,1.5631225587146987e-06,1.1577477287176786e-06,8.898204112594327e-07,1.5585898251924919e-06,15500.0,7.0
1.2056219728346536e-06,1.3983040662466991e-06,8.573041180061161e-07,1.2062133999636431e-06,1.558831932576613e-06,1.1645440337364013e-06,8.964220338450289e-07,6.903685805073286e-07,1.5444827217542076e-06,1.1664099863232093e-06,8.884122475071194e-07,7.149626953318922e-07,6.193567745869226e-07,1.2024929867442566e-06,1.2389935587858812e-06,1.495014743764667e-06,1.1950424017268955e-06,8.49429068202841e-07,6.691882465444704e-07,4.343980393064008e-07,2.6889597848378266e-07,1.667923285060554e-07,1.412341909321407e-06,1.558831932576613e-06,1.1645440337364013e-06,8.964220338450289e-07,1.5480511291238514e-06,15500.0,7.25
1.20881397776413e-06,1.3994773237668622e-06,8.6216716417213e-07,1.2212519833627146e-06,1.5535755988642758e-06,1.1715814361785572e-06,9.03488981615319e-07,6.944347207399936e-07,1.5430215080598054e-06,1.173818621278509e-06,8.954174097979044e-07,7.19933498973837e-07,6.208908230773422e-07,1.2211701400198777e-06,1.2394193456730949e-06,1.4985678045664472e-06,1.2033256609477853e-06,8.560424820135626e-07,6.728198745663215e-07,4.359587261727101e-07,2.699799579869306e-07,1.6753293525486626e-07,1.4236283495009845e-06,1.5535755988642758e-06,1.1715814361785572e-06,9.03488981615319e-07,1.5365767966514921e-06,15500.0,7.5
1.2120036439813135e-06,1.4005186642994369e-06,8.672893834897378e-07,1.2384997888882963e-06,1.5471904451750872e-06,1.1788193570092766e-06,9.109756209352474e-07,6.989882961315515e-07,1.540573333944988e-06,1.1814548743149112e-06,9.028479231881795e-07,7.253535920983732e-07,6.231292882887463e-07,1.2414147276151334e-06,1.242731763303967e-06,1.501409133618594e-06,1.21191968427428e-06,8.630769805975294e-07,6.769646844488066e-07,4.375645976100533e-07,2.7123524385148325e-07,1.682993196660778e-07,1.4353230557353389e-06,1.5471904451750872e-06,1.1788193570092766e-06,9.109756209352474e-07,1.5243189401403231e-06,15500.0,7.75
1.21538785208252e-06,1.401671542153998e-06,8.728535639384476e-07,1.2585571751733075e-06,1.5398990641646565e-06,1.186468537894805e-06,9.191093802775017e-07,7.041807570820147e-07,1.5371938538765958e-06,1.1895219078264161e-06,9.109316001460733e-07,7.313344292911256e-07,6.262273916497764e-07,1.2639268012825283e-06,1.2498693684233218e-06,1.5034013724541344e-06,1.2209826872945888e-06,8.707533379344129e-07,6.817302683626488e-07,4.3923733501999175e-07,2.7270193827725875e-07,1.691578516324997e-07,1.4474325359728252e-06,1.5398990641646565e-06,1.186468537894805e-06,9.191093802775017e-07,1.5116453193141705e-06,15500.0,8.0
1.2187879297739533e-06,1.402664891973642e-06,8.789700629789211e-07,1.2816275957269554e-06,1.5313776668022617e-06,1.194335125273125e-06,9.279082914570849e-07,7.101768249184519e-07,1.5323878538104765e-06,1.1977843638100997e-06,9.196913075715747e-07,7.380397189241541e-07,6.304131690226256e-07,1.288941705507505e-06,1.2611544408118027e-06,1.5038497516554522e-06,1.2301720615514797e-06,8.791345002953016e-07,6.873574460439886e-07,4.4110929583375517e-07,2.7449113271836964e-07,1.7015162608324652e-07,1.4591056086036558e-06,1.5313776668022617e-06,1.194335125273125e-06,9.279082914570849e-07,1.4988043928150113e-06,15500.0,8.25
1.2229169730606474e-06,1.404350463931726e-06,8.864334124558267e-07,1.3103458555221954e-06,1.5225494814881504e-06,1.2027704403055272e-06,9.381000391796188e-07,7.178082779842166e-07,1.5267811288601311e-06,1.2065689668888832e-06,9.298655496491611e-07,7.463403137922719e-07,6.362963451442292e-07,1.3192035195339392e-06,1.2794255188038167e-06,1.5028767478431432e-06,1.2397239335103702e-06,8.88996451061352e-07,6.945895505194416e-07,4.4366531819310727e-07,2.7690643136951445e-07,1.7142781040718387e-07,1.4700681116197903e-06,1.5225494814881504e-06,1.2027704403055272e-06,9.381000391796188e-07,1.4876756123851533e-06,15500.0,8.5
1.229466131387298e-06,1.408813729779721e-06,8.965951595134722e-07,1.3485454176808298e-06,1.5159088323139765e-06,1.2130219791639929e-06,9.509946380771018e-07,7.280631478466693e-07,1.5223795483648636e-06,1.2170937351616948e-06,9.427622395466911e-07,7.572337810799308e-07,6.448240669154577e-07,1.358650457209405e-06,1.3086528193283164e-06,1.5020320007049248e-06,1.2507335380678239e-06,9.016241201190984e-07,7.044220665916467e-07,4.4750155219608947e-07,2.802578061198489e-07,1.731838752768195e-07,1.480850923716974e-06,1.5159088323139765e-06,1.2130219791639929e-06,9.509946380771018e-07,1.4819124142309275e-06,15500.0,8.75
1.2411304930909138e-06,1.4196612292615183e-06,9.106631749865941e-07,1.3990525190127539e-06,1.5163190206616403e-06,1.22716679240869e-06,9.678283754258898e-07,7.417406881977861e-07,1.523693942651755e-06,1.2314545274191607e-06,9.595884789398275e-07,7.716456396501667e-07,6.564814223291586e-07,1.410239626063854e-06,1.3512506255048717e-06,1.5055461908053196e-06,1.2653526970789433e-06,9.181409971262993e-07,7.175630983541497e-07,4.5293105130419777e-07,2.8466219728688904e-07,1.7548283267570178e-07,1.4942399782114762e-06,1.5163190206616403e-06,1.22716679240869e-06,9.678283754258898e-07,1.4868338602078916e-06,15500.0,9.0
1.2604565348144882e-06,1.4404796695844956e-06,9.291935052291768e-07,1.4638220505300224e-06,1.528465413692059e-06,1.247255099644882e-06,9.893699003957925e-07,7.58941144334783e-07,1.5356038916845862e-06,1.2517373395659184e-06,9.810753341024488e-07,7.896915145243597e-07,6.713576887994595e-07,1.4762266722522927e-06,1.4078886433278213e-06,1.5183620805777464e-06,1.2859650725572748e-06,9.39090775201993e-07,7.34122155779185e-07,4.6006080639065177e-07,2.900890807861366e-07,1.7830549221067924e-07,1.514580857687606e-06,1.528465413692059e-06,1.247255099644882e-06,9.893699003957925e-07,1.5064371023605135e-06,15500.0,9.25
1.2877200266600343e-06,1.4718946603655677e-06,9.514601631432428e-07,1.5411107356742762e-06,1.5531905759086146e-06,1.2739163937185212e-06,1.0150415675120682e-06,7.78939473984341e-07,1.559368707353177e-06,1.2785531570453194e-06,1.0066539733558225e-06,8.106604446343229e-07,6.886351519467468e-07,1.554814295124156e-06,1.4768339446347443e-06,1.5421506919529457e-06,1.3133738849693607e-06,9.63865584607444e-07,7.53364874784801e-07,4.6857935932040025e-07,2.963798089164796e-07,1.815727530546167e-07,1.543857618492856e-06,1.5531905759086146e-06,1.2739163937185212e-06,1.0150415675120682e-06,1.540722558806743e-06,15500.0,9.5
1.2224331317139157e-06,1.4309390069004248e-06,8.569311956858295e-07,1.2152898335101295e-06,1.6168075642126225e-06,1.1623101680075703e-06,8.87968081125567e-07,6.908581200546026e-07,1.5835702861403163e-06,1.1627569907899416e-06,8.800337044849369e-07,7.123563424579875e-07,6.301110253794165e-07,1.1811476067299884e-06,1.3262919321571143e-06,1.5138009719545534e-06,1.188992568143129e-06,8.417348988842152e-07,6.703150383078454e-07,4.3486246042218964e-07,2.692775208633434e-07,1.6624169621223959e-07,1.399302342382602e-06,1.6168075642126225e-06,1.1623101680075703e-06,8.87968081125567e-07,1.6414776284698856e-06,15750.0,6.0
1.2252275203890092e-06,1.4325796953365844e-06,8.601396475965242e-07,1.2199907591639094e-06,1.6157087141063366e-06,1.1676890636129102e-06,8.926525985873391e-07,6.927459347854635e-07,1.5855701360842874e-06,1.1683601243593657e-06,8.846613976668268e-07,7.148087929077996e-07,6.298455298593677e-07,1.1939252574322506e-06,1.3145488417920992e-06,1.5180498376830132e-06,1.1950599007657892e-06,8.460422343381676e-07,6.720988500292497e-07,4.360906038150127e-07,2.6984914534411075e-07,1.6674275886874864e-07,1.4078351421095676e-06,1.6157087141063366e-06,1.1676890636129102e-06,8.926525985873391e-07,1.634176071385889e-06,15750.0,6.25
1.2281014977831863e-06,1.43409881661411e-06,8.636901015052695e-07,1.226639794764312e-06,1.6138686459368216e-06,1.1734020380719625e-06,8.978142812547316e-07,6.950561707810973e-07,1.5870205646725262e-06,1.174316941943759e-06,8.897653299023869e-07,7.177964415600919e-07,6.298006656968954e-07,1.2077084502239981e-06,1.3045526758744871e-06,1.5224152402661848e-06,1.2015576687466943e-06,8.508135179792523e-07,6.742399204839452e-07,4.3741619224944264e-07,2.704862805205e-07,1.6727952266672252e-07,1.4168868487950866e-06,1.6138686459368216e-06,1.1734020380719625e-06,8.978142812547316e-07,1.626157894381847e-06,15750.0,6.5
1.231054586392997e-06,1.4355399036403119e-06,8.675388608953442e-07,1.2354800070463218e-06,1.6113563666005053e-06,1.1793906130466853e-06,9.034041096526378e-07,6.977243979966932e-07,1.5879116224765902e-06,1.180590168321155e-06,8.952959816167804e-07,7.212793951348214e-07,6.299868958930865e-07,1.2227258680614806e-06,1.2968348616696587e-06,1.5268318339369073e-06,1.208459425271374e-06,8.560008041547972e-07,6.766815832434741e-07,4.388178902845778e-07,2.712316605991462e-07,1.6785572171727116e-07,1.4264745192174095e-06,1.6113563666005053e-06,1.1793906130466853e-06,9.034041096526378e-07,1.6173826625421347e-06,15750.0,6.75
1.2341065671480308e-06,1.4369295317172917e-06,8.716925138521949e-07,1.2464817587502626e-06,1.6080482612597483e-06,1.1857606838325459e-06,9.094271094482786e-07,7.008728712313734e-07,1.5881754450068166e-06,1.1872648777506296e-06,9.012588898845382e-07,7.252591757155508e-07,6.305004195221356e-07,1.2389722734715725e-06,1.2916288693319927e-06,1.5312429277735321e-06,1.2158678304177146e-06,8.616073331112048e-07,6.794726822552851e-07,4.402880291613368e-07,2.7209068538179337e-07,1.684969568984101e-07,1.4367645957869859e-06,1.6080482612597483e-06,1.1857606838325459e-06,9.094271094482786e-07,1.607702757317131e-06,15750.0,7.0
1.2373352563796554e-06,1.4383348694161147e-06,8.762678801003156e-07,1.2597761442322792e-06,1.60387907529006e-06,1.1926256817701032e-06,9.160414042060157e-07,7.044766257877365e-07,1.5877235550174741e-06,1.1944659153465416e-06,9.078084149654799e-07,7.297626197903498e-07,6.31493581590191e-07,1.2567358593646114e-06,1.2897240663986065e-06,1.5354483999979101e-06,1.2238800540461124e-06,8.677648329491349e-07,6.82726417264986e-07,4.4181682527017396e-07,2.7307839759356465e-07,1.6919798022649535e-07,1.4477316796902384e-06,1.60387907529006e-06,1.1926256817701032e-06,9.160414042060157e-07,1.597302603641169e-06,15750.0,7.25
1.2406331048891346e-06,1.4396472297947944e-06,8.811712788626435e-07,1.2750693663426101e-06,1.5987767933461466e-06,1.1997751237747294e-06,9.231559223068117e-07,7.085518768015616e-07,1.5864477264071072e-06,1.2019900526875324e-06,9.148587156837746e-07,7.347448214875886e-07,6.330269526983121e-07,1.2757533944271151e-06,1.289957189792019e-06,1.5392098085285441e-06,1.2322890674538217e-06,8.744153541615426e-07,6.863678039081705e-07,4.433763574148784e-07,2.7416288639808034e-07,1.6993764320105412e-07,1.4592155608538914e-06,1.5987767933461466e-06,1.1997751237747294e-06,9.231559223068117e-07,1.5858979137150113e-06,15750.0,7.5
1.244082028666639e-06,1.4410154724155582e-06,8.864334231088641e-07,1.2928690504829114e-06,1.5927427484317283e-06,1.2072616679364045e-06,9.307997181931422e-07,7.13177663185146e-07,1.584371087155828e-06,1.209882045404374e-06,9.224423981469933e-07,7.402438168629999e-07,6.353163425894919e-07,1.2966310458565746e-06,1.293442410009713e-06,1.5424311583366253e-06,1.2411490232489696e-06,8.815869793463018e-07,6.905830685899454e-07,4.450082867126498e-07,2.754261580126994e-07,1.707068355266564e-07,1.4712657907200055e-06,1.5927427484317283e-06,1.2072616679364045e-06,9.307997181931422e-07,1.573965057000592e-06,15750.0,7.75
1.2475180389598037e-06,1.4422486622623007e-06,8.919462300757076e-07,1.3128133318202124e-06,1.5856018089012046e-06,1.2149807764452689e-06,9.388986320041938e-07,7.182785247805519e-07,1.5811833550823493e-06,1.218024456929708e-06,9.304877779863277e-07,7.461418355813909e-07,6.382966930511786e-07,1.3191014733497816e-06,1.3000412260159065e-06,1.5446963786189594e-06,1.2503157031137172e-06,8.892126008075635e-07,6.95250106916848e-07,4.4664651062933525e-07,2.768489371059491e-07,1.7154301776481418e-07,1.4836364169436127e-06,1.5856018089012046e-06,1.2149807764452689e-06,9.388986320041938e-07,1.5612466522033351e-06,15750.0,8.0
1.251082445701334e-06,1.4434771200200967e-06,8.980143663875437e-07,1.3357354915004864e-06,1.5773876432016219e-06,1.2230309843997446e-06,9.4771995228571e-07,7.241532380384877e-07,1.5767845130226845e-06,1.2264860402563306e-06,9.392624946286929e-07,7.527224256836408e-07,6.423390505121855e-07,1.3440342798184165e-06,1.3108369322774604e-06,1.5456745548605174e-06,1.25976305568676e-06,8.975669405733141e-07,7.007508081486223e-07,4.4842374226358454e-07,2.785565906523555e-07,1.724897023245169e-07,1.4958766754423292e-06,1.5773876432016219e-06,1.2230309843997446e-06,9.4771995228571e-07,1.5485116046629761e-06,15750.0,8.25
1.2552452837978524e-06,1.4452707322260895e-06,9.052086528234077e-07,1.363719411341004e-06,1.5687379451186177e-06,1.2315691686854148e-06,9.577507817946444e-07,7.314500088084887e-07,1.5715404219346033e-06,1.2354009180813177e-06,9.492705629264836e-07,7.607010149770205e-07,6.47898261959461e-07,1.3736525188888313e-06,1.3279495529641615e-06,1.5452852484282483e-06,1.2695548514565795e-06,9.072251382764647e-07,7.076468485465612e-07,4.5076738726615745e-07,2.808024875256135e-07,1.7366858255025675e-07,1.5076040194929302e-06,1.5687379451186177e-06,1.2315691686854148e-06,9.577507817946444e-07,1.5371539074120621e-06,15750.0,8.5
1.2610010712160396e-06,1.448822310867873e-06,9.145261380625025e-07,1.3997240553183963e-06,1.5610798664955371e-06,1.2412677065141806e-06,9.698854442410064e-07,7.40989100065996e-07,1.5664076224678064e-06,1.245399313232505e-06,9.614044644384805e-07,7.708667541042457e-07,6.557386453287265e-07,1.4109410451559439e-06,1.3546011684768926e-06,1.5440659469231241e-06,1.280150435294443e-06,9.190888844475385e-07,7.16774419702917e-07,4.5418834721785534e-07,2.8391242272690054e-07,1.7527733864361039e-07,1.5185301170302622e-06,1.5610798664955371e-06,1.2412677065141806e-06,9.698854442410064e-07,1.5296274381662577e-06,15750.0,8.75
1.2711506372919045e-06,1.4577903585664167e-06,9.274542037833105e-07,1.4473916768212209e-06,1.5591320113027696e-06,1.2543077882069038e-06,9.85661438463618e-07,7.537465169997957e-07,1.565734310060303e-06,1.2586678068955866e-06,9.771803028727377e-07,7.843251294293592e-07,6.665945363466457e-07,1.4596997614388955e-06,1.394161191489335e-06,1.5459558604697792e-06,1.293773988268603e-06,9.345737621019184e-07,7.290209887299855e-07,4.5911040171068347e-07,2.8801411440071455e-07,1.7741622943623183e-07,1.5312151910036899e-06,1.5591320113027696e-06,1.2543077882069038e-06,9.85661438463618e-07,1.5314783415987589e-06,15750.0,9.0
1.2882425059539926e-06,1.4757250925824479e-06,9.447493673437092e-07,1.5091126796075302e-06,1.5676527785919332e-06,1.2726018345960916e-06,1.0059662896479717e-06,7.700858133537929e-07,1.5742411714432048e-06,1.277166687081118e-06,9.97452805412809e-07,8.014710200570846e-07,6.807071571459891e-07,1.5225918171594759e-06,1.4478674241071189e-06,1.5556490696037384e-06,1.3125758201915363e-06,9.543776416539543e-07,7.447515302321042e-07,4.657566718168337e-07,2.931832122659006e-07,1.8007205396145887e-07,1.5493325701555088e-06,1.5676527785919332e-06,1.2726018345960916e-06,1.0059662896479717e-06,1.5471263441387872e-06,15750.0,9.25
1.3136192858219912e-06,1.50463589347674e-06,9.662113805574713e-07,1.5846497263827988e-06,1.5892107573050387e-06,1.2976097486915665e-06,1.0308245489656953e-06,7.895702108444093e-07,1.5948777794468433e-06,1.3023510835249594e-06,1.0222234741407065e-06,8.218987554457976e-07,6.975509710763296e-07,1.599380270352857e-06,1.5152313686254557e-06,1.5764565386704587e-06,1.338279502289458e-06,9.784156408930995e-07,7.635024201747096e-07,4.739828529155346e-07,2.9928968491796327e-07,1.832377849284606e-07,1.576151752058998e-06,1.5892107573050387e-06,1.2976097486915665e-06,1.0308245489656953e-06,1.5783644122293904e-06,15750.0,9.5
1.2539860985795988e-06,1.4707683909701499e-06,8.758503992326393e-07,1.269120850451395e-06,1.6615913187356695e-06,1.1901884686557574e-06,9.075649741704744e-07,7.049574722781525e-07,1.6264072107720916e-06,1.1906087041797613e-06,8.994109048963425e-07,7.271712809891914e-07,6.421355764346671e-07,1.2352216546639892e-06,1.3777174072107339e-06,1.553926661258286e-06,1.2176177910948182e-06,8.600656365390637e-07,6.838233593673609e-07,4.4228279259991355e-07,2.7347331504586983e-07,1.6866922918544656e-07,1.4342870767648086e-06,1.6615913187356695e-06,1.1901884686557574e-06,9.075649741704744e-07,1.690665228789006e-06,16000.0,6.0
1.2568552453923556e-06,1.472516308215361e-06,8.790902809175422e-07,1.2739676661741898e-06,1.6606015837727157e-06,1.1956347707221902e-06,9.122776341563997e-07,7.068818905097894e-07,1.6285433914924911e-06,1.1962795685376058e-06,9.040661438642386e-07,7.296666169323869e-07,6.419425081692155e-07,1.2482678547172227e-06,1.3660480241347704e-06,1.5582740804298838e-06,1.2237489012204152e-06,8.64395687892659e-07,6.856562597892123e-07,4.435186090507241e-07,2.740483557364654e-07,1.6916912409087615e-07,1.4429409016719294e-06,1.6606015837727157e-06,1.1956347707221902e-06,9.122776341563997e-07,1.6834456878466101e-06,16000.0,6.25
1.2598141985791743e-06,1.474143210337145e-06,8.826832359831714e-07,1.28082198917177e-06,1.6588764299926236e-06,1.2014294828059007e-06,9.174762095389864e-07,7.091937526366245e-07,1.6301257268484018e-06,1.202321845702942e-06,9.092056062578288e-07,7.326607058142885e-07,6.419047597407584e-07,1.2623498571867128e-06,1.3561647843564234e-06,1.562733553024963e-06,1.2303364569645518e-06,8.691965956877987e-07,6.878044201157032e-07,4.448435688142784e-07,2.746866962667416e-07,1.697042913517186e-07,1.4521083850392702e-06,1.6588764299926236e-06,1.2014294828059007e-06,9.174762095389864e-07,1.6755253996979319e-06,16000.0,6.5
1.2628416791533425e-06,1.4756894926433615e-06,8.865587865934147e-07,1.2898411644749294e-06,1.6564738674404894e-06,1.2074883415236396e-06,9.230905149300692e-07,7.118920374254868e-07,1.6311530677634207e-06,1.2086643854633652e-06,9.147596864975903e-07,7.361527078043347e-07,6.421338003965366e-07,1.27763919473658e-06,1.348467708912824e-06,1.567270072767097e-06,1.2373106572118777e-06,8.744028136757622e-07,6.902738621050697e-07,4.462481507028983e-07,2.754321762627976e-07,1.7027781218784466e-07,1.4618232285743888e-06,1.6564738674404894e-06,1.2074883415236396e-06,9.230905149300692e-07,1.6668250280146478e-06,16000.0,6.75
1.2659682631376539e-06,1.477186837624672e-06,8.90730132478949e-07,1.3009670961965366e-06,1.6532961322276489e-06,1.213925927433992e-06,9.291295131219818e-07,7.150374838221055e-07,1.6315683154210545e-06,1.215407039690431e-06,9.20737447702591e-07,7.401236378302094e-07,6.426688561707299e-07,1.2941334538056136e-06,1.3431936409344691e-06,1.5718054610194684e-06,1.2447919963856557e-06,8.800197243039662e-07,6.930631527770073e-07,4.477186782498152e-07,2.7628659722654593e-07,1.7091472517961508e-07,1.4722412377022558e-06,1.6532961322276489e-06,1.213925927433992e-06,9.291295131219818e-07,1.6572630548694033e-06,16000.0,7.0
1.2692560063387142e-06,1.4786747560207085e-06,8.953209354276195e-07,1.3144547151849473e-06,1.6492290379332683e-06,1.2208526264627205e-06,9.357597464962739e-07,7.186415264844378e-07,1.6312377726821406e-06,1.2226682690137712e-06,9.27301659051168e-07,7.44617974847819e-07,6.436762552967579e-07,1.3121424136440008e-06,1.3408818346867137e-06,1.5761277653682574e-06,1.2528679410635548e-06,8.861855745176135e-07,6.963136847739887e-07,4.492401989448153e-07,2.7727228690490756e-07,1.7161260988411237e-07,1.4833249584360165e-06,1.6492290379332683e-06,1.2208526264627205e-06,9.357597464962739e-07,1.6468078893303665e-06,16000.0,7.25
1.2726592048161418e-06,1.4801277320683075e-06,9.002664603923495e-07,1.3300070904777152e-06,1.644264467680593e-06,1.2281084084358094e-06,9.429226919367866e-07,7.22726538110931e-07,1.6301338118810854e-06,1.230300694479047e-06,9.343987144345439e-07,7.496156227556781e-07,6.452195048087876e-07,1.3314917070627122e-06,1.341412203672029e-06,1.5800774829615107e-06,1.2613959841175785e-06,8.928754108006649e-07,6.999741386236393e-07,4.5081216264915695e-07,2.783560413143942e-07,1.7234963287938555e-07,1.4949933108654461e-06,1.644264467680593e-06,1.2281084084358094e-06,9.429226919367866e-07,1.6356244893672295e-06,16000.0,7.5
1.2762220181968915e-06,1.4816512383078629e-06,9.055615496075674e-07,1.348035258794065e-06,1.6384282351249142e-06,1.2357021987694301e-06,9.50612192765898e-07,7.273541274657838e-07,1.6282678412058456e-06,1.2383007975644662e-06,9.420261656999129e-07,7.551169582366494e-07,6.47510013819728e-07,1.3526726068369998e-06,1.3448040226781185e-06,1.5835332647584027e-06,1.270369905675567e-06,9.000830793232655e-07,7.041874219590634e-07,4.524483168829207e-07,2.796122964240599e-07,1.7311697466072248e-07,1.507248348385422e-06,1.6384282351249142e-06,1.2357021987694301e-06,9.50612192765898e-07,1.6238342667988931e-06,16000.0,7.75
1.2798362276609328e-06,1.4831229384504534e-06,9.111273531275614e-07,1.3682541177777499e-06,1.6315553785290402e-06,1.2436067403486628e-06,9.587814063490044e-07,7.324543774405577e-07,1.6253995356861744e-06,1.2466312755647881e-06,9.501402474265214e-07,7.610246421314217e-07,6.504529386388325e-07,1.3754922488890221e-06,1.3512938755726688e-06,1.5861636615306705e-06,1.279754977985394e-06,9.077616963036166e-07,7.088429338425549e-07,4.5408780180613436e-07,2.810169270712652e-07,1.739425686561284e-07,1.5199519286459113e-06,1.6315553785290402e-06,1.2436067403486628e-06,9.587814063490044e-07,1.6113304809672472e-06,16000.0,8.0
1.283687148234392e-06,1.4847164924943075e-06,9.172852255558541e-07,1.3914834756258502e-06,1.6237415376356553e-06,1.2519430530425988e-06,9.677534519666894e-07,7.383349098189482e-07,1.6214792531029828e-06,1.2554042819712658e-06,9.59058732707254e-07,7.676322901973243e-07,6.544473778896993e-07,1.400817908980442e-06,1.3619135138699973e-06,1.5877124125576092e-06,1.2895606155290007e-06,9.162217691176159e-07,7.143130778052124e-07,4.5584264585897373e-07,2.8268015274754195e-07,1.7485926619022997e-07,1.5327675621262427e-06,1.6237415376356553e-06,1.2519430530425988e-06,9.677534519666894e-07,1.5988682590179895e-06,16000.0,8.25
1.2877679903492737e-06,1.4864676760462801e-06,9.241794333816496e-07,1.418656759500338e-06,1.6151413943271987e-06,1.2604835054927938e-06,9.775572555992824e-07,7.452893437699067e-07,1.6163966788942249e-06,1.2643353985278163e-06,9.688333475772166e-07,7.752645960022422e-07,6.59684832196203e-07,1.4296906749123397e-06,1.377816948173517e-06,1.5876979766174334e-06,1.299446552611418e-06,9.256374816386178e-07,7.208948638014397e-07,4.5798257680827135e-07,2.8476978681464515e-07,1.7595054086436982e-07,1.5450183771037176e-06,1.6151413943271987e-06,1.2604835054927938e-06,9.775572555992824e-07,1.5871423906331906e-06,16000.0,8.5
1.293099178848835e-06,1.4895796323306128e-06,9.328459399165669e-07,1.4529731270785982e-06,1.6070401595405418e-06,1.2699167075492884e-06,9.891502495050066e-07,7.542260819296036e-07,1.611102927042826e-06,1.2741018624935898e-06,9.804201126953004e-07,7.84829955132809e-07,6.669184326277997e-07,1.4653727234867376e-06,1.4023008227331002e-06,1.586641782765974e-06,1.309949176769355e-06,9.369207354826799e-07,7.294192390481931e-07,4.6102731365614374e-07,2.8764696164919776e-07,1.774173790628265e-07,1.5565454769988908e-06,1.6070401595405418e-06,1.2699167075492884e-06,9.891502495050066e-07,1.5784652576292126e-06,16000.0,8.75
1.3018640599344344e-06,1.4968692872503962e-06,9.446148095299666e-07,1.4977457891593513e-06,1.6030320758643329e-06,1.2819554883610695e-06,1.003858205802829e-06,7.660299087704259e-07,1.6087415740152633e-06,1.2863953498449465e-06,9.951315826607272e-07,7.972969530712383e-07,6.769300263321308e-07,1.511256791369183e-06,1.4387193363598615e-06,1.5872545754736495e-06,1.3227079452631687e-06,9.513435788420167e-07,7.407470190548078e-07,4.6542044456069544e-07,2.914531291618902e-07,1.793874844853395e-07,1.568810798994269e-06,1.6030320758643329e-06,1.2819554883610695e-06,1.003858205802829e-06,1.5774582111834543e-06,16000.0,9.0
1.3170601568165628e-06,1.5123277264420969e-06,9.60860780992409e-07,1.5567147211622345e-06,1.6083733745573114e-06,1.2987986799600034e-06,1.0231581598041336e-06,7.816027241427733e-07,1.6143234283693303e-06,1.3034528841950305e-06,1.0144154537481916e-06,8.136411438983759e-07,6.903777001723356e-07,1.571329936410278e-06,1.4897535810189542e-06,1.5943125099261067e-06,1.340059944441955e-06,9.702069386027298e-07,7.557352462292266e-07,4.716374823269624e-07,2.963810141658818e-07,1.8190264642641772e-07,1.5851684724254173e-06,1.6083733745573114e-06,1.2987986799600034e-06,1.0231581598041336e-06,1.5895753579586523e-06,16000.0,9.25
1.340188348708964e-06,1.5383010539056735e-06,9.812227139885558e-07,1.6296291678694565e-06,1.6262617409328422e-06,1.3218694995753456e-06,1.0469057853686097e-06,8.003459163114098e-07,1.6314288938787148e-06,1.3267176823799243e-06,1.038091049337879e-06,8.332959776147339e-07,7.065666056217358e-07,1.6454606850991771e-06,1.554679391458813e-06,1.6117615019162853e-06,1.363800891319541e-06,9.932331966467056e-07,7.737758408707244e-07,4.794382566790205e-07,3.0223735595017856e-07,1.8491593160800536e-07,1.6094114356712165e-06,1.6262617409328422e-06,1.3218694995753456e-06,1.0469057853686097e-06,1.6170706001145845e-06,16000.0,9.5
1.2857922302734333e-06,1.5109738306950422e-06,8.948673840496106e-07,1.3240182205322467e-06,1.7067717363605735e-06,1.2182425978584523e-06,9.272705137846967e-07,7.191084154610919e-07,1.669610520346739e-06,1.2186372750395144e-06,9.188952140371434e-07,7.420455385868551e-07,6.542116791972872e-07,1.29044836897423e-06,1.4298863951359509e-06,1.5943843906128259e-06,1.24643199122581e-06,8.784938630691593e-07,6.97391433860853e-07,4.4973196886927983e-07,2.776801574539592e-07,1.7110355509781382e-07,1.4695345211730567e-06,1.7067717363605735e-06,1.2182425978584523e-06,9.272705137846967e-07,1.74034715890157e-06,16250.0,6.0
1.288741942609684e-06,1.5128185308676534e-06,8.981562192650275e-07,1.329043465361007e-06,1.7058646220148875e-06,1.2237743365123318e-06,9.320239076312188e-07,7.210590716867973e-07,1.6718647847098828e-06,1.2243939891295742e-06,9.235893772241033e-07,7.44564160358967e-07,6.540451550171343e-07,1.3037789362774195e-06,1.4183247424866338e-06,1.5988251635726885e-06,1.2526423555347009e-06,8.828576267910648e-07,6.992522473413638e-07,4.509670557023223e-07,2.7825830784069773e-07,1.7160255905584286e-07,1.4783114815694445e-06,1.7058646220148875e-06,1.2237743365123318e-06,9.320239076312188e-07,1.7331972241441397e-06,16250.0,6.25
1.2917569965032408e-06,1.5145324321397795e-06,9.017652333971795e-07,1.3360589762134822e-06,1.7042307408929475e-06,1.2296190652760574e-06,9.372401485277126e-07,7.233953417144022e-07,1.6735568038859398e-06,1.2304887151154967e-06,9.287461970231306e-07,7.475782591933276e-07,6.540496000267954e-07,1.3181192155814693e-06,1.4085049553922438e-06,1.6033667401476667e-06,1.2592907943547226e-06,8.876708481655203e-07,7.014248949387416e-07,4.5229379581516697e-07,2.788930067444075e-07,1.7213491192104422e-07,1.4875777327562576e-06,1.7042307408929475e-06,1.2296190652760574e-06,9.372401485277126e-07,1.7253225734904616e-06,16250.0,6.5
1.2948648538022388e-06,1.516190775503767e-06,9.056708644545401e-07,1.345273246900466e-06,1.7019435198587378e-06,1.2357485468749922e-06,9.428811141090272e-07,7.261115976367498e-07,1.674726366877286e-06,1.2369022615361503e-06,9.343261314633647e-07,7.510847231823048e-07,6.543163842129436e-07,1.3336879154112554e-06,1.4008829343747294e-06,1.608012612896643e-06,1.266337590058055e-06,8.928984881782372e-07,7.039136422525155e-07,4.5371052927142733e-07,2.7963809090633546e-07,1.727055996819774e-07,1.497414456352884e-06,1.7019435198587378e-06,1.2357485468749922e-06,9.428811141090272e-07,1.7167516193925659e-06,16250.0,6.75
1.2980898169045376e-06,1.5178208879577183e-06,9.098831135249902e-07,1.3566219300478294e-06,1.6989112882797979e-06,1.2422861482068904e-06,9.489622582294796e-07,7.292738233360149e-07,1.6753055594675307e-06,1.2437446230153237e-06,9.403445947687862e-07,7.550682313549551e-07,6.54886960357793e-07,1.3504990106682345e-06,1.3955985910433233e-06,1.6126919371058263e-06,1.2739199727520306e-06,8.985509806345319e-07,7.067196075148436e-07,4.551772056535144e-07,2.804948497170207e-07,1.7334075350221793e-07,1.5079875862418619e-06,1.6989112882797979e-06,1.2422861482068904e-06,9.489622582294796e-07,1.7073090018730871e-06,16250.0,7.0
1.301424765154979e-06,1.5193875978414226e-06,9.14452007600742e-07,1.3701342242771258e-06,1.6949526570845347e-06,1.249263182592982e-06,9.555705258234868e-07,7.328388949459219e-07,1.6751163885550903e-06,1.2510586581355921e-06,9.468850721789348e-07,7.595213594133476e-07,6.558630838054119e-07,1.3686036528228483e-06,1.3930817679573125e-06,1.617154525898028e-06,1.282060335383486e-06,9.046876168261696e-07,7.09934227427495e-07,4.5667721397229423e-07,2.814648732548039e-07,1.7402751353416445e-07,1.5192228732171628e-06,1.6949526570845347e-06,1.249263182592982e-06,9.555705258234868e-07,1.696878937157162e-06,16250.0,7.25
1.3048888869542621e-06,1.5209290418286652e-06,9.194087180107773e-07,1.385854176267466e-06,1.690075984212681e-06,1.2565779185283634e-06,9.627458110161417e-07,7.369075168597401e-07,1.6741352784261176e-06,1.2587516079339985e-06,9.539933166116596e-07,7.64501715648559e-07,6.574241882142481e-07,1.3881895672499347e-06,1.3935825425786835e-06,1.6212432124558264e-06,1.2906554069311577e-06,9.113831591679006e-07,7.136065811509114e-07,4.582501598670139e-07,2.825432369353295e-07,1.7475954986167882e-07,1.5310143312616782e-06,1.690075984212681e-06,1.2565779185283634e-06,9.627458110161417e-07,1.6858387517696953e-06,16250.0,7.5
1.3084984451851161e-06,1.5225213918302552e-06,9.246939429985564e-07,1.4039817567794417e-06,1.684355753099286e-06,1.2642161768460992e-06,9.704317722877675e-07,7.415189716349364e-07,1.6723971173514165e-06,1.2667990861603933e-06,9.616160494022357e-07,7.699818425894332e-07,6.596847776791436e-07,1.4095281469980594e-06,1.3966593792779624e-06,1.6248627482667053e-06,1.2996908207798778e-06,9.185815999898373e-07,7.177763905123119e-07,4.598734267934045e-07,2.837876205782355e-07,1.7552030142038095e-07,1.5434144172484983e-06,1.684355753099286e-06,1.2642161768460992e-06,9.704317722877675e-07,1.6739834583511459e-06,16250.0,7.75
1.3122804378700119e-06,1.5242032368523384e-06,9.30344462706155e-07,1.4246298573412574e-06,1.6776839992625033e-06,1.2722881345690035e-06,9.786969393993242e-07,7.466557170100983e-07,1.6697739306121024e-06,1.2753049672206049e-06,9.698233512761117e-07,7.75934945247072e-07,6.62634970217874e-07,1.4328531480823673e-06,1.4031891508567006e-06,1.6277776698617443e-06,1.3092678118739586e-06,9.263459210894455e-07,7.224621456266061e-07,4.6154877539682605e-07,2.851925280031719e-07,1.7634242268432822e-07,1.5564028970429084e-06,1.6776839992625033e-06,1.2722881345690035e-06,9.786969393993242e-07,1.661639450630839e-06,16250.0,8.0
1.3161907669927253e-06,1.525889355712092e-06,9.364559977898212e-07,1.4478099868835754e-06,1.6700185108937075e-06,1.2807010443273774e-06,9.876524786877817e-07,7.524549529878847e-07,1.666048508048889e-06,1.2841577263413006e-06,9.787221222426906e-07,7.824660510963734e-07,6.665363059945329e-07,1.4581933021117888e-06,1.4134511304924326e-06,1.6296025227035833e-06,1.3191883895498867e-06,9.347682207490082e-07,7.278479513124181e-07,4.6324656834126996e-07,2.868099654470763e-07,1.7723209736418493e-07,1.5695053588296132e-06,1.6700185108937075e-06,1.2807010443273774e-06,9.876524786877817e-07,1.6491649038912465e-06,16250.0,8.25
1.3204018489042568e-06,1.5278415746364451e-06,9.432517171862961e-07,1.4748219105503765e-06,1.6616481230394517e-06,1.2894127588132245e-06,9.974401315715867e-07,7.592369238726621e-07,1.6613218619475905e-06,1.2932843003204819e-06,9.88474053618322e-07,7.899402569226756e-07,6.715622540915185e-07,1.4869852668459069e-06,1.4287154729265456e-06,1.6300963316336605e-06,1.329338619830281e-06,9.441290593283043e-07,7.342505271628952e-07,4.6526378192396194e-07,2.8879548278706785e-07,1.7826228592900047e-07,1.5823646443393938e-06,1.6616481230394517e-06,1.2894127588132245e-06,9.974401315715867e-07,1.6374371142812987e-06,16250.0,8.5
1.325535999061109e-06,1.5307890317901932e-06,9.514470650426954e-07,1.5079681672004938e-06,1.6533851146876117e-06,1.2987872424299133e-06,1.0086770689624903e-06,7.677110376168777e-07,1.656094304781788e-06,1.3030244577784078e-06,9.996962849787222e-07,7.990410918921851e-07,6.783276252101341e-07,1.5215939640784013e-06,1.4515381052147695e-06,1.629395755436782e-06,1.3399366254231197e-06,9.55010015709233e-07,7.423126928363437e-07,4.679983631767909e-07,2.9145845158188017e-07,1.7960178313174015e-07,1.5945881542623157e-06,1.6533851146876117e-06,1.2987872424299133e-06,1.0086770689624903e-06,1.6280456217824926e-06,16250.0,8.75
1.3334340238349063e-06,1.5370392532037464e-06,9.624039050320028e-07,1.550704733193165e-06,1.6480780849859737e-06,1.3102555167674518e-06,1.022679215622605e-06,7.78804525374369e-07,1.6527339670728643e-06,1.31477463400067e-06,1.0136995776411514e-06,8.107781185909349e-07,6.876940949687868e-07,1.565455202595559e-06,1.4856915850118111e-06,1.629348177752609e-06,1.3522584849283307e-06,9.68699521902637e-07,7.52950574088005e-07,4.719818991262158e-07,2.950345056688759e-07,1.8143220534028343e-07,1.6068749574279843e-06,1.6480780849859737e-06,1.3102555167674518e-06,1.022679215622605e-06,1.6250804378510517e-06,16250.0,9.0
1.3466240424405883e-06,1.5499523950466594e-06,9.773246352892684e-07,1.6061168840267057e-06,1.650264231658397e-06,1.3256032563016952e-06,1.0407062880049922e-06,7.933615957146462e-07,1.6555007014717077e-06,1.3303323666003216e-06,1.0317243311448817e-06,8.260588058048301e-07,7.00270746579827e-07,1.6219389353015803e-06,1.5332939448279123e-06,1.6339811959427365e-06,1.3681657542096004e-06,9.863459602274053e-07,7.669591478020766e-07,4.776535638174417e-07,2.996438872663217e-07,1.8377873326888365e-07,1.6217886273974772e-06,1.650264231658397e-06,1.3256032563016952e-06,1.0407062880049922e-06,1.633458444546178e-06,16250.0,9.25
1.3676105664325724e-06,1.5731052953930975e-06,9.96654593553701e-07,1.6764925285633097e-06,1.664590016680096e-06,1.3468902092548975e-06,1.0634313381016264e-06,8.113941744083602e-07,1.669201773235144e-06,1.3518165468563598e-06,1.0544009661769983e-06,8.449794264858562e-07,7.158213427064613e-07,1.6934901449214401e-06,1.5956587318356231e-06,1.6482242932412006e-06,1.3900624314175326e-06,1.0084618777543079e-06,7.84308054072169e-07,4.850296216635936e-07,3.05278437398468e-07,1.866435211782096e-07,1.6436209205255298e-06,1.664590016680096e-06,1.3468902092548975e-06,1.0634313381016264e-06,1.6571819489080364e-06,16250.0,9.5
1.3178423491158143e-06,1.551539158087913e-06,9.139844983584737e-07,1.3800082245330674e-06,1.7523129417181948e-06,1.2464764837791356e-06,9.470869789089049e-07,7.33315778666219e-07,1.7131507849232123e-06,1.246845794820806e-06,9.384889402116351e-07,7.569841452770267e-07,6.66318579694503e-07,1.3468415849191788e-06,1.4828528791487926e-06,1.6351534075793956e-06,1.2754359580633956e-06,8.970222712194734e-07,7.11011031555544e-07,4.572011726672185e-07,2.81900911775107e-07,1.7354431979929219e-07,1.5050373382218683e-06,1.7523129417181948e-06,1.2464764837791356e-06,9.470869789089049e-07,1.7904989756899158e-06,16500.0,6.0
1.3208579923734348e-06,1.5534749031808504e-06,9.172975539610241e-07,1.3852016738395595e-06,1.75148908625484e-06,1.2520694210811472e-06,9.518644226077876e-07,7.352965537830872e-07,1.7155168226594846e-06,1.2526647537162678e-06,9.432062004531971e-07,7.595190576986943e-07,6.661611874043782e-07,1.3604276872050246e-06,1.471412183174412e-06,1.6396699506917896e-06,1.281708677761733e-06,9.014043279981462e-07,7.129139041187162e-07,4.584285087479308e-07,2.824784616205747e-07,1.740421376430177e-07,1.5139124058234584e-06,1.75148908625484e-06,1.2520694210811472e-06,9.518644226077876e-07,1.7834293783744781e-06,16500.0,6.25
1.3239736199838227e-06,1.555318082018919e-06,9.209629323517139e-07,1.3924414069079533e-06,1.7499861786844503e-06,1.258010771032274e-06,9.571299830553406e-07,7.376874469429973e-07,1.717364423103117e-06,1.2588557168583377e-06,9.484110560213146e-07,7.625800201916623e-07,6.662606098415079e-07,1.3751018141377978e-06,1.4616854861792536e-06,1.6443492687616745e-06,1.2884488222555478e-06,9.062617583657286e-07,7.150996519357414e-07,4.5976745317642915e-07,2.8311645806503993e-07,1.7457344711375244e-07,1.523336241716813e-06,1.7499861786844503e-06,1.258010771032274e-06,9.571299830553406e-07,1.7756576614352405e-06,16500.0,6.5
1.327163158834564e-06,1.557087331999352e-06,9.249061566957831e-07,1.4018895296359247e-06,1.7478062083306455e-06,1.2642193112581631e-06,9.628065446402508e-07,7.404124194237238e-07,1.7186667143665752e-06,1.2653519706165475e-06,9.540255492815778e-07,7.661089298497356e-07,6.66547384643627e-07,1.39098285924908e-06,1.4541601515081592e-06,1.6491043471701005e-06,1.2955848837979678e-06,9.115205904939272e-07,7.176242184999737e-07,4.6119668604847905e-07,2.838637515966519e-07,1.7514051016586466e-07,1.5333020059918664e-06,1.7478062083306455e-06,1.2642193112581631e-06,9.628065446402508e-07,1.767168343901571e-06,16500.0,6.75
1.3304504182199706e-06,1.5588080107462935e-06,9.291359070460239e-07,1.4134225386715316e-06,1.744870447882705e-06,1.2708177524632855e-06,9.68900649677076e-07,7.43579170825506e-07,1.7193599292103223e-06,1.2722563444244742e-06,9.600558304844999e-07,7.700913063009377e-07,6.671476174632734e-07,1.4080530668280735e-06,1.448899982888009e-06,1.6538827728576538e-06,1.3032311687091684e-06,9.171801148574045e-07,7.204363986492351e-07,4.6266207650565707e-07,2.8471783593179146e-07,1.7577202276538804e-07,1.5439850759420098e-06,1.744870447882705e-06,1.2708177524632855e-06,9.68900649677076e-07,1.7578048383550327e-06,16500.0,7.0
1.3338568263516785e-06,1.5604770421840072e-06,9.337242793070188e-07,1.427126337049874e-06,1.7410300913089783e-06,1.2778608931976755e-06,9.755274721122987e-07,7.471436544561822e-07,1.7193024532802437e-06,1.2796362591694611e-06,9.66613772135568e-07,7.745396498084108e-07,6.681413947618252e-07,1.4264254077083427e-06,1.4463456200114944e-06,1.6584612934868432e-06,1.3114402237868673e-06,9.233301442128224e-07,7.236551444939184e-07,4.6415604870917066e-07,2.85683479525798e-07,1.7645394348841702e-07,1.5553367823540763e-06,1.7410300913089783e-06,1.2778608931976755e-06,9.755274721122987e-07,1.7474635086008947e-06,16500.0,7.25
1.3374282824954529e-06,1.5621603500791834e-06,9.387280768621815e-07,1.4431439465263903e-06,1.7363037674059903e-06,1.2852867485216147e-06,9.827524480876046e-07,7.512364187431544e-07,1.7184945928636562e-06,1.287442241469755e-06,9.737699133328604e-07,7.795412764490249e-07,6.697365686901646e-07,1.4463777102644044e-06,1.4468425322756203e-06,1.662735758587937e-06,1.320157383949408e-06,9.300665164828727e-07,7.273510882637437e-07,4.657435985161816e-07,2.8676211643010656e-07,1.771819656201338e-07,1.5673174327950937e-06,1.7363037674059903e-06,1.2852867485216147e-06,9.827524480876046e-07,1.73653430211898e-06,16500.0,7.5
1.3411755643220248e-06,1.5639321212374258e-06,9.4408071917317e-07,1.46166435601211e-06,1.7307521367630306e-06,1.2930617447372476e-06,9.905142275914527e-07,7.558834645307811e-07,1.7169573300668816e-06,1.2956277837207507e-06,9.814666346432969e-07,7.850604799339895e-07,6.720200600455628e-07,1.4681786853626729e-06,1.4500049977475626e-06,1.6665797660398638e-06,1.3293424650262607e-06,9.373307160356953e-07,7.315547512323817e-07,4.6738642617713424e-07,2.8801367356765907e-07,1.779466049161059e-07,1.5799375795442942e-06,1.7307521367630306e-06,1.2930617447372476e-06,9.905142275914527e-07,1.724861069604881e-06,16500.0,7.75
1.3451161539838862e-06,1.565830807520015e-06,9.497809596642894e-07,1.4826592681645294e-06,1.724324817628282e-06,1.3012835957507507e-06,9.988411140382109e-07,7.610342743695801e-07,1.7146032153834408e-06,1.304292399029831e-06,9.89732451268738e-07,7.910280858806352e-07,6.749803138028865e-07,1.4919043173480413e-06,1.4564975341447805e-06,1.6697947038131667e-06,1.3390921673611093e-06,9.451393034494802e-07,7.362535715577765e-07,4.6907193883084963e-07,2.894131991849474e-07,1.7876514645333764e-07,1.593209600654933e-06,1.724324817628282e-06,1.3012835957507507e-06,9.988411140382109e-07,1.712657180878908e-06,16500.0,8.0
1.3492065011154668e-06,1.5677598897085667e-06,9.559361428548903e-07,1.5061063202481253e-06,1.7169429683029462e-06,1.3098754475714782e-06,1.0078627839564905e-06,7.668262080939567e-07,1.7112083272285139e-06,1.313325945345869e-06,9.986937751295713e-07,7.975539493104409e-07,6.788642890381255e-07,1.5175976922913372e-06,1.4666110668350821e-06,1.6719913368065396e-06,1.349229873543635e-06,9.536152538175888e-07,7.416497500579275e-07,4.707714609822357e-07,2.9100141245185193e-07,1.7963764007427876e-07,1.6066912412912107e-06,1.7169429683029462e-06,1.3098754475714782e-06,1.0078627839564905e-06,1.7003844670223095e-06,16500.0,8.25
1.3535251244058047e-06,1.5698775142904872e-06,9.626510841585602e-07,1.5330211167215263e-06,1.7088082672886435e-06,1.3187254501423775e-06,1.0176272251502342e-06,7.734690392812253e-07,1.706780751701683e-06,1.3226079185458013e-06,1.0084154287422048e-06,8.049062656146382e-07,6.837004100332644e-07,1.5463631995486621e-06,1.4812985034523788e-06,1.6729219577055588e-06,1.3595923624429511e-06,9.62914928397161e-07,7.478851269445352e-07,4.726738942276667e-07,2.9289644907701506e-07,1.8061735280020308e-07,1.6200376335992915e-06,1.7088082672886435e-06,1.3187254501423775e-06,1.0176272251502342e-06,1.6886297261819197e-06,16500.0,8.5
1.3585293005702245e-06,1.5727356286826722e-06,9.70466563946784e-07,1.5651835778900354e-06,1.7004910176061338e-06,1.3280621839388873e-06,1.0285896016737656e-06,7.815298000174246e-07,1.7016860743556656e-06,1.3323407893089392e-06,1.019358913349298e-06,8.135970531178425e-07,6.900599933855002e-07,1.5800435298297113e-06,1.5028710366083467e-06,1.6725875641688747e-06,1.3702861913106324e-06,9.734852625389992e-07,7.55528521673086e-07,4.751310450997973e-07,2.953735646032949e-07,1.8184745067545347e-07,1.6328765508478615e-06,1.7004910176061338e-06,1.3280621839388873e-06,1.0285896016737656e-06,1.6787862148755463e-06,16500.0,8.75
1.3656907238723514e-06,1.5781293005226119e-06,9.806209287324428e-07,1.6058347925729578e-06,1.6941341794164325e-06,1.3390599301622252e-06,1.0419081588547052e-06,7.919129974969628e-07,1.6976121639503896e-06,1.3436512074563838e-06,1.0326720888213986e-06,8.246107953973343e-07,6.987558244613095e-07,1.6218835645870908e-06,1.5345836801893735e-06,1.6721914147342516e-06,1.3823001989822556e-06,9.86454286025835e-07,7.654698413333664e-07,4.787066513307023e-07,2.9870546613596385e-07,1.8352430223472702e-07,1.6454591392193905e-06,1.6941341794164325e-06,1.3390599301622252e-06,1.0419081588547052e-06,1.6740335705935471e-06,16500.0,9.0
1.3773121723388134e-06,1.589060031197363e-06,9.944274538775629e-07,1.6583085791473864e-06,1.6938176653081563e-06,1.353300797709239e-06,1.058927533868258e-06,8.055569037559377e-07,1.6982000235226114e-06,1.358120994646346e-06,1.049697851640345e-06,8.389428714075152e-07,7.105231694503205e-07,1.6754021750186242e-06,1.5791558221378674e-06,1.675034639888334e-06,1.397194390822386e-06,1.0031208353804881e-06,7.785913192254854e-07,4.838783040352122e-07,3.0302528454573785e-07,1.8571761394210704e-07,1.6595082653463287e-06,1.6938176653081563e-06,1.353300797709239e-06,1.058927533868258e-06,1.6793042541506735e-06,16500.0,9.25
1.3961997427774064e-06,1.6094643890773425e-06,1.012675751466878e-06,1.725871770749881e-06,1.7046964366519235e-06,1.3728856382519015e-06,1.080585829415513e-06,8.22846812322494e-07,1.7086396850270651e-06,1.3779016694866897e-06,1.0713239362008387e-06,8.570924588751411e-07,7.254097205172853e-07,1.7441401492413733e-06,1.6386986219330138e-06,1.6862619506915807e-06,1.4173492617100625e-06,1.0242578908337892e-06,7.952219511918452e-07,4.908185361672803e-07,3.084231010739433e-07,1.8842880046840783e-07,1.6791162118336564e-06,1.7046964366519235e-06,1.3728856382519015e-06,1.080585829415513e-06,1.6993159706540448e-06,16500.0,9.5
1.3501541815180033e-06,1.5924944059688102e-06,9.331971200774013e-07,1.4371052797830849e-06,1.798257579629379e-06,1.2748972400645928e-06,9.67002842106398e-07,7.475810978437678e-07,1.757070412156655e-06,1.2752401829584988e-06,9.581800101004025e-07,7.719780073260276e-07,6.784602122670982e-07,1.4043670649666762e-06,1.5366128759678078e-06,1.6762680532827436e-06,1.3046343671669201e-06,9.156397187656307e-07,7.246456925965266e-07,4.6468521741156513e-07,2.8613086326624966e-07,1.75990753575288e-07,1.5408104895048612e-06,1.798257579629379e-06,1.2748972400645928e-06,9.67002842106398e-07,1.84117652709613e-06,16750.0,6.0
1.3532287412285062e-06,1.5945024910468775e-06,9.365446090542768e-07,1.4424235912298283e-06,1.797511451598253e-06,1.2805518212258606e-06,9.718097847204872e-07,7.495918947448942e-07,1.759521754839817e-06,1.2811225204891476e-06,9.629257904661075e-07,7.745465273594725e-07,6.783480109192799e-07,1.418216970892835e-06,1.5252922900104264e-06,1.6808567366893002e-06,1.310971283428961e-06,9.200455290340888e-07,7.266123455560202e-07,4.6592160446788933e-07,2.867081500613759e-07,1.7648660336622663e-07,1.5497857289622244e-06,1.797511451598253e-06,1.2805518212258606e-06,9.718097847204872e-07,1.8341714789152066e-06,16750.0,6.25
1.3564192654237521e-06,1.5964491695353482e-06,9.402460582801075e-07,1.4498976561195577e-06,1.7960974174941805e-06,1.2865620767819844e-06,9.771110285406748e-07,7.520175280777746e-07,1.761491876482041e-06,1.2873848545318821e-06,9.681655228943164e-07,7.7763757209282e-07,6.784898727941713e-07,1.4332181744577944e-06,1.515676700406567e-06,1.6856232910290982e-06,1.3177839019273305e-06,9.249349356591425e-07,7.288237847863969e-07,4.6727479751722427e-07,2.8734895024098955e-07,1.7701641559433525e-07,1.5593214045518997e-06,1.7960974174941805e-06,1.2865620767819844e-06,9.771110285406748e-07,1.8264646333525319e-06,16750.0,6.5
1.3596834440592188e-06,1.5983208186663195e-06,9.442239228712292e-07,1.4595866235204798e-06,1.794014937365192e-06,1.292839839301076e-06,9.828179137962876e-07,7.547660261372288e-07,1.7629141140901936e-06,1.2939521192776742e-06,9.738095798341725e-07,7.811915056510402e-07,6.78815155528884e-07,1.4494104741139784e-06,1.5082837571196295e-06,1.6904817386883125e-06,1.3249928098580921e-06,9.302198538084982e-07,7.313829644719924e-07,4.687018875420559e-07,2.8809933867049834e-07,1.7758180853621452e-07,1.5694103987561188e-06,1.794014937365192e-06,1.292839839301076e-06,9.828179137962876e-07,1.8180576849902002e-06,16750.0,6.75
1.3630697893362447e-06,1.6001740829350398e-06,9.484948842956446e-07,1.471368898105245e-06,1.7912163735784154e-06,1.2995427332632745e-06,9.889536375259588e-07,7.579580068696558e-07,1.7637671361158734e-06,1.3009607404357781e-06,9.798799271606305e-07,7.851926174085058e-07,6.794424775262141e-07,1.4668039696284919e-06,1.5030109897309704e-06,1.695413725683947e-06,1.3327480863228332e-06,9.359136208492146e-07,7.342196722191881e-07,4.701636667603694e-07,2.8895418861996184e-07,1.7821072538556266e-07,1.5802598488303159e-06,1.7912163735784154e-06,1.2995427332632745e-06,9.889536375259588e-07,1.808747348287247e-06,16750.0,7.0
1.3665782999862014e-06,1.601978980476856e-06,9.531251062676186e-07,1.48530665232579e-06,1.787519449374373e-06,1.3066870374182064e-06,9.956238376199765e-07,7.615342498713298e-07,1.7638757892727663e-06,1.3084431707698144e-06,9.8647932072094e-07,7.89649585773456e-07,6.804885986218452e-07,1.4854824729296785e-06,1.500437608582541e-06,1.700151643056903e-06,1.34106541737552e-06,9.420968134871983e-07,7.374555377448962e-07,4.716733546151757e-07,2.899175082294717e-07,1.788888693858847e-07,1.59178066911282e-06,1.787519449374373e-06,1.3066870374182064e-06,9.956238376199765e-07,1.7985093494768657e-06,16750.0,7.25
1.3702382568533773e-06,1.60378287852229e-06,9.581691959161707e-07,1.5016377366669241e-06,1.7828983476686264e-06,1.3142042063687694e-06,1.002892682132267e-06,7.656469290239379e-07,1.7631969269392314e-06,1.316341546579624e-06,9.936779729530025e-07,7.946699628001568e-07,6.821090585158082e-07,1.5058118262293365e-06,1.5009955972392653e-06,1.7045664958241248e-06,1.349880848789848e-06,9.488709787254472e-07,7.411721983632781e-07,4.732756658431736e-07,2.9099763105907164e-07,1.7961444424569102e-07,1.6039094601307868e-06,1.7828983476686264e-06,1.3142042063687694e-06,1.002892682132267e-06,1.7876965652652399e-06,16750.0,7.5
1.374072863646528e-06,1.6056779057959983e-06,9.635483441595342e-07,1.520448791391078e-06,1.7774841825846894e-06,1.3220562501505062e-06,1.0106815314579015e-06,7.703003626343163e-07,1.7618123626874743e-06,1.3246053674616053e-06,1.0014002791575269e-06,8.001929104072882e-07,6.844054019491312e-07,1.5279585920906405e-06,1.504210016372768e-06,1.7085712619361447e-06,1.3591509603780988e-06,9.561566534680563e-07,7.453866266448579e-07,4.749171278175122e-07,2.9224835117115353e-07,1.8037900966303916e-07,1.6166729074225345e-06,1.7774841825846894e-06,1.3220562501505062e-06,1.0106815314579015e-06,1.7761698196915593e-06,16750.0,7.75
1.378152175252923e-06,1.6077609022877167e-06,9.693059668915488e-07,1.541796097174886e-06,1.7712547575451961e-06,1.3304177970197785e-06,1.019060305780107e-06,7.754744571280479e-07,1.7596741870019536e-06,1.333408417006869e-06,1.00971333854726e-06,8.061833905299925e-07,6.873898483480626e-07,1.5520939119768037e-06,1.5107595805830845e-06,1.7120301574432736e-06,1.3690493784569062e-06,9.640111795967453e-07,7.501063629065695e-07,4.7661511672091764e-07,2.9364707027110576e-07,1.811967803353523e-07,1.6301724746715163e-06,1.7712547575451961e-06,1.3304177970197785e-06,1.019060305780107e-06,1.7641273049959506e-06,16750.0,8.0
1.382453926148349e-06,1.6099665463710477e-06,9.755412623318118e-07,1.5656533745217238e-06,1.76417904219645e-06,1.339206349934958e-06,1.0281998782199378e-06,7.812893383900604e-07,1.756619902739246e-06,1.3426523040380022e-06,1.018790579097001e-06,8.127428195457296e-07,6.912669830202257e-07,1.5782664698992606e-06,1.5208983586364124e-06,1.714624139695908e-06,1.3794251315158647e-06,9.725742709315474e-07,7.555207434813097e-07,4.783274115537889e-07,2.952259305850323e-07,1.820626722490971e-07,1.6440490745158757e-06,1.76417904219645e-06,1.339206349934958e-06,1.0281998782199378e-06,1.752063273363847e-06,16750.0,8.25
1.3869199620551033e-06,1.6122937252097285e-06,9.822313750826847e-07,1.5926408342203216e-06,1.756299299340048e-06,1.3482172991114653e-06,1.0379878101613057e-06,7.878453699736897e-07,1.7525136364571768e-06,1.3521138041169315e-06,1.0285289201404925e-06,8.20018264225411e-07,6.959903362387596e-07,1.6071771957636987e-06,1.5352601768674103e-06,1.7159788994632897e-06,1.390011576227366e-06,9.818622823567462e-07,7.616622991814402e-07,4.801615112115892e-07,2.970505168942719e-07,1.8300113673836717e-07,1.6578648733736366e-06,1.756299299340048e-06,1.3482172991114653e-06,1.0379878101613057e-06,1.7404079282546362e-06,16750.0,8.5
1.3918777881088694e-06,1.6151663800291106e-06,9.897423453710009e-07,1.6240678414439323e-06,1.7480649604602281e-06,1.3575838808226366e-06,1.0487459640359247e-06,7.955521577066289e-07,1.7476382691867403e-06,1.361888809890153e-06,1.0392618206379904e-06,8.283556555957262e-07,7.020041749681802e-07,1.6401774717142981e-06,1.5557612964867214e-06,1.7160502282233514e-06,1.4008404654815388e-06,9.921913065013796e-07,7.689536563557451e-07,4.82400189440404e-07,2.9936366363814806e-07,1.8413957773758007e-07,1.6712749308918165e-06,1.7480649604602281e-06,1.3575838808226366e-06,1.0487459640359247e-06,1.730305144074979e-06,16750.0,8.75
1.3984474033421347e-06,1.6198887649142281e-06,9.991788047237262e-07,1.6628458431340092e-06,1.7409080139923875e-06,1.3682351714261002e-06,1.0614653798655264e-06,8.05292483558177e-07,1.743059967833412e-06,1.3728872623570472e-06,1.051971891115898e-06,8.387238460872843e-07,7.100562991499743e-07,1.6802381276726267e-06,1.5851234218878303e-06,1.7155131585862207e-06,1.4126732535967382e-06,1.0045324022175571e-06,7.782501068899869e-07,4.856295454460158e-07,3.0244448299321946e-07,1.8566059591606497e-07,1.684286435143583e-06,1.7409080139923875e-06,1.3682351714261002e-06,1.0614653798655264e-06,1.7240693135756545e-06,16750.0,9.0
1.4087329623864311e-06,1.6291579009678651e-06,1.0119484328668136e-06,1.7126182819373784e-06,1.7385034487322782e-06,1.3815388591214034e-06,1.077568804146027e-06,8.180603054183251e-07,1.7418955236302179e-06,1.3864420232972995e-06,1.0680841704997397e-06,8.521473267020608e-07,7.210584093932487e-07,1.7310657531602286e-06,1.6267338236995997e-06,1.7169625191332698e-06,1.4267405129805743e-06,1.0202899086947676e-06,7.905242696293128e-07,4.902483791269493e-07,3.0649587332938513e-07,1.8768985230462074e-07,1.697814563677311e-06,1.7385034487322782e-06,1.3815388591214034e-06,1.077568804146027e-06,1.726526610655967e-06,16750.0,9.25
1.4254014881382178e-06,1.6466911504514168e-06,1.0289167567182882e-06,1.776725794971777e-06,1.7457888539657594e-06,1.3993887092713168e-06,1.097983530611113e-06,8.344235703194385e-07,1.7490290206066705e-06,1.404485619322151e-06,1.0884858287651836e-06,8.693384083659671e-07,7.350989913085636e-07,1.7963436530440386e-06,1.682859576792643e-06,1.7251975752426635e-06,1.4451609688708496e-06,1.040265623926863e-06,8.062532317745309e-07,4.966685323696776e-07,3.1159612969100974e-07,1.902405251452366e-07,1.7153506031374965e-06,1.7457888539657594e-06,1.3993887092713168e-06,1.097983530611113e-06,1.7425744764330882e-06,16750.0,9.5
1.3827097739749952e-06,1.63381828222516e-06,9.524974798847553e-07,1.4952389626947625e-06,1.844597421744798e-06,1.303487345864525e-06,9.870094773601152e-07,7.61900263031246e-07,1.801339404340553e-06,1.3038033214409158e-06,9.7796012498871e-07,7.870219523122952e-07,6.906522040040692e-07,1.4630119028946715e-06,1.5911977989750107e-06,1.7177006013521606e-06,1.3340101819290287e-06,9.343388094375329e-07,7.383658250537874e-07,4.721970295953655e-07,2.903696676628873e-07,1.7844092089942842e-07,1.5768290816549168e-06,1.844597421744798e-06,1.303487345864525e-06,9.870094773601152e-07,1.8923679061839376e-06,17000.0,6.0
1.3858552025914844e-06,1.6359213939970457e-06,9.55875265769219e-07,1.5007125246790447e-06,1.8439577224283062e-06,1.3092111336842052e-06,9.918543588161817e-07,7.639380196334102e-07,1.8039163464304249e-06,1.3097586516716196e-06,9.827429922637009e-07,7.896339797078702e-07,6.905697638335412e-07,1.4771401883227955e-06,1.5798426564506288e-06,1.722389435206656e-06,1.34042968468465e-06,9.387760775735739e-07,7.403652549457914e-07,4.7343575536259404e-07,2.9094913337450585e-07,1.7893549167072467e-07,1.5859323770367877e-06,1.8439577224283062e-06,1.3092111336842052e-06,9.918543588161817e-07,1.8853775372104823e-06,17000.0,6.25
1.389109464630149e-06,1.6379449395224064e-06,9.596209024898274e-07,1.5084182799328232e-06,1.8425852223827938e-06,1.3152908183498831e-06,9.971919957357322e-07,7.663698194618136e-07,1.8059628229508681e-06,1.3160920036618359e-06,9.880180772556379e-07,7.927461809823338e-07,6.907314845418891e-07,1.492466057871707e-06,1.570475400354221e-06,1.7272211855709045e-06,1.3473044359218394e-06,9.436980333123413e-07,7.42598351613716e-07,4.747955887392247e-07,2.9159220646110117e-07,1.794640136806178e-07,1.5955653519336296e-06,1.8425852223827938e-06,1.3152908183498831e-06,9.971919957357322e-07,1.8777591852941073e-06,17000.0,6.5
1.3924875261820402e-06,1.6399639673244962e-06,9.636605705156462e-07,1.5184127879820016e-06,1.840661834187916e-06,1.3216765113189155e-06,1.0029561350168619e-06,7.691941794059506e-07,1.8075532766066814e-06,1.3227681420597602e-06,9.937179992800446e-07,7.963581354317964e-07,6.91135980057713e-07,1.5090289575989313e-06,1.5632763823229495e-06,1.7322304116376835e-06,1.3546278785528908e-06,9.490331748134697e-07,7.452142071383715e-07,4.762371391744664e-07,2.9234770024709535e-07,1.800289207412022e-07,1.605827130793729e-06,1.840661834187916e-06,1.3216765113189155e-06,1.0029561350168619e-06,1.8694752583011644e-06,17000.0,6.75
1.3959499486598346e-06,1.641923322199623e-06,9.67961683082227e-07,1.5304381774713494e-06,1.8379462860602048e-06,1.3284577377887346e-06,1.0091205342790725e-06,7.72403114774651e-07,1.8085262545576563e-06,1.329856602302533e-06,9.998159295496882e-07,8.003697786095375e-07,6.918001427294363e-07,1.526722469223264e-06,1.5580893310522078e-06,1.7372732140166034e-06,1.362466544180806e-06,9.547489166919617e-07,7.480705700645852e-07,4.777024427575941e-07,2.932043816323977e-07,1.8065642038587924e-07,1.6168074420290206e-06,1.8379462860602048e-06,1.3284577377887346e-06,1.0091205342790725e-06,1.860240533928011e-06,17000.0,7.0
1.3995356713197113e-06,1.643837729775918e-06,9.726229616208772e-07,1.5445999846956874e-06,1.8343495865385705e-06,1.3356794838276856e-06,1.0158230437033812e-06,7.759907947168996e-07,1.8087563413633177e-06,1.3374161073290695e-06,1.0064463785903027e-06,8.048287305097012e-07,6.928899842908179e-07,1.545695735040867e-06,1.5559355528950722e-06,1.742135337528186e-06,1.3708633210478107e-06,9.609586230581246e-07,7.51321769378571e-07,4.792157500939479e-07,2.941656292487743e-07,1.8133161041260615e-07,1.6284522992950796e-06,1.8343495865385705e-06,1.3356794838276856e-06,1.0158230437033812e-06,1.8502654811851169e-06,17000.0,7.25
1.4032819000221103e-06,1.6457597796960138e-06,9.776963238437641e-07,1.5612113261701985e-06,1.8298718194073004e-06,1.343275964716964e-06,1.0231193827873226e-06,7.801161992644888e-07,1.8082245570298227e-06,1.3453940148621213e-06,1.0136710875314526e-06,8.098578457387436e-07,6.945357631917513e-07,1.5663589431622682e-06,1.5560992300167746e-06,1.746694904404854e-06,1.3797633045222428e-06,9.6775277228975e-07,7.550506261499636e-07,4.808310532533382e-07,2.9524279191317235e-07,1.8205211731547278e-07,1.6407191236726134e-06,1.8298718194073004e-06,1.343275964716964e-06,1.0231193827873226e-06,1.8393959270471989e-06,17000.0,7.5
1.4072482936660057e-06,1.6478213104288093e-06,9.831426935110678e-07,1.5804160252750332e-06,1.8246105468512222e-06,1.3512653847446644e-06,1.0309852841615007e-06,7.848037853157951e-07,1.807025340063727e-06,1.3537982295488425e-06,1.0214682887410135e-06,8.15416659709385e-07,6.96865189398833e-07,1.5889610280027908e-06,1.5592958176481496e-06,1.7509103983580434e-06,1.3891840084683724e-06,9.751051861935453e-07,7.59299683653687e-07,4.824750550026574e-07,2.964994104989534e-07,1.828185697100037e-07,1.6537042582451215e-06,1.8246105468512222e-06,1.3512653847446644e-06,1.0309852841615007e-06,1.8279453680177317e-06,17000.0,7.75
1.4114500544789368e-06,1.650068728622705e-06,9.889545020272572e-07,1.6021450954831223e-06,1.818550077099647e-06,1.3597488869754357e-06,1.0394273304281531e-06,7.899970978788667e-07,1.8050658036204807e-06,1.3627265409164507e-06,1.0298421911783865e-06,8.214290112000607e-07,6.998678768776281e-07,1.6135328695912955e-06,1.565994802089267e-06,1.754567139021512e-06,1.3992202578346735e-06,9.830124020870219e-07,7.640366461914134e-07,4.841938454627188e-07,2.9790188270008447e-07,1.8363795319704467e-07,1.6674052090940436e-06,1.818550077099647e-06,1.3597488869754357e-06,1.0394273304281531e-06,1.8160871717000336e-06,17000.0,8.0
1.4159113531318405e-06,1.6524853111746608e-06,9.9525005656279e-07,1.626363291401124e-06,1.811695791082761e-06,1.3686878257455096e-06,1.0486433248642947e-06,7.958315152997196e-07,1.8022676611341497e-06,1.3721234609042385e-06,1.0389927817675115e-06,8.280116135469425e-07,7.037501237527225e-07,1.6401253215157044e-06,1.5761710230729813e-06,1.7574578148169103e-06,1.4097706576632166e-06,9.916361044812933e-07,7.694669473685333e-07,4.859153869253795e-07,2.994712177595784e-07,1.8449879270158514e-07,1.6815686823672672e-06,1.811695791082761e-06,1.3686878257455096e-06,1.0486433248642947e-06,1.8042039035005322e-06,17000.0,8.25
1.420570998084879e-06,1.6550704145765115e-06,1.0019807238562706e-06,1.6536641751405595e-06,1.8040996870967371e-06,1.377901455904762e-06,1.058515372840442e-06,8.023559322049863e-07,1.798497806093863e-06,1.3818011561265016e-06,1.048810335722592e-06,8.352661957670603e-07,7.084077751093112e-07,1.669423562002782e-06,1.5904155901431933e-06,1.7592317873039275e-06,1.420610490207626e-06,1.000981486358206e-06,7.755701091122593e-07,4.877223925001543e-07,3.012589183637902e-07,1.8541511564464881e-07,1.6958317541100627e-06,1.8040996870967371e-06,1.377901455904762e-06,1.058515372840442e-06,1.792717106141101e-06,17000.0,8.5
1.4255713109992965e-06,1.6580482319994595e-06,1.0093109126309358e-06,1.6847285981883017e-06,1.796042748353019e-06,1.387331177037207e-06,1.0691690248889341e-06,8.098408203944065e-07,1.7939062966651733e-06,1.3916658167557006e-06,1.0594308108015891e-06,8.433885613720436e-07,7.141708855799284e-07,1.702147648168175e-06,1.6101517343638437e-06,1.7597535395302557e-06,1.4316082755209499e-06,1.0111631329945842e-06,7.826359711016486e-07,4.897706914061385e-07,3.0344572059620264e-07,1.864800057185513e-07,1.7097898957333292e-06,1.796042748353019e-06,1.387331177037207e-06,1.0691690248889341e-06,1.7825176797527598e-06,17000.0,8.75
1.4317851674502809e-06,1.6624128599757056e-06,1.0181755795618461e-06,1.7221050124726878e-06,1.7884834734176933e-06,1.3978049940859178e-06,1.0814366396239513e-06,8.190241575159404e-07,1.7891543276827407e-06,1.4025107693913524e-06,1.0716888767262345e-06,8.53200579824853e-07,7.21688322437617e-07,1.7408674473697444e-06,1.6377268908724888e-06,1.7593288375272443e-06,1.4433890571496957e-06,1.0230328154311164e-06,7.913712091557506e-07,4.926634512236071e-07,3.0629760691402603e-07,1.878722362658283e-07,1.723287228525595e-06,1.7884834734176933e-06,1.3978049940859178e-06,1.0814366396239513e-06,1.775366055322358e-06,17000.0,9.0
1.440934401197067e-06,1.6703049896110067e-06,1.0299423218664486e-06,1.7692983962963286e-06,1.784358481921203e-06,1.410336590722627e-06,1.0966468625687987e-06,8.30952583056526e-07,1.7866240671250546e-06,1.4153284048443762e-06,1.0869048455050697e-06,8.657668576878745e-07,7.318905151635472e-07,1.7891748352462027e-06,1.6764127304480056e-06,1.7598282229749978e-06,1.4568476368476877e-06,1.0378632786870905e-06,8.02823608822174e-07,4.968054448054713e-07,3.100788949582152e-07,1.8972738680308267e-07,1.7366914238523542e-06,1.784358481921203e-06,1.410336590722627e-06,1.0966468625687987e-06,1.7753370908094192e-06,17000.0,9.25
1.4557657113168428e-06,1.6854681171321878e-06,1.0457721873583572e-06,1.8302355480610938e-06,1.7886409434808569e-06,1.4268379295661995e-06,1.1160053509337527e-06,8.464252479410973e-07,1.7910456381231677e-06,1.4320338535815475e-06,1.1062580082784744e-06,8.820266493022314e-07,7.451661039881492e-07,1.8512427126451955e-06,1.7295011705663448e-06,1.7656523518398329e-06,1.4739649208207233e-06,1.0568327127890617e-06,8.176928206482349e-07,5.027363630156859e-07,3.148819751761115e-07,1.9212367141949185e-07,1.7527961451911631e-06,1.7886409434808569e-06,1.4268379295661995e-06,1.1160053509337527e-06,1.787934042637512e-06,17000.0,9.5
1.4155152914473064e-06,1.6755073492182183e-06,9.719008799633336e-07,1.5544180314088463e-06,1.891332060749972e-06,1.332257107941231e-06,1.00711669878118e-06,7.762730610465289e-07,1.8459603580263726e-06,1.3325449563517348e-06,9.97838681529066e-07,8.021399462024586e-07,7.028760318138864e-07,1.5227715072546329e-06,1.6465477355226728e-06,1.7594585948254925e-06,1.3635687475678733e-06,9.531278958670175e-07,7.521350896779026e-07,4.797336126650553e-07,2.946199855743888e-07,1.8089523714796513e-07,1.6130995429782431e-06,1.891332060749972e-06,1.332257107941231e-06,1.00711669878118e-06,1.944055407717502e-06,17250.0,6.0
1.418726314640034e-06,1.6776969406625313e-06,9.753164810909527e-07,1.560076243313779e-06,1.8907499688736185e-06,1.3380504989324924e-06,1.012006293220153e-06,7.783455903491201e-07,1.8486365483378475e-06,1.3385743865034523e-06,1.0026653814828008e-06,8.047911751686255e-07,7.028477422288101e-07,1.5371965571583178e-06,1.6353102527121628e-06,1.7642210374601794e-06,1.37006645254258e-06,9.5760355125524e-07,7.541783982115129e-07,4.809746155036117e-07,2.952020402744874e-07,1.8138981449501855e-07,1.6223142662772311e-06,1.8907499688736185e-06,1.3380504989324924e-06,1.012006293220153e-06,1.9370908116758902e-06,17250.0,6.25
1.4220871722821435e-06,1.6798577861579454e-06,9.791171739259978e-07,1.5680600691865814e-06,1.8895165162095327e-06,1.3442333764473777e-06,1.017398131752349e-06,7.808181392926388e-07,1.8508385197647054e-06,1.345011462655394e-06,1.007993300351444e-06,8.079471236205027e-07,7.030526214669896e-07,1.5528866032534172e-06,1.626154675648351e-06,1.7691934262756434e-06,1.3770501702588234e-06,9.625728611352968e-07,7.564513957655755e-07,4.823496887943696e-07,2.958483897005524e-07,1.81917494891063e-07,1.6321054950674822e-06,1.8895165162095327e-06,1.3442333764473777e-06,1.017398131752349e-06,1.9296004530096684e-06,17250.0,6.5
1.4255462447750542e-06,1.6819858969234707e-06,9.831966410156559e-07,1.578316828256927e-06,1.8876998047090065e-06,1.3506954655820376e-06,1.0231994902927726e-06,7.836813407332567e-07,1.8525521218185268e-06,1.3517655645624531e-06,1.013729472689238e-06,8.115858671621072e-07,7.035030571779832e-07,1.5697817756120603e-06,1.6190781353973022e-06,1.7743131527383764e-06,1.384454706071672e-06,9.679400136801309e-07,7.590966462231155e-07,4.837942872745917e-07,2.9660870664733913e-07,1.824818411756512e-07,1.6424977301606571e-06,1.8876998047090065e-06,1.3506954655820376e-06,1.0231994902927726e-06,1.9214262075227987e-06,17250.0,6.75
1.4290873624722762e-06,1.6840544956495725e-06,9.875309523806957e-07,1.5905976073538431e-06,1.8850838691002698e-06,1.357555187668272e-06,1.0293948611832648e-06,7.869121244524227e-07,1.8536429344988427e-06,1.358932278832805e-06,1.0198574803548192e-06,8.156148084778387e-07,7.042078247114105e-07,1.5877870097716752e-06,1.6140901738630285e-06,1.7794614071709174e-06,1.3923731238059703e-06,9.73681256946678e-07,7.619806217384849e-07,4.852634749951044e-07,2.974670057960782e-07,1.8310743609638374e-07,1.6535987353742921e-06,1.8850838691002698e-06,1.357555187668272e-06,1.0293948611832648e-06,1.9123383615817605e-06,17250.0,7.0
1.432753699071693e-06,1.6860722436077542e-06,9.922350069222469e-07,1.605033974377094e-06,1.8815795689280094e-06,1.364862769112246e-06,1.0361410271662884e-06,7.905245745164924e-07,1.8539914065039648e-06,1.3665787580839566e-06,1.026530164268332e-06,8.200942989058906e-07,7.053424283089318e-07,1.6070876942673095e-06,1.6119169312949425e-06,1.7844458213492246e-06,1.400863228491547e-06,9.79927032953559e-07,7.652559335286098e-07,4.867915304789475e-07,2.9842843675502706e-07,1.8378072450936557e-07,1.6653823268242685e-06,1.8815795689280094e-06,1.364862769112246e-06,1.0361410271662884e-06,1.9023789702572377e-06,17250.0,7.25
1.4365971635683453e-06,1.6881236336565978e-06,9.973528445347497e-07,1.6219667350726812e-06,1.8772186737184217e-06,1.372557707236193e-06,1.043494701892702e-06,7.946693938165559e-07,1.8536008406534516e-06,1.3746515248974914e-06,1.0338119702384615e-06,8.251421799569338e-07,7.07020893827361e-07,1.6281494544305159e-06,1.6120703861544238e-06,1.7891532993993274e-06,1.4098661645325695e-06,9.867693551867156e-07,7.69004885675878e-07,4.88407359325612e-07,2.995065592474031e-07,1.8449888695262736e-07,1.677806247001947e-06,1.8772186737184217e-06,1.372557707236193e-06,1.043494701892702e-06,1.8915967991367481e-06,17250.0,7.5
1.4406650730416353e-06,1.690321917256555e-06,1.002841549670565e-06,1.6415115344941076e-06,1.8720979545957234e-06,1.3806392153209198e-06,1.051399586285714e-06,7.993777997356918e-07,1.8525525642825667e-06,1.3831559816648838e-06,1.041645330744098e-06,8.307182740357624e-07,7.093767163569906e-07,1.6511349704235857e-06,1.6153513157128097e-06,1.7935350104258683e-06,1.4193901736541258e-06,9.941540443218917e-07,7.732765609354113e-07,4.900720396954024e-07,3.007644275489349e-07,1.8526501162416857e-07,1.6909511653213128e-06,1.8720979545957234e-06,1.3806392153209198e-06,1.051399586285714e-06,1.8802688783634044e-06,17250.0,7.75
1.445007386736127e-06,1.6927567035766796e-06,1.008714499832916e-06,1.663637238400405e-06,1.8662293662303329e-06,1.3892620125358305e-06,1.0599112730175155e-06,8.045981873117694e-07,1.850803280109859e-06,1.3922247341727834e-06,1.050086571217129e-06,8.367569180001859e-07,7.124116438383148e-07,1.6761525515045139e-06,1.6221550103875163e-06,1.79742682783196e-06,1.4295805468589414e-06,1.002118930072953e-06,7.780422437546906e-07,4.917982216706578e-07,3.021689325898474e-07,1.8608506536473303e-07,1.7048860743711619e-06,1.8662293662303329e-06,1.3892620125358305e-06,1.0599112730175155e-06,1.868563046779633e-06,17250.0,8.0
1.449625816646688e-06,1.6953820824892862e-06,1.0150759958336292e-06,1.6882901056573848e-06,1.8595854943842665e-06,1.3983462138966755e-06,1.0692069247694176e-06,8.104635881970601e-07,1.8482408009689544e-06,1.401771636221776e-06,1.0593145907434355e-06,8.433739210472201e-07,7.163169717363559e-07,1.7032332852804789e-06,1.632466207080036e-06,1.8005853698763813e-06,1.4402991730351462e-06,1.0108107931316857e-06,7.835012276042072e-07,4.935295584435755e-07,3.0373726279224904e-07,1.8694665657019355e-07,1.7193123717259397e-06,1.8595854943842665e-06,1.3983462138966755e-06,1.0692069247694176e-06,1.856883008081051e-06,17250.0,8.25
1.4544558223261427e-06,1.6981963681273311e-06,1.0218524562258586e-06,1.7159517579742653e-06,1.8522348608370738e-06,1.4077380737280818e-06,1.079153082724822e-06,8.169747822687487e-07,1.8447498185172775e-06,1.4116339775040283e-06,1.069202335739683e-06,8.506239818649962e-07,7.209403046311055e-07,1.7329584359753483e-06,1.646696586799072e-06,1.8026988843309532e-06,1.4513490261301576e-06,1.0202098301508776e-06,7.895843616402399e-07,4.953367658218405e-07,3.054991578055995e-07,1.8784962173175233e-07,1.7339214816004442e-06,1.8522348608370738e-06,1.4077380737280818e-06,1.079153082724822e-06,1.8455741944017532e-06,17250.0,8.5
1.4595734827609224e-06,1.7013588198201618e-06,1.0291063340483558e-06,1.7470160652072936e-06,1.844399317857235e-06,1.417295894443942e-06,1.0897887558680848e-06,8.243308906191125e-07,1.8404627146502363e-06,1.4216512007229573e-06,1.0798007517394747e-06,8.586304429546382e-07,7.265409405417377e-07,1.765768653180607e-06,1.6660060088806978e-06,1.803650348196474e-06,1.462556741988035e-06,1.0303452618551487e-06,7.965112006701475e-07,4.972819347357455e-07,3.0760051778335073e-07,1.8886090918249124e-07,1.748382156112556e-06,1.844399317857235e-06,1.417295894443942e-06,1.0897887558680848e-06,1.8354128898970008e-06,17250.0,8.75
1.465592055884452e-06,1.7055530884596466e-06,1.0375517640185724e-06,1.7834383709387088e-06,1.8366662847045377e-06,1.4276767025079867e-06,1.1017551993463789e-06,8.330894243596683e-07,1.835732371992304e-06,1.4324272816115637e-06,1.0917506968831385e-06,8.680178801666067e-07,7.336296455299889e-07,1.8036020905383317e-06,1.6922374483317483e-06,1.8035184772275874e-06,1.4743747679827277e-06,1.0418744880585695e-06,8.048246527885827e-07,4.998966685717543e-07,3.102605986966756e-07,1.9014721635112438e-07,1.762436294479196e-06,1.8366662847045377e-06,1.4276767025079867e-06,1.1017551993463789e-06,1.8276518043752241e-06,17250.0,9.0
1.4738211189096966e-06,1.7123811353276982e-06,1.048369053518936e-06,1.8281934405206502e-06,1.8312922317305518e-06,1.4395822844818904e-06,1.116116200671991e-06,8.442338518973322e-07,1.8322770258931706e-06,1.4446464745549797e-06,1.1061153349794213e-06,8.797824633611951e-07,7.430881854338944e-07,1.8495679434541553e-06,1.7280181164501289e-06,1.8034280644014188e-06,1.4873649537900225e-06,1.055853233730361e-06,8.155079915125249e-07,5.03572753507605e-07,3.1375072809601675e-07,1.9182954693731373e-07,1.775990065284973e-06,1.8312922317305518e-06,1.4395822844818904e-06,1.116116200671991e-06,1.8255684970830193e-06,17250.0,9.25
1.4869548161687668e-06,1.7253834333937549e-06,1.0630362236119705e-06,1.885969113568773e-06,1.8328031496230473e-06,1.4548793426822006e-06,1.1344248842361426e-06,8.587377892153851e-07,1.8342826663375674e-06,1.4601740674478044e-06,1.124426133650796e-06,8.950349356927472e-07,7.555208932878699e-07,1.908399141296455e-06,1.7780833812548662e-06,1.807210729112481e-06,1.5033825027009671e-06,1.073779022824201e-06,8.294339385852874e-07,5.089682796551477e-07,3.182735942681752e-07,1.9405180087002527e-07,1.7910838718594332e-06,1.8328031496230473e-06,1.4548793426822006e-06,1.1344248842361426e-06,1.83483500867616e-06,17250.0,9.5
1.4486023242499128e-06,1.7176109101517172e-06,9.914154036832494e-07,1.614692141884841e-06,1.938504346491084e-06,1.3612308221935347e-06,1.0273463624460189e-06,7.90715426543427e-07,1.8909925511036537e-06,1.361491615305912e-06,1.017837614729718e-06,8.173475119000867e-07,7.151543066466399e-07,1.5836837989119632e-06,1.7027124532921628e-06,1.8015889482065727e-06,1.3933475301207906e-06,9.720255861383453e-07,7.659542512531282e-07,4.872856237318759e-07,2.988842552485971e-07,1.8335575188595728e-07,1.6496674228658414e-06,1.938504346491084e-06,1.3612308221935347e-06,1.0273463624460189e-06,1.9962930513606913e-06,17500.0,6.0
1.4518755250212458e-06,1.719882045286223e-06,9.948665645905667e-07,1.6205419177172746e-06,1.9379779817196675e-06,1.3670869009541446e-06,1.0322712789070624e-06,7.928273406846264e-07,1.8937564200896553e-06,1.3675873636796703e-06,1.0226988921538404e-06,8.200210736688567e-07,7.151726898818821e-07,1.598394535933358e-06,1.6916478372199647e-06,1.8064223525889267e-06,1.399910183625146e-06,9.765316483883148e-07,7.680482503933855e-07,4.885394348169354e-07,2.9946662772860754e-07,1.838495801619864e-07,1.6589817792913753e-06,1.9379779817196675e-06,1.3670869009541446e-06,1.0322712789070624e-06,1.989397619226603e-06,17500.0,6.25
1.4553136134951359e-06,1.7221463151503657e-06,9.987038729064785e-07,1.6287824751051463e-06,1.936844362067411e-06,1.373348750630231e-06,1.037711969302041e-06,7.953222938959154e-07,1.8960741938117128e-06,1.374103793554481e-06,1.0280744625939254e-06,8.231999377191158e-07,7.154166916274857e-07,1.614449405543524e-06,1.6826435732438555e-06,1.811491414071762e-06,1.4069726230222752e-06,9.815440774174839e-07,7.703404168914648e-07,4.899178722531968e-07,3.0011855721339415e-07,1.843772446169643e-07,1.6688945540192892e-06,1.936844362067411e-06,1.373348750630231e-06,1.037711969302041e-06,1.981978567392043e-06,17500.0,6.5
1.4588665259025322e-06,1.7243918336196165e-06,1.002839395352267e-06,1.6393233150355427e-06,1.9351260872422876e-06,1.379902203418022e-06,1.0435629732312592e-06,7.982517869974992e-07,1.8979156113443636e-06,1.3809506212235603e-06,1.0338593486272902e-06,8.268686994951725e-07,7.159330840830173e-07,1.6317018381912423e-06,1.675697998792948e-06,1.8167291014271144e-06,1.414477049304962e-06,9.869560973308362e-07,7.730123473938675e-07,4.913741037762774e-07,3.008841038788125e-07,1.8494170060241734e-07,1.6794255847050952e-06,1.9351260872422876e-06,1.379902203418022e-06,1.0435629732312592e-06,1.9738956318430585e-06,17500.0,6.75
1.4624958650601655e-06,1.726573923894078e-06,1.0072230223323325e-06,1.6518998390899534e-06,1.932623712632156e-06,1.3868517839083934e-06,1.049802853521031e-06,8.015004409361032e-07,1.8991259907692541e-06,1.3882078357656592e-06,1.0400305005124876e-06,8.309470466068719e-07,7.166740315492116e-07,1.6500560814869928e-06,1.6708565209861145e-06,1.8219940570174533e-06,1.4224891700707876e-06,9.927355962638397e-07,7.759623083282877e-07,4.928592950332913e-07,3.017463478041855e-07,1.8556737008625744e-07,1.6906664161841027e-06,1.932623712632156e-06,1.3868517839083934e-06,1.049802853521031e-06,1.9648781495820665e-06,17500.0,7.0
1.4662520690430402e-06,1.7287150830937784e-06,1.0119654355498407e-06,1.6666156149764693e-06,1.9292400630265285e-06,1.394242620608194e-06,1.0565880474621362e-06,8.051349094000423e-07,1.8996150626749372e-06,1.395938305187893e-06,1.0467409814455607e-06,8.354440447983332e-07,7.178490253133986e-07,1.6696840270198454e-06,1.6687857665781646e-06,1.8271098202204324e-06,1.4310680471948694e-06,9.99013190171407e-07,7.792590513952304e-07,4.943880810135733e-07,3.0270740287320906e-07,1.8623886240268985e-07,1.7025897654970362e-06,1.9292400630265285e-06,1.394242620608194e-06,1.0565880474621362e-06,1.9550507507266984e-06,17500.0,7.25
1.4701888977242117e-06,1.7308935542255671e-06,1.0171225611127788e-06,1.683865166611156e-06,1.9249920451677308e-06,1.4020304269915693e-06,1.0639823161707628e-06,8.092995327939196e-07,1.8993636052055194e-06,1.4041047440845645e-06,1.0540621493689676e-06,8.405077020774286e-07,7.195660929809791e-07,1.6911211391662744e-06,1.668983263899774e-06,1.831966910394077e-06,1.4401711825515138e-06,1.005889890603943e-06,7.830327305062831e-07,4.960186635095982e-07,3.037852822947056e-07,1.869535000174625e-07,1.7151669295650609e-06,1.9249920451677308e-06,1.4020304269915693e-06,1.0639823161707628e-06,1.944371030746297e-06,17500.0,7.5
1.4743635545916703e-06,1.7332307888443318e-06,1.022663933048193e-06,1.7037857074919769e-06,1.9199969077497603e-06,1.4102213416336574e-06,1.0719472365795184e-06,8.140347338757669e-07,1.8984636753188376e-06,1.4127202036145853e-06,1.0619541100489108e-06,8.461106298521741e-07,7.219489541233095e-07,1.7145393995566749e-06,1.6723051235395175e-06,1.836519788886914e-06,1.4498181526751118e-06,1.0133263022056965e-06,7.873318230367292e-07,4.977048963351764e-07,3.0504813032736043e-07,1.8772132448391813e-07,1.728490940531265e-06,1.9199969077497603e-06,1.4102213416336574e-06,1.0719472365795184e-06,1.933138023567034e-06,17500.0,7.75
1.4788266155071966e-06,1.735829789910132e-06,1.0285865710266715e-06,1.7263061091623151e-06,1.914297061614386e-06,1.4189565233032615e-06,1.080514034558805e-06,8.192825825295792e-07,1.8968934515232028e-06,1.4219040241328858e-06,1.0704489131055765e-06,8.521740710806416e-07,7.250102702453427e-07,1.7399994884861566e-06,1.6792470004074326e-06,1.8406107083786505e-06,1.4601327530840235e-06,1.02133851072162e-06,7.921401011462934e-07,4.994248160751777e-07,3.0645444173643004e-07,1.885423712376333e-07,1.7426251626439586e-06,1.914297061614386e-06,1.4189565233032615e-06,1.080514034558805e-06,1.921583927039768e-06,17500.0,8.0
1.4835825206130142e-06,1.738643302380202e-06,1.0350037369047202e-06,1.7514004179985964e-06,1.9078422616146546e-06,1.4281681558701872e-06,1.0898723356096575e-06,8.25169604832428e-07,1.8945329911603444e-06,1.43158033129572e-06,1.0797387189494999e-06,8.588282324752956e-07,7.289134097308364e-07,1.7675673002572502e-06,1.6897163150409624e-06,1.8439782494617063e-06,1.4709953049180142e-06,1.0300878336499418e-06,7.975895421491581e-07,5.011887782113255e-07,3.080226063172426e-07,1.894041392793281e-07,1.7572781589205762e-06,1.9078422616146546e-06,1.4281681558701872e-06,1.0898723356096575e-06,1.910073317407851e-06,17500.0,8.25
1.4886150798367938e-06,1.741724092519843e-06,1.0418610532205905e-06,1.7795643820848086e-06,1.9007552920497696e-06,1.437765891829412e-06,1.099927251677759e-06,8.317270414052887e-07,1.8913356348445406e-06,1.4416605997419261e-06,1.089732682834374e-06,8.661082494989049e-07,7.335851657522732e-07,1.7978629096326017e-06,1.7040765647197394e-06,1.846458563976926e-06,1.4822836634823005e-06,1.0395603100016189e-06,8.037180865572954e-07,5.029959666635276e-07,3.0977352792547326e-07,1.903017927675781e-07,1.772252129573973e-06,1.9007552920497696e-06,1.437765891829412e-06,1.099927251677759e-06,1.8989778610417594e-06,17500.0,8.5
1.4938801208692952e-06,1.7450972184725043e-06,1.0490960133413897e-06,1.8108258472756115e-06,1.8931411782309228e-06,1.4474935620623084e-06,1.1105908881166608e-06,8.389937129582452e-07,1.8873455125599776e-06,1.4518542510513907e-06,1.1003521172654882e-06,8.740589771299566e-07,7.39033765746082e-07,1.8309532252096768e-06,1.7231467136056044e-06,1.8478161083918939e-06,1.4937184652241316e-06,1.0497128380618998e-06,8.105460374573125e-07,5.048807179769415e-07,3.1181430676406113e-07,1.9127546765326844e-07,1.7871939652778406e-06,1.8931411782309228e-06,1.4474935620623084e-06,1.1105908881166608e-06,1.8888990735749481e-06,17500.0,8.75
1.4998067483843212e-06,1.7492401920428247e-06,1.0572387639009169e-06,1.8466284396977334e-06,1.8853937203431168e-06,1.4578290049739973e-06,1.1223473366798183e-06,8.474408619228039e-07,1.8827365657447996e-06,1.4626165858542726e-06,1.1120820925471877e-06,8.831348574452173e-07,7.458052511703311e-07,1.8682385571605222e-06,1.7483690328004099e-06,1.8480078400228159e-06,1.5056150853096638e-06,1.0609829058160064e-06,8.185539932008047e-07,5.072869870509261e-07,3.143178129332426e-07,1.9246830481148887e-07,1.8017827167989353e-06,1.8853937203431168e-06,1.4578290049739973e-06,1.1223473366798183e-06,1.8807592466674641e-06,17500.0,9.0
1.5074405727734188e-06,1.75539998813547e-06,1.067344086714044e-06,1.8896330410996244e-06,1.879182889778756e-06,1.469369391186381e-06,1.1361148718110991e-06,8.579394340592378e-07,1.878757179203103e-06,1.4744989221427601e-06,1.1258566230670238e-06,8.942471369371508e-07,7.546572695586296e-07,1.9125135784610326e-06,1.7820353293211597e-06,1.8477036265953457e-06,1.5183947754731163e-06,1.0743514035889423e-06,8.285924770893506e-07,5.105595933371279e-07,3.175640698514105e-07,1.9401242689607577e-07,1.8156769553730587e-06,1.879182889778756e-06,1.469369391186381e-06,1.1361148718110991e-06,1.8772734277796505e-06,17500.0,9.25
1.5191014912434426e-06,1.7665688362785849e-06,1.0808633991300524e-06,1.9443801209299425e-06,1.8783828230417424e-06,1.4836475885435234e-06,1.153407892943382e-06,8.715024396657076e-07,1.8788097234789126e-06,1.4890403184427774e-06,1.1431484888372735e-06,9.085184656599653e-07,7.662605168239347e-07,1.9683163414634085e-06,1.8288877533560405e-06,1.8499296381966722e-06,1.5335310941875966e-06,1.091252194912978e-06,8.416140346600266e-07,5.154236258261341e-07,3.217975328664284e-07,1.960514375881444e-07,1.8302580335530566e-06,1.8783828230417424e-06,1.4836475885435234e-06,1.153407892943382e-06,1.8834382742264902e-06,17500.0,9.5
1.4819432237648933e-06,1.7600913142173886e-06,1.0110327022756391e-06,1.6760430069908442e-06,1.9860730550379993e-06,1.3903767439278052e-06,1.0476876532608766e-06,8.052310688157701e-07,1.9363859636070865e-06,1.3906104166088718e-06,1.0379465845370945e-06,8.326168525466212e-07,7.27491495723242e-07,1.64572331000447e-06,1.7596714360630186e-06,1.8440432380613718e-06,1.4233074467186527e-06,9.910245367937128e-07,7.798509839303779e-07,4.948810633770782e-07,3.031612514380753e-07,1.858232991605131e-07,1.6864782195973515e-06,1.9860730550379993e-06,1.3903767439278052e-06,1.0476876532608766e-06,2.049057579551543e-06,17750.0,6.0
1.4852731140713336e-06,1.7624313254144787e-06,1.0145170812676442e-06,1.6820631658088882e-06,1.9856029301591252e-06,1.3962956853781354e-06,1.0526458628040875e-06,8.073693837946895e-07,1.9392242258567303e-06,1.3967704918770873e-06,1.0428402491890618e-06,8.353161532194818e-07,7.275467013656464e-07,1.660711834659916e-06,1.7487702150239742e-06,1.8489439782190032e-06,1.429935907149392e-06,9.955583727565548e-07,7.819740881812278e-07,4.961305351750408e-07,3.0374374488099523e-07,1.8631573097297305e-07,1.6958927245975972e-06,1.9856029301591252e-06,1.3962956853781354e-06,1.0526458628040875e-06,2.0422137332641598e-06,17750.0,6.25
1.4888004422758724e-06,1.7648129447911406e-06,1.0184039450875865e-06,1.6905811885585218e-06,1.984570537853985e-06,1.402644524435341e-06,1.0581367078443374e-06,8.099015118662186e-07,1.9416722035229374e-06,1.4033749046425884e-06,1.0482651857003224e-06,8.385338261094708e-07,7.278309684724696e-07,1.677142886170886e-06,1.7399210653767786e-06,1.8541186809543763e-06,1.4370893936252987e-06,1.0006169410088413e-06,7.843034444311218e-07,4.97521476912029e-07,3.0440155565680494e-07,1.8684360345942052e-07,1.7059377707483454e-06,1.984570537853985e-06,1.402644524435341e-06,1.0581367078443374e-06,2.034870562978127e-06,17750.0,6.5
1.492441233599628e-06,1.7671733797374865e-06,1.0225865894661465e-06,1.7014177682015614e-06,1.9829535609103664e-06,1.4092955192017164e-06,1.0640352326316363e-06,8.12868974478124e-07,1.943640420444283e-06,1.4103076491492076e-06,1.0540965889912254e-06,8.422396736639325e-07,7.283884373023048e-07,1.6947660108300446e-06,1.7331290232856338e-06,1.8594740649967584e-06,1.4446816121804925e-06,1.0060713917226752e-06,7.870137273668526e-07,4.989922984856559e-07,3.0517380236944623e-07,1.874093593012599e-07,1.7166059168014233e-06,1.9829535609103664e-06,1.4092955192017164e-06,1.0640352326316363e-06,2.026878302540484e-06,17750.0,6.75
1.496175181648413e-06,1.7694882708675275e-06,1.02702716012664e-06,1.7143152073919396e-06,1.980571662527426e-06,1.4163416365808752e-06,1.070328031239394e-06,8.161664812914815e-07,1.944997137623141e-06,1.4176756912382596e-06,1.06031914825011e-06,8.463717799452343e-07,7.291976735717423e-07,1.713490819723227e-06,1.7283908505804667e-06,1.864889666141675e-06,1.452812383792811e-06,1.0118966012896574e-06,7.900140720346403e-07,5.004835546254505e-07,3.0604196535290515e-07,1.8803560002257272e-07,1.7280206406633152e-06,1.980571662527426e-06,1.4163416365808752e-06,1.070328031239394e-06,2.017914446918604e-06,17750.0,7.0
1.5000352563818905e-06,1.7717647324323941e-06,1.0318232067347275e-06,1.7293733132943829e-06,1.9773209943704984e-06,1.4238336375247077e-06,1.0771735337671737e-06,8.198320286096923e-07,1.945625332827697e-06,1.425510040683809e-06,1.0670888942806731e-06,8.50901775636869e-07,7.303805945149229e-07,1.7335147050055003e-06,1.726437948215003e-06,1.8701411214489093e-06,1.4614981046878429e-06,1.0182282183907345e-06,7.933368756864832e-07,5.020301991136102e-07,3.070074756998964e-07,1.8870741752642846e-07,1.740098857556836e-06,1.9773209943704984e-06,1.4238336375247077e-06,1.0771735337671737e-06,2.008189345888056e-06,17750.0,7.25
1.5040602086840555e-06,1.7740666460793105e-06,1.037016513735592e-06,1.7469528399713747e-06,1.97318154139852e-06,1.431705514869371e-06,1.0846039868506928e-06,8.240170615977125e-07,1.945502684911099e-06,1.4337604027571181e-06,1.0744450187831828e-06,8.559708624099075e-07,7.321680952022639e-07,1.7553362405529483e-06,1.7267774425654007e-06,1.875138535149518e-06,1.4706940975535807e-06,1.0251359892146127e-06,7.971417926289169e-07,5.036661558259892e-07,3.0808310406616315e-07,1.8941880763249702e-07,1.7528237034413993e-06,1.97318154139852e-06,1.431705514869371e-06,1.0846039868506928e-06,1.9976846864753033e-06,17750.0,7.5
1.5083326624291534e-06,1.7765378425885394e-06,1.042596951054158e-06,1.7672157335230522e-06,1.968305889028711e-06,1.4399928689406167e-06,1.0926119866154603e-06,8.287680522547751e-07,1.944746796099526e-06,1.4424730382055238e-06,1.0823783433177205e-06,8.615875720887706e-07,7.345716509456227e-07,1.7791537086569222e-06,1.7301558314999694e-06,1.8798430836933336e-06,1.4804453647699668e-06,1.032607419694259e-06,8.014588450883444e-07,5.053573986543756e-07,3.0934279623353023e-07,1.9018624349710086e-07,1.7663082302248785e-06,1.968305889028711e-06,1.4399928689406167e-06,1.0926119866154603e-06,1.986540689903908e-06,17750.0,7.75
1.5129061981647257e-06,1.7792939190074574e-06,1.0485596695091843e-06,1.7901206435408037e-06,1.96274657768942e-06,1.4488228873132676e-06,1.1012237291506566e-06,8.340393816968774e-07,1.943343378896447e-06,1.451754244006322e-06,1.0909168744979402e-06,8.676698326030147e-07,7.376800542699293e-07,1.8050218589194047e-06,1.737276566360333e-06,1.884132767370683e-06,1.4908569974538468e-06,1.0406549849206655e-06,8.062927429927772e-07,5.071041637340982e-07,3.1075676798047884e-07,1.9100758059914772e-07,1.7806263739392888e-06,1.96274657768942e-06,1.4488228873132676e-06,1.1012237291506566e-06,1.975201320626048e-06,17750.0,8.0
1.5178198989753263e-06,1.7823046036656918e-06,1.0550595638237624e-06,1.8157431940693767e-06,1.956476114504856e-06,1.458208043096397e-06,1.110675765528013e-06,8.39968953831608e-07,1.9411803508150636e-06,1.4616063868697785e-06,1.1002973500127495e-06,8.743709512638432e-07,7.416164168588346e-07,1.8331830119204431e-06,1.7479304417468618e-06,1.8877548763068078e-06,1.5019187598576676e-06,1.0494929571103835e-06,8.117874717780412e-07,5.088573153105919e-07,3.1233151632669683e-07,1.9187282539409832e-07,1.7955558150735791e-06,1.956476114504856e-06,1.458208043096397e-06,1.110675765528013e-06,1.9637611714803126e-06,17750.0,8.25
1.5230397899036873e-06,1.785641721111355e-06,1.0619923299747517e-06,1.8444148500730089e-06,1.949653007143794e-06,1.4679780402683105e-06,1.1208161005530573e-06,8.465687273089424e-07,1.9382616047328734e-06,1.4718668105572898e-06,1.1103737941087194e-06,8.816984646195239e-07,7.463162575230423e-07,1.8640356737545852e-06,1.7625026750463102e-06,1.8905158206508279e-06,1.5134075165366584e-06,1.059029178954883e-06,8.17956089453999e-07,5.107121011048264e-07,3.140787451815799e-07,1.927691304008895e-07,1.8108393219654665e-06,1.949653007143794e-06,1.4679780402683105e-06,1.1208161005530573e-06,1.9529080850645485e-06,17750.0,8.5
1.5285195095562842e-06,1.789302096935352e-06,1.0692841560167823e-06,1.876143787941917e-06,1.9423196536447548e-06,1.4779343898852424e-06,1.1315816359718573e-06,8.538267097050675e-07,1.934602901318358e-06,1.4822995742352604e-06,1.1210899992477791e-06,8.896510648778882e-07,7.517127370223818e-07,1.8976438084061808e-06,1.7816896861900995e-06,1.8923219520797902e-06,1.5251190368346773e-06,1.0692533672697692e-06,8.24763877666606e-07,5.125675124087128e-07,3.1608750391906914e-07,1.9372368652068533e-07,1.826246813522056e-06,1.9423196536447548e-06,1.4779343898852424e-06,1.1315816359718573e-06,1.9430490633500394e-06,17750.0,8.75
1.5344277377678201e-06,1.793476711223039e-06,1.0772122647074297e-06,1.9115592588157773e-06,1.934625841468462e-06,1.4882843478213175e-06,1.143201901447589e-06,8.620340108027522e-07,1.9301716972477583e-06,1.4931047542626832e-06,1.132677360907665e-06,8.985001604732588e-07,7.582057213353329e-07,1.934630502511108e-06,1.8061079477829766e-06,1.8928189477641371e-06,1.5371400329235668e-06,1.0803585152476996e-06,8.325218166208391e-07,5.147222802671557e-07,3.1846244813633153e-07,1.9483648700840265e-07,1.8413389403419117e-06,1.934625841468462e-06,1.4882843478213175e-06,1.143201901447589e-06,1.9347042752575525e-06,17750.0,9.0
1.5416336059388787e-06,1.7991629329588022e-06,1.0867427683436447e-06,1.9531846063083243e-06,1.9278504376825835e-06,1.4995613319147306e-06,1.1565499339048294e-06,8.719622096882167e-07,1.9258704484054006e-06,1.5047584207045446e-06,1.146028173649222e-06,9.09034351500107e-07,7.665212754667536e-07,1.977580393301184e-06,1.8380366843454439e-06,1.8924833668828568e-06,1.5498058807574799e-06,1.0932607291840017e-06,8.419953759323114e-07,5.177220613967942e-07,3.214845568698431e-07,1.962593614727089e-07,1.8556605978428384e-06,1.9278504376825835e-06,1.4995613319147306e-06,1.1565499339048294e-06,1.9301146837503204e-06,17750.0,9.25
1.5521435841066883e-06,1.8089428280939718e-06,1.099253278477223e-06,2.0054006532881945e-06,1.9253007719524216e-06,1.5130658638539317e-06,1.172937034415607e-06,8.847187954728599e-07,1.9245152094880358e-06,1.5185470362334064e-06,1.1624150357431559e-06,9.224770247854255e-07,7.773718444837634e-07,2.030927570216766e-06,1.8819589045781046e-06,1.893654358308044e-06,1.5643000818686166e-06,1.1092543768947338e-06,8.542293002028428e-07,5.220980137659001e-07,3.25444514501883e-07,1.9812880053016907e-07,1.8700635511003835e-06,1.9253007719524216e-06,1.5130658638539317e-06,1.172937034415607e-06,1.9337806925027863e-06,17750.0,9.5
1.515580088749189e-06,1.8030028534865806e-06,1.0307644089468522e-06,1.7385003462417959e-06,2.0341198939085764e-06,1.4197353591908467e-06,1.0681500433258455e-06,8.198169281524472e-07,1.9822105243591258e-06,1.4199408335639757e-06,1.058174943496345e-06,8.479543143406842e-07,7.398860568174202e-07,1.7089305042685435e-06,1.8174193656389271e-06,1.8868904683135865e-06,1.453491250554362e-06,1.0101357160751937e-06,7.938234869508483e-07,5.025008121845682e-07,3.074553788563826e-07,1.8829887628528293e-07,1.7236043185787188e-06,2.0341198939085764e-06,1.4197353591908467e-06,1.0681500433258455e-06,2.1023920222751816e-06,18000.0,6.0
1.5189759096885088e-06,1.8054213795060302e-06,1.0342948750010153e-06,1.7447188246270918e-06,2.0336972027641816e-06,1.425731661674217e-06,1.0731569110642555e-06,8.219892348791866e-07,1.9851384022958276e-06,1.4261788234952269e-06,1.0631160299551142e-06,8.506973798082062e-07,7.399699971345623e-07,1.7242441185802492e-06,1.8066402409229083e-06,1.8918676284393248e-06,1.4601974028641544e-06,1.0147114615269652e-06,7.959681217635312e-07,5.037603828298366e-07,3.080427318316553e-07,1.8879249762030628e-07,1.7331318650206397e-06,2.0336972027641816e-06,1.425731661674217e-06,1.0731569110642555e-06,2.095574286076305e-06,18000.0,6.25
1.522576950318732e-06,1.807903851133877e-06,1.0382193176097243e-06,1.7535146704540398e-06,2.0327506074338197e-06,1.4321458656527222e-06,1.078686566493987e-06,8.24556302095485e-07,1.987689143309996e-06,1.4328502133272103e-06,1.0685795663511138e-06,8.539507452381743e-07,7.402978364754005e-07,1.741028609894343e-06,1.7980300843751562e-06,1.8971307264811669e-06,1.4674196051916965e-06,1.0198049593562765e-06,7.98333979901957e-07,5.051531676102303e-07,3.0870261084560966e-07,1.8931917766782646e-07,1.7432911928905937e-06,2.0327506074338197e-06,1.4321458656527222e-06,1.078686566493987e-06,2.0883289328562308e-06,18000.0,6.5
1.5263247834448862e-06,1.8104007579880474e-06,1.0424607597979387e-06,1.7646669149485592e-06,2.0312665052411006e-06,1.4389062794783956e-06,1.0846459241942385e-06,8.275628010375824e-07,1.989804910159533e-06,1.4398955949489654e-06,1.0744702704029245e-06,8.576981265065896e-07,7.408866591383644e-07,1.7590415197996497e-06,1.7914085805580447e-06,1.902625295821603e-06,1.4751307751872305e-06,1.0253136746784457e-06,8.010841148917729e-07,5.066487181423677e-07,3.0948240080879334e-07,1.898869053955963e-07,1.7541236890126794e-06,2.0312665052411006e-06,1.4389062794783956e-06,1.0846459241942385e-06,2.080444353716133e-06,18000.0,6.75
1.5301548270179079e-06,1.812840444908958e-06,1.0469542776977594e-06,1.7778845221384165e-06,2.028986848009865e-06,1.446050174119832e-06,1.090989870917331e-06,8.309034925902242e-07,1.9912895747492447e-06,1.44736224412013e-06,1.0807428708966462e-06,8.618682495681307e-07,7.417678202182753e-07,1.7781490333548514e-06,1.7868344471619357e-06,1.9081679889504367e-06,1.4833619285909379e-06,1.0311835056371345e-06,8.041316655912102e-07,5.081521424595199e-07,3.103567587613176e-07,1.9051388688557042e-07,1.7656883203858566e-06,2.028986848009865e-06,1.446050174119832e-06,1.090989870917331e-06,2.0715760096257565e-06,18000.0,7.0
1.5341014891519017e-06,1.8152367505586313e-06,1.051788345429221e-06,1.7932557763989929e-06,2.0258397008694363e-06,1.453626875842635e-06,1.0978714750824056e-06,8.345976209404567e-07,1.99204414129017e-06,1.455280925941885e-06,1.0875475607957287e-06,8.664237796817181e-07,7.42995829292549e-07,1.7985327092189845e-06,1.785028848385051e-06,1.9135449300959922e-06,1.4921389038711546e-06,1.0375463435636107e-06,8.074851589396222e-07,5.097011495711154e-07,3.113234108432396e-07,1.9118498500478865e-07,1.7779093110590117e-06,2.0258397008694363e-06,1.453626875842635e-06,1.0978714750824056e-06,2.0619576278948234e-06,18000.0,7.25
1.538218740537208e-06,1.8176625394054767e-06,1.05702488001374e-06,1.811195373538789e-06,2.0218099952199234e-06,1.461589052110452e-06,1.105346924696242e-06,8.388116801831724e-07,1.9920475344119236e-06,1.4636237205829568e-06,1.0949472779589567e-06,8.715176916784597e-07,7.448241713878063e-07,1.8207563558110082e-06,1.785457210512675e-06,1.9186791550314396e-06,1.501433543777758e-06,1.0444924350120436e-06,8.11322266214815e-07,5.11346534186229e-07,3.124025370773624e-07,1.9189493451495748e-07,1.7907847749873275e-06,2.0218099952199234e-06,1.461589052110452e-06,1.105346924696242e-06,2.0515448896299277e-06,18000.0,7.5
1.5425863658654733e-06,1.8202636181985669e-06,1.0626430671661047e-06,1.8317935027998046e-06,2.017058522982009e-06,1.4699691574196474e-06,1.113396214528975e-06,8.435797355397966e-07,1.9914310700590606e-06,1.4724294231101301e-06,1.102920545868464e-06,8.771497010745856e-07,7.472568718569507e-07,1.8449644611237302e-06,1.7889096243335024e-06,1.9235329149353595e-06,1.5112898342201619e-06,1.0519978609888617e-06,8.156586467686066e-07,5.130397133525528e-07,3.136503575115846e-07,1.9266138251796937e-07,1.8044314025433566e-06,2.017058522982009e-06,1.4699691574196474e-06,1.113396214528975e-06,2.040501219983151e-06,18000.0,7.75
1.5472927878192342e-06,1.8231897560944495e-06,1.0686777086268565e-06,1.8551396228290064e-06,2.0116400695112724e-06,1.4789380388117664e-06,1.1220873209326267e-06,8.488946083598696e-07,1.9901936449594044e-06,1.4818547878979944e-06,1.111536252224472e-06,8.832680216267881e-07,7.504543280888947e-07,1.8713191244085391e-06,1.796187767825949e-06,1.9280091315960793e-06,1.5218551984523847e-06,1.060113974084425e-06,8.205532866402366e-07,5.147980512818501e-07,3.150815891446393e-07,1.9348397596116958e-07,1.8189711586714723e-06,2.0116400695112724e-06,1.4789380388117664e-06,1.1220873209326267e-06,2.029254779739411e-06,18000.0,8.0
1.5523308567570216e-06,1.8263726022322674e-06,1.0752266721561955e-06,1.8812115735408494e-06,2.0055299878073615e-06,1.4884498163381282e-06,1.1315826134383322e-06,8.548481595630727e-07,1.9882060886263855e-06,1.4918302728852686e-06,1.1209563566040787e-06,8.900003299097895e-07,7.543707916835854e-07,1.8999680059215895e-06,1.8070363204142546e-06,1.931843718560616e-06,1.533046159457391e-06,1.06900050276124e-06,8.260540267457025e-07,5.165781010401778e-07,3.1665826330292437e-07,1.943504615520576e-07,1.8341088166055171e-06,2.0055299878073615e-06,1.4884498163381282e-06,1.1315826134383322e-06,2.018004061444906e-06,18000.0,8.25
1.5577166333257524e-06,1.8299323112556124e-06,1.0822327152751211e-06,1.9104047796353916e-06,1.9989210835289233e-06,1.4983657336977155e-06,1.1418189472435896e-06,8.614864702707299e-07,1.9855209106896086e-06,1.502245184770545e-06,1.131127052894255e-06,8.973694455794747e-07,7.59098183957244e-07,1.9313785585230723e-06,1.8218786523574974e-06,1.93489035857175e-06,1.5447150347712495e-06,1.078603216554776e-06,8.322598304142285e-07,5.184527250307175e-07,3.1841069804188694e-07,1.952484553323209e-07,1.8496617236995442e-06,1.9989210835289233e-06,1.4983657336977155e-06,1.1418189472435896e-06,2.007373291125651e-06,18000.0,8.5
1.5633936481658238e-06,1.8338534091267399e-06,1.089591799040956e-06,1.9426088499451885e-06,1.991837147322289e-06,1.5085327595405059e-06,1.1526883731809695e-06,8.687541206921679e-07,1.982143118885574e-06,1.5129022797519754e-06,1.1419415491738987e-06,9.053376784047467e-07,7.644871543035241e-07,1.9655160762213847e-06,1.8412301339329744e-06,1.937024231939525e-06,1.556680187896802e-06,1.0889025226568043e-06,8.390723884919317e-07,5.203775216489048e-07,3.203990977178522e-07,1.9619270872833493e-07,1.8654734017520237e-06,1.991837147322289e-06,1.5085327595405059e-06,1.1526883731809695e-06,1.997703860562876e-06,18000.0,8.75
1.5694185373899388e-06,1.838208079904717e-06,1.097448235388059e-06,1.9780930314267322e-06,1.984337947070671e-06,1.5190142670078056e-06,1.1643093767757957e-06,8.768343950656635e-07,1.9780017221608957e-06,1.5238622687671781e-06,1.1535249691565896e-06,9.140685834474376e-07,7.708426798288213e-07,2.0026522693838693e-06,1.8652730587268517e-06,1.9379395104516584e-06,1.5689191323866018e-06,1.0999752743495884e-06,8.467028767447646e-07,5.224132326298014e-07,3.2268845904424673e-07,1.9725150814170053e-07,1.8810946959342164e-06,1.984337947070671e-06,1.5190142670078056e-06,1.1643093767757957e-06,1.989376960745523e-06,18000.0,9.0
1.576349774014972e-06,1.84361781695692e-06,1.1065071261218327e-06,2.0187372671806383e-06,1.9772163509561504e-06,1.5301488995708572e-06,1.177344773205776e-06,8.862760173991645e-07,1.9735673455642447e-06,1.5354020857320639e-06,1.1665566807921397e-06,9.241253967723894e-07,7.786386833961304e-07,2.0446855315879554e-06,1.8957885883379185e-06,1.937730511970961e-06,1.581571962255464e-06,1.1125225080434778e-06,8.556738414655203e-07,5.250408721432262e-07,3.255004462167765e-07,1.9855708246719217e-07,1.895913538058284e-06,1.9772163509561504e-06,1.5301488995708572e-06,1.177344773205776e-06,1.983983547588848e-06,18000.0,9.25
1.5858913803337397e-06,1.8522554491311244e-06,1.1181023939655916e-06,2.0687065197691968e-06,1.9732483869769763e-06,1.542995917627099e-06,1.1929084841581928e-06,8.982944136501056e-07,1.9711130751708522e-06,1.5485576823081693e-06,1.1821252046448799e-06,9.368138211679507e-07,7.887945188109761e-07,2.095897889197276e-06,1.936997393928894e-06,1.9381329991984756e-06,1.5955523339000638e-06,1.1277056243046048e-06,8.671833427988714e-07,5.28959640215067e-07,3.2919800842622167e-07,2.002762901553468e-07,1.9103139930718047e-06,1.9732483869769763e-06,1.542995917627099e-06,1.1929084841581928e-06,1.9855440210203582e-06,18000.0,9.5
1.549487522590924e-06,1.846313062654395e-06,1.0506039357882636e-06,1.8020143839681022e-06,2.0825765626727746e-06,1.4492980139526579e-06,1.0887253921588412e-06,8.344601433653309e-07,2.0284181341775164e-06,1.44947643871129e-06,1.078514471313417e-06,8.633668926258549e-07,7.523108918474382e-07,1.7732742327003393e-06,1.8760006033418226e-06,1.930090243820768e-06,1.4838877075841553e-06,1.0293488709275088e-06,8.078357902601611e-07,5.101560505822995e-07,3.1176682627181326e-07,1.9078187581810504e-07,1.7610177491102022e-06,2.0825765626727746e-06,1.4492980139526579e-06,1.0887253921588412e-06,2.1562592264270017e-06,18250.0,6.0
1.552957700107714e-06,1.848814540585327e-06,1.0541903361070083e-06,1.808450485280481e-06,2.0822188260826336e-06,1.4553789618699559e-06,1.0937781356504525e-06,8.366721598083711e-07,2.0314379262557937e-06,1.4557964080147866e-06,1.0834999855299374e-06,8.661481562231694e-07,7.524426634004233e-07,1.7889053353742947e-06,1.865357895079462e-06,1.935144630536021e-06,1.4906840091210593e-06,1.0339653975114488e-06,8.100193625906802e-07,5.114239718943498e-07,3.1235634835951145e-07,1.91276392779348e-07,1.7706593506293973e-06,2.0822188260826336e-06,1.4553789618699559e-06,1.0937781356504525e-06,2.149487550262055e-06,18250.0,6.25
1.5566475197826372e-06,1.8514155241677705e-06,1.058159384447734e-06,1.8175495607602266e-06,2.0813877778603976e-06,1.4618764953461276e-06,1.0993589351817144e-06,8.392720780298015e-07,2.034116390726048e-06,1.4625532813044082e-06,1.089013368541376e-06,8.694281292690076e-07,7.528158943195132e-07,1.806068124303123e-06,1.8569712288492892e-06,1.940514721239996e-06,1.4980011774093956e-06,1.03910340782514e-06,8.124523735556369e-07,5.128239893166573e-07,3.1302210632014367e-07,1.918038767529709e-07,1.7809506321928466e-06,2.0813877778603976e-06,1.4618764953461276e-06,1.0993589351817144e-06,2.1423666328788044e-06,18250.0,6.5
1.560474715103285e-06,1.8540199524454823e-06,1.0624433467346777e-06,1.8289968632417486e-06,2.079971858954575e-06,1.4687121471581331e-06,1.1053675914334303e-06,8.42320435618691e-07,2.036345567270056e-06,1.4696806565130542e-06,1.0949529815494441e-06,8.732289798674833e-07,7.534600966397501e-07,1.824461477508836e-06,1.8502870063734513e-06,1.9461228155143995e-06,1.5057860688604524e-06,1.0446565715741745e-06,8.152209402710488e-07,5.143301368997341e-07,3.1380750455287135e-07,1.923732199118471e-07,1.7919222409563025e-06,2.079971858954575e-06,1.4687121471581331e-06,1.1053675914334303e-06,2.134449599899828e-06,18250.0,6.75
1.5644163543694377e-06,1.8566095775047284e-06,1.0669863533873328e-06,1.8425602067837274e-06,2.0778373896566287e-06,1.4759663736817375e-06,1.1117686340116508e-06,8.456823005209644e-07,2.0379894126863634e-06,1.4772574480316014e-06,1.1012811570386064e-06,8.774029131593477e-07,7.543934054772237e-07,1.843965126556831e-06,1.8461114646803187e-06,1.9518197032224017e-06,1.5141334415380198e-06,1.0505758966590579e-06,8.183211623755952e-07,5.158451606319224e-07,3.1468931609617077e-07,1.9300187533397783e-07,1.8036604670823333e-06,2.0778373896566287e-06,1.4759663736817375e-06,1.1117686340116508e-06,2.1257894386693285e-06,18250.0,7.0
1.568473848998965e-06,1.8591448654014266e-06,1.071889576110335e-06,1.8583059202649425e-06,2.074810934397744e-06,1.483654681514892e-06,1.118718489567585e-06,8.494476088456693e-07,2.0388820801012423e-06,1.485288881583603e-06,1.108152496405716e-06,8.820379575795549e-07,7.556710443103286e-07,1.8647748191947927e-06,1.8444610245359393e-06,1.9573388463746634e-06,1.5230283736595138e-06,1.056998255866748e-06,8.217108132124589e-07,5.174112978037566e-07,3.156626828129576e-07,1.9367421564029984e-07,1.816048001906113e-06,2.074810934397744e-06,1.483654681514892e-06,1.118718489567585e-06,2.116281861285349e-06,18250.0,7.25
1.5726870200748745e-06,1.861702370608282e-06,1.0771681962257979e-06,1.8766099309121115e-06,2.070894251533981e-06,1.4917120841943062e-06,1.1262359543060208e-06,8.536898166649741e-07,2.0390185777811205e-06,1.493727486272678e-06,1.1155930058514764e-06,8.871562294435021e-07,7.575443008646048e-07,1.8874020376704497e-06,1.8450379456851455e-06,1.962615621042455e-06,1.5324240127125497e-06,1.0639796268257522e-06,8.25580014773307e-07,5.190653791192788e-07,3.1674202648727456e-07,1.943821824590799e-07,1.8290798213393298e-06,2.070894251533981e-06,1.4917120841943062e-06,1.1262359543060208e-06,2.1059781763950022e-06,18250.0,7.5
1.5771471191694435e-06,1.864425141472737e-06,1.0828310500164115e-06,1.8975719133468404e-06,2.0662453615027402e-06,1.500187219064628e-06,1.1343350200242074e-06,8.584831566685135e-07,2.0385202390502264e-06,1.5026317596111778e-06,1.1236144122936099e-06,8.928098503865851e-07,7.600171163783806e-07,1.9120213779217053e-06,1.8485971935274994e-06,1.9676023287257044e-06,1.5423861187997214e-06,1.0715275618162843e-06,8.299428800414688e-07,5.207698886726959e-07,3.179923010134689e-07,1.951492419854077e-07,1.842887244179688e-06,2.0662453615027402e-06,1.500187219064628e-06,1.1343350200242074e-06,2.0950154811589923e-06,18250.0,7.75
1.581955236916967e-06,1.8674901396213815e-06,1.0889070760475354e-06,1.921287839357217e-06,2.0609430298150377e-06,1.50925563823349e-06,1.143074653318109e-06,8.638158181689501e-07,2.03742578315405e-06,1.5121554106167735e-06,1.1322771077580363e-06,8.989467792681561e-07,7.632300390213261e-07,1.9387928382789276e-06,1.8559858978825296e-06,1.9722383824166636e-06,1.553064697924092e-06,1.0796834901702414e-06,8.348512091960599e-07,5.225399784777549e-07,3.1942524456888565e-07,1.9597075389685985e-07,1.8575951174838172e-06,2.0609430298150377e-06,1.50925563823349e-06,1.143074653318109e-06,2.083884934977788e-06,18250.0,8.0
1.5871210914813025e-06,1.8708483343960495e-06,1.0955096837949707e-06,1.9478174739176204e-06,2.0549854983721612e-06,1.5188903200921028e-06,1.1526264928834307e-06,8.698009793944238e-07,2.035612574720519e-06,1.5222582106945804e-06,1.141752034951875e-06,9.057078607661725e-07,7.67187355002498e-07,1.9679350951910857e-06,1.8670423423800454e-06,1.9762784439411805e-06,1.5643937772883133e-06,1.0886168099081918e-06,8.403897910538861e-07,5.243271710829429e-07,3.2100380848152836e-07,1.9683777517830764e-07,1.8729478745338685e-06,2.0549854983721612e-06,1.5188903200921028e-06,1.1526264928834307e-06,2.0727965137216804e-06,18250.0,8.25
1.5927066628929991e-06,1.8746715956449942e-06,1.1026145238827503e-06,1.9776271697844106e-06,2.0486341442501237e-06,1.5289913071506889e-06,1.1629853547736966e-06,8.764979065077585e-07,2.033190760591558e-06,1.5328626942917943e-06,1.152042129446827e-06,9.131398499815672e-07,7.7196260485389e-07,2.000008147143915e-06,1.8822194274078534e-06,1.9796187745911123e-06,1.5762744054178499e-06,1.0983259397964802e-06,8.466508117544095e-07,5.262297735892855e-07,3.227654744452061e-07,1.9774127339335568e-07,1.8888187162542727e-06,2.0486341442501237e-06,1.5289913071506889e-06,1.1629853547736966e-06,2.0624033165962956e-06,18250.0,8.5
1.5985809941609465e-06,1.8788507129050647e-06,1.1100555841332254e-06,2.0103826433735903e-06,2.0417974047916798e-06,1.539355218584902e-06,1.1739638747319728e-06,8.837963127420244e-07,2.0300778153025423e-06,1.5437306930349975e-06,1.162961294288494e-06,9.211449610109838e-07,7.773628651696888e-07,2.0347409822734027e-06,1.9018477311944635e-06,1.9820693513908887e-06,1.5884642258869581e-06,1.1087137393762828e-06,8.534889983191312e-07,5.280955628933659e-07,3.2474728356447253e-07,1.9868339003278747e-07,1.9049790830760998e-06,2.0417974047916798e-06,1.539355218584902e-06,1.1739638747319728e-06,2.0529695747404313e-06,18250.0,8.75
1.604757726840615e-06,1.8834228250306568e-06,1.1179021540190041e-06,2.0461370965798784e-06,2.0345198362463016e-06,1.5500066890795211e-06,1.1856378809010553e-06,8.917996234097973e-07,2.026216500420331e-06,1.554871006211374e-06,1.1745933159239018e-06,9.298105470168959e-07,7.836161003471256e-07,2.0722269176016233e-06,1.925730713998941e-06,1.9833660517718805e-06,1.6009317374128763e-06,1.1198145226955869e-06,8.610339837179233e-07,5.30133903122605e-07,3.2697692654966287e-07,1.9970646936263766e-07,1.9210366157157575e-06,2.0345198362463016e-06,1.5500066890795211e-06,1.1856378809010553e-06,2.0447555643346916e-06,18250.0,9.0
1.6115884439643284e-06,1.888767865914735e-06,1.1266577642911363e-06,2.086300918958169e-06,2.027292870485915e-06,1.5611016440895246e-06,1.1984791404975647e-06,9.009334050529829e-07,2.021854143208365e-06,1.5664072945764779e-06,1.1874228047723318e-06,9.395701490635456e-07,7.910660450483822e-07,2.1138644467117764e-06,1.9553078746784083e-06,1.9834218416415367e-06,1.6136801788976038e-06,1.1321241848192371e-06,8.696903532059895e-07,5.325289363758038e-07,3.2962839280185296e-07,2.0091274254512405e-07,1.9364328306171788e-06,2.027292870485915e-06,1.5611016440895246e-06,1.1984791404975647e-06,2.0389126240180237e-06,18250.0,9.25
1.6203874331817015e-06,1.8965583832841341e-06,1.1374324336873297e-06,2.134376526236194e-06,2.0222653554364302e-06,1.5734630861297949e-06,1.2133641037301068e-06,9.122349510866417e-07,2.0186589124567357e-06,1.5791021826597687e-06,1.2023174919372963e-06,9.515359501287787e-07,8.005415333607874e-07,2.1632752327900366e-06,1.99415737156058e-06,1.9834236071456944e-06,1.6273301709493262e-06,1.1466298382113523e-06,8.804814045764017e-07,5.359926528469301e-07,3.330503420498442e-07,2.024842296939587e-07,1.9511080284201675e-06,2.0222653554364302e-06,1.5734630861297949e-06,1.2133641037301068e-06,2.0387205177818113e-06,18250.0,9.5
1.5836850558859555e-06,1.8900429041203618e-06,1.0705664914489824e-06,1.8666217004991976e-06,2.1314904096257376e-06,1.4790781216920864e-06,1.1094243285287307e-06,8.491859459803507e-07,2.0750371434336624e-06,1.4792287833561929e-06,1.0989746209717533e-06,8.788602021283953e-07,7.648123755566847e-07,1.8387426639004294e-06,1.9353984066290237e-06,1.9736735781725376e-06,1.5145051410351067e-06,1.04867066298267e-06,8.219206187392545e-07,5.178396908864898e-07,3.1609359113954113e-07,1.9327456784723696e-07,1.7987263287852085e-06,2.1314904096257376e-06,1.4790781216920864e-06,1.1094243285287307e-06,2.2107136696568357e-06,18500.0,6.0
1.5872205601079197e-06,1.8926374436886902e-06,1.0741778702068245e-06,1.873270499673654e-06,2.131221252932705e-06,1.4852126208959292e-06,1.1145193501954683e-06,8.51424076393444e-07,2.078164104942501e-06,1.4856097012858886e-06,1.104002049077058e-06,8.816746139422581e-07,7.64979491042024e-07,1.8546874050056717e-06,1.9249519096335765e-06,1.9788029262223947e-06,1.5213617536866346e-06,1.0533251172519814e-06,8.241396002316387e-07,5.19112139968629e-07,3.166859176656787e-07,1.9376866413029838e-07,1.808481501811196e-06,2.131221252932705e-06,1.4852126208959292e-06,1.1145193501954683e-06,2.2040332791681476e-06,18500.0,6.25
1.5909865648129253e-06,1.8953223768231146e-06,1.0782102562975818e-06,1.8826547777492175e-06,2.1304338568990755e-06,1.4917935862776564e-06,1.1201546431307196e-06,8.540675860457782e-07,2.080924274352435e-06,1.492453029869162e-06,1.109568574500715e-06,8.850010641392587e-07,7.653903336864789e-07,1.8722272126428771e-06,1.9166874275532146e-06,1.984252440233096e-06,1.528758757492333e-06,1.0585121923624114e-06,8.266152826849161e-07,5.205235332790204e-07,3.1735726512563146e-07,1.942971752680154e-07,1.8188903552967075e-06,2.1304338568990755e-06,1.4917935862776564e-06,1.1201546431307196e-06,2.196907365141869e-06,18500.0,6.5
1.5949097807608946e-06,1.8980534345447978e-06,1.0825436051374655e-06,1.8944332360981526e-06,2.1291301040964106e-06,1.4987286821919366e-06,1.1262164430835555e-06,8.571551189225379e-07,2.0832858184637802e-06,1.4996736194785869e-06,1.1155605568361605e-06,8.888384041492026e-07,7.660749173745587e-07,1.8910189489501784e-06,1.910369648758033e-06,1.9899835579894793e-06,1.5366573071330836e-06,1.0641134946508656e-06,8.294254068530865e-07,5.220436747078238e-07,3.181499683209435e-07,1.9486863364034824e-07,1.8300129568069325e-06,2.1291301040964106e-06,1.4987286821919366e-06,1.1262164430835555e-06,2.1891460123600267e-06,18500.0,6.75
1.5989588931362477e-06,1.9007841483750664e-06,1.0871431093200556e-06,1.908335189803082e-06,2.127115808085875e-06,1.5060874618652279e-06,1.1326755868396976e-06,8.605597831921438e-07,2.08507933730224e-06,1.5073590158182487e-06,1.1219454473751822e-06,8.93052267438187e-07,7.670690656678897e-07,1.9109267406024876e-06,1.906263822053708e-06,1.9958187329896854e-06,1.5451187721239116e-06,1.070084069732275e-06,8.325671990651919e-07,5.235698485284616e-07,3.190373560033784e-07,1.954980601024996e-07,1.8419205720264422e-06,2.127115808085875e-06,1.5060874618652279e-06,1.1326755868396976e-06,2.180581868778017e-06,18500.0,7.0
1.6031223810027325e-06,1.903451194123364e-06,1.0921064817765998e-06,1.9244541006032606e-06,2.12419329490973e-06,1.5138884593070806e-06,1.13968960845159e-06,8.643657228502389e-07,2.0861016523895474e-06,1.5155048469057926e-06,1.1288794325729325e-06,8.977259005576303e-07,7.684012702397648e-07,1.9321680742224172e-06,1.9046986944763731e-06,2.0014882478720865e-06,1.5541338488885757e-06,1.0765625690911637e-06,8.360002748602302e-07,5.251545667897459e-07,3.2001739015932064e-07,1.9617192267065806e-07,1.8544808519523288e-06,2.12419329490973e-06,1.5138884593070806e-06,1.13968960845159e-06,2.171120899147043e-06,18500.0,7.25
1.6074526432122338e-06,1.9061629019393312e-06,1.0974469552254861e-06,1.9431827959098792e-06,2.1204200520398296e-06,1.5220561092572546e-06,1.1472749147387072e-06,8.686538575597754e-07,2.0863875628001607e-06,1.5240556885925048e-06,1.1363863618367917e-06,9.028890021775028e-07,7.703261475716542e-07,1.955259317344726e-06,1.9054743703639019e-06,2.006919347584912e-06,1.5636507268271268e-06,1.083603112106128e-06,8.399162536849057e-07,5.268195134976523e-07,3.211046808257385e-07,1.9688152492370872e-07,1.8676880959391542e-06,2.1204200520398296e-06,1.5220561092572546e-06,1.1472749147387072e-06,2.1609510292848803e-06,18500.0,7.5
1.6120173376649373e-06,1.9090310271552576e-06,1.1031547855895763e-06,1.9645324590521473e-06,2.1158871104895e-06,1.5306343939407397e-06,1.1554228928761967e-06,8.734765758276822e-07,2.0860359809494664e-06,1.5330630836483027e-06,1.1444550970077938e-06,9.085667088670417e-07,7.728454800865339e-07,1.9803086329148175e-06,1.90920483596139e-06,2.0120672505836537e-06,1.5737249831871925e-06,1.0911926472998555e-06,8.443156011982004e-07,5.285337265120469e-07,3.223558384364301e-07,1.976486569292646e-07,1.8816712787270875e-06,2.1158871104895e-06,1.5306343939407397e-06,1.1554228928761967e-06,2.150097720277573e-06,18500.0,7.75
1.616905675108678e-06,1.912210031072673e-06,1.1092581518889944e-06,1.988586840429377e-06,2.1106873060969093e-06,1.5397800555129841e-06,1.1641928530958407e-06,8.788183676833097e-07,2.085057407554994e-06,1.5426656095299336e-06,1.1531467364738624e-06,9.147104120441466e-07,7.760799395289374e-07,2.0074621110543902e-06,1.9166992563301604e-06,2.016835783452071e-06,1.5844918854559813e-06,1.0993721790753304e-06,8.492311717199795e-07,5.303051204996876e-07,3.2378579213746556e-07,1.984675162896001e-07,1.896517980046258e-06,2.1106873060969093e-06,1.5397800555129841e-06,1.1641928530958407e-06,2.1390652005727124e-06,18500.0,8.0
1.622237265293756e-06,1.9157896128335172e-06,1.1159411351045415e-06,2.015659930204659e-06,2.1049287177812603e-06,1.5495705984755762e-06,1.1738336193478684e-06,8.848565829241597e-07,2.083456525097754e-06,1.5529294051879048e-06,1.1627091205519211e-06,9.215268676737155e-07,7.800840398678014e-07,2.0371922946994815e-06,1.928024253309266e-06,2.0211123016901977e-06,1.5959948303559602e-06,1.10838450806644e-06,8.548209900941324e-07,5.321175316677077e-07,3.2537210284875275e-07,1.993382425502712e-07,1.9121223278142478e-06,2.1049287177812603e-06,1.5495705984755762e-06,1.1738336193478684e-06,2.1282094669025005e-06,18500.0,8.25
1.6279710106522986e-06,1.919811189034076e-06,1.123114120780565e-06,2.0459913278332496e-06,2.098765553197809e-06,1.5598102029500737e-06,1.1842737576752886e-06,8.915856378394094e-07,2.0812344617669664e-06,1.5636715514371393e-06,1.1730775050981219e-06,9.289917516440751e-07,7.84894272515744e-07,2.069823332032371e-06,1.943478602218882e-06,2.024676527538455e-06,1.608027823543413e-06,1.1181626416879422e-06,8.611046870652359e-07,5.340085326768758e-07,3.2713477479755516e-07,2.0024329587968494e-07,1.928229503446553e-06,2.098765553197809e-06,1.5598102029500737e-06,1.1842737576752886e-06,2.118007142103382e-06,18500.0,8.5
1.6340577043049247e-06,1.9242719454074463e-06,1.130653097007542e-06,2.079383073362189e-06,2.092176081064019e-06,1.570381463993766e-06,1.1953689042491902e-06,8.989428189399071e-07,2.0783943465600136e-06,1.5747573583367401e-06,1.1841101153844718e-06,9.370618000264537e-07,7.903306120651934e-07,2.1052421442724873e-06,1.963457629257532e-06,2.0274406422056076e-06,1.6204568082628826e-06,1.1286497824962135e-06,8.680059077523757e-07,5.359299882248765e-07,3.291220899015751e-07,2.0118940679793434e-07,1.9447471872966097e-06,2.092176081064019e-06,1.570381463993766e-06,1.1953689042491902e-06,2.1088207547065247e-06,18500.0,8.75
1.64041075115012e-06,1.929085229727124e-06,1.1385382244215795e-06,2.11559684370512e-06,2.0851305266632274e-06,1.5812195847905946e-06,1.2071292416233713e-06,9.069278745087159e-07,2.0748006590745533e-06,1.58609302192278e-06,1.1958250448608176e-06,9.457154791510913e-07,7.965402031398845e-07,2.143247446522954e-06,1.9874568127562455e-06,2.0290762130041206e-06,1.6331533568451456e-06,1.139811326558328e-06,8.755238208420569e-07,5.379583226393533e-07,3.313210277682521e-07,2.021946478675212e-07,1.9612058933678843e-06,2.0851305266632274e-06,1.5812195847905946e-06,1.2071292416233713e-06,2.1007776747400895e-06,18500.0,9.0
1.647236416113437e-06,1.934475688912243e-06,1.1471071921571498e-06,2.155606336713003e-06,2.077945105073853e-06,1.5923342236531146e-06,1.2198708515103911e-06,9.158425653994684e-07,2.070592340638357e-06,1.5976784839653287e-06,1.208540422415251e-06,9.55277923647041e-07,8.037202635822128e-07,2.1848328487901394e-06,2.0163752471477983e-06,2.029434272942558e-06,1.6460308436752421e-06,1.1519969043693855e-06,8.839485025221127e-07,5.401667301411176e-07,3.338497624778314e-07,2.0332454653405186e-07,1.977097679361297e-06,2.077945105073853e-06,1.5923342236531146e-06,1.2198708515103911e-06,2.094730073273786e-06,18500.0,9.25
1.655555372170041e-06,1.941737442320348e-06,1.1572603547267465e-06,2.202333601846304e-06,2.0722386502191457e-06,1.6043921492238056e-06,1.2342893566852095e-06,9.26584268414699e-07,2.0669877181265742e-06,1.6101057117138882e-06,1.2229730115602128e-06,9.66673143120985e-07,8.126628719346091e-07,2.232922945370274e-06,2.053570216418347e-06,2.0293234275712527e-06,1.6595321317266943e-06,1.16599287582272e-06,8.941913756748317e-07,5.43274672703886e-07,3.370300645566842e-07,2.0475752751733233e-07,1.992201612532627e-06,2.0722386502191457e-06,1.6043921492238056e-06,1.2342893566852095e-06,2.0933433858084443e-06,18500.0,9.5
1.6181847484175588e-06,1.934207816780945e-06,1.0906598005665768e-06,1.932327405168716e-06,2.180879441355479e-06,1.509070632255686e-06,1.1302661530511218e-06,8.639942820615049e-07,2.1220931577741462e-06,1.509196317433081e-06,1.1195759272037505e-06,8.944452753398049e-07,7.773795872581048e-07,1.9053885200798956e-06,1.995649538072428e-06,2.0176353564450767e-06,1.5453505587659629e-06,1.0681239993984933e-06,8.360836274205305e-07,5.255614024520379e-07,3.2043752724227784e-07,1.9577678262781375e-07,1.8367387357902904e-06,2.180879441355479e-06,1.509070632255686e-06,1.1302661530511218e-06,2.2657466192456243e-06,18750.0,6.0
1.621776324803037e-06,1.936867989211661e-06,1.0943115050446358e-06,1.9392255323244647e-06,2.1806363934559855e-06,1.5152739382882712e-06,1.1354058217027328e-06,8.662634058083032e-07,2.1252800601635742e-06,1.5156469542703452e-06,1.1246469670234268e-06,8.972943099740157e-07,7.775764182214206e-07,1.9216707292485552e-06,1.9853344982997174e-06,2.022824796425684e-06,1.5522785040808513e-06,1.072817788695255e-06,8.383352673185605e-07,5.268379801113732e-07,3.2103204799371054e-07,1.9627051448797463e-07,1.846598977059109e-06,2.1806363934559855e-06,1.5152739382882712e-06,1.1354058217027328e-06,2.2590678200850856e-06,18750.0,6.25
1.625636004778118e-06,1.939676271819941e-06,1.098392590790232e-06,1.9489142699803115e-06,2.179959264012599e-06,1.5219443265957067e-06,1.1410919338699035e-06,8.689472775776128e-07,2.128174310618308e-06,1.5225754242419448e-06,1.1302635263777753e-06,9.006611008815873e-07,7.780330149161886e-07,1.9395971113322163e-06,1.9772738247223243e-06,2.02839331402682e-06,1.5597816078546295e-06,1.07805096996375e-06,8.408520948581251e-07,5.282618858698527e-07,3.217095691187831e-07,1.9679983160801347e-07,1.8571494461404505e-06,2.179959264012599e-06,1.5219443265957067e-06,1.1410919338699035e-06,2.2520528788660217e-06,18750.0,6.5
1.629667408766829e-06,1.9425443010591353e-06,1.102787580890096e-06,1.9609962335723145e-06,2.1787724912437715e-06,1.5289832611188955e-06,1.147218155291281e-06,8.720767051805314e-07,2.130682235212893e-06,1.5299079574387854e-06,1.136318693326181e-06,9.045507659739581e-07,7.787570854347743e-07,1.9588049854312355e-06,1.9711499784567103e-06,2.0342666198945908e-06,1.5677805643541356e-06,1.0837107568473014e-06,8.437133290594932e-07,5.297913075870619e-07,3.2251104974983204e-07,1.9737433201425828e-07,1.8684438130493253e-06,2.1787724912437715e-06,1.5289832611188955e-06,1.147218155291281e-06,2.2443941317498483e-06,18750.0,6.75
1.633824909141776e-06,1.9454187451079007e-06,1.1074445827768837e-06,1.975289846696692e-06,2.1768772255145545e-06,1.536454335874248e-06,1.1537402539504564e-06,8.755270169477774e-07,2.132617607261244e-06,1.5377052868546514e-06,1.1427651356534073e-06,9.088016470134991e-07,7.798046635427419e-07,1.9791318715643598e-06,1.9672309487051444e-06,2.040234606779514e-06,1.576360919062415e-06,1.0897362347221314e-06,8.468943611101505e-07,5.3135291431976e-07,3.2340665084586894e-07,1.9800622728225322e-07,1.8805167908527917e-06,2.1768772255145545e-06,1.536454335874248e-06,1.1537402539504564e-06,2.23598935209555e-06,18750.0,7.0
1.638078367778823e-06,1.948203784320124e-06,1.1124556226115462e-06,1.991776638420921e-06,2.1740494076128512e-06,1.54434460473506e-06,1.1608028853923344e-06,8.79371639204828e-07,2.1337534743792203e-06,1.5459424465008126e-06,1.1497466930793944e-06,9.135090334334907e-07,7.811998459377928e-07,2.0007857024586196e-06,1.96583688199315e-06,2.046029187006926e-06,1.5854729528321333e-06,1.0962573363055297e-06,8.503702667077248e-07,5.329354476869628e-07,3.243897841821199e-07,1.9867973208373912e-07,1.8932240316253993e-06,2.1740494076128512e-06,1.54434460473506e-06,1.1608028853923344e-06,2.226558820871012e-06,18750.0,7.25
1.6425053575712894e-06,1.9510447605103494e-06,1.1178460162781785e-06,2.0109043269890053e-06,2.1703840502081257e-06,1.5526049536763586e-06,1.1684415926048332e-06,8.836991068169786e-07,2.1341629535975394e-06,1.5545877116610234e-06,1.1573057987926462e-06,9.187067625470285e-07,7.831740335461807e-07,2.024313032940366e-06,1.9667935598543212e-06,2.05158913822949e-06,1.5950892667061006e-06,1.103345238999764e-06,8.54325698013244e-07,5.345862927215584e-07,3.254821616340434e-07,1.993899742682406e-07,1.906583896541919e-06,2.1703840502081257e-06,1.5526049536763586e-06,1.1684415926048332e-06,2.2164944973091057e-06,18750.0,7.5
1.647175959302615e-06,1.95405552760365e-06,1.1236038152202782e-06,2.032663964117775e-06,2.165960575487842e-06,1.5612889678103516e-06,1.1766434338984307e-06,8.885541207159855e-07,2.1339467975595917e-06,1.5637018697689044e-06,1.165427240442698e-06,9.244168712401061e-07,7.857378344308161e-07,2.04981315924379e-06,1.970704934121627e-06,2.056892039442269e-06,1.60527949008405e-06,1.110981092888773e-06,8.587620127617927e-07,5.363320716444687e-07,3.2673633730618534e-07,2.001577798750344e-07,1.9207452071396976e-06,2.165960575487842e-06,1.5612889678103516e-06,1.1766434338984307e-06,2.2057369636410543e-06,18750.0,7.75
1.6522096407966087e-06,1.957425140207887e-06,1.1297759451031157e-06,2.0571665006496205e-06,2.1609305339215727e-06,1.5705828513134176e-06,1.1854948944690246e-06,8.939287330943008e-07,2.1331574328428155e-06,1.573457372128093e-06,1.1741979683685734e-06,9.305985741567915e-07,7.890024639233584e-07,2.077470024331994e-06,1.9783635552787484e-06,2.061871177875814e-06,1.6162119510186762e-06,1.1192308728040284e-06,8.637099410321373e-07,5.380947300139418e-07,3.2817030604665987e-07,2.0097736693340566e-07,1.935835178984967e-06,2.1609305339215727e-06,1.5705828513134176e-06,1.1854948944690246e-06,2.1948640191356214e-06,18750.0,8.0
1.6576521212805779e-06,1.9611589637972285e-06,1.1365046761603413e-06,2.0847068511032246e-06,2.155304456451058e-06,1.5804818687741663e-06,1.1951831416502642e-06,9.000005954714532e-07,2.13170306765748e-06,1.5838312413899567e-06,1.1838060898940375e-06,9.374432768677972e-07,7.930415763221462e-07,2.1077001315388975e-06,1.989929158065622e-06,2.066313813626788e-06,1.6278366926090906e-06,1.128281376213442e-06,8.693322070286845e-07,5.399440902993518e-07,3.297565800409048e-07,2.0184649276560635e-07,1.9516242470306122e-06,2.155304456451058e-06,1.5804818687741663e-06,1.1951831416502642e-06,2.184157969259535e-06,18750.0,8.25
1.6635169153352803e-06,1.965361458417883e-06,1.1437332122473429e-06,2.1155335566671016e-06,2.1493032082934458e-06,1.590832064078442e-06,1.2056957069011688e-06,9.067507582804262e-07,2.1296511854333585e-06,1.5946896702422632e-06,1.194244638975252e-06,9.449415948365407e-07,7.97816927435592e-07,2.1408651308824318e-06,2.0056629941257153e-06,2.0700713360361184e-06,1.6400013834474788e-06,1.1381223453411103e-06,8.756354375065e-07,5.418706558797888e-07,3.315218848607538e-07,2.0275313558867117e-07,1.967937437932806e-06,2.1493032082934458e-06,1.590832064078442e-06,1.2056957069011688e-06,2.174134381984385e-06,18750.0,8.5
1.6698099137328965e-06,1.970094856528587e-06,1.151375799610563e-06,2.149575415699049e-06,2.142959924138595e-06,1.6016009834025343e-06,1.2169037802129535e-06,9.141840539719262e-07,2.1270706988554225e-06,1.605978787543388e-06,1.2053874409102257e-06,9.530786091205002e-07,8.0337540301001e-07,2.1769705797049277e-06,2.026046482162507e-06,2.0731297649443414e-06,1.652649788564994e-06,1.1487080866289635e-06,8.826125314902682e-07,5.43803260962915e-07,3.3351697076938454e-07,2.0370367233208486e-07,1.9847762162717203e-06,2.142959924138595e-06,1.6016009834025343e-06,1.2169037802129535e-06,2.16521966349808e-06,18750.0,8.75
1.6764098270019212e-06,1.9752398021739695e-06,1.1593575782300661e-06,2.186463345956359e-06,2.1362214950003495e-06,1.6126852117024928e-06,1.228791354690558e-06,9.222184972294368e-07,2.1238149707945616e-06,1.6175693419006728e-06,1.2172245776899586e-06,9.617915911162525e-07,8.096030739195767e-07,2.2156944010091142e-06,2.0504376946487375e-06,2.0751489043231954e-06,1.665631667729429e-06,1.1599740587519948e-06,8.901724395340388e-07,5.458441850088733e-07,3.3570983438260707e-07,2.0470487176211913e-07,2.0016792958744194e-06,2.1362214950003495e-06,1.6126852117024928e-06,1.228791354690558e-06,2.157479133024122e-06,18750.0,9.0
1.6833383949641662e-06,1.9807962727805656e-06,1.1678511186521012e-06,2.226655125158378e-06,2.1291608734661774e-06,1.623936399815442e-06,1.2415423892483414e-06,9.309978196295302e-07,2.119829743919679e-06,1.629310259413899e-06,1.2299440140785535e-06,9.71232331840431e-07,8.166074022285049e-07,2.2575349481896423e-06,2.079145294459388e-06,2.0758477476604208e-06,1.678719877977569e-06,1.172131470756616e-06,8.984521514613379e-07,5.479442711449188e-07,3.381541156037572e-07,2.0578729094837825e-07,2.0180541852812953e-06,2.1291608734661774e-06,1.623936399815442e-06,1.2415423892483414e-06,2.1514210681927e-06,18750.0,9.25
1.69131455731774e-06,1.987703197975295e-06,1.1775021253293359e-06,2.272385459384916e-06,2.123035093159436e-06,1.6357415774144454e-06,1.255581874467941e-06,9.412855600420183e-07,2.116010917558544e-06,1.6415296760430726e-06,1.2439897927081673e-06,9.821768597235363e-07,8.250784172027888e-07,2.3046956451277545e-06,2.114914964972309e-06,2.0757575439612523e-06,1.6921289781718716e-06,1.1857062948863007e-06,9.082425015163476e-07,5.507624865175639e-07,3.4112852819491164e-07,2.0709566608177137e-07,2.033600587912345e-06,2.123035093159436e-06,1.6357415774144454e-06,1.255581874467941e-06,2.149159370890895e-06,18750.0,9.5
1.6529979907013585e-06,1.9788261792221803e-06,1.1108842063882768e-06,1.9991956000229986e-06,2.230753605882084e-06,1.539295825968029e-06,1.151246349223415e-06,8.78885579925772e-07,2.169597249827998e-06,1.5393945565231974e-06,1.1403136581748821e-06,9.101199453093378e-07,7.900115433871456e-07,1.9732426521811365e-06,2.0567582299927344e-06,2.0620181786452265e-06,1.5764398888230866e-06,1.0877031962775478e-06,8.503267584969794e-07,5.333274133350355e-07,3.2480318814488464e-07,1.9828725525814682e-07,1.8750850192486978e-06,2.230753605882084e-06,1.539295825968029e-06,1.151246349223415e-06,2.3213774120500716e-06,19000.0,6.0
1.6566572634999297e-06,1.981560315450257e-06,1.114588226228645e-06,2.0063082569207875e-06,2.2305439686103566e-06,1.5455759086326302e-06,1.156430486754282e-06,8.811999448019372e-07,2.1728632465657908e-06,1.5459213248119488e-06,1.1454278965454209e-06,9.130022686665808e-07,7.902396328726556e-07,1.9898519495046375e-06,2.046566557464505e-06,2.0672724166203097e-06,1.583452872715017e-06,1.092435995735189e-06,8.526089337945209e-07,5.346093755660958e-07,3.253999684190691e-07,1.987807494820437e-07,1.885051680617443e-06,2.2305439686103566e-06,1.5455759086326302e-06,1.156430486754282e-06,2.3147254702051526e-06,19000.0,6.25
1.6605859310502626e-06,1.9844637832680976e-06,1.118704229243445e-06,2.016295407500448e-06,2.2299340373070564e-06,1.5523148442863494e-06,1.1621654032876135e-06,8.839102668746441e-07,2.1758472421031276e-06,1.5529241177381726e-06,1.1510925398625108e-06,9.164110553055407e-07,7.90740125310896e-07,2.0081476349334207e-06,2.038705027212698e-06,2.0729252782761303e-06,1.5910240406968513e-06,1.0977140024081332e-06,8.551684607075742e-07,5.360388120580505e-07,3.2608197287048043e-07,1.9931053045852526e-07,1.8957188791655493e-06,2.2299340373070564e-06,1.5523148442863494e-06,1.1621654032876135e-06,2.3077785860829777e-06,19000.0,6.5
1.6647040060791144e-06,1.9874480960665715e-06,1.1231424690463699e-06,2.0286969200705824e-06,2.228853716866684e-06,1.5594378508033831e-06,1.1683401685907705e-06,8.870891992149906e-07,2.1784805907510943e-06,1.5603415306251817e-06,1.1571952006550308e-06,9.203341774413093e-07,7.915435162220903e-07,2.027751304143205e-06,2.03256595390269e-06,2.0789151492030557e-06,1.5991095266200314e-06,1.1034168493504981e-06,8.580743197180959e-07,5.375753162865694e-07,3.268902265591227e-07,1.9988715543061562e-07,1.9071614136186382e-06,2.228853716866684e-06,1.5594378508033831e-06,1.1683401685907705e-06,2.300139488441555e-06,19000.0,6.75
1.6689647695832828e-06,1.990450028473032e-06,1.1278593530680352e-06,2.0433593131558866e-06,2.227068124367274e-06,1.5670176829501147e-06,1.1749236009030788e-06,8.905711891969225e-07,2.1805404237748987e-06,1.5682496959300668e-06,1.1637019178515475e-06,9.246326251644781e-07,7.925956322138099e-07,2.048502339504112e-06,2.0289256066325855e-06,2.085011359759387e-06,1.6078097998155923e-06,1.1094973413858565e-06,8.613023764282428e-07,5.391458769510279e-07,3.277934503477054e-07,2.0052181448905058e-07,1.919394368294111e-06,2.227068124367274e-06,1.5670176829501147e-06,1.1749236009030788e-06,2.2918190344011387e-06,19000.0,7.0
1.6733460559821614e-06,1.993402585530915e-06,1.132942877100604e-06,2.0602619865987667e-06,2.224377930850199e-06,1.5750332771675184e-06,1.1820616305374553e-06,8.944817461559815e-07,2.1818397106512034e-06,1.576611777284101e-06,1.1707573277325247e-06,9.293891034078191e-07,7.940900491003214e-07,2.0706228116610236e-06,2.0278455577473074e-06,2.090968012018382e-06,1.6170528265553899e-06,1.1160855209910203e-06,8.64840418515437e-07,5.407447189043563e-07,3.2878359077218605e-07,2.0119735747755447e-07,1.9322925655617338e-06,2.224377930850199e-06,1.5750332771675184e-06,1.1820616305374553e-06,2.282579334571652e-06,19000.0,7.25
1.6778969878449387e-06,1.996408604265403e-06,1.138395966485104e-06,2.0798329233321856e-06,2.2208377284817776e-06,1.5834175916165122e-06,1.1897708698059632e-06,8.988399345057993e-07,2.182409694618898e-06,1.5853820476064803e-06,1.178385298725125e-06,9.346295778030455e-07,7.96097086762199e-07,2.094630077666421e-06,2.0290197821034396e-06,2.096703659197334e-06,1.6268038337876225e-06,1.1232348831342932e-06,8.688287482805659e-07,5.424394181335384e-07,3.2988129391191294e-07,2.019083129409454e-07,1.945851744792352e-06,2.2208377284817776e-06,1.5834175916165122e-06,1.1897708698059632e-06,2.2726496840033897e-06,19000.0,7.5
1.6826773673273788e-06,1.9995713247049864e-06,1.1441891736322281e-06,2.1020065506269486e-06,2.2165703115435314e-06,1.5922041311221695e-06,1.1980257578754502e-06,9.036809785324436e-07,2.1823450012891643e-06,1.5946032576627347e-06,1.1865582676129818e-06,9.403157011991281e-07,7.986765484602284e-07,2.1205818117106867e-06,2.033152136033207e-06,2.1021676198760747e-06,1.6371114923674026e-06,1.1309165555141895e-06,8.732307746756054e-07,5.441617460671265e-07,3.3113869710266767e-07,2.0267602509396432e-07,1.960191275989252e-06,2.2165703115435314e-06,1.5922041311221695e-06,1.1980257578754502e-06,2.2620542262672123e-06,19000.0,7.75
1.6878044777464232e-06,2.0030626648565816e-06,1.1504177849439644e-06,2.126917941889736e-06,2.2116147837204456e-06,1.6015951550881922e-06,1.206925578730295e-06,9.091308556430592e-07,2.181659309290862e-06,1.6044567757112507e-06,1.195376100323813e-06,9.465773469051927e-07,8.020075303431226e-07,2.148683136504398e-06,2.040972320319278e-06,2.1072735333092625e-06,1.6481499112454261e-06,1.1392070287539024e-06,8.782767681905343e-07,5.459438886671758e-07,3.325744604963848e-07,2.0349456085038778e-07,1.975442289581481e-06,2.2116147837204456e-06,1.6015951550881922e-06,1.206925578730295e-06,2.251247875379391e-06,19000.0,8.0
1.6933632566695214e-06,2.0069558339807775e-06,1.1571995778392874e-06,2.154924438446709e-06,2.206117232277616e-06,1.6116069906887033e-06,1.2166753190752234e-06,9.15233799304474e-07,2.1803482863187454e-06,1.614945684505694e-06,1.205043857402159e-06,9.534547921943129e-07,8.060741201461518e-07,2.1794274756442495e-06,2.052751880610392e-06,2.1118783383701932e-06,1.6599028399134837e-06,1.148310616453975e-06,8.839289941956241e-07,5.478071437074234e-07,3.341615627035538e-07,2.043634626087233e-07,1.991424863720538e-06,2.206117232277616e-06,1.6116069906887033e-06,1.2166753190752234e-06,2.2406755298034053e-06,19000.0,8.25
1.6993968814797002e-06,2.0113819406105554e-06,1.16451273246029e-06,2.186342608727222e-06,2.2003108765962354e-06,1.6221149704282857e-06,1.2272879638598703e-06,9.220367857049571e-07,2.1785042030115104e-06,1.6259698315895757e-06,1.2155795824026986e-06,9.610063655288477e-07,8.108999084255466e-07,2.2132196694676993e-06,2.0688374488380725e-06,2.115873961631607e-06,1.6722482700860315e-06,1.1582371845579262e-06,8.902846630489567e-07,5.497550622313592e-07,3.3593181270114245e-07,2.052721430268211e-07,2.008007263509446e-06,2.2003108765962354e-06,1.6221149704282857e-06,1.2272879638598703e-06,2.230860330491137e-06,19000.0,8.5
1.7058844916682216e-06,2.0163806844719686e-06,1.1722412691600243e-06,2.2210084196408873e-06,2.1942098293198143e-06,1.6330678460670189e-06,1.2385951884089371e-06,9.295230118374781e-07,2.176175462330415e-06,1.6374469397803303e-06,1.226818444745277e-06,9.691994001177597e-07,8.16502895081123e-07,2.2499845858499784e-06,2.0896359817473107e-06,2.1192013096251886e-06,1.6851036695021453e-06,1.1689082822438948e-06,8.973112640707159e-07,5.517150733985758e-07,3.379336313101003e-07,2.0622718239363255e-07,2.0251398331384648e-06,2.1942098293198143e-06,1.6330678460670189e-06,1.2385951884089371e-06,2.222232031704111e-06,19000.0,8.75
1.7126968281319782e-06,2.0218141354504877e-06,1.180311023839758e-06,2.2585293740253827e-06,2.1877364721260495e-06,1.6443470729482544e-06,1.250590162268615e-06,9.376083875834534e-07,2.173209392001814e-06,1.6492399699779578e-06,1.2387596764893182e-06,9.779636704030603e-07,8.227748084138481e-07,2.2893774554227835e-06,2.114430218861234e-06,2.1215431492459967e-06,1.6983113165978357e-06,1.180263962396113e-06,9.04929296109211e-07,5.537323582059939e-07,3.401276911226401e-07,2.0723075187897195e-07,2.0423984717593695e-06,2.1877364721260495e-06,1.6443470729482544e-06,1.250590162268615e-06,2.2147874777984926e-06,19000.0,9.0
1.7198258141058165e-06,2.0276457883093775e-06,1.1888399739123049e-06,2.2992578316680098e-06,2.180920066986602e-06,1.6558092764038434e-06,1.2634357331837921e-06,9.463661072445362e-07,2.1695203429835607e-06,1.6612117427966344e-06,1.2515665442290913e-06,9.873991439188404e-07,8.297158449191618e-07,2.331815711514266e-06,2.143314970247035e-06,2.1226225299516573e-06,1.711678088414691e-06,1.19247688023538e-06,9.131692468741016e-07,5.558415213049467e-07,3.425365539904732e-07,2.082932431686095e-07,2.059288105065321e-06,2.180920066986602e-06,1.6558092764038434e-06,1.2634357331837921e-06,2.208901610874709e-06,19000.0,9.25
1.727616094203191e-06,2.0343872443537687e-06,1.198139495565477e-06,2.344458147062467e-06,2.174575775703429e-06,1.6675024180317337e-06,1.2772491922578832e-06,9.562752588712654e-07,2.1656431398243735e-06,1.6733439090920048e-06,1.2653847722708062e-06,9.979742158507527e-07,8.377931650790314e-07,2.378573132070221e-06,2.178006335182307e-06,2.1226531935636127e-06,1.7250820450190898e-06,1.2058019613548676e-06,9.225718117247703e-07,5.583953409732346e-07,3.453404943457544e-07,2.0950855208980295e-07,2.0752544438639544e-06,2.174575775703429e-06,1.6675024180317337e-06,1.2772491922578832e-06,2.206088561574627e-06,19000.0,9.5
1.6880833680418146e-06,2.0238410085300073e-06,1.1312227209995407e-06,2.067140177923108e-06,2.2810489942055756e-06,1.5697167777011162e-06,1.172345496302374e-06,8.938488196899462e-07,2.2174825194287378e-06,1.5697891257029984e-06,1.1611681903844626e-06,9.258717119479806e-07,8.027007018033201e-07,2.0422319893863766e-06,2.118727712103729e-06,2.1067352513110514e-06,1.6077340321565908e-06,1.1073905869575766e-06,8.646331186865729e-07,5.411161641448895e-07,3.291858463458944e-07,2.0080737448840532e-07,1.913692767410066e-06,2.2810489942055756e-06,1.5697167777011162e-06,1.172345496302374e-06,2.3775624927596194e-06,19250.0,6.0
1.6917990452445614e-06,2.0266468802725837e-06,1.1349587115886455e-06,2.074454919193514e-06,2.280880678312466e-06,1.5760572183021026e-06,1.1775643771387192e-06,8.961881038769228e-07,2.220828804505776e-06,1.5763772089353134e-06,1.1663165774732859e-06,9.287824075477343e-07,8.029561073963813e-07,2.0591450738803e-06,2.1086250664004286e-06,2.112063670364993e-06,1.6148102916457076e-06,1.1121543826193912e-06,8.669313133326781e-07,5.42405492982638e-07,3.2978231298062624e-07,2.0129923407164436e-07,1.923769301807269e-06,2.280880678312466e-06,1.5760572183021026e-06,1.1775643771387192e-06,2.3709314682625347e-06,19250.0,6.25
1.6958091452903072e-06,2.0296539387885633e-06,1.139123684246982e-06,2.0847414687365496e-06,2.2803519581824477e-06,1.5828773637017016e-06,1.1833511869627473e-06,8.989468040375635e-07,2.223917797839952e-06,1.5834631411557592e-06,1.1720321117415476e-06,9.322360620702657e-07,8.034911614639762e-07,2.0778203931353254e-06,2.1009466215732186e-06,2.117812692024694e-06,1.622469480435629e-06,1.117479482833114e-06,8.695423702892699e-07,5.438469167111625e-07,3.3046960173422293e-07,2.018294344727352e-07,1.9345636513638583e-06,2.2803519581824477e-06,1.5828773637017016e-06,1.1833511869627473e-06,2.3640548265889697e-06,19250.0,6.5
1.7000241441388826e-06,2.032766834729265e-06,1.143612570035756e-06,2.0974871341000252e-06,2.279379245268815e-06,1.5900914960982295e-06,1.1895779338562772e-06,9.021638437755363e-07,2.226681180234964e-06,1.5909738084653279e-06,1.1781857082757726e-06,9.36201093406632e-07,8.043513576007415e-07,2.0978289409406182e-06,2.095049424433417e-06,2.1239208535668402e-06,1.6306511678600327e-06,1.1232291798801792e-06,8.724990402180128e-07,5.453937954878896e-07,3.3128453889380397e-07,2.0240794947281884e-07,1.9461565752364194e-06,2.279379245268815e-06,1.5900914960982295e-06,1.1895779338562772e-06,2.3565387912055025e-06,19250.0,6.75
1.7044115068285235e-06,2.0359277036204166e-06,1.1484024154864706e-06,2.1125396480958705e-06,2.2777235158931082e-06,1.5978060738033454e-06,1.1962399171822664e-06,9.057117200868596e-07,2.228902535129393e-06,1.5990177068544734e-06,1.184769211002352e-06,9.405570650794977e-07,8.054427502044488e-07,2.1190297154708494e-06,2.091601553301299e-06,2.130192792365308e-06,1.6394940636701878e-06,1.1293782487119621e-06,8.757666248163404e-07,5.469863154207759e-07,3.3219661890879455e-07,2.0304532394709375e-07,1.9585941821766323e-06,2.2777235158931082e-06,1.5978060738033454e-06,1.1962399171822664e-06,2.3483086570439424e-06,19250.0,7.0
1.7089238653296482e-06,2.0390486826487274e-06,1.1535599098711562e-06,2.1298957674063977e-06,2.2751887621386605e-06,1.6059486698403753e-06,1.2034583615721621e-06,9.096509295536793e-07,2.2303657583615462e-06,1.607510222915097e-06,1.191903559246182e-06,9.453601511157387e-07,8.070343228527787e-07,2.141650621625674e-06,2.0907361353114507e-06,2.13632033980486e-06,1.6488757911689292e-06,1.13603862866229e-06,8.793518967960142e-07,5.485926323375124e-07,3.331947713325525e-07,2.0372362466428733e-07,1.9716883212844836e-06,2.2751887621386605e-06,1.6059486698403753e-06,1.2034583615721621e-06,2.3392161997096776e-06,19250.0,7.25
1.713578217914204e-06,2.042187905179291e-06,1.1590658266007663e-06,2.149895528415752e-06,2.2717488044565175e-06,1.614437593080503e-06,1.211223986839909e-06,9.140622605274713e-07,2.231053842167858e-06,1.6163859605610907e-06,1.1995865223213526e-06,9.506406775276987e-07,8.090829341808497e-07,2.16612311815205e-06,2.0921278045161174e-06,2.142186030501738e-06,1.658738479971878e-06,1.1432378479050533e-06,8.834053804934954e-07,5.503045063260866e-07,3.3429816650570486e-07,2.0443450805194255e-07,1.9854140753338936e-06,2.2717488044565175e-06,1.614437593080503e-06,1.211223986839909e-06,2.329356282335872e-06,19250.0,7.5
1.7184775646256241e-06,2.0455143378726633e-06,1.1649165989735273e-06,2.172499471105491e-06,2.2676102045149353e-06,1.6233405988092892e-06,1.2195438322881745e-06,9.189407924906535e-07,2.2311459049411707e-06,1.6257248229488e-06,1.2078231235028284e-06,9.5636135867591e-07,8.117128654047908e-07,2.1925500381314297e-06,2.0964528646755006e-06,2.147814713990168e-06,1.6691756825747874e-06,1.1509759707503149e-06,8.878466927111194e-07,5.520380034118998e-07,3.355585233943975e-07,2.0520350201031404e-07,1.9999420393148987e-06,2.2676102045149353e-06,1.6233405988092892e-06,1.2195438322881745e-06,2.318910544282589e-06,19250.0,7.75
1.7237102669875145e-06,2.049149217006739e-06,1.1711931805909153e-06,2.1978395242940366e-06,2.2627650505836216e-06,1.6328529024799531e-06,1.2285001446254524e-06,9.244198078497079e-07,2.2305856059659492e-06,1.6356877081727462e-06,1.2166953228074012e-06,9.62647226815271e-07,8.150853521357069e-07,2.221116657139508e-06,2.104507233134621e-06,2.153060892302634e-06,1.6803275096417458e-06,1.159314251901172e-06,8.929278466068788e-07,5.538475882620905e-07,3.369978653380985e-07,2.0602147536651147e-07,2.0153710291118423e-06,2.2627650505836216e-06,1.6328529024799531e-06,1.2285001446254524e-06,2.3082240043988378e-06,19250.0,8.0
1.7293954989852415e-06,2.0532122336617795e-06,1.1780373418344264e-06,2.226357377477298e-06,2.2574068513483323e-06,1.6429793095470848e-06,1.2383192953185846e-06,9.305666669452559e-07,2.2294273752007596e-06,1.6463082905856528e-06,1.226430077198298e-06,9.69572286668284e-07,8.191875516210942e-07,2.252409823221295e-06,2.11654534218646e-06,2.157850509044703e-06,1.6922272869924295e-06,1.1684763999902702e-06,8.986205862608172e-07,5.557122815598982e-07,3.385862077200229e-07,2.068905621398089e-07,2.0315693223071177e-06,2.2574068513483323e-06,1.6429793095470848e-06,1.2383192953185846e-06,2.2977916495635568e-06,19250.0,8.25
1.7355842024758087e-06,2.057843401284962e-06,1.1854314900362666e-06,2.258384321582327e-06,2.251765672971668e-06,1.6536315867097934e-06,1.249029440861829e-06,9.374217978232625e-07,2.2277616290372704e-06,1.6574807208951226e-06,1.2370620542205203e-06,9.771768429630026e-07,8.24065026292644e-07,2.2868450469996357e-06,2.1329962290640127e-06,2.1620571413264633e-06,1.7047362909806572e-06,1.1784904964478164e-06,9.050273360546167e-07,5.576823232049643e-07,3.4036623233341405e-07,2.078038846089234e-07,2.0483877031574686e-06,2.251765672971668e-06,1.6536315867097934e-06,1.249029440861829e-06,2.288175550117211e-06,19250.0,8.5
1.7422495246170285e-06,2.0630883599992554e-06,1.1932314180658489e-06,2.2936097586646494e-06,2.245899146792212e-06,1.6647456378690327e-06,1.2604195175344498e-06,9.449452558984533e-07,2.2256705427965885e-06,1.6691247284996374e-06,1.2483807414994334e-06,9.85410377188055e-07,8.296937419230255e-07,2.3242042571040565e-06,2.1541886228278744e-06,2.165633264201737e-06,1.7177733057591928e-06,1.1892298889918093e-06,9.120935086059101e-07,5.596616879447206e-07,3.4236900530631915e-07,2.0876019908961712e-07,2.065800653620492e-06,2.245899146792212e-06,1.6647456378690327e-06,1.2604195175344498e-06,2.279819620652034e-06,19250.0,8.75
1.7493092498145502e-06,2.0688457334187195e-06,1.2014292851262643e-06,2.33191878258669e-06,2.239710643597682e-06,1.6762547209743554e-06,1.2725696529244993e-06,9.531090594246375e-07,2.223008044379924e-06,1.6811556037736078e-06,1.2604728363196478e-06,9.94262111264577e-07,8.360227573302616e-07,2.364431478440707e-06,2.1794960623293865e-06,2.16830432741752e-06,1.7312423085347293e-06,1.2007184327269181e-06,9.19771126497167e-07,5.617631310387445e-07,3.445770857619548e-07,2.0977199375256488e-07,2.0834366344277787e-06,2.239710643597682e-06,1.6762547209743554e-06,1.2725696529244993e-06,2.2727100993744328e-06,19250.0,9.0
1.756666014718787e-06,2.0749972159568522e-06,1.2100222354367663e-06,2.373290979337482e-06,2.233219381476978e-06,1.6879303952782942e-06,1.2855175401215305e-06,9.618910662135258e-07,2.219655081831735e-06,1.6933548237218318e-06,1.2733773567323337e-06,1.003727524237428e-06,8.429598653100383e-07,2.4075674256774044e-06,2.208715130525418e-06,2.1697670179735696e-06,1.7448714657776135e-06,1.213010983458483e-06,9.280387538247464e-07,5.638205062393864e-07,3.469667749832084e-07,2.1082509811365744e-07,2.1007761316986245e-06,2.233219381476978e-06,1.6879303952782942e-06,1.2855175401215305e-06,2.2671577620454314e-06,19250.0,9.25
1.7644562628451989e-06,2.081764702653162e-06,1.2191738702139124e-06,2.4185293833772034e-06,2.226793475765915e-06,1.699702178477305e-06,1.2993078042921285e-06,9.715935760336623e-07,2.2158249360011417e-06,1.7055933601402473e-06,1.28716242150945e-06,1.0141032885973213e-06,8.50808525101864e-07,2.454443325930272e-06,2.242990296373987e-06,2.1699960206851806e-06,1.7584430565855635e-06,1.2262576244086155e-06,9.372302553208255e-07,5.66220114278686e-07,3.4966240777253626e-07,2.1198092611678363e-07,2.1172135956019335e-06,2.226793475765915e-06,1.699702178477305e-06,1.2993078042921285e-06,2.2640460433524243e-06,19250.0,9.5
1.7235137701724615e-06,2.069352881530422e-06,1.1517051010427374e-06,2.1362593897799083e-06,2.331879609695665e-06,1.6003911065150967e-06,1.1935907412522783e-06,9.089065588224322e-07,2.2658705505662863e-06,1.6004382654453836e-06,1.1821661795291511e-06,9.417243679995445e-07,8.154689940937509e-07,2.1124100205891443e-06,2.181616848613221e-06,2.1519160869119582e-06,1.6392947438007496e-06,1.1272096804292949e-06,8.790289850999499e-07,5.489474259593383e-07,3.335863096308972e-07,2.0333560901298086e-07,1.95267011939941e-06,2.331879609695665e-06,1.6003911065150967e-06,1.1935907412522783e-06,2.4344435879299488e-06,19500.0,6.0
1.7272680737847062e-06,2.0722021630479266e-06,1.1554729909844692e-06,2.1437847077980446e-06,2.3317127089460917e-06,1.6067865721599323e-06,1.1988449876064158e-06,9.1127500458106e-07,2.2692503013909375e-06,1.6070812825458707e-06,1.1873496109671348e-06,9.44665976205632e-07,8.157543977364381e-07,2.12965390791857e-06,2.171625884980674e-06,2.1572799306326564e-06,1.6464284000302163e-06,1.1320063415410293e-06,8.813581286422674e-07,5.502441882247617e-07,3.341834903531522e-07,2.0382595207876782e-07,1.9628295952419105e-06,2.3317127089460917e-06,1.6067865721599323e-06,1.1988449876064158e-06,2.427766076434288e-06,19500.0,6.25
1.731345582198139e-06,2.0753038190416353e-06,1.1596654702859062e-06,2.154349372349837e-06,2.331265119545494e-06,1.6136669268748103e-06,1.2046808446491225e-06,9.140654212198749e-07,2.2724408109211e-06,1.6142352703112772e-06,1.1931138166739312e-06,9.481463424872823e-07,8.163224930062785e-07,2.148695886291236e-06,2.164108485098362e-06,2.1631163277462853e-06,1.6541504133018101e-06,1.1373754787736838e-06,8.840025519853118e-07,5.516939513666895e-07,3.3487688160297746e-07,2.0435705564307194e-07,1.9737437335936943e-06,2.331265119545494e-06,1.6136669268748103e-06,1.2046808446491225e-06,2.420946042048743e-06,19500.0,6.5
1.7356869323752894e-06,2.078568878343516e-06,1.164234368844784e-06,2.1674670803281452e-06,2.330428881457317e-06,1.6210124441276638e-06,1.2109767228289441e-06,9.173362140016212e-07,2.2753645952807214e-06,1.6218726956622034e-06,1.1993347496797222e-06,9.5217121816056e-07,8.172370375600543e-07,2.1691382562728937e-06,2.1584580065374234e-06,2.1693775653513422e-06,1.6624735926342272e-06,1.1431874208100039e-06,8.870139958876223e-07,5.532653378683085e-07,3.356993764343951e-07,2.0493837277978619e-07,1.985525759579049e-06,2.330428881457317e-06,1.6210124441276638e-06,1.2109767228289441e-06,2.4135480122318163e-06,19500.0,6.75
1.7401839250396023e-06,2.0818689349153937e-06,1.16908942939979e-06,2.1829038773918466e-06,2.3288936290574626e-06,1.628843216435622e-06,1.2177064688865974e-06,9.209167728550099e-07,2.2777237386573253e-06,1.6300358397920156e-06,1.2059845670837915e-06,9.565706082449198e-07,8.184098996147894e-07,2.190782142963868e-06,2.155127870494042e-06,2.175790231355956e-06,1.6714408377665432e-06,1.149395531952585e-06,8.903347310465155e-07,5.548605580580146e-07,3.366195716598712e-07,2.0557795981677346e-07,1.99814185549496e-06,2.3288936290574626e-06,1.628843216435622e-06,1.2177064688865974e-06,2.4053609869455526e-06,19500.0,7.0
1.7448161303740322e-06,2.085148146512094e-06,1.1743098818100124e-06,2.2006870383813086e-06,2.3264714798570212e-06,1.637099803494404e-06,1.2249949056204783e-06,9.249165711232615e-07,2.2793318448621722e-06,1.638642392967056e-06,1.2131875546081204e-06,9.614228019149705e-07,8.20036306309883e-07,2.2138867928001205e-06,2.154561016360019e-06,2.182071885823482e-06,1.6809436467232778e-06,1.1561189821058303e-06,8.939644823746332e-07,5.56485010638769e-07,3.376243323266279e-07,2.062585778830819e-07,2.0114063219343005e-06,2.3264714798570212e-06,1.637099803494404e-06,1.2249949056204783e-06,2.3965072735912255e-06,19500.0,7.25
1.749589305656256e-06,2.088443641236895e-06,1.1798798003875446e-06,2.221145014234659e-06,2.323160490578473e-06,1.6457030953983277e-06,1.232830605555788e-06,9.29381448342318e-07,2.2801660064897387e-06,1.647634929917606e-06,1.220939106547276e-06,9.667516733909872e-07,8.221453909301079e-07,2.238859316541071e-06,2.156158251255273e-06,2.188097797634235e-06,1.6909304332345353e-06,1.1633804199084244e-06,8.980703141518393e-07,5.581990676926066e-07,3.3873522364120813e-07,2.0697128865278565e-07,2.025316834811924e-06,2.323160490578473e-06,1.6457030953983277e-06,1.232830605555788e-06,2.386712972918188e-06,19500.0,7.5
1.7546033339361982e-06,2.0919222377934246e-06,1.185788311552118e-06,2.2442113908888277e-06,2.3191284326378948e-06,1.6547240439744594e-06,1.2412220038122872e-06,9.342992607501556e-07,2.280390712186089e-06,1.6570889591221994e-06,1.2292472284889816e-06,9.72513584125234e-07,8.24826771855636e-07,2.265781571220411e-06,2.1607346093438e-06,2.1938747721594237e-06,1.701496301288723e-06,1.1711798412486757e-06,9.025559421351059e-07,5.599595881010258e-07,3.400016439971048e-07,2.077417026822815e-07,2.04003885211295e-06,2.3191284326378948e-06,1.6547240439744594e-06,1.2412220038122872e-06,2.3763620541651308e-06,19500.0,7.75
1.75996715508648e-06,2.0957308177550583e-06,1.1921318814587726e-06,2.27002086527637e-06,2.3144322623941703e-06,1.6643671636332902e-06,1.2502479845948421e-06,9.398219860221877e-07,2.2799885880992616e-06,1.6671895020411827e-06,1.238185615884105e-06,9.788360459814101e-07,8.282546204129885e-07,2.294855311471695e-06,2.1690409851247542e-06,2.199295598334313e-06,1.71279372769286e-06,1.1795786471313416e-06,9.076873344415668e-07,5.61774880223763e-07,3.41444825576801e-07,2.0856033102038432e-07,2.0556697214205085e-06,2.3144322623941703e-06,1.6643671636332902e-06,1.2502479845948421e-06,2.3658472908945664e-06,19500.0,8.0
1.7657672019816663e-06,2.0999519722838154e-06,1.1990283370055168e-06,2.2990243137892474e-06,2.3092029901197615e-06,1.6746034283099581e-06,1.2601255276692106e-06,9.460113264589106e-07,2.2789701881507612e-06,1.6779226404659776e-06,1.2479764969075429e-06,9.857963455820308e-07,8.324103943868133e-07,2.326665756058045e-06,2.1813106469550754e-06,2.2042453618849784e-06,1.7248164282165925e-06,1.1887898695468897e-06,9.134323470837566e-07,5.636684406347846e-07,3.430350169688857e-07,2.0942927562616615e-07,2.0720574427633453e-06,2.3092029901197615e-06,1.6746034283099581e-06,1.2601255276692106e-06,2.355558310989258e-06,19500.0,8.25
1.772092694261613e-06,2.1047672615929496e-06,1.2064877460928888e-06,2.3316018450686517e-06,2.303713441979488e-06,1.6853928677314837e-06,1.2709052169795962e-06,9.528931366203285e-07,2.277466094656265e-06,1.6892289930672314e-06,1.2586738045173393e-06,9.934395582056005e-07,8.373001147381921e-07,2.3616973671112676e-06,2.198085587226527e-06,2.2086380660992178e-06,1.7374676966511051e-06,1.1988776090630672e-06,9.19850945326264e-07,5.656434584852671e-07,3.448177764546845e-07,2.1034340245735038e-07,2.0890964011749415e-06,2.303713441979488e-06,1.6853928677314837e-06,1.2709052169795962e-06,2.3461204314422282e-06,19500.0,8.5
1.7789429503653714e-06,2.1102582212935358e-06,1.2143827755326093e-06,2.36749198735562e-06,2.298044976545676e-06,1.6966753839071896e-06,1.2824290003598335e-06,9.60481308906986e-07,2.275587284815047e-06,1.701061057034041e-06,1.2701290016705526e-06,1.0017409917697607e-06,8.429835992136686e-07,2.399771423045535e-06,2.2197240900830063e-06,2.2124531728048934e-06,1.7507130127359704e-06,1.2097060470311213e-06,9.269794837872129e-07,5.676542514075867e-07,3.468307610867289e-07,2.113057783244039e-07,2.106783466143447e-06,2.298044976545676e-06,1.6966753839071896e-06,1.2824290003598335e-06,2.3380133647371606e-06,19500.0,8.75
1.7862170018139545e-06,2.1163113181352163e-06,1.2226731530630706e-06,2.4064961802792078e-06,2.2921437708771253e-06,1.7083588505620263e-06,1.2946843441878832e-06,9.687014528160518e-07,2.273210914425109e-06,1.7132745579753228e-06,1.282319704795962e-06,1.0106537267962546e-06,8.493545626926302e-07,2.440718889732448e-06,2.245524124245046e-06,2.2154162438150093e-06,1.7643781285347262e-06,1.2212993993872714e-06,9.347266239090874e-07,5.697506090164751e-07,3.490472879525201e-07,2.1232282356507297e-07,2.1247457648114742e-06,2.2921437708771253e-06,1.7083588505620263e-06,1.2946843441878832e-06,2.3312496958128575e-06,19500.0,9.0
1.793840219316399e-06,2.1228210337692505e-06,1.2313823847252307e-06,2.448684703870821e-06,2.285972426784273e-06,1.7202898350486982e-06,1.3077802241204265e-06,9.77547972981665e-07,2.2702084612591162e-06,1.7257340879411205e-06,1.2953679154748489e-06,1.0201921120864225e-06,8.563322381989359e-07,2.4847230240694205e-06,2.275239985062204e-06,2.2172587557797454e-06,1.7783038514475755e-06,1.2337186341110733e-06,9.43034981283187e-07,5.718139804653491e-07,3.5143838722718435e-07,2.1337828317726117e-07,2.14253139689446e-06,2.285972426784273e-06,1.7202898350486982e-06,1.3077802241204265e-06,2.3260378637272532e-06,19500.0,9.25
1.8017780282998143e-06,2.1298123933355422e-06,1.2404961099572055e-06,2.494343005770268e-06,2.2797069713651406e-06,1.732242506969858e-06,1.3216171774248327e-06,9.871635363822763e-07,2.2666164532387992e-06,1.7381790146038513e-06,1.309194242226843e-06,1.030491252342216e-06,8.640688128983161e-07,2.532092822067873e-06,2.3095580857087605e-06,2.217834300597449e-06,1.7921397357922437e-06,1.2469712544572104e-06,9.521314131058884e-07,5.742020877252789e-07,3.5406666732342346e-07,2.1449778915626373e-07,2.159516362765372e-06,2.2797069713651406e-06,1.732242506969858e-06,1.3216171774248327e-06,2.3230184737692012e-06,19500.0,9.5
1.7592111365220946e-06,2.1152512038962566e-06,1.1722981308332413e-06,2.2064366250853758e-06,2.383117318194907e-06,1.6312702944776239e-06,1.214953301934653e-06,9.240305496259619e-07,2.314625819468567e-06,1.6312891817259991e-06,1.2032796236133534e-06,9.576418456766176e-07,8.2830448031605e-07,2.183717805874835e-06,2.245305607287835e-06,2.1974488027194924e-06,1.6710665132141534e-06,1.147135036760904e-06,8.93486507104928e-07,5.568101485684667e-07,3.380005632624745e-07,2.0586917872870823e-07,1.991926952207931e-06,2.383117318194907e-06,1.6312702944776239e-06,1.214953301934653e-06,2.4918237943019932e-06,19750.0,6.0
1.7630437612266837e-06,2.1181965700351374e-06,1.1761154463986556e-06,2.2142360140541363e-06,2.383027698212699e-06,1.6377448275088767e-06,1.2202664666136088e-06,9.26445832391451e-07,2.3181080167740112e-06,1.6380161670827773e-06,1.208521037096e-06,9.60636064859592e-07,8.286002741171119e-07,2.2013419071757768e-06,2.235540447214852e-06,2.2028944241612944e-06,1.6782743098610687e-06,1.151985364059653e-06,8.958377971587334e-07,5.581089589569291e-07,3.386013652279524e-07,2.0635961604696444e-07,2.0022107429942586e-06,2.383027698212699e-06,1.6377448275088767e-06,1.2202664666136088e-06,2.485208436260824e-06,19750.0,6.25
1.7672162612202413e-06,2.1214176019224976e-06,1.1803677154543377e-06,2.225105406986818e-06,2.382677174717782e-06,1.6447163652652988e-06,1.2261565546025159e-06,9.292927543701437e-07,2.321427088039778e-06,1.645260837934288e-06,1.2143385799436979e-06,9.641768860562869e-07,8.292344949851508e-07,2.2207729283392266e-06,2.228151094967677e-06,2.2088486772061837e-06,1.686104871650468e-06,1.157402805113383e-06,8.985350079123165e-07,5.595787582830707e-07,3.393022761272165e-07,2.0689169736746612e-07,2.013272714992884e-06,2.382677174717782e-06,1.6447163652652988e-06,1.2261565546025159e-06,2.4784571284400285e-06,19750.0,6.5
1.7716541717865059e-06,2.124816519402436e-06,1.184977653195071e-06,2.238576845821135e-06,2.3819722893890837e-06,1.6521544208177138e-06,1.2325061285137334e-06,9.325935578874965e-07,2.3244870495948897e-06,1.652994077251171e-06,1.2206124816220107e-06,9.682332370719854e-07,8.301785528575484e-07,2.2416250331705686e-06,2.222748346038356e-06,2.2152357508983384e-06,1.694528819338265e-06,1.1632632471451934e-06,9.01601443934719e-07,5.611555757932646e-07,3.401308860160009e-07,2.074758069114386e-07,2.02520871704677e-06,2.3819722893890837e-06,1.6521544208177138e-06,1.2325061285137334e-06,2.471157937327668e-06,19750.0,6.75
1.7762685928797238e-06,2.1282639681719813e-06,1.1899056334448859e-06,2.2544114196045126e-06,2.380541878108629e-06,1.6601224054411801e-06,1.2393082582298333e-06,9.362214125298413e-07,2.3269865307951064e-06,1.6612782167247718e-06,1.2273327423971668e-06,9.72679167293836e-07,8.314226725158999e-07,2.263725844945351e-06,2.2196326383146875e-06,2.221795799675117e-06,1.703623093887105e-06,1.169535242919458e-06,9.049824918484587e-07,5.627758807750899e-07,3.410599748462763e-07,2.0811872248466903e-07,2.0380007461971615e-06,2.380541878108629e-06,1.6601224054411801e-06,1.2393082582298333e-06,2.4630863678844904e-06,19750.0,7.0
1.7810362015882999e-06,2.131716683294322e-06,1.1952046188658824e-06,2.2726656108212847e-06,2.378257012038962e-06,1.6684934574591438e-06,1.24668312464302e-06,9.402828991534497e-07,2.3287565964611905e-06,1.6700188335749187e-06,1.2346207839334594e-06,9.775878998514723e-07,8.331249310106245e-07,2.287357212763663e-06,2.2192962692207533e-06,2.228243784532898e-06,1.713266208201064e-06,1.1763371254422818e-06,9.086746873471038e-07,5.644166991666955e-07,3.4207397954612875e-07,2.0880224597463177e-07,2.051464566555215e-06,2.378257012038962e-06,1.6684934574591438e-06,1.24668312464302e-06,2.4543653195187673e-06,19750.0,7.25
1.785936014563035e-06,2.1351780694991488e-06,1.2008438498213547e-06,2.2935988102563063e-06,2.37507461035502e-06,1.6772219564176053e-06,1.2545981499728982e-06,9.447929797843942e-07,2.329743836993666e-06,1.6791377818327288e-06,1.2424501335040717e-06,9.829667047728785e-07,8.352770432278592e-07,2.312851913275442e-06,2.2211243251189643e-06,2.234433766738918e-06,1.7233886211614652e-06,1.1836692477309307e-06,9.128268842220807e-07,5.661515960368774e-07,3.4319401054579423e-07,2.095183729264198e-07,2.065567110043564e-06,2.37507461035502e-06,1.6772219564176053e-06,1.2545981499728982e-06,2.4447463347209417e-06,19750.0,7.5
1.7910651102539663e-06,2.138809182097012e-06,1.2068108724515743e-06,2.3171296287442816e-06,2.37116616408729e-06,1.6863570493905171e-06,1.2630503889263316e-06,9.49760722124458e-07,2.330101700708613e-06,1.688708515092968e-06,1.2508174981722722e-06,9.887737167089106e-07,8.380219689026993e-07,2.3402600897571935e-06,2.2259837566286885e-06,2.24036246334587e-06,1.7340801540762095e-06,1.1915221383156278e-06,9.173660251435846e-07,5.679238043819121e-07,3.444657344694949e-07,2.1029017882618566e-07,2.080479639091633e-06,2.37116616408729e-06,1.6863570493905171e-06,1.2630503889263316e-06,2.434470899376972e-06,19750.0,7.75
1.79654802922555e-06,2.1427764921553445e-06,1.2132125982003153e-06,2.3434069081545716e-06,2.366597125881976e-06,1.6961203690798528e-06,1.2721468955704303e-06,9.55316649703146e-07,2.329841278534438e-06,1.6989289453076517e-06,1.2598243970908456e-06,9.95126564955459e-07,8.414917248616311e-07,2.369843229028907e-06,2.2345092186157563e-06,2.245945017510623e-06,1.745509317492052e-06,1.1999801634268028e-06,9.225297781167077e-07,5.697573431976423e-07,3.4591249765585693e-07,2.1110949915793858e-07,2.096298808977665e-06,2.366597125881976e-06,1.6961203690798528e-06,1.2721468955704303e-06,2.424083974704832e-06,19750.0,8.0
1.8024846498693914e-06,2.1471842914745873e-06,1.2201748890624473e-06,2.372967723159727e-06,2.3615123819113266e-06,1.706489982290967e-06,1.2821154333617908e-06,9.615568209539538e-07,2.3289841840614064e-06,1.709799717533e-06,1.2697028682399385e-06,1.0021410286130215e-06,8.456990094211863e-07,2.4022586413517292e-06,2.2470962664922933e-06,2.2510756222976476e-06,1.7576859016682289e-06,1.2092625265151053e-06,9.283245122890103e-07,5.716638513274692e-07,3.475080215607926e-07,2.1197962204551063e-07,2.112903268149288e-06,2.3615123819113266e-06,1.706489982290967e-06,1.2821154333617908e-06,2.4139847936628044e-06,19750.0,8.25
1.808938023584367e-06,2.152171376612151e-06,1.2276975126303047e-06,2.4060764549358817e-06,2.3561609653717494e-06,1.717389680540203e-06,1.2929585216351906e-06,9.684708134096025e-07,2.327628143161743e-06,1.7212239711332471e-06,1.2804630835759467e-06,1.0098160720411005e-06,8.50618261247983e-07,2.437854838652519e-06,2.264179957927708e-06,2.255634943898237e-06,1.7704624037447555e-06,1.2194137196746059e-06,9.347753464022009e-07,5.736501092530202e-07,3.4929377228781766e-07,2.1289413399600021e-07,2.1301416655598617e-06,2.3561609653717494e-06,1.717389680540203e-06,1.2929585216351906e-06,2.40472229029602e-06,19750.0,8.5
1.8159484997853653e-06,2.1578842698390163e-06,1.2356634810482113e-06,2.4425745412920023e-06,2.350681893194794e-06,1.7288235577978863e-06,1.304567440579165e-06,9.761056075087235e-07,2.3259455687422433e-06,1.733208247505038e-06,1.2920009922151778e-06,1.018165622416806e-06,8.563445995798279e-07,2.47656815088659e-06,2.286227719440078e-06,2.259666666210704e-06,1.7838758512191348e-06,1.2303159987922213e-06,9.419492345882552e-07,5.756791998621243e-07,3.513128989259121e-07,2.1386092828827225e-07,2.1480706842318056e-06,2.350681893194794e-06,1.7288235577978863e-06,1.304567440579165e-06,2.396861389759804e-06,19750.0,8.75
1.8234822490424576e-06,2.164282543597091e-06,1.2440853703783999e-06,2.4824038379869594e-06,2.345095766597021e-06,1.740736695886848e-06,1.3169792670195727e-06,9.844131877061046e-07,2.3238917280543126e-06,1.7456617733957647e-06,1.3043452788316907e-06,1.0271721678712816e-06,8.627844224670524e-07,2.518386869440382e-06,2.312610842475923e-06,2.2629622105726956e-06,1.7978007526701807e-06,1.2420477305986798e-06,9.497786101834256e-07,5.778259823586835e-07,3.53542540863623e-07,2.148857637955839e-07,2.166418253474971e-06,2.345095766597021e-06,1.740736695886848e-06,1.3169792670195727e-06,2.390472246240625e-06,19750.0,9.0
1.8313594003393998e-06,2.1711372201008725e-06,1.2529120145194454e-06,2.525433338393064e-06,2.3392388301919004e-06,1.7528955218191981e-06,1.3302167578079874e-06,9.93335891046966e-07,2.3212070298066916e-06,1.7583610146531935e-06,1.3175325082958685e-06,1.0367957880722322e-06,8.698156318325251e-07,2.5632808101377866e-06,2.3429748145773645e-06,2.2651345960461343e-06,1.811985931366305e-06,1.254593813761882e-06,9.58158059108172e-07,5.799933791507172e-07,3.5594366147570587e-07,2.1594874048032738e-07,2.1845826776153414e-06,2.3392388301919004e-06,1.7528955218191981e-06,1.3302167578079874e-06,2.3856681644231535e-06,19750.0,9.25
1.8394943400885144e-06,2.178420493050963e-06,1.2620469344013991e-06,2.5716882719609536e-06,2.3332258723169307e-06,1.7650381918368006e-06,1.344124901821986e-06,1.0029425664868667e-06,2.3179168853876756e-06,1.7710078410192548e-06,1.331429911143935e-06,1.0470950708263613e-06,8.775149258206757e-07,2.611296631178101e-06,2.3775501207429942e-06,2.266065707606544e-06,1.8260664831925154e-06,1.2678999869596652e-06,9.672373276528792e-07,5.822798031488692e-07,3.585413515960775e-07,2.17053185051618e-07,2.202056619224205e-06,2.3332258723169307e-06,1.7650381918368006e-06,1.344124901821986e-06,2.382855726352807e-06,19750.0,9.5
1.7952734416479244e-06,2.1616667288247128e-06,1.1930537770368646e-06,2.2778248016346383e-06,2.4349320464491707e-06,1.6624278365971442e-06,1.2364862774644267e-06,9.392629299721653e-07,2.3639108994912395e-06,1.6624160307967534e-06,1.2245608497081177e-06,9.736812248379133e-07,8.412129847311664e-07,2.256297258775567e-06,2.3099026356060974e-06,2.2434572421922704e-06,1.703124388124883e-06,1.1672155908687524e-06,9.080448137707087e-07,5.647262626683734e-07,3.4243569291029633e-07,2.084134776967542e-07,2.0315655696684154e-06,2.4349320464491707e-06,1.6624278365971442e-06,1.2364862774644267e-06,2.549872263061897e-06,20000.0,6.0
1.799146025383383e-06,2.1646627341855175e-06,1.1968949992050335e-06,2.2858102337496343e-06,2.4348568203322057e-06,1.6689435393890171e-06,1.2418270142624515e-06,9.41698314465896e-07,2.36743862849551e-06,1.6691879755802484e-06,1.2298292964845797e-06,9.76696087773365e-07,8.41531169751471e-07,2.2742123727937226e-06,2.300261436280232e-06,2.2489403497855133e-06,1.7103792263338565e-06,1.1720905418992888e-06,9.104175871857783e-07,5.660185048338087e-07,3.4303593563240724e-07,2.0890077424288633e-07,2.0419283527095106e-06,2.4348568203322057e-06,1.6689435393890171e-06,1.2418270142624515e-06,2.5432653680512802e-06,20000.0,6.25
1.8033956590734752e-06,2.167980284221929e-06,1.20119913725006e-06,2.297007611575617e-06,2.434584406295007e-06,1.6759958930079424e-06,1.2477722380266718e-06,9.445901800037305e-07,2.3708475011222722e-06,1.676516473190784e-06,1.2357009472124437e-06,9.80285013301096e-07,8.42206936287256e-07,2.2940408280848353e-06,2.2931159069008543e-06,2.2549751707176643e-06,1.7182970394870235e-06,1.1775576731346766e-06,9.131629910007905e-07,5.675092465160748e-07,3.4374563989389536e-07,2.0943412002065843e-07,2.053116172270975e-06,2.434584406295007e-06,1.6759958930079424e-06,1.2477722380266718e-06,2.536548673583892e-06,20000.0,6.5
1.807940814161924e-06,2.1715185975900286e-06,1.2058659870080883e-06,2.310824335062114e-06,2.4339773387445984e-06,1.6835397482459697e-06,1.254184768391734e-06,9.479388741239036e-07,2.374051662850813e-06,1.6843552992773466e-06,1.24203665170028e-06,9.843858017388644e-07,8.431927058466632e-07,2.3153094368868554e-06,2.287902388431306e-06,2.26151308307696e-06,1.7268333232874726e-06,1.183474810981845e-06,9.162622429807612e-07,5.691038341148774e-07,3.4458235206305794e-07,2.1002254398203807e-07,2.065224160691178e-06,2.4339773387445984e-06,1.6835397482459697e-06,1.254184768391734e-06,2.5293770600763178e-06,20000.0,6.75
1.8126769625179891e-06,2.1751243490040686e-06,1.2108611520619296e-06,2.327071349310365e-06,2.432695945540052e-06,1.6916217516829498e-06,1.261057616142017e-06,9.516155922459075e-07,2.3767048038387932e-06,1.692756579800597e-06,1.2488261897979838e-06,9.888831621051933e-07,8.445101956330423e-07,2.3378728190293364e-06,2.2850385230604877e-06,2.26821573758325e-06,1.7360504076116056e-06,1.189808816935557e-06,9.197096620176026e-07,5.707284236874551e-07,3.4551863167556425e-07,2.1066768278501246e-07,2.0781903480541762e-06,2.432695945540052e-06,1.6916217516829498e-06,1.261057616142017e-06,2.5214405009866927e-06,20000.0,7.0
1.8175745617051767e-06,2.1787407736626017e-06,1.2162370241816504e-06,2.3458208409002747e-06,2.4305351142685225e-06,1.700124321015755e-06,1.2685208263191533e-06,9.557257930365214e-07,2.3786271516241365e-06,1.7016320767883728e-06,1.2562010241915337e-06,9.93852567359124e-07,8.462385430088223e-07,2.362051939601124e-06,2.2849142371802056e-06,2.2748321492200463e-06,1.7458372037435406e-06,1.1966910752130127e-06,9.234402645345827e-07,5.723900370639529e-07,3.4654329372156403e-07,2.113552623784189e-07,2.0918547226569936e-06,2.4305351142685225e-06,1.700124321015755e-06,1.2685208263191533e-06,2.512826696218027e-06,20000.0,7.25
1.8226164848446591e-06,2.182389342350935e-06,1.2219525183307495e-06,2.3672305392496734e-06,2.4275124052951334e-06,1.7089825082068147e-06,1.2765165215157798e-06,9.60303496433947e-07,2.3797938049454836e-06,1.710883723998718e-06,1.2641096416649236e-06,9.992888031164321e-07,8.484927550519515e-07,2.3880745802363008e-06,2.2869933802942567e-06,2.2812030829140653e-06,1.7561014021657207e-06,1.2040956456513353e-06,9.276535155250218e-07,5.741441841561928e-07,3.476729072064531e-07,2.1207440929943168e-07,2.1061619470066665e-06,2.4275124052951334e-06,1.7089825082068147e-06,1.2765165215157798e-06,2.5033833584808564e-06,20000.0,7.5
1.827874885343248e-06,2.186192860474731e-06,1.2279895755734e-06,2.391285828472652e-06,2.423745970557168e-06,1.7182447121983413e-06,1.2850485985676964e-06,9.653211898918334e-07,2.380302910328285e-06,1.7205833374934061e-06,1.2725552644217905e-06,1.0051409232704672e-06,8.513027016156381e-07,2.4160317206289e-06,2.292152264671903e-06,2.2873012898094565e-06,1.7669321579824734e-06,1.2120193990077772e-06,9.322729180524618e-07,5.759313831518205e-07,3.489537206422607e-07,2.1285068051336577e-07,2.1212736618525145e-06,2.423745970557168e-06,1.7182447121983413e-06,1.2850485985676964e-06,2.4932749800545186e-06,20000.0,7.75
1.8334785674340506e-06,2.1903208174766424e-06,1.234450490233443e-06,2.4180539348681535e-06,2.4192920890614944e-06,1.7281255378562104e-06,1.294214198538719e-06,9.709196282025122e-07,2.380180450934552e-06,1.7309233510323174e-06,1.2816293320903147e-06,1.0115356930362646e-06,8.548200242456344e-07,2.4461393564711195e-06,2.300987259999748e-06,2.293045123765955e-06,1.7784933751212297e-06,1.2205367406603277e-06,9.374746099811238e-07,5.777791672780843e-07,3.5040594323344744e-07,2.136708405521516e-07,2.1372864170778034e-06,2.4192920890614944e-06,1.7281255378562104e-06,1.294214198538719e-06,2.483010507004206e-06,20000.0,8.0
1.839556398940153e-06,2.1949238107710843e-06,1.2414825804575924e-06,2.4481642438733783e-06,2.4143742050309955e-06,1.7386245445831899e-06,1.3042546201144698e-06,9.77199263225783e-07,2.379494743662157e-06,1.7419180021207281e-06,1.2915796283339631e-06,1.0185922661584894e-06,8.590726240976819e-07,2.4791458101620904e-06,2.3138994615100007e-06,2.298349467547006e-06,1.7907886030587239e-06,1.229890932396473e-06,9.433001748741375e-07,5.797064029337783e-07,3.5200646435759007e-07,2.1454334210512061e-07,2.154095746919745e-06,2.4143742050309955e-06,1.7386245445831899e-06,1.3042546201144698e-06,2.473116920663376e-06,20000.0,8.25
1.8461536232906056e-06,2.200100496979463e-06,1.2490751056909964e-06,2.4818585024438664e-06,2.409165229692327e-06,1.7496606540209346e-06,1.3151936923497324e-06,9.841649063459725e-07,2.3783015018725612e-06,1.7534936128304732e-06,1.3024321436169035e-06,1.0263184519792359e-06,8.640289878929778e-07,2.5153732283251857e-06,2.3312927972334436e-06,2.303095905140884e-06,1.803743691360319e-06,1.240118458633383e-06,9.498091093834737e-07,5.817103380105235e-07,3.537960662439975e-07,2.1545944846595238e-07,2.171568275071889e-06,2.409165229692327e-06,1.7496606540209346e-06,1.3151936923497324e-06,2.464013847263706e-06,20000.0,8.5
1.8533199339323096e-06,2.206030067518936e-06,1.2571122688067303e-06,2.5189743102984374e-06,2.4038680891897148e-06,1.761236831406816e-06,1.3268876512730997e-06,9.918472163294163e-07,2.3768047418594466e-06,1.7656245873185973e-06,1.314052838541159e-06,1.0347175443726394e-06,8.697962931489136e-07,2.5547384981512182e-06,2.353782497179649e-06,2.3073313304921734e-06,1.8173152675648358e-06,1.2510942605863345e-06,9.570275908605357e-07,5.837561511745293e-07,3.558198514732201e-07,2.1642925033780713e-07,2.189731537704275e-06,2.4038680891897148e-06,1.761236831406816e-06,1.3268876512730997e-06,2.456406876089127e-06,20000.0,8.75
1.861047618818332e-06,2.2126947081403024e-06,1.2656268708902162e-06,2.5595079350311394e-06,2.398512511852547e-06,1.7733195404079139e-06,1.339407547189022e-06,1.0002202493011304e-06,2.374990341229219e-06,1.778255207988393e-06,1.3265026324724353e-06,1.0437917435562271e-06,8.762938003992852e-07,2.5972934264397026e-06,2.3806582077440503e-06,2.3108771434060506e-06,1.8314411862717062e-06,1.2629206310586185e-06,9.649264164622794e-07,5.85934444359495e-07,3.5805911969151664e-07,2.174604387115732e-07,2.2083794140155625e-06,2.398512511852547e-06,1.7733195404079139e-06,1.339407547189022e-06,2.450283768702319e-06,20000.0,9.0
1.8692210271777744e-06,2.2199511981729054e-06,1.2745939050936177e-06,2.6034974497529133e-06,2.393034868762546e-06,1.7857465901272488e-06,1.3528030617688367e-06,1.009253322730141e-06,2.372673496410006e-06,1.7912235840737045e-06,1.3398466229789014e-06,1.0535350056037005e-06,8.834070771332706e-07,2.6431913575159352e-06,2.4117663726398228e-06,2.3134303134692015e-06,1.8459201077580834e-06,1.2756255633046983e-06,9.734036970783512e-07,5.881540347211107e-07,3.604806507616089e-07,2.1853497920512972e-07,2.2269913997175642e-06,2.393034868762546e-06,1.7857465901272488e-06,1.3528030617688367e-06,2.4459641111810714e-06,20000.0,9.25
1.8776568662559948e-06,2.227643903599347e-06,1.2838449999626135e-06,2.6506192299475646e-06,2.387394745239945e-06,1.7981626140520507e-06,1.3668743290358644e-06,1.0189238005087645e-06,2.369794169924805e-06,1.8041636597685664e-06,1.3538997934990954e-06,1.0639112755140438e-06,8.911291715520834e-07,2.692111467320452e-06,2.4469402287497356e-06,2.314785356619114e-06,1.860328872183828e-06,1.2890522458015375e-06,9.82537067114319e-07,5.904581770191903e-07,3.6307573316831955e-07,2.1963961120733206e-07,2.244977258416752e-06,2.387394745239945e-06,1.7981626140520507e-06,1.3668743290358644e-06,2.443566486771685e-06,20000.0,9.5
1.9429251424057788e-06,2.3521955360969395e-06,1.2775577235758963e-06,2.5751164675428438e-06,2.647525066900879e-06,1.789558274795429e-06,1.3241634694745158e-06,1.0011699018506113e-06,2.5659013551321886e-06,1.7894260292476716e-06,1.3112070759219308e-06,1.0388828183842057e-06,8.936307613073722e-07,2.5588387747449123e-06,2.5776633593588426e-06,2.4319227684794604e-06,1.8339828547755476e-06,1.2489441469485662e-06,9.672179288638678e-07,5.968103590024071e-07,3.603890107904285e-07,2.1868720337508112e-07,2.193620388678884e-06,2.647525066900879e-06,1.789558274795429e-06,1.3241634694745158e-06,2.7886707827905708e-06,21000.0,6.0
1.9469622207391022e-06,2.3553960229230407e-06,1.2815037011666284e-06,2.5839310585723187e-06,2.647540877507357e-06,1.7962581155550226e-06,1.3296187188856374e-06,1.003643724599447e-06,2.5696289157080796e-06,1.7963913541517833e-06,1.3165879395827659e-06,1.0419770367572924e-06,8.940811908806874e-07,2.5779609387661236e-06,2.5685502271026395e-06,2.437560455759219e-06,1.8414401517746063e-06,1.2539229097744216e-06,9.696481560678545e-07,5.981056017684485e-07,3.6098851091084486e-07,2.1916525251078615e-07,2.204313162185303e-06,2.647540877507357e-06,1.7962581155550226e-06,1.3296187188856374e-06,2.78207541180408e-06,21000.0,6.25
1.9515262193859626e-06,2.3591125402605424e-06,1.2859899728635752e-06,2.5963430056796127e-06,2.6475521043503855e-06,1.8036268263485054e-06,1.335770902602425e-06,1.0067295050943707e-06,2.573440161945277e-06,1.8040424664830634e-06,1.3226631203651226e-06,1.0457324634640492e-06,8.948861149572518e-07,2.5993202098645557e-06,2.5618808610505114e-06,2.443978787192858e-06,1.8496983026187752e-06,1.259578163195197e-06,9.725888171256658e-07,5.99642092137838e-07,3.6172554144441624e-07,2.197035883015773e-07,2.2160281514538112e-06,2.6475521043503855e-06,1.8036268263485054e-06,1.335770902602425e-06,2.7755325739275695e-06,21000.0,6.5
1.9564998091265864e-06,2.36320458239254e-06,1.290890680631078e-06,2.6116431344600055e-06,2.6473798685984488e-06,1.811595674637469e-06,1.3424411003983345e-06,1.0102659348630035e-06,2.5771895326435212e-06,1.812314338991306e-06,1.3292523120274269e-06,1.050028365013001e-06,8.960460456653639e-07,2.622354236425168e-06,2.5576875617471506e-06,2.4510331568651763e-06,1.8586904957795276e-06,1.2657274585280085e-06,9.758492228333054e-07,6.012820628453594e-07,3.625951905697753e-07,2.2030595219646212e-07,2.228815941265132e-06,2.6473798685984488e-06,1.811595674637469e-06,1.3424411003983345e-06,2.7687440185588855e-06,21000.0,6.75
1.9617632427144904e-06,2.3674889283792394e-06,1.2961893978365951e-06,2.6296821633634544e-06,2.646617988792824e-06,1.8201984794302517e-06,1.3496511205559809e-06,1.0141778855982866e-06,2.580477696754307e-06,1.8212468344196988e-06,1.336371924932669e-06,1.0547598321257092e-06,8.976238209253345e-07,2.646946157074483e-06,2.5563277605969963e-06,2.458392885908149e-06,1.8684604741262274e-06,1.2723615887502936e-06,9.795431123788965e-07,6.029845245830225e-07,3.635733120581616e-07,2.2096827199246906e-07,2.2425605523371343e-06,2.646617988792824e-06,1.8201984794302517e-06,1.3496511205559809e-06,2.761475810144123e-06,21000.0,7.0
1.9672253299108716e-06,2.371828352754607e-06,1.301894641825627e-06,2.650506602316569e-06,2.645042282214559e-06,1.8292674753013666e-06,1.3574702898083776e-06,1.0185387370889229e-06,2.583073380358411e-06,1.8306765649780518e-06,1.3440970204425463e-06,1.0599791179164195e-06,8.996234274646271e-07,2.6734102586024457e-06,2.556849962471908e-06,2.465711090898668e-06,1.8788400893417365e-06,1.27956837181539e-06,9.8355710947674e-07,6.047500434320466e-07,3.646419467700577e-07,2.216736661534391e-07,2.257045467037855e-06,2.645042282214559e-06,1.8292674753013666e-06,1.3574702898083776e-06,2.7533609620595606e-06,21000.0,7.25
1.9728522656764784e-06,2.376238481808973e-06,1.3079312190532395e-06,2.674079912006394e-06,2.642632071524581e-06,1.8386813018646926e-06,1.365823925177975e-06,1.0233652691555463e-06,2.584945738874236e-06,1.840492442558164e-06,1.3523573355907122e-06,1.065662938815647e-06,9.021428686856246e-07,2.7017644231372925e-06,2.5600645709715475e-06,2.472809607728461e-06,1.8897093751161133e-06,1.2872959968369857e-06,9.880045316381285e-07,6.065694595388976e-07,3.658201495010275e-07,2.2241262910639684e-07,2.2722197081561234e-06,2.642632071524581e-06,1.8386813018646926e-06,1.365823925177975e-06,2.744459461729567e-06,21000.0,7.5
1.9787077389779734e-06,2.3808333038458e-06,1.3142813662607498e-06,2.7002972805850652e-06,2.6395109339015404e-06,1.8485175592310494e-06,1.3747115810790105e-06,1.0286149571095276e-06,2.5861683036496775e-06,1.8507761362851045e-06,1.3611514767244236e-06,1.0717428991157537e-06,9.052194230271958e-07,2.7320506211609168e-06,2.5665374280622566e-06,2.479675355194096e-06,1.9011706918196045e-06,1.2955374180455972e-06,9.928590380219349e-07,6.084454798159323e-07,3.6713983248273796e-07,2.2320502985676998e-07,2.2882426508333228e-06,2.6395109339015404e-06,1.8485175592310494e-06,1.3747115810790105e-06,2.7351113775812047e-06,21000.0,7.75
1.984897959604536e-06,2.3857450096631306e-06,1.3210494955277206e-06,2.729353740335794e-06,2.635659828266943e-06,1.8589396677723309e-06,1.3842498525959834e-06,1.034443624346369e-06,2.5867203919497727e-06,1.8616911075231004e-06,1.3705910600342917e-06,1.0783722750920433e-06,9.089683586313021e-07,2.7645893979044793e-06,2.57674964717483e-06,2.4861717861014813e-06,1.913357012219198e-06,1.304379828860278e-06,9.982860836362088e-07,6.103357197396119e-07,3.6863047747780003e-07,2.240434501301604e-07,2.3051462393384793e-06,2.635659828266943e-06,1.8589396677723309e-06,1.3842498525959834e-06,2.7256169479462336e-06,21000.0,8.0
1.991518849117428e-06,2.3910830549276205e-06,1.3283514593395228e-06,2.7617819233854522e-06,2.6313124695532823e-06,1.8699375503648395e-06,1.3946099235982622e-06,1.0409101073169076e-06,2.586644838310641e-06,1.8732130944017545e-06,1.3808524031885339e-06,1.0856067271114881e-06,9.134399308657893e-07,2.800029534660871e-06,2.590997778039557e-06,2.4921609877904855e-06,1.926240143242294e-06,1.3140081536586199e-06,1.0043103306563553e-06,6.12358114801031e-07,3.702578104249093e-07,2.2492540284952223e-07,2.3228045352533175e-06,2.6313124695532823e-06,1.8699375503648395e-06,1.3946099235982622e-06,2.7164165282285195e-06,21000.0,8.25
1.998691969706412e-06,2.3970515712098665e-06,1.3362194171379247e-06,2.797909082198577e-06,2.626707202560763e-06,1.881501277269693e-06,1.4058667598546967e-06,1.048100829550281e-06,2.5861046663766216e-06,1.8853149587437913e-06,1.3920173644206066e-06,1.0935585753356463e-06,9.186100299340842e-07,2.8388373366164894e-06,2.610174032382552e-06,2.4976441987271025e-06,1.9397654336642258e-06,1.3245384537640218e-06,1.01105315451809e-06,6.144355946588603e-07,3.720761501031798e-07,2.2585342970346023e-07,2.3411818970243632e-06,2.626707202560763e-06,1.881501277269693e-06,1.4058667598546967e-06,2.7082170218448603e-06,21000.0,8.5
2.006530696850055e-06,2.403899326890258e-06,1.3445818100420013e-06,2.8376483859609456e-06,2.6221590306919644e-06,1.8937099840773942e-06,1.417948005859745e-06,1.0559917273363793e-06,2.585383065371129e-06,1.898095269685585e-06,1.4040123188114275e-06,1.1021832324634064e-06,9.245449693280078e-07,2.8809693252921146e-06,2.634420785513986e-06,2.5027082658288607e-06,1.954044150040614e-06,1.3358603884541192e-06,1.0184625027797286e-06,6.16591361091438e-07,3.7412854862552266e-07,2.2684002442653958e-07,2.360383857325875e-06,2.6221590306919644e-06,1.8937099840773942e-06,1.417948005859745e-06,2.7015677490961225e-06,21000.0,8.75
2.0150641521273116e-06,2.411673967828356e-06,1.3534655900313768e-06,2.881108922467011e-06,2.6177496307347115e-06,1.9064918730436192e-06,1.430932936726818e-06,1.0646068134870437e-06,2.584556414920917e-06,1.9114757295767432e-06,1.41691818449756e-06,1.1115205623379027e-06,9.312179381763562e-07,2.9266036780300943e-06,2.6632302201341566e-06,2.507233166300051e-06,1.9689935924553325e-06,1.3480741829991986e-06,1.0265680217344201e-06,6.188580189098197e-07,3.764028745986996e-07,2.2789123639229385e-07,2.380262103003428e-06,2.6177496307347115e-06,1.9064918730436192e-06,1.430932936726818e-06,2.6966348588892027e-06,21000.0,9.0
2.024221395486146e-06,2.4202838273718066e-06,1.3628925250233665e-06,2.928541227937722e-06,2.613478943616048e-06,1.9197494511012555e-06,1.4448804487179908e-06,1.0739762514453286e-06,2.5834595317497963e-06,1.925328525201051e-06,1.4308017938673668e-06,1.1216151744088568e-06,9.386272326898261e-07,2.9760949384081067e-06,2.697087194723366e-06,2.510976759106938e-06,1.98443650746367e-06,1.3612607722026535e-06,1.035384898846212e-06,6.212271777666658e-07,3.7888606778166826e-07,2.2900104237444017e-07,2.4002913340290293e-06,2.613478943616048e-06,1.9197494511012555e-06,1.4448804487179908e-06,2.6939604718957833e-06,21000.0,9.25
2.033930842610205e-06,2.4296984941906477e-06,1.3727625766871258e-06,2.9796681752504968e-06,2.6094644808173267e-06,1.93327890370155e-06,1.459668769980808e-06,1.0840723820054974e-06,2.5821872051302733e-06,1.939415409110866e-06,1.4455529879444682e-06,1.1324454429758885e-06,9.466931252635588e-07,3.0291845214275126e-06,2.7353797774872908e-06,2.5138997209653486e-06,2.0000838649083336e-06,1.3753443068923934e-06,1.0449204595294008e-06,6.237421520034594e-07,3.815669273693956e-07,2.3015920745383996e-07,2.4200963226656645e-06,2.6094644808173267e-06,1.93327890370155e-06,1.459668769980808e-06,2.693635020610761e-06,21000.0,9.5
2.0966194937388773e-06,2.551269845397918e-06,1.36477304609345e-06,2.8923655315691825e-06,2.8694128709285674e-06,1.921314799387271e-06,1.4146549197248595e-06,1.064847089442731e-06,2.77646002661489e-06,1.921054719305515e-06,1.4006224447611267e-06,1.10594384685796e-06,9.475708387201986e-07,2.882119941537921e-06,2.861130644005513e-06,2.6282724756460465e-06,1.9696528610887953e-06,1.3332306050483139e-06,1.0280088854173756e-06,6.296772340344162e-07,3.787370493406682e-07,2.2916003034535479e-07,2.362014523535916e-06,2.8694128709285674e-06,1.921314799387271e-06,1.4146549197248595e-06,3.0388724311442614e-06,22000.0,6.0
2.1007444193173116e-06,2.554572475069436e-06,1.368780700763297e-06,2.901863049047066e-06,2.8693459253368716e-06,1.9281284842805744e-06,1.4201926132929685e-06,1.0673758385562408e-06,2.7802652464901617e-06,1.928143733349532e-06,1.4060841211182033e-06,1.1091060421332415e-06,9.4806140601462e-07,2.9023024252371857e-06,2.8523244865476583e-06,2.6339469540787632e-06,1.9772398999786664e-06,1.3382826361819953e-06,1.030558107812094e-06,6.30986959628477e-07,3.793293632736181e-07,2.2962397536529398e-07,2.372954633350242e-06,2.8693459253368716e-06,1.9281284842805744e-06,1.4201926132929685e-06,3.032067530718013e-06,22000.0,6.25
2.1056027238895557e-06,2.5586639457184755e-06,1.3734299010628621e-06,2.9153580592308915e-06,2.869625019341836e-06,1.9357680099170458e-06,1.426514374231212e-06,1.0705965429853716e-06,2.7844681381755175e-06,1.936075795580181e-06,1.4123257446723557e-06,1.1130105015019778e-06,9.490039013141904e-07,2.9250924219824846e-06,2.846325350560248e-06,2.6407016151545954e-06,1.985789569743693e-06,1.344092281642264e-06,1.0336175248298805e-06,6.325350833381246e-07,3.800841592146126e-07,2.3016321663255675e-07,2.385154110739307e-06,2.869625019341836e-06,1.9357680099170458e-06,1.426514374231212e-06,3.0257409403757438e-06,22000.0,6.5
2.110991908733655e-06,2.563302171138248e-06,1.3785520737193465e-06,2.9322277562542877e-06,2.869908982820371e-06,1.944156587114328e-06,1.4334460378676175e-06,1.0743239920407936e-06,2.788748378505141e-06,1.944773318020995e-06,1.4191718280333979e-06,1.1175133899887092e-06,9.503616985093507e-07,2.9499355397812064e-06,2.842831875344256e-06,2.6482795866628227e-06,1.9952522648748786e-06,1.3504752689301191e-06,1.0370900295046962e-06,6.342286317096803e-07,3.809841201017511e-07,2.3077813280316427e-07,2.3986246215372714e-06,2.869908982820371e-06,1.944156587114328e-06,1.4334460378676175e-06,3.0192376529624412e-06,22000.0,6.75
2.116818346959495e-06,2.56831161035664e-06,1.3841737223945913e-06,2.952257198495543e-06,2.8696953879634916e-06,1.953303888067784e-06,1.4410241052066207e-06,1.0784705943556545e-06,2.7927103582570326e-06,1.9542564547485767e-06,1.4266533642064739e-06,1.1224699562395362e-06,9.521635118940634e-07,2.976775446247839e-06,2.8427541903794553e-06,2.656309797863458e-06,2.0055984815374426e-06,1.3574421057783626e-06,1.041014725228229e-06,6.360185691144211e-07,3.8200501791678944e-07,2.3145750847427074e-07,2.413191094236898e-06,2.8696953879634916e-06,1.953303888067784e-06,1.4410241052066207e-06,3.012592429439485e-06,22000.0,7.0
2.1229235616843457e-06,2.573484725100387e-06,1.3902452297450477e-06,2.975383671109216e-06,2.8688179041040645e-06,1.962971860546502e-06,1.4492503764794742e-06,1.083115994033988e-06,2.796077984263858e-06,1.964293995263104e-06,1.4347790823193138e-06,1.1279891730125791e-06,9.544578556438084e-07,3.0057511790400656e-06,2.8446059623247754e-06,2.664387443922076e-06,2.0166091119899295e-06,1.3650215153831158e-06,1.0453129941564833e-06,6.378708164570072e-07,3.8312740253800845e-07,2.3218547131100233e-07,2.4285861596478284e-06,2.8688179041040645e-06,1.962971860546502e-06,1.4492503764794742e-06,3.0051208403354264e-06,22000.0,7.25
2.1292424065058745e-06,2.5788037703424708e-06,1.3966587732934456e-06,3.0014082349816915e-06,2.8671425579972866e-06,1.973024450100511e-06,1.4580284539372805e-06,1.0882389834814356e-06,2.7987903617792486e-06,1.974762404716335e-06,1.4434572746930979e-06,1.133970460584133e-06,9.572699736302935e-07,3.0367444372711033e-06,2.84936217890841e-06,2.672359703037735e-06,2.028190392597498e-06,1.373134888722313e-06,1.0500647182116734e-06,6.39803177218826e-07,3.8436564236743364e-07,2.32950696221154e-07,2.4447569111041803e-06,2.8671425579972866e-06,1.973024450100511e-06,1.4580284539372805e-06,2.997116324611491e-06,22000.0,7.5
2.1357920800067644e-06,2.5843165590650216e-06,1.4033818888161117e-06,3.0301204789642678e-06,2.8647263149907713e-06,1.9835113682989826e-06,1.467339836674666e-06,1.0937738195774654e-06,2.8008345106136525e-06,1.9857104477147817e-06,1.4526675932605134e-06,1.1403369574826508e-06,9.606475524295915e-07,3.0697019092789687e-06,2.857415378135323e-06,2.6800813012136656e-06,2.040362812373473e-06,1.3817577759239396e-06,1.055206876008323e-06,6.417705462009856e-07,3.8573932744203955e-07,2.3376614389461396e-07,2.461785226942869e-06,2.8647263149907713e-06,1.9835113682989826e-06,1.467339836674666e-06,2.9886651619830868e-06,22000.0,7.75
2.142653042109183e-06,2.5901182144849977e-06,1.41051375706529e-06,3.0618115285334126e-06,2.861590422555959e-06,1.994558075290032e-06,1.4773055054045571e-06,1.0998904693195621e-06,2.802156615478003e-06,1.997266273911044e-06,1.4625269298819846e-06,1.1472635072616685e-06,9.646401516560184e-07,3.105025999837677e-06,2.86925507763662e-06,2.6873976081069838e-06,2.05324420288394e-06,1.3909842616198164e-06,1.0609041715106553e-06,6.43766817783987e-07,3.8727847486581424e-07,2.3463150634837662e-07,2.4796800007644778e-06,2.861590422555959e-06,1.994558075290032e-06,1.4773055054045571e-06,2.980034995714133e-06,22000.0,8.0
2.149966345847004e-06,2.596392285296798e-06,1.41817107827371e-06,3.096969530131233e-06,2.858021710593454e-06,2.0061841868084497e-06,1.4880812854490454e-06,1.1066004286349588e-06,2.8028670754167033e-06,2.009429499421468e-06,1.4731974681316885e-06,1.1547453482125471e-06,9.693915296154237e-07,3.1433459751083233e-06,2.8853160228275893e-06,2.694224917813572e-06,2.0668046262916084e-06,1.4009961173450848e-06,1.0671998932891005e-06,6.45853918355364e-07,3.88953360751372e-07,2.3553222619201606e-07,2.498350617579816e-06,2.858021710593454e-06,2.0061841868084497e-06,1.4880812854490454e-06,2.9718126108113837e-06,22000.0,8.25
2.1578266183588473e-06,2.6033124428258602e-06,1.4263619242169016e-06,3.1358268520429777e-06,2.8541766457121205e-06,2.0183516735451647e-06,1.499728044445767e-06,1.1140582522119137e-06,2.8031172758107643e-06,2.0221695241763894e-06,1.4847458220314924e-06,1.1629589058753347e-06,9.748118633316866e-07,3.185014629442633e-06,2.9066062124530054e-06,2.7005416036739486e-06,2.0810377947708323e-06,1.411871583979097e-06,1.0741991007747174e-06,6.48045936417822e-07,3.9081577823847624e-07,2.3647983749743633e-07,2.5177538545413e-06,2.8541766457121205e-06,2.0183516735451647e-06,1.499728044445767e-06,2.9647475466325876e-06,22000.0,8.5
2.1663644886230707e-06,2.611121452497676e-06,1.435059121362398e-06,3.1783804445396194e-06,2.8503752012078987e-06,2.0311533282282104e-06,1.5122343146998632e-06,1.1221831683815663e-06,2.8031975967863514e-06,2.035576828175223e-06,1.4971538427834732e-06,1.1718408966573194e-06,9.809165005545914e-07,3.230082057533611e-06,2.932833296072699e-06,2.706408353853694e-06,2.0960097948462665e-06,1.4235614289223584e-06,1.081822796426285e-06,6.502810143863362e-07,3.929029006962848e-07,2.3748451355535249e-07,2.53798977450568e-06,2.8503752012078987e-06,2.0311533282282104e-06,1.5122343146998632e-06,2.9592296170221704e-06,22000.0,8.75
2.1756733385206363e-06,2.6199652694919512e-06,1.444320915441205e-06,3.2249473723350178e-06,2.8468413690832816e-06,2.044635082605494e-06,1.525690771426359e-06,1.1310849186982772e-06,2.803241464808669e-06,2.0497084166894214e-06,1.5105212751322282e-06,1.1814651143492756e-06,9.878944517820376e-07,3.2789755724509936e-06,2.963919676040924e-06,2.7118515182757235e-06,2.1117777708325367e-06,1.436178731166887e-06,1.0902031610354743e-06,6.526667728106255e-07,3.952179127018075e-07,2.385573476321118e-07,2.559049391484171e-06,2.8468413690832816e-06,2.044635082605494e-06,1.525690771426359e-06,2.9556517621345254e-06,22000.0,9.0
2.1857416681855384e-06,2.629836185042702e-06,1.4541755617115671e-06,3.2758285292160333e-06,2.8436573900513723e-06,2.0586763441527074e-06,1.5401728256486573e-06,1.1407571594595044e-06,2.803225247234499e-06,2.0643798652536137e-06,1.5249277426710418e-06,1.191889783315154e-06,9.955194161706881e-07,3.3320716131633445e-06,3.0003168929392403e-06,2.716622518351936e-06,2.1281024610295152e-06,1.4498369917377258e-06,1.0993135658391676e-06,6.551228948096786e-07,3.9775275395608776e-07,2.396931199410087e-07,2.5803924952105846e-06,2.8436573900513723e-06,2.0586763441527074e-06,1.5401728256486573e-06,2.9544081883399716e-06,22000.0,9.25
2.1965765649323105e-06,2.6408016079739174e-06,1.4645805901426973e-06,3.330935297506892e-06,2.8410147154574246e-06,2.0731678681503198e-06,1.5556132681550249e-06,1.1512423527433387e-06,2.8033169871266033e-06,2.07946676066915e-06,1.5403161627968088e-06,1.203142309165688e-06,1.0038800873761014e-06,3.3893039205635494e-06,3.041738249080223e-06,2.720827453361675e-06,2.1448336269417113e-06,1.4645072935381156e-06,1.1092154892328289e-06,6.577459786874444e-07,4.00508276924222e-07,2.408960676770193e-07,2.6017765275223016e-06,2.8410147154574246e-06,2.0731678681503198e-06,1.5556132681550249e-06,2.955989569193973e-06,22000.0,9.5
2.257023316652236e-06,2.759793924584381e-06,1.4550142141477742e-06,3.231028338538593e-06,3.101650833406797e-06,2.0581919069830217e-06,1.5082846126094719e-06,1.1305382586414611e-06,2.9965807090427977e-06,2.057815482176925e-06,1.4931281458761119e-06,1.1751626843116513e-06,1.0031820477584856e-06,3.2276412819777098e-06,3.161638375841459e-06,2.833421564398101e-06,2.110687472241721e-06,1.4203816199503965e-06,1.090729566946059e-06,6.634660341912141e-07,3.9753994131429745e-07,2.3984769451229455e-07,2.5374946821549903e-06,3.101650833406797e-06,2.0581919069830217e-06,1.5082846126094719e-06,3.3015839036983562e-06,23000.0,6.0
2.261206374559242e-06,2.7631739616710855e-06,1.4590509709780323e-06,3.2411204201201704e-06,3.1015015572888123e-06,2.0650901959042988e-06,1.5138812017937911e-06,1.1331339342942178e-06,3.0004555401866534e-06,2.0649776120979257e-06,1.4986473294404906e-06,1.1783611906080547e-06,1.0036904384341186e-06,3.2487673077519224e-06,3.1529618881843236e-06,2.839074007194453e-06,2.1183480191033998e-06,1.425486089881146e-06,1.0933001977744214e-06,6.647662938993692e-07,3.9812202885385624e-07,2.4029771968187914e-07,2.548616706925737e-06,3.1015015572888123e-06,2.0650901959042988e-06,1.5138812017937911e-06,3.2945472648575716e-06,23000.0,6.25
2.2663264279450415e-06,2.767598670209499e-06,1.4638448931181507e-06,3.255662412431548e-06,3.1019837217887086e-06,2.07299049677037e-06,1.5203602943744663e-06,1.1364505112360422e-06,3.004991079770271e-06,2.073174989544679e-06,1.5050433157246052e-06,1.1824104475119082e-06,1.0047679555168847e-06,3.272941884517782e-06,3.147512467942896e-06,2.846110862900388e-06,2.127187408870043e-06,1.4314365180882819e-06,1.0965275034325022e-06,6.663405716642867e-07,3.9889137969550745e-07,2.4083800593259486e-07,2.5613070706935815e-06,3.1019837217887086e-06,2.07299049677037e-06,1.5203602943744663e-06,3.288221337661303e-06,23000.0,6.5
2.272167720035416e-06,2.7728241086512524e-06,1.469213365813775e-06,3.2741729271109207e-06,3.1026896958933563e-06,2.081823858988708e-06,1.5275746777281152e-06,1.140371684603059e-06,3.0098228982507927e-06,2.082332061645911e-06,1.5121665384387178e-06,1.1871079562802367e-06,1.0063058389395362e-06,3.2996747542323094e-06,3.145216213226101e-06,2.8542304347141748e-06,2.137131304077002e-06,1.4380708736776854e-06,1.1002003396870002e-06,6.680880068299016e-07,3.9982070257363734e-07,2.4146574553068734e-07,2.5754758572486746e-06,3.1026896958933563e-06,2.081823858988708e-06,1.5275746777281152e-06,3.2822061835293424e-06,23000.0,6.75
2.2785828796105633e-06,2.7785985216040806e-06,1.4751683870430537e-06,3.296342709873617e-06,3.103097880549716e-06,2.0915199417838913e-06,1.5355394935182596e-06,1.1447598096930828e-06,3.0144886147440135e-06,2.092376728179465e-06,1.5200288156968577e-06,1.192326576175041e-06,1.00836297747602e-06,3.328934697057224e-06,3.146440690506328e-06,2.8629516913642557e-06,2.1480719711415882e-06,1.4453897692713671e-06,1.1043932385998247e-06,6.699549759605059e-07,4.0088568136093513e-07,2.4216621473768955e-07,2.5908772955693336e-06,3.103097880549716e-06,2.0915199417838913e-06,1.5355394935182596e-06,3.276258322001428e-06,23000.0,7.0
2.2854038415952084e-06,2.784708976798003e-06,1.481641965756037e-06,3.322000315868035e-06,3.102978874511042e-06,2.1018349594851837e-06,1.5442204251437578e-06,1.1497308502004892e-06,3.018728053194279e-06,2.1030776574549016e-06,1.5286028462768502e-06,1.1981632201322295e-06,1.0109742653388272e-06,3.360664151748086e-06,3.1497596611031652e-06,2.871895450103602e-06,2.159792050161382e-06,1.4533840403764111e-06,1.1090208990491965e-06,6.719271743992522e-07,4.0206924294089675e-07,2.4292112078443403e-07,2.6072715286928535e-06,3.102978874511042e-06,2.1018349594851837e-06,1.5442204251437578e-06,3.2696293998425107e-06,23000.0,7.25
2.2925252802907236e-06,2.7910774938686605e-06,1.4885047473499739e-06,3.3507825671488094e-06,3.1021751188228212e-06,2.1126281278342846e-06,1.5534953898783102e-06,1.1551957551262887e-06,3.022406052427074e-06,2.114296731167733e-06,1.5377692796146763e-06,1.2044943557653225e-06,1.014107067882179e-06,3.3946076432960244e-06,3.1562917609150314e-06,2.8808252492757855e-06,2.172148981496026e-06,1.4619521665600508e-06,1.1140973099022073e-06,6.739849095454527e-07,4.0338079501677583e-07,2.4372062284615986e-07,2.6245540347900164e-06,3.1021751188228212e-06,2.1126281278342846e-06,1.5534953898783102e-06,3.2625959133623897e-06,23000.0,7.5
2.2999113280565863e-06,2.7976881795069593e-06,1.495697256027136e-06,3.3824414572022998e-06,3.100656632756133e-06,2.1238785072089505e-06,1.5633246758807033e-06,1.1610889063210498e-06,3.025430428745442e-06,2.1260236182766685e-06,1.5474908984131573e-06,1.2112261305783779e-06,1.0178361837429107e-06,3.4306823136406887e-06,3.1662935705062833e-06,2.889524072738046e-06,2.1851644035054123e-06,1.4710491124492036e-06,1.1195954651338837e-06,6.760734342359729e-07,4.048278047901908e-07,2.4456931319209444e-07,2.642738220802186e-06,3.100656632756133e-06,2.1238785072089505e-06,1.5633246758807033e-06,3.2552307880230394e-06,23000.0,7.75
2.3076109613605684e-06,2.8046100874053972e-06,1.5032807808175607e-06,3.4172392760111006e-06,3.09845612254766e-06,2.135686744405318e-06,1.5738362570778504e-06,1.1675491633320024e-06,3.0277287654338603e-06,2.1383612793109593e-06,1.5578859059012144e-06,1.218499103221182e-06,1.0221633481730024e-06,3.469282708019521e-06,3.1802278968833974e-06,2.897843839182943e-06,2.198878179687818e-06,1.480767728537113e-06,1.1256253041860567e-06,6.782345216803679e-07,4.064166928133613e-07,2.4547286949944405e-07,2.6617887201972776e-06,3.09845612254766e-06,2.135686744405318e-06,1.5738362570778504e-06,3.247830233037742e-06,23000.0,8.0
2.3157508425058177e-06,2.811997984588843e-06,1.5113762131935026e-06,3.455560240937893e-06,3.0957955614430943e-06,2.1480342451579276e-06,1.5851354007468592e-06,1.1746138440386495e-06,3.0293882901333376e-06,2.1512807323509144e-06,1.5690706883114116e-06,1.2263499035131915e-06,1.0272427116121674e-06,3.510922365482268e-06,3.19854547746347e-06,2.9056278952063786e-06,2.21326143047903e-06,1.4912483832920109e-06,1.1322964513506478e-06,6.804123221716586e-07,4.081791978216727e-07,2.4640604927036917e-07,2.6816036958692225e-06,3.0957955614430943e-06,2.1480342451579276e-06,1.5851354007468592e-06,3.240901014216973e-06,23000.0,8.25
2.324428986102578e-06,2.820037871375733e-06,1.5199759400126337e-06,3.497556608525032e-06,3.092875355360056e-06,2.1609114305788493e-06,1.5972560731943898e-06,1.1823997095524146e-06,3.0305868113544295e-06,2.1647511797162977e-06,1.5810850087450902e-06,1.2349045388367933e-06,1.032954481969749e-06,3.555860775683615e-06,3.222181146744418e-06,2.9129153299305217e-06,2.22826003774738e-06,1.5025568765217446e-06,1.1395961407873136e-06,6.826908237435426e-07,4.101054395901204e-07,2.473853977236492e-07,2.7021801769924272e-06,3.092875355360056e-06,2.1609114305788493e-06,1.5972560731943898e-06,3.2351730272545483e-06,23000.0,8.5
2.333805808513433e-06,2.828989560367674e-06,1.5291092836782894e-06,3.5434309769522526e-06,3.089980823082579e-06,2.1744217821489807e-06,1.6103023586741746e-06,1.1908433675126906e-06,3.03160090847576e-06,2.1789123421348355e-06,1.5940230916580568e-06,1.2441164170709759e-06,1.0393455274215863e-06,3.6044080963916976e-06,3.2508794130234677e-06,2.9197127707245678e-06,2.2440590973966172e-06,1.5147331373529496e-06,1.1475288603649546e-06,6.850756933890397e-07,4.1225288366050806e-07,2.484224648627813e-07,2.7236000416857038e-06,3.089980823082579e-06,2.1744217821489807e-06,1.6103023586741746e-06,3.231028260922436e-06,23000.0,8.75
2.3439787163044023e-06,2.839034626816333e-06,1.5387883419064074e-06,3.5934446398350246e-06,3.087459387239051e-06,2.1886731185669306e-06,1.624269606900002e-06,1.2000616507957715e-06,3.0326236147456786e-06,2.193822156556229e-06,1.6078922037214295e-06,1.2540774621646617e-06,1.0465766900868423e-06,3.6568973566424578e-06,3.284660405734591e-06,2.926101540757249e-06,2.2606607613322797e-06,1.5278252170592238e-06,1.1562242776069924e-06,6.875770906773947e-07,4.146268359125562e-07,2.495258986186142e-07,2.7458538576122723e-06,3.087459387239051e-06,2.1886731185669306e-06,1.624269606900002e-06,3.229014142360251e-06,23000.0,9.0
2.354997280980031e-06,2.8502385613099284e-06,1.5490805658893743e-06,3.648032918337366e-06,3.0854260774061593e-06,2.2034811640754647e-06,1.6393051660992793e-06,1.2100654068890995e-06,3.033743969316647e-06,2.2093061283579845e-06,1.6228417185014042e-06,1.2648706848269484e-06,1.054421769057251e-06,3.7138531214242104e-06,3.32386448759526e-06,2.931919583451243e-06,2.277866033777468e-06,1.541984556094002e-06,1.1656414278859507e-06,6.901979781162946e-07,4.1722604382789496e-07,2.5069732492483983e-07,2.7685248463784996e-06,3.0854260774061593e-06,2.2034811640754647e-06,1.6393051660992793e-06,3.2294122673962374e-06,23000.0,9.25
2.3669515517271702e-06,2.8627618408525162e-06,1.5600138131257212e-06,3.7072784754751148e-06,3.0841938457753495e-06,2.218886814523376e-06,1.655437343256727e-06,1.2209743490550915e-06,3.0351933146231044e-06,2.2253784058971445e-06,1.6389100919927567e-06,1.27655203645456e-06,1.0632004758203073e-06,3.7753899548216216e-06,3.3685201809960565e-06,2.937405383826108e-06,2.295678444017316e-06,1.5572299227778354e-06,1.1759334294119694e-06,6.930820581169948e-07,4.2006200221114094e-07,2.519444653225047e-07,2.7914574287994484e-06,3.0841938457753495e-06,2.218886814523376e-06,1.655437343256727e-06,3.233064429561574e-06,23000.0,9.5
2.4252786240518544e-06,2.9792859006382106e-06,1.5488938634387745e-06,3.5936172308403946e-06,3.3459588159690718e-06,2.2011255012185473e-06,1.6056953756500686e-06,1.1987068309011188e-06,3.2278801032329908e-06,2.200595936565408e-06,1.5893596890973147e-06,1.2470090150363662e-06,1.0608089062473895e-06,3.5979463771215953e-06,3.48128500419334e-06,3.0487927088588344e-06,2.2579978105298963e-06,1.5109978312542925e-06,1.1557717829246048e-06,6.984254684421057e-07,4.1692297817295556e-07,2.508232982637713e-07,2.721225980901665e-06,3.3459588159690718e-06,2.2011255012185473e-06,1.6056953756500686e-06,3.578720823598472e-06,24000.0,6.0
2.4294731553519027e-06,2.9826729359549725e-06,1.5529399717966856e-06,3.604178393785346e-06,3.3456563354052427e-06,2.208053672423308e-06,1.6113234214683818e-06,1.201329242269993e-06,3.2317405029614197e-06,2.2077997711705153e-06,1.594909573273572e-06,1.2502415718408933e-06,1.0613508711119296e-06,3.619900277742678e-06,3.4732411190425374e-06,3.054373811425944e-06,2.2657109663444095e-06,1.5161281506571125e-06,1.1584009233953328e-06,6.996893857557246e-07,4.1749168403844136e-07,2.512594561846268e-07,2.7325155481227776e-06,3.3456563354052427e-06,2.208053672423308e-06,1.6113234214683818e-06,3.571476920893197e-06,24000.0,6.25
2.4348480879760166e-06,2.987440974070751e-06,1.5578545737685518e-06,3.61976037754825e-06,3.3463217109978635e-06,2.2162006142256428e-06,1.617947105561739e-06,1.2047507301719908e-06,3.2366119321199154e-06,2.2162568356551115e-06,1.6014466042481545e-06,1.2543960372731691e-06,1.062534836605642e-06,3.645438177328254e-06,3.468548283028047e-06,3.061684179531662e-06,2.274829841645214e-06,1.5222056657785672e-06,1.161746381897924e-06,7.012761965214643e-07,4.1827197736283913e-07,2.5180161444413076e-07,2.7456798682871756e-06,3.3463217109978635e-06,2.2162006142256428e-06,1.617947105561739e-06,3.565289634517931e-06,24000.0,6.5
2.4411586325855093e-06,2.9932746666566767e-06,1.563487043510365e-06,3.640016304203181e-06,3.3474428249673165e-06,2.225487456581811e-06,1.6254596373092917e-06,1.2088761887389943e-06,3.2419987546191734e-06,2.2258826128592973e-06,1.6088620358172942e-06,1.2593017554179657e-06,1.064295476855876e-06,3.6741784036075196e-06,3.467198621394523e-06,3.0703054774647533e-06,2.2852652540798666e-06,1.5291065163815204e-06,1.1656547679955143e-06,7.030676065779386e-07,4.1923459902958526e-07,2.5244532680186497e-07,2.7605569652801247e-06,3.3474428249673165e-06,2.225487456581811e-06,1.6254596373092917e-06,3.5596706003499314e-06,24000.0,6.75
2.44822243337971e-06,2.999898782276952e-06,1.5698071513431826e-06,3.6645190717570493e-06,3.348534121641771e-06,2.235774213173172e-06,1.6338441803934833e-06,1.2135448931609655e-06,3.247455265824747e-06,2.236530060776361e-06,1.6171389105177432e-06,1.2648094773442356e-06,1.0666410261588206e-06,3.706012901273905e-06,3.469673477982547e-06,3.079772100926355e-06,2.296844431363215e-06,1.5368090803683142e-06,1.1701287148813818e-06,7.050430219081179e-07,4.203468604574485e-07,2.5316950725068347e-07,2.776861390868976e-06,3.348534121641771e-06,2.235774213173172e-06,1.6338441803934833e-06,3.55436911788037e-06,24000.0,7.0
2.455828180562787e-06,3.0070387939746857e-06,1.5767188844462265e-06,3.692886704581162e-06,3.3492583024001905e-06,2.246802749986054e-06,1.6430181295523256e-06,1.218848376843003e-06,3.2526593546210432e-06,2.2479588660009758e-06,1.626198163380583e-06,1.270993143468094e-06,1.0695539995557461e-06,3.740720224193666e-06,3.474660823552377e-06,3.0896626620046452e-06,2.309325307040357e-06,1.5452547311031126e-06,1.1750853119002958e-06,7.071230844566007e-07,4.215977287031446e-07,2.5395705848418134e-07,2.7943227091363886e-06,3.3492583024001905e-06,2.246802749986054e-06,1.6430181295523256e-06,3.548794166530676e-06,24000.0,7.25
2.4638414396429654e-06,3.0145817765294005e-06,1.5840747894951496e-06,3.724766015263419e-06,3.349439385232815e-06,2.258402724834613e-06,1.652853203534672e-06,1.224681855011681e-06,3.257407270848941e-06,2.260007117070436e-06,1.6359160503544408e-06,1.277702422344111e-06,1.0730329314958227e-06,3.777965614315354e-06,3.483185084497946e-06,3.0996368705224707e-06,2.322555513993277e-06,1.5543349714194283e-06,1.180520796307533e-06,7.093284221037193e-07,4.2299121557818963e-07,2.5479835691660527e-07,2.812805582379826e-06,3.349439385232815e-06,2.258402724834613e-06,1.652853203534672e-06,3.5429439026446753e-06,24000.0,7.5
2.472220179453687e-06,3.0225031773646903e-06,1.5918245431264315e-06,3.7598230295763525e-06,3.3490071389926797e-06,2.27054799118296e-06,1.6633058335955498e-06,1.2310139566776513e-06,3.261619215131477e-06,2.272651145322333e-06,1.646251534140748e-06,1.2848888082006522e-06,1.0771420965357992e-06,3.817644570720694e-06,3.4955297800636434e-06,3.109496441117345e-06,2.3365381216988895e-06,1.5640006673034984e-06,1.1864620659393844e-06,7.115882236734748e-07,4.245296075712724e-07,2.556928855788158e-07,2.832325695404747e-06,3.3490071389926797e-06,2.27054799118296e-06,1.6633058335955498e-06,3.536973103590438e-06,24000.0,7.75
2.48095141423045e-06,3.0307962242394873e-06,1.5999790966043268e-06,3.7982667019166874e-06,3.347981650748169e-06,2.283261557359565e-06,1.6744736300339227e-06,1.2379118648117992e-06,3.265131726440201e-06,2.2859217017108765e-06,1.657293265671331e-06,1.2926125886271068e-06,1.0818973496457654e-06,3.8600636954450496e-06,3.5120242639635076e-06,3.1190218936209148e-06,2.3512373365696038e-06,1.5743207595976676e-06,1.192921074453623e-06,7.138996517845922e-07,4.262158184005829e-07,2.5664651922247647e-07,2.852733668201342e-06,3.347981650748169e-06,2.283261557359565e-06,1.6744736300339227e-06,3.5311278676397847e-06,24000.0,8.0
2.4901162371746095e-06,3.0395613432451785e-06,1.6086231499549434e-06,3.840317471433523e-06,3.346512948519095e-06,2.296491979654816e-06,1.686411269609982e-06,1.245419755105754e-06,3.2679953659148963e-06,2.2997542646997285e-06,1.6691083134479149e-06,1.300910184757369e-06,1.0873768738916837e-06,3.905599811650838e-06,3.5331031066406908e-06,3.128013099620293e-06,2.3665801553223914e-06,1.5853875917421193e-06,1.1999995487678519e-06,7.162437918684755e-07,4.2807106348916035e-07,2.576272668337052e-07,2.8739190394099117e-06,3.346512948519095e-06,2.296491979654816e-06,1.686411269609982e-06,3.525846661729134e-06,24000.0,8.25
2.4998242595092326e-06,3.049001564652582e-06,1.6177607945754613e-06,3.886025729140836e-06,3.3448248816824245e-06,2.310254404365034e-06,1.6991544417402689e-06,1.2536167310896872e-06,3.270404962125773e-06,2.314145647781699e-06,1.6817308487044102e-06,1.3099134703459671e-06,1.0934441941513377e-06,3.9544339388880444e-06,3.5595203159097304e-06,3.136466415997992e-06,2.3825705143758516e-06,1.597257429436725e-06,1.2077056682971823e-06,7.18714911215651e-07,4.300910797258203e-07,2.586541576447905e-07,2.8958687066206556e-06,3.3448248816824245e-06,2.310254404365034e-06,1.6991544417402689e-06,3.521814987070577e-06,24000.0,8.5
2.5102165919558604e-06,3.059332492149125e-06,1.6274263314985898e-06,3.935801052522062e-06,3.343080996963946e-06,2.324623986704167e-06,1.7128509188456093e-06,1.2624714178400032e-06,3.272577361270436e-06,2.3292039670720967e-06,1.6953111537192532e-06,1.3195516521773018e-06,1.100193059650159e-06,4.007023979381625e-06,3.5912112666555103e-06,3.1443862666196057e-06,2.3993309888092585e-06,1.6100258901847022e-06,1.216041872477555e-06,7.212285300235111e-07,4.32326780086642e-07,2.5973768387645266e-07,2.9186565844997606e-06,3.343080996963946e-06,2.324623986704167e-06,1.7128509188456093e-06,3.5194164779621084e-06,24000.0,8.75
2.521421162210185e-06,3.0708015601701647e-06,1.6376271845875933e-06,3.989780412029234e-06,3.341805399411692e-06,2.339734447918829e-06,1.727446517393806e-06,1.2720980878971663e-06,3.2747866187721505e-06,2.3450187419558285e-06,1.7097979302354388e-06,1.3299345442166373e-06,1.1077983936545329e-06,4.063641660318545e-06,3.628048595880987e-06,3.1518815188875325e-06,2.416893229238365e-06,1.623686755778332e-06,1.2251418484994597e-06,7.238964822240377e-07,4.347858887321434e-07,2.608875879172401e-07,2.942256636344085e-06,3.341805399411692e-06,2.339734447918829e-06,1.727446517393806e-06,3.5192346196058768e-06,24000.0,9.0
2.533559978215668e-06,3.0835643996554626e-06,1.648460516765412e-06,4.048559005601588e-06,3.3411530580731375e-06,2.3554579180984762e-06,1.7431483876147002e-06,1.2825307124577188e-06,3.2772449942583485e-06,2.361458164771863e-06,1.725402327543988e-06,1.3411790944043936e-06,1.1160087955056194e-06,4.124944443169118e-06,3.670619802782529e-06,3.1589471666763344e-06,2.435133034761935e-06,1.6384477158748514e-06,1.2349699631568227e-06,7.267154923823427e-07,4.374776303323307e-07,2.621096451753953e-07,2.966440928050037e-06,3.3411530580731375e-06,2.3554579180984762e-06,1.7431483876147002e-06,3.5217254866126543e-06,24000.0,9.25
2.5467466541805613e-06,3.0978176006264043e-06,1.6599619783888245e-06,4.1122772157250835e-06,3.3415323413710233e-06,2.371855909825764e-06,1.7599809902959672e-06,1.2938838404821782e-06,3.2802205008798726e-06,2.3785588147156686e-06,1.742158264540978e-06,1.3533272336704111e-06,1.1251660280307315e-06,4.191121180748168e-06,3.7188620946284934e-06,3.165829238064756e-06,2.454045541723042e-06,1.654323518986492e-06,1.2456946858192391e-06,7.297752167054498e-07,4.404124775882783e-07,2.634116285218361e-07,2.990965692125817e-06,3.3415323413710233e-06,2.371855909825764e-06,1.7599809902959672e-06,3.527737640620287e-06,24000.0,9.5
2.6029478744940247e-06,3.211808313297116e-06,1.6472852003273939e-06,3.98393214535504e-06,3.604520167070591e-06,2.3514610153955318e-06,1.7077800823429572e-06,1.2699632961206947e-06,3.4724532478670137e-06,2.3507575255630334e-06,1.6901974688864095e-06,1.32214893354946e-06,1.1210337295565248e-06,3.996938684616613e-06,3.823871018397075e-06,3.2763509899923805e-06,2.4129643241049124e-06,1.605903002086101e-06,1.2237885750761375e-06,7.348139672961673e-07,4.3704675575724115e-07,2.621743233003296e-07,2.9149020358543857e-06,3.604520167070591e-06,2.3514610153955318e-06,1.7077800823429572e-06,3.87306565372997e-06,25000.0,6.0
2.6070832997979657e-06,3.215113210779879e-06,1.6512909754459814e-06,3.994744788348139e-06,3.6039550577880096e-06,2.358327184056231e-06,1.713389390463165e-06,1.272585155237393e-06,3.4762269535233106e-06,2.357930487550399e-06,1.6957285569552016e-06,1.3253605534299374e-06,1.1215709653578323e-06,4.019501813827726e-06,3.815728778898641e-06,3.2817769144916713e-06,2.4206653599772543e-06,1.6110148245407716e-06,1.2264248491703034e-06,7.360613182024374e-07,4.375952199770302e-07,2.6259711833140033e-07,2.9262876627679783e-06,3.6039550577880096e-06,2.358327184056231e-06,1.713389390463165e-06,3.865261793435565e-06,25000.0,6.25
2.6126973845227703e-06,3.220194956225037e-06,1.6563252148365932e-06,4.011371049946369e-06,3.604742074691447e-06,2.366714531176877e-06,1.7201611449988737e-06,1.2761080448532672e-06,3.4813777221730485e-06,2.36664498701323e-06,1.7024102567762887e-06,1.3296152437731895e-06,1.122870252313161e-06,4.046405269810492e-06,3.8119858640941935e-06,3.289281485096572e-06,2.4300589664556735e-06,1.6172202939774104e-06,1.2298780894014687e-06,7.376512669523095e-07,4.383862456018516e-07,2.631426587248861e-07,2.939893633845104e-06,3.604742074691447e-06,2.366714531176877e-06,1.7201611449988737e-06,3.859219646044785e-06,25000.0,6.5
2.619526814278861e-06,3.2266925467909156e-06,1.662262032881983e-06,4.033527812944842e-06,3.6063202181372824e-06,2.376504738210195e-06,1.7280071528399013e-06,1.280443311553636e-06,3.487378459779142e-06,2.3767843686802093e-06,1.7101523583265944e-06,1.3347445218436748e-06,1.1248329579114297e-06,4.07734920147968e-06,3.8115992518393893e-06,3.298452104596433e-06,2.4410192116084152e-06,1.624417879489381e-06,1.2340112056804136e-06,7.395064722482541e-07,4.393836902528852e-07,2.6380500924221757e-07,2.955525210300331e-06,3.6063202181372824e-06,2.376504738210195e-06,1.7280071528399013e-06,3.853986818110733e-06,25000.0,6.75
2.627250589623552e-06,3.2341949964779527e-06,1.668945888000805e-06,4.060490010139277e-06,3.6080643276537876e-06,2.3873808870328768e-06,1.736824356890327e-06,1.2854388912782615e-06,3.493642921190333e-06,2.388037376195031e-06,1.718856026908858e-06,1.3405803434335865e-06,1.127459573233235e-06,4.111907780864049e-06,3.815659628920635e-06,3.3086772286964603e-06,2.4532463379770977e-06,1.632518588762974e-06,1.2387584554577399e-06,7.415517936224098e-07,4.405512674747048e-07,2.6455849872077987e-07,2.9727534725742743e-06,3.6080643276537876e-06,2.3873808870328768e-06,1.736824356890327e-06,3.849628626774356e-06,25000.0,7.0
2.6357366563749396e-06,3.2425085037512914e-06,1.6763374207920175e-06,4.091866813721199e-06,3.6097749327315903e-06,2.3991730937265213e-06,1.7465405263768187e-06,1.2910883891143456e-06,3.4999301776922625e-06,2.40024840207109e-06,1.7284501182121112e-06,1.3471313509475624e-06,1.1307329688748404e-06,4.149858789920016e-06,3.822717607893349e-06,3.3195690601706474e-06,2.4665483311959248e-06,1.6414643342229724e-06,1.244123976452233e-06,7.437976537345755e-07,4.418799757165602e-07,2.653859368508174e-07,2.991368581836788e-06,3.6097749327315903e-06,2.3991730937265213e-06,1.7465405263768187e-06,3.845258778041622e-06,25000.0,7.25
2.644785228262582e-06,3.251419157778647e-06,1.6842668338653134e-06,4.127233319447192e-06,3.611132382769591e-06,2.411701349895261e-06,1.757022926621052e-06,1.297329795365861e-06,3.505942859997219e-06,2.4132497147610593e-06,1.7388060423593777e-06,1.3542811553550695e-06,1.1345925537844288e-06,4.190806444555547e-06,3.833541724251329e-06,3.3307317717633286e-06,2.480776394058813e-06,1.6511371570327115e-06,1.2499684409407287e-06,7.461545196527014e-07,4.433697741224295e-07,2.6627816204621494e-07,3.0112234896665442e-06,3.611132382769591e-06,2.411701349895261e-06,1.757022926621052e-06,3.840778426908019e-06,25000.0,7.5
2.6543191716654925e-06,3.2608707006979823e-06,1.6926644906779915e-06,4.166197708965626e-06,3.61204570175332e-06,2.4248784211128123e-06,1.7682164958604714e-06,1.3041793154004793e-06,3.5115440244509173e-06,2.4269552305330012e-06,1.7498691969621412e-06,1.3619912674768465e-06,1.1391770815092369e-06,4.234602819027434e-06,3.84856680754149e-06,3.3419313402921437e-06,2.495845708995748e-06,1.6614752247600795e-06,1.256396171655115e-06,7.486151048595314e-07,4.4501748416772293e-07,2.672306148851145e-07,3.0322291494416503e-06,3.61204570175332e-06,2.4248784211128123e-06,1.7682164958604714e-06,3.836524437642159e-06,25000.0,7.75
2.6642718786895546e-06,3.2707778488755184e-06,1.7015190334183303e-06,4.20881647390205e-06,3.612450260117065e-06,2.438625115693635e-06,1.7801357780861419e-06,1.3115995744618667e-06,3.5165032046854185e-06,2.441278554533963e-06,1.7616583049027511e-06,1.3702437450486023e-06,1.1444208426053696e-06,4.281404839957679e-06,3.868052826779835e-06,3.352821684173978e-06,2.5116701786704986e-06,1.6725023788085493e-06,1.263401588033332e-06,7.511257000167349e-07,4.4681754979588606e-07,2.682492939276057e-07,3.054155091698582e-06,3.612450260117065e-06,2.438625115693635e-06,1.7801357780861419e-06,3.83258832087705e-06,25000.0,8.0
2.6747060296220993e-06,3.2812506107032627e-06,1.7108511795923806e-06,4.2553086386285085e-06,3.6124890820776565e-06,2.452959223083112e-06,1.7928890766970662e-06,1.3196716283772499e-06,3.5208765931087837e-06,2.4562516609430404e-06,1.7742742563541183e-06,1.3791362006833562e-06,1.150379361880875e-06,4.331556765768725e-06,3.892480681655718e-06,3.3633007005050883e-06,2.52822017567203e-06,1.6843132245573443e-06,1.2710059789286972e-06,7.536853014022567e-07,4.4880824988171917e-07,2.692983159008278e-07,3.076975094075831e-06,3.6124890820776565e-06,2.452959223083112e-06,1.7928890766970662e-06,3.829399195025442e-06,25000.0,8.25
2.6857114006283204e-06,3.292437402442519e-06,1.7206848143689924e-06,4.305515150848924e-06,3.6123628893609164e-06,2.467819322548485e-06,1.8064329048224731e-06,1.3284034971533502e-06,3.524831016838558e-06,2.4717867405007307e-06,1.787686313660948e-06,1.3886808056150415e-06,1.156947037886231e-06,4.3850607671470765e-06,3.922434423210583e-06,3.373242990667011e-06,2.5454099744669407e-06,1.6969089380695738e-06,1.2792539235170037e-06,7.563749964795017e-07,4.5095681668219785e-07,2.703933287947875e-07,3.100573458132458e-06,3.6123628893609164e-06,2.467819322548485e-06,1.8064329048224731e-06,3.8276353716319875e-06,25000.0,8.5
2.697410304617406e-06,3.304542304496512e-06,1.7310493580423198e-06,4.359871255200378e-06,3.6122743987271674e-06,2.483273766305267e-06,1.8209379134428026e-06,1.3378242400180316e-06,3.528550761482123e-06,2.487964048832954e-06,1.8020645216224979e-06,1.3989168305764564e-06,1.1641970246792578e-06,4.442406037528357e-06,3.957752415548769e-06,3.3826314976763425e-06,2.563354553333603e-06,1.7104317228288207e-06,1.2880973474723534e-06,7.591304053501151e-07,4.533201799919755e-07,2.715461948035862e-07,3.124998883620293e-06,3.6122743987271674e-06,2.483273766305267e-06,1.8209379134428026e-06,3.827583660001394e-06,25000.0,8.75
2.7099063971253646e-06,3.317775272326511e-06,1.7419315333692498e-06,4.4185978411761376e-06,3.6125844139736047e-06,2.4994403520908866e-06,1.8363441866500183e-06,1.347977998911141e-06,3.532276591985955e-06,2.5048930070910697e-06,1.8173479330072058e-06,1.4098605376185155e-06,1.1722262566987835e-06,4.50395524445327e-06,3.998313759885504e-06,3.3915255983207904e-06,2.5821007218311936e-06,1.724815985436174e-06,1.297721168620191e-06,7.619864690087428e-07,4.5590539280722443e-07,2.727650942479748e-07,3.1502007874944173e-06,3.6125844139736047e-06,2.4994403520908866e-06,1.8363441866500183e-06,3.82969979945357e-06,25000.0,9.0
2.7234146755229336e-06,3.332429136737004e-06,1.753452709639886e-06,4.482274709857208e-06,3.6136837049942994e-06,2.516296042581688e-06,1.8528495979997607e-06,1.3589588466023446e-06,3.5363904256252624e-06,2.522481973941595e-06,1.8337440449320128e-06,1.4216801200870783e-06,1.180907281291572e-06,4.570330567500985e-06,4.044863387944953e-06,3.4001055489055753e-06,2.601554334833086e-06,1.740327671133311e-06,1.308077531535991e-06,7.650820557397635e-07,4.5872744734565147e-07,2.7405924664694087e-07,3.176103077933226e-06,3.6136837049942994e-06,2.516296042581688e-06,1.8528495979997607e-06,3.834752502262751e-06,25000.0,9.25
2.7380828920213942e-06,3.348743778711642e-06,1.765671322125194e-06,4.551157702510517e-06,3.6160490714789285e-06,2.5338633737479818e-06,1.870543771930119e-06,1.370876928937252e-06,3.5412178443135466e-06,2.540791800718564e-06,1.8513475297692714e-06,1.434427332689254e-06,1.1905333457628904e-06,4.641853903488118e-06,4.097324659396087e-06,3.408698381614374e-06,2.6217675828016476e-06,1.756986814854982e-06,1.3193308595494085e-06,7.684341809313619e-07,4.6180173807985257e-07,2.7543740464314777e-07,3.2024404470399587e-06,3.6160490714789285e-06,2.5338633737479818e-06,1.870543771930119e-06,3.843640024204822e-06,25000.0,9.5
2.800522702648957e-06,3.4713098068492614e-06,1.755601894935811e-06,4.425535249528714e-06,3.8930771429145825e-06,2.5178349741831915e-06,1.8202065359916994e-06,1.3480808356794834e-06,3.745140968146808e-06,2.5169584303837843e-06,1.8012315724239774e-06,1.4045292420817692e-06,1.1869831822028216e-06,4.448647147940889e-06,4.209391003803533e-06,3.529878461336344e-06,2.584613900324057e-06,1.710314828185359e-06,1.2983227991757455e-06,7.74458674471991e-07,4.562114760792338e-07,2.73160077178106e-07,3.1300937660442976e-06,3.8930771429145825e-06,2.5178349741831915e-06,1.8202065359916994e-06,4.2019299108642e-06,26000.0,6.0
2.804256217090198e-06,3.474056490938149e-06,1.7594252592104187e-06,4.4357917801886175e-06,3.8916505758578465e-06,2.5243945255427265e-06,1.8256503132358538e-06,1.3506142812989648e-06,3.7482941443801455e-06,2.5238423863702695e-06,1.8066006714641472e-06,1.4076533489775284e-06,1.1874238750779007e-06,4.471114640972022e-06,4.2008772459105615e-06,3.5346264580021117e-06,2.5920243893335063e-06,1.7152796156853818e-06,1.3008812874175117e-06,7.756279336892138e-07,4.5692405482966123e-07,2.734045846340403e-07,3.1411943732631603e-06,3.8916505758578465e-06,2.5243945255427265e-06,1.8256503132358538e-06,4.193140657802639e-06,26000.0,6.25
2.8095327208309635e-06,3.478683409131933e-06,1.7642999545274932e-06,4.452334711039911e-06,3.891622490673156e-06,2.532549583646899e-06,1.8322838477156717e-06,1.3540523434637579e-06,3.7528915397790027e-06,2.532340825298506e-06,1.813145621573519e-06,1.4118225926677235e-06,1.1886762994242217e-06,4.498195186333763e-06,4.19666725759994e-06,3.5415720980207145e-06,2.601201007222227e-06,1.7213541833030157e-06,1.304254779973724e-06,7.771501349699855e-07,4.5790895722350106e-07,2.737695468364724e-07,3.1546347736619114e-06,3.891622490673156e-06,2.532549583646899e-06,1.8322838477156717e-06,4.186248993787053e-06,26000.0,6.5
2.816000571903577e-06,3.4846932951256135e-06,1.7700636584014827e-06,4.474552244919902e-06,3.892310886951629e-06,2.5420955130704993e-06,1.8399992685260687e-06,1.3582829052067386e-06,3.7582528128605533e-06,2.542244211984867e-06,1.820758113866439e-06,1.4168152118957237e-06,1.1905711306936666e-06,4.529481642566207e-06,4.195862394166207e-06,3.5501209354189577e-06,2.611927641641762e-06,1.728426931055417e-06,1.308336448188452e-06,7.789294352268391e-07,4.5912772548626654e-07,2.742496437154488e-07,3.170056490745851e-06,3.892310886951629e-06,2.5420955130704993e-06,1.8399992685260687e-06,4.1800821377043866e-06,26000.0,6.75
2.8233784016274467e-06,3.4917260201955485e-06,1.7766079098999323e-06,4.5018151069943855e-06,3.893212589884465e-06,2.552714969978639e-06,1.8487002497142691e-06,1.363234203756659e-06,3.763866427605386e-06,2.553272245375329e-06,1.8293463255748455e-06,1.4226117996727873e-06,1.1932196265330509e-06,4.5645492974070956e-06,4.199457735687299e-06,3.5597117747432372e-06,2.623921141196351e-06,1.7364164426545468e-06,1.3130716983132961e-06,7.808915779500317e-07,4.605156871609283e-07,2.748141514704793e-07,3.187067577756856e-06,3.893212589884465e-06,2.552714969978639e-06,1.8487002497142691e-06,4.174746101654635e-06,26000.0,7.0
2.8314547364861927e-06,3.499512511459421e-06,1.7837864611730377e-06,4.533378432228725e-06,3.893988403828153e-06,2.564192603638138e-06,1.8582446614798532e-06,1.3687692217002116e-06,3.769450570610399e-06,2.5651968107374558e-06,1.8387708911310881e-06,1.4290352075810086e-06,1.1964274390929557e-06,4.6029124900294825e-06,4.206051200399499e-06,3.5699392103658963e-06,2.636937096635908e-06,1.7452038797502379e-06,1.3183315399980902e-06,7.830335874108379e-07,4.6206105065560355e-07,2.754447678244701e-07,3.2054448532992803e-06,3.893988403828153e-06,2.564192603638138e-06,1.8582446614798532e-06,4.169515290593832e-06,26000.0,7.25
2.84006305401405e-06,3.507858900705273e-06,1.7914758146428102e-06,4.568991858397444e-06,3.894394186897117e-06,2.576374195446443e-06,1.868528507258096e-06,1.3748851696017547e-06,3.774696341711022e-06,2.5778801514897066e-06,1.8489301807669333e-06,1.4360326829690013e-06,1.2002271971940712e-06,4.644253785515126e-06,4.216346858765155e-06,3.580409632623043e-06,2.650858745040958e-06,1.7546842377449579e-06,1.3240904796699404e-06,7.852713217071078e-07,4.6374864948089245e-07,2.7613925397750855e-07,3.225066913103104e-06,3.894394186897117e-06,2.576374195446443e-06,1.868528507258096e-06,4.1640582952875055e-06,26000.0,7.5
2.8491076995241457e-06,3.516683799327735e-06,1.7996145495638398e-06,4.6082458201332645e-06,3.894242627608732e-06,2.589185872742431e-06,1.8795031265125543e-06,1.3815635754636387e-06,3.779411943747719e-06,2.591244440048675e-06,1.8597744972581145e-06,1.4435594191403164e-06,1.2047023160126155e-06,4.688453223121214e-06,4.230918198418227e-06,3.590840626865734e-06,2.66558188919887e-06,1.764810631474426e-06,1.3303596608024142e-06,7.875941453619998e-07,4.6555821537892954e-07,2.7689992291567875e-07,3.245772482955787e-06,3.894242627608732e-06,2.589185872742431e-06,1.8795031265125543e-06,4.158875787152469e-06,26000.0,7.75
2.858548113541558e-06,3.5259458879776722e-06,1.8081827230506856e-06,4.651207341225525e-06,3.893588736623309e-06,2.6025322806708034e-06,1.8911901261381635e-06,1.3888041029673377e-06,3.783444273776796e-06,2.6052012282861894e-06,1.8713320919703392e-06,1.451613747546211e-06,1.209823901628941e-06,4.7357104216951615e-06,4.250043519942013e-06,3.6009120101915127e-06,2.681044156587692e-06,1.7756111550237408e-06,1.3372035388825272e-06,7.899349366870583e-07,4.674873530658021e-07,2.7774473164851395e-07,3.2673841411635877e-06,3.893588736623309e-06,2.6025322806708034e-06,1.8911901261381635e-06,4.154044235166172e-06,26000.0,8.0
2.868428648927909e-06,3.5357496869712443e-06,1.8171835681220715e-06,4.697967534487717e-06,3.892532767015005e-06,2.6164042399490863e-06,1.9036796554187556e-06,1.3966621686542543e-06,3.786838590867662e-06,2.619747563110439e-06,1.8836862368170381e-06,1.4602861958276274e-06,1.2156160566524922e-06,4.786217539122987e-06,4.274217716468235e-06,3.610502184966778e-06,2.697177715297522e-06,1.7871674999622048e-06,1.3446075125191185e-06,7.92347835826728e-07,4.695640129490832e-07,2.786420738903087e-07,3.28982611388852e-06,3.892532767015005e-06,2.6164042399490863e-06,1.9036796554187556e-06,4.149996068209832e-06,26000.0,8.25
2.8788740291429726e-06,3.5462663152326792e-06,1.8266645751767529e-06,4.748526380740373e-06,3.89129761315335e-06,2.6307938212728736e-06,1.916967204346459e-06,1.4051592213729568e-06,3.7898014487078136e-06,2.6348557609266083e-06,1.8968425778453376e-06,1.4695814847832268e-06,1.22197845683986e-06,4.840156002478472e-06,4.30402431799165e-06,3.6195581494884095e-06,2.7139694756888768e-06,1.799502322435567e-06,1.352611584691353e-06,7.948803770731215e-07,4.717670699984149e-07,2.7962840949196364e-07,3.313061992672042e-06,3.89129761315335e-06,2.6307938212728736e-06,1.916967204346459e-06,4.147456354230412e-06,26000.0,8.5
2.8900781513283037e-06,3.5578007208178824e-06,1.8367190957355774e-06,4.8034503259442935e-06,3.8902450982829416e-06,2.6458215796362253e-06,1.9312190356699086e-06,1.4144381326213645e-06,3.79260763909956e-06,2.650627987085978e-06,1.9109712085976154e-06,1.4796485940128483e-06,1.2291597527526546e-06,4.898117440118704e-06,4.339544937810447e-06,3.628125175109656e-06,2.7314941755135346e-06,1.8128049371592304e-06,1.3613726369671973e-06,7.974922505492596e-07,4.7416261206912414e-07,2.807309329527617e-07,3.3371987045194065e-06,3.8902450982829416e-06,2.6458215796362253e-06,1.9312190356699086e-06,4.146826941019987e-06,26000.0,8.75
2.9021859989170946e-06,3.570595718106236e-06,1.8473332360888213e-06,4.8630613079796e-06,3.8897550680725014e-06,2.6616367308302893e-06,1.946461991668125e-06,1.4244037153776807e-06,3.795570467819374e-06,2.667224618557451e-06,1.9260887018710684e-06,1.4904044916966535e-06,1.236996927386088e-06,4.960651805367111e-06,4.3804157432525205e-06,3.6363096927915072e-06,2.7499541767190142e-06,1.8270212538648958e-06,1.370786840289402e-06,8.001908083273669e-07,4.767552714311481e-07,2.8195767778714714e-07,3.3622028951264686e-06,3.8897550680725014e-06,2.6616367308302893e-06,1.946461991668125e-06,4.14848428336568e-06,26000.0,9.0
2.9153147925728384e-06,3.5848450883310277e-06,1.8585600273118028e-06,4.927640443733209e-06,3.8900803524935925e-06,2.678136116453483e-06,1.9628014241934904e-06,1.4352170957909178e-06,3.798946173508816e-06,2.6845077277318658e-06,1.94231800210837e-06,1.502051849196519e-06,1.2455249282935098e-06,5.0280067033215e-06,4.427459036237824e-06,3.6442139488789966e-06,2.7691452497655382e-06,1.8423482197168368e-06,1.3809786825103405e-06,8.03146242763493e-07,4.795631626666339e-07,2.8332890319286144e-07,3.38795860102214e-06,3.8900803524935925e-06,2.678136116453483e-06,1.9628014241934904e-06,4.153212383816758e-06,26000.0,9.25
2.9294795880645817e-06,3.6006166046578795e-06,1.8703815996006537e-06,4.997162061565141e-06,3.8915647864569405e-06,2.695190884297308e-06,1.980207001136088e-06,1.4469040414466255e-06,3.802913520034078e-06,2.7023491213307635e-06,1.959629932479179e-06,1.5145597695445494e-06,1.254940731684449e-06,5.1002288939838e-06,4.480222851508167e-06,3.6520072640980322e-06,2.788926007350538e-06,1.858748747075112e-06,1.3920064015599807e-06,8.063319281041337e-07,4.82587197551501e-07,2.8483871662325717e-07,3.413979290349613e-06,3.8915647864569405e-06,2.695190884297308e-06,1.980207001136088e-06,4.161697593135309e-06,26000.0,9.5
3.0056961548647737e-06,3.741247244459576e-06,1.8679786191445864e-06,4.893227505127329e-06,4.192234977724877e-06,2.6902476388508597e-06,1.9368106094802987e-06,1.4291589766014695e-06,4.027776364755732e-06,2.6891808913556876e-06,1.9163964161814926e-06,1.4900366669900578e-06,1.2554187775580604e-06,4.927826433920645e-06,4.616303506373647e-06,3.7925255215750763e-06,2.7624380825494032e-06,1.8186308897989718e-06,1.375710363998534e-06,8.155671841540398e-07,4.787559743836157e-07,2.857786267808479e-07,3.3528378455911907e-06,4.192234977724877e-06,2.6902476388508597e-06,1.9368106094802987e-06,4.544487318107198e-06,27000.0,6.0
3.0095145757796733e-06,3.7440955385011483e-06,1.8718770083980736e-06,4.904117329249163e-06,4.1906293506668395e-06,2.6968885516018017e-06,1.942355880323375e-06,1.431798706179892e-06,4.030985342290373e-06,2.696177289642007e-06,1.92186612388609e-06,1.4932646960802737e-06,1.2559718292381343e-06,4.951257185936458e-06,4.608283697494128e-06,3.797204469769119e-06,2.769964366740083e-06,1.8236927625114506e-06,1.3784044182280223e-06,8.167408453981283e-07,4.794957849382704e-07,2.8602426380107947e-07,3.3641648871872177e-06,4.1906293506668395e-06,2.6968885516018017e-06,1.942355880323375e-06,4.535489892502377e-06,27000.0,6.25
3.0150756794325138e-06,3.749087707491911e-06,1.8769295858292487e-06,4.921966782147632e-06,4.190715038051863e-06,2.7053240553574143e-06,1.9491997316425663e-06,1.4354038736144096e-06,4.0358777580842186e-06,2.7049739318894815e-06,1.9286181269376023e-06,1.4976048523000147e-06,1.2573716949934386e-06,4.979882882844982e-06,4.604821647134413e-06,3.804334838926425e-06,2.7794459537066425e-06,1.829962292594617e-06,1.3819299610910277e-06,8.18312465384882e-07,4.805291050866672e-07,2.864139466653733e-07,3.3780721827449833e-06,4.190715038051863e-06,2.7053240553574143e-06,1.9491997316425663e-06,4.52866918861529e-06,27000.0,6.5
3.022172105473619e-06,3.7559123722508703e-06,1.883086447128085e-06,4.94648481372894e-06,4.191945134555729e-06,2.7154356360185064e-06,1.957347982425599e-06,1.4399175135100304e-06,4.04195331524682e-06,2.7154697268580534e-06,1.936657656095014e-06,1.5029218862708877e-06,1.2595957117634748e-06,5.0137494230331e-06,4.60563311281792e-06,3.8134549834718713e-06,2.790772184579906e-06,1.8374336097835781e-06,1.3863683841847204e-06,8.202118479790866e-07,4.818288479695321e-07,2.8693589534809643e-07,3.394306199440739e-06,4.191945134555729e-06,2.7154356360185064e-06,1.957347982425599e-06,4.523305584697275e-06,27000.0,6.75
3.0304374867275827e-06,3.7641204706545824e-06,1.8901430217520778e-06,4.976799958240937e-06,4.193788498361365e-06,2.7268304242798297e-06,1.966626683838393e-06,1.4452811325570532e-06,4.048634404336169e-06,2.727295345539115e-06,1.945816462151556e-06,1.509143441887039e-06,1.262553117672867e-06,5.052126519782595e-06,4.611238184830886e-06,3.823962562815121e-06,2.8035826786782593e-06,1.8459612400463702e-06,1.39144607972699e-06,8.223477147799167e-07,4.833239182009407e-07,2.875617767128181e-07,3.412420115209532e-06,4.193788498361365e-06,2.7268304242798297e-06,1.966626683838393e-06,4.519182605327007e-06,27000.0,7.0
3.039652329459583e-06,3.7734004225038497e-06,1.8980003031021583e-06,5.012098885664458e-06,4.195858798168761e-06,2.7392850303203507e-06,1.9769001880822053e-06,1.4513629818819204e-06,4.055596256495202e-06,2.740230897450601e-06,1.9559612241961025e-06,1.5161153551558207e-06,1.2662920583017754e-06,5.09443979850065e-06,4.6204934007281915e-06,3.8353922939238525e-06,2.8176425430201033e-06,1.8554252321531075e-06,1.3972627019847515e-06,8.24702722204956e-07,4.850084824413055e-07,2.882720345329612e-07,3.4321796235947576e-06,4.195858798168761e-06,2.7392850303203507e-06,1.9769001880822053e-06,4.51561562491186e-06,27000.0,7.25
3.049623105609413e-06,3.7835647093499807e-06,1.9064674314773876e-06,5.052109993732843e-06,4.197901488969629e-06,2.7526549486698654e-06,1.988036994944045e-06,1.4580967271895206e-06,4.06249683501783e-06,2.754122754061134e-06,1.9669630328009337e-06,1.523750129853348e-06,1.270664412149025e-06,5.140375947662242e-06,4.63401496902163e-06,3.847380828470127e-06,2.8327968216839664e-06,1.8656985866360029e-06,1.4036251465565883e-06,8.272105983096663e-07,4.86859056466278e-07,2.890648452076437e-07,3.453434330751894e-06,4.197901488969629e-06,2.7526549486698654e-06,1.988036994944045e-06,4.51235602256009e-06,27000.0,7.5
3.060191840574942e-06,3.7944140477132656e-06,1.9154844711918714e-06,5.096276601845032e-06,4.199610115900081e-06,2.766772268643383e-06,1.999972975071845e-06,1.4654555488947604e-06,4.0690534223432385e-06,2.7688203441632374e-06,1.9787565812191854e-06,1.5319699496608323e-06,1.2757711443332641e-06,5.1896908513256245e-06,4.652234069151732e-06,3.859470565679519e-06,2.8488902386248574e-06,1.876716745556205e-06,1.4105808275834904e-06,8.298138619281282e-07,4.888522824968095e-07,2.899408721052024e-07,3.4759201653287807e-06,4.199610115900081e-06,2.766772268643383e-06,1.999972975071845e-06,4.5096566217191245e-06,27000.0,7.75
3.0712830793577857e-06,3.805868078011089e-06,1.9250072975955504e-06,5.144596841953848e-06,4.200999226866459e-06,2.781533260023387e-06,2.012718403766976e-06,1.4734534660835491e-06,4.07506551306669e-06,2.784221295795665e-06,1.9913568338181234e-06,1.5408148730693447e-06,1.2815816690270742e-06,5.242484006477147e-06,4.675563541399133e-06,3.8713813027716615e-06,2.865818385195047e-06,1.8884968993280498e-06,1.41814818574938e-06,8.325122511188126e-07,4.909794088863384e-07,2.90898597694169e-07,3.49944790913286e-06,4.200999226866459e-06,2.781533260023387e-06,2.012718403766976e-06,4.5076608932360354e-06,27000.0,8.0
3.082881917551244e-06,3.817965877900023e-06,1.934982506944627e-06,5.19689644984296e-06,4.2021862674947685e-06,2.7968270925695086e-06,2.0262604508209323e-06,1.4820756963639138e-06,4.08056035637906e-06,2.8002140070762003e-06,2.0047539853921493e-06,1.5502898847786346e-06,1.2879975283906979e-06,5.2987039586426184e-06,4.704171966202208e-06,3.882901760960699e-06,2.883469694800038e-06,1.9010397010290607e-06,1.4262991598516031e-06,8.3526708725456e-07,4.932694518608649e-07,2.9192413294991176e-07,3.5238499422782047e-06,4.2021862674947685e-06,2.7968270925695086e-06,2.0262604508209323e-06,4.506730917756702e-06,27000.0,8.25
3.095089891881157e-06,3.830855648100721e-06,1.9454541917085924e-06,5.25313991163133e-06,4.2031740226179e-06,2.8126823658765835e-06,2.040644438142486e-06,1.4913568668107937e-06,4.0856551419485536e-06,2.8168119815630944e-06,2.0189945210366384e-06,1.5603939519276183e-06,1.2951150662897663e-06,5.3585055902608054e-06,4.738675151294562e-06,3.893919013068244e-06,2.901801558425661e-06,1.91439548243776e-06,1.4350534569424076e-06,8.381538587697437e-07,4.956897529308076e-07,2.9304328870142766e-07,3.5491052331986003e-06,4.2031740226179e-06,2.8126823658765835e-06,2.040644438142486e-06,4.5073976129213e-06,27000.0,8.5
3.1080602399043193e-06,3.8447655833082076e-06,1.95649370987177e-06,5.31374310772518e-06,4.204513441938305e-06,2.8291505968332757e-06,2.055976854705702e-06,1.501423212509318e-06,4.090635496271948e-06,2.8340787483183168e-06,2.0341941068457712e-06,1.571284281835697e-06,1.3029833390008386e-06,5.422344464292811e-06,4.7787170902277735e-06,3.904474172672302e-06,2.92090141942496e-06,1.9286945924838414e-06,1.4445727356882896e-06,8.411258470788671e-07,4.983019069938101e-07,2.942774338481777e-07,3.5752260154288796e-06,4.204513441938305e-06,2.8291505968332757e-06,2.055976854705702e-06,4.510042913943836e-06,27000.0,8.75
3.121919415376489e-06,3.859926576889115e-06,1.968097843250862e-06,5.379266783932054e-06,4.206344614381655e-06,2.8463433784013e-06,2.072337297611529e-06,1.5121519170932641e-06,4.095701168905146e-06,2.852086745929327e-06,2.050409219622231e-06,1.5828469786867125e-06,1.3114643134527282e-06,5.490931622037535e-06,4.824724575852336e-06,3.914565224204431e-06,2.940823651578801e-06,1.943938197205936e-06,1.4546955718004984e-06,8.442583115798551e-07,5.011137105052171e-07,2.956412594240322e-07,3.602113843427743e-06,4.206344614381655e-06,2.8463433784013e-06,2.072337297611529e-06,4.515138068172617e-06,27000.0,9.0
3.1367932618542685e-06,3.876561074744603e-06,1.980255094720717e-06,5.449513491005852e-06,4.209074270399638e-06,2.864238427481714e-06,2.089694583423067e-06,1.5237137712040837e-06,4.1012507049402675e-06,2.870770690461895e-06,2.0676429400435843e-06,1.5952683788388829e-06,1.3206587741175526e-06,5.5641097727766006e-06,4.876620785650332e-06,3.924459154387577e-06,2.9614707089814033e-06,1.9602258352312537e-06,1.4656191703626397e-06,8.474852890755925e-07,5.041317786771445e-07,2.9715064367461e-07,3.6297305391506885e-06,4.209074270399638e-06,2.864238427481714e-06,2.089694583423067e-06,4.52338989228037e-06,27000.0,9.25
3.1526494095268364e-06,3.894667739413169e-06,1.9929520060007797e-06,5.524573144985521e-06,4.212988933623422e-06,2.8825716140151427e-06,2.1080812877185094e-06,1.5361134765702287e-06,4.107389388663404e-06,2.889904783833003e-06,2.0859233335600434e-06,1.6085144084549978e-06,1.3307152921701262e-06,5.642027028048285e-06,4.934173899017681e-06,3.93423097635193e-06,2.982613584530618e-06,1.9775349908460997e-06,1.4773424695619316e-06,8.511239569466583e-07,5.073608414641288e-07,2.9879405070367036e-07,3.6575252524376275e-06,4.212988933623422e-06,2.8825716140151427e-06,2.1080812877185094e-06,4.535420317446109e-06,27000.0,9.5
3.2291868994643515e-06,4.0357288544123645e-06,1.9902710759077237e-06,5.411752060806226e-06,4.517448266501934e-06,2.8777779313470517e-06,2.063677696999589e-06,1.51739265274728e-06,4.335044834182803e-06,2.8765171828822083e-06,2.041698740904267e-06,1.5830898070251392e-06,1.3298665368808947e-06,5.4596280393203e-06,5.065348338946282e-06,4.07803196748146e-06,2.955829138628846e-06,1.9364864082526795e-06,1.4599710066106297e-06,8.602365432658697e-07,5.032667298748861e-07,2.995039600799836e-07,3.59486785710006e-06,4.517448266501934e-06,2.8777779313470517e-06,2.063677696999589e-06,4.918132917067799e-06,28000.0,6.0
3.2327273169260327e-06,4.038211475038344e-06,1.99403419923051e-06,5.4223631255981034e-06,4.5151831648197796e-06,2.8841805698912336e-06,2.069102653864728e-06,1.5199803015997822e-06,4.337824479309618e-06,2.8832966638146897e-06,2.047049908486934e-06,1.5862850069460454e-06,1.3304145484718169e-06,5.483036367136892e-06,5.057270081170346e-06,4.082163287490352e-06,2.9631273921673486e-06,1.941443486781532e-06,1.4626333172341356e-06,8.613692192688615e-07,5.039952352032967e-07,2.997452369576211e-07,3.6060115937666054e-06,4.5151831648197796e-06,2.8841805698912336e-06,2.069102653864728e-06,4.908382497050971e-06,28000.0,6.25
3.238374852839413e-06,4.043308489904363e-06,1.999181647867302e-06,5.441082962685046e-06,4.515065227614904e-06,2.892724978122935e-06,2.076061163564441e-06,1.52369772578086e-06,4.342705196182184e-06,2.8922189992131694e-06,2.0539152325023385e-06,1.590724211512865e-06,1.3319398506068636e-06,5.512751460738871e-06,5.054488791096319e-06,4.089138523274413e-06,2.9727236563601734e-06,1.947817943740117e-06,1.4662762238335834e-06,8.629614248856001e-07,5.050760002507332e-07,3.0016271094031414e-07,3.6201047367655637e-06,4.515065227614904e-06,2.892724978122935e-06,2.076061163564441e-06,4.901465218593088e-06,28000.0,6.5
3.2459501650284094e-06,4.050754388515447e-06,2.0056669022524693e-06,5.467579434657055e-06,4.516639856016601e-06,2.9032500080954968e-06,2.084571759049155e-06,1.5284972400906188e-06,4.349274555603577e-06,2.9031632556439244e-06,2.0623137805055713e-06,1.5963285486056265e-06,1.3344463851117797e-06,5.54880037572461e-06,5.056627522646123e-06,4.09860389962685e-06,2.984494922005753e-06,1.9556285650244193e-06,1.4709535320807762e-06,8.649600004655333e-07,5.064581330380802e-07,3.007406486476081e-07,3.6369592072120645e-06,4.516639856016601e-06,2.9032500080954968e-06,2.084571759049155e-06,4.89666176760077e-06,28000.0,6.75
3.255036128006359e-06,4.060023182129213e-06,2.0132513320638535e-06,5.5006813440653645e-06,4.519265135545164e-06,2.915347447514079e-06,2.094399043499433e-06,1.5342773886679316e-06,4.356872531100167e-06,2.9157153613111156e-06,2.072014337190313e-06,1.6029700347277822e-06,1.3378375785978495e-06,5.590210581148583e-06,5.06435388465095e-06,4.10981011212425e-06,2.998019341295069e-06,1.964669687139648e-06,1.4764971973911053e-06,8.672713655207665e-07,5.080685777529752e-07,3.014356416661125e-07,3.65599613318889e-06,4.519265135545164e-06,2.915347447514079e-06,2.094399043499433e-06,4.893765345017065e-06,28000.0,7.0
3.2653097972285377e-06,4.070725668692991e-06,2.0217194468507723e-06,5.539729908890392e-06,4.522565322262049e-06,2.9287247690247194e-06,2.105375817450208e-06,1.5408973028568315e-06,4.365097451035457e-06,2.9295908375232758e-06,2.082856059467636e-06,1.610494538208843e-06,1.3420337100322645e-06,5.6363654976481086e-06,5.07611666510602e-06,4.122309817905828e-06,3.013046201650834e-06,1.9747945104912346e-06,1.4828287561116378e-06,8.698602268096649e-07,5.099052391007526e-07,3.0223531032523727e-07,3.677021250875299e-06,4.522565322262049e-06,2.9287247690247194e-06,2.105375817450208e-06,4.8917466432502135e-06,28000.0,7.25
3.276609571811703e-06,4.082635027950437e-06,2.0309987836026153e-06,5.584085698911489e-06,4.5261587089677145e-06,2.9432364514506315e-06,2.1173786174188892e-06,1.548246434836155e-06,4.373563314664502e-06,2.9446534122144373e-06,2.0947124055243604e-06,1.6187501628197163e-06,1.347025346802393e-06,5.68683809328284e-06,5.092893724026717e-06,4.135638655190239e-06,3.029386215155923e-06,1.985874076606337e-06,1.4898056308685937e-06,8.726615010128849e-07,5.119401953055774e-07,3.03140586241876e-07,3.6997612967578733e-06,4.5261587089677145e-06,2.9432364514506315e-06,2.1173786174188892e-06,4.890742248161733e-06,28000.0,7.5
3.288717246314272e-06,4.095519963388492e-06,2.0409473305714103e-06,5.633244054985821e-06,4.52977027738577e-06,2.9586707901264017e-06,2.13030773834054e-06,1.556346140173006e-06,4.381940712483408e-06,2.9606878394149148e-06,2.107489091114523e-06,1.627758849417445e-06,1.3527831304301163e-06,5.741294590656054e-06,5.114961315281065e-06,4.1493403459862694e-06,3.046838128778165e-06,1.997825882666635e-06,1.4975015951622517e-06,8.756000765812624e-07,5.141449160659095e-07,3.0414554240750925e-07,3.7239471287869905e-06,4.52977027738577e-06,2.9586707901264017e-06,2.13030773834054e-06,4.890684677973774e-06,28000.0,7.75
3.301494692319874e-06,4.109211331126388e-06,2.051474801554286e-06,5.686986609515461e-06,4.533322274740288e-06,2.9748472959108285e-06,2.14413026556457e-06,1.5651287847882553e-06,4.389966162187472e-06,2.9775220859890904e-06,2.121153907524183e-06,1.6374298234082627e-06,1.3593228735243535e-06,5.799643461648417e-06,5.142514380219754e-06,4.1630568829358055e-06,3.065221746663057e-06,2.0106140651482015e-06,1.505824469366198e-06,8.78680740518152e-07,5.165009338780524e-07,3.052458925671434e-07,3.7492924093667718e-06,4.533322274740288e-06,2.9748472959108285e-06,2.14413026556457e-06,4.891700191803071e-06,28000.0,8.0
3.3148953912997503e-06,4.123705310120144e-06,2.062516537306225e-06,5.744821692324239e-06,4.5368002590985986e-06,2.9916309236671853e-06,2.1587994651200403e-06,1.5745903966223494e-06,4.397622379666308e-06,2.995018012228633e-06,2.1356658380592077e-06,1.6477419016961903e-06,1.3665240086197482e-06,5.8616067175211155e-06,5.176065142012761e-06,4.176542938591875e-06,3.0843870817647595e-06,2.0242177361327246e-06,1.5147961898234256e-06,8.81843368186962e-07,5.190334204317974e-07,3.06427260311229e-07,3.7756027130871994e-06,4.5368002590985986e-06,2.9916309236671853e-06,2.1587994651200403e-06,4.894254368506211e-06,28000.0,8.25
3.328927736171714e-06,4.1390499872504124e-06,2.0740294950080344e-06,5.806857624280984e-06,4.5402860032946825e-06,3.008969848769107e-06,2.1743157922232484e-06,1.584725532508316e-06,4.4049498386568144e-06,3.013121000845539e-06,2.15102580761978e-06,1.65874705930988e-06,1.3743716865337291e-06,5.927312202658465e-06,5.21540004820276e-06,4.189578648770194e-06,3.1042913257304328e-06,2.0386327946975935e-06,1.5243588119419872e-06,8.851011009050365e-07,5.217116453036479e-07,3.0770948237454237e-07,3.802776356805301e-06,4.5402860032946825e-06,3.008969848769107e-06,2.1743157922232484e-06,4.8984446951411636e-06,28000.0,8.5
3.3437218028654868e-06,4.155416802433372e-06,2.0861186401417976e-06,5.873179670009707e-06,4.544147388136242e-06,3.026925104919699e-06,2.1907307878423917e-06,1.595646247704156e-06,4.412169088232649e-06,3.031865966086036e-06,2.1672899277078586e-06,1.6705129158340112e-06,1.383043458841011e-06,5.997007144157184e-06,5.2603675032506295e-06,4.202162275175648e-06,3.124893227349578e-06,2.0539518993027167e-06,1.5347161173532003e-06,8.885516149739747e-07,5.245768459579998e-07,3.091070038277862e-07,3.830757443073058e-06,4.544147388136242e-06,3.026925104919699e-06,2.1907307878423917e-06,4.9047731734491155e-06,28000.0,8.75
3.359353163595107e-06,4.172959273996457e-06,2.098750965569117e-06,5.944289797677731e-06,4.548403880778435e-06,3.0454898211617953e-06,2.2082101908744647e-06,1.6071896904498701e-06,4.419418792727205e-06,3.051264656907544e-06,2.1846169602628008e-06,1.6829137111478495e-06,1.3922612169408693e-06,6.071283763353442e-06,5.3113581723320445e-06,4.214200527737137e-06,3.146253083957766e-06,2.0702550073950403e-06,1.545635586001584e-06,8.921019618441837e-07,5.276362708022956e-07,3.1063482531029e-07,3.859392063801886e-06,4.548403880778435e-06,3.0454898211617953e-06,2.2082101908744647e-06,4.913387845235805e-06,28000.0,9.0
3.3759043240419037e-06,4.191897070172127e-06,2.1118306701059443e-06,6.019888480812205e-06,4.553595327866132e-06,3.06464957352963e-06,2.2265614489781624e-06,1.6195040147256788e-06,4.427095204235573e-06,3.0712443505615113e-06,2.202833971970427e-06,1.6961197531707192e-06,1.4021213888174456e-06,6.149944999643592e-06,5.367965545517442e-06,4.2260402361790845e-06,3.168248527294946e-06,2.0874610322848064e-06,1.5572787670737961e-06,8.957654875363848e-07,5.308907454816836e-07,3.1230230996878517e-07,3.888580460900872e-06,4.553595327866132e-06,3.06464957352963e-06,2.2265614489781624e-06,4.925346946444897e-06,28000.0,9.25
3.3933243745250824e-06,4.212174903401711e-06,2.1253529909596057e-06,6.099781262521581e-06,4.559873527330379e-06,3.084089878358074e-06,2.2458276724146817e-06,1.6325765571889091e-06,4.43530910856017e-06,3.0915033317577352e-06,2.2219823466959957e-06,1.7100631260237188e-06,1.4127776426640834e-06,6.232785403083167e-06,5.429894221242791e-06,4.237668103786294e-06,3.1905625387760955e-06,2.1055951518910936e-06,1.5696529820187835e-06,8.997855363400859e-07,5.343356195618229e-07,3.1409251729336134e-07,3.917842665713586e-06,4.559873527330379e-06,3.084089878358074e-06,2.2458276724146817e-06,4.9408085506078775e-06,28000.0,9.5
3.4736016788445783e-06,4.357831359101272e-06,2.124583869147434e-06,5.988388547552783e-06,4.871506617702086e-06,3.0829352108153965e-06,2.2029647487231327e-06,1.614503641151867e-06,4.669609368382412e-06,3.081442853134062e-06,2.1792835727060796e-06,1.685504070538769e-06,1.411922928305895e-06,6.051837712700195e-06,5.562757651418706e-06,4.3890556298304564e-06,3.1672541549418194e-06,2.0659695254490372e-06,1.5527994493848513e-06,9.094680730483054e-07,5.303940706594314e-07,3.147847024636767e-07,3.858676643977988e-06,4.871506617702086e-06,3.0829352108153965e-06,2.2029647487231327e-06,5.32635395946506e-06,29000.0,6.0
3.476359947703878e-06,4.359311726474636e-06,2.127920258425567e-06,5.997529841533117e-06,4.867918656245163e-06,3.0886557054946498e-06,2.2079487378378076e-06,1.6168588456145207e-06,4.671287295304639e-06,3.0875580372458175e-06,2.184200006548036e-06,1.68844206200563e-06,1.41222163861718e-06,6.073766417743055e-06,5.5540257816307676e-06,4.391951705391803e-06,3.1738565912282394e-06,2.0705172235708615e-06,1.5552146097688248e-06,9.104505587913167e-07,5.310686015530482e-07,3.149875171538301e-07,3.8690413099827255e-06,4.867918656245163e-06,3.0886557054946498e-06,2.2079487378378076e-06,5.31542754527216e-06,29000.0,6.25
3.4816514266243398e-06,4.3639432944105115e-06,2.1329093388790255e-06,6.016042353744629e-06,4.866984485956143e-06,3.096888618110035e-06,2.2147497228333355e-06,1.620517785183505e-06,4.675567828342601e-06,3.0962083857479745e-06,2.190909154081604e-06,1.692809949954288e-06,1.4137547582011035e-06,6.103369542707197e-06,5.5508872546445e-06,4.39818794927998e-06,3.183145585849489e-06,2.0767461716345317e-06,1.5588341266097895e-06,9.119667235487208e-07,5.321424623162397e-07,3.1540954933219605e-07,3.882794509343393e-06,4.866984485956143e-06,3.096888618110035e-06,2.2147497228333355e-06,5.307573828899824e-06,29000.0,6.5
3.4892778261684588e-06,4.371461488968884e-06,2.1394764510494674e-06,6.043401044491809e-06,4.8682986222573e-06,3.1074489492886295e-06,2.223366084249653e-06,1.625403421791217e-06,4.682038318825728e-06,3.107207078790917e-06,2.1994141001284025e-06,1.6984919320891499e-06,1.4164278665099786e-06,6.14037575829476e-06,5.553911863119079e-06,4.407353270065965e-06,3.1949473356466016e-06,2.084665142180906e-06,1.56361058718187e-06,9.139936536581868e-07,5.335592043727206e-07,3.1601748284264883e-07,3.899682945005814e-06,4.8682986222573e-06,3.1074489492886295e-06,2.223366084249653e-06,5.302791085822e-06,29000.0,6.75
3.4987587476195604e-06,4.381253064025519e-06,2.147351174964221e-06,6.078347743909249e-06,4.871186863375431e-06,3.1198707564617018e-06,2.2335074877836893e-06,1.6314579193697865e-06,4.690004949817431e-06,3.120103295840699e-06,2.209426627907121e-06,1.70541200859949e-06,1.420108481523885e-06,6.183699543920469e-06,5.562617287680948e-06,4.418732581491001e-06,3.208800932285976e-06,2.094007429909692e-06,1.5694154496981832e-06,9.164237523897252e-07,5.35265790399178e-07,3.167715006127094e-07,3.919162003086958e-06,4.871186863375431e-06,3.1198707564617018e-06,2.2335074877836893e-06,5.300398158102059e-06,29000.0,7.0
3.509759312825969e-06,4.392926809280052e-06,2.15630011113434e-06,6.1201290511476045e-06,4.875225569954032e-06,3.1338624597294077e-06,2.244990190547344e-06,1.638495213775015e-06,4.6989915628658505e-06,3.134615019186964e-06,2.2207691689554976e-06,1.7133469965516406e-06,1.4247506579869102e-06,6.2326359029644e-06,5.576512360433519e-06,4.431737186418388e-06,3.2244284243155966e-06,2.104614051829269e-06,1.5761659514290252e-06,9.192211739006412e-07,5.372391379251462e-07,3.176707858391785e-07,3.940923848241227e-06,4.875225569954032e-06,3.1338624597294077e-06,2.244990190547344e-06,5.299782866089387e-06,29000.0,7.25
3.521981015067093e-06,4.40606745443945e-06,2.1661736219589625e-06,6.167754680085728e-06,4.879844611687683e-06,3.149130863418963e-06,2.257610398779406e-06,1.6463552455902875e-06,4.708470873469912e-06,3.1504584915967504e-06,2.233237145687883e-06,1.722132825539528e-06,1.4302301051677328e-06,6.286431088722771e-06,5.5958457620798325e-06,4.445834390892426e-06,3.241565097461351e-06,2.1162785658805217e-06,1.5836369899077777e-06,9.222387510882661e-07,5.394358055942718e-07,3.1867970804653953e-07,3.964593292454839e-06,4.879844611687683e-06,3.149130863418963e-06,2.257610398779406e-06,5.300500213343049e-06,29000.0,7.5
3.5352292205018037e-06,4.420471129845008e-06,2.1768378333222185e-06,6.2208061552341404e-06,4.884876855480939e-06,3.1655084051299767e-06,2.271299830091117e-06,1.6550851689067706e-06,4.718134326995005e-06,3.167446874270467e-06,2.246767316009256e-06,1.7317539276567471e-06,1.4366163119299548e-06,6.344849987884409e-06,5.621113762856663e-06,4.460617877306453e-06,3.2599605539167553e-06,2.1289487214091496e-06,1.5919493264634974e-06,9.254868019336368e-07,5.418294107756022e-07,3.1980866107402667e-07,3.989911303780844e-06,4.884876855480939e-06,3.1655084051299767e-06,2.271299830091117e-06,5.302664023963607e-06,29000.0,7.75
3.549262564268253e-06,4.435836456926667e-06,2.1881544069291804e-06,6.278643717334286e-06,4.890093994935626e-06,3.1827040203514892e-06,2.2859335518294065e-06,1.6644977777597407e-06,4.727624428944314e-06,3.185305185851715e-06,2.261235454763792e-06,1.7420641908964807e-06,1.4437683155186518e-06,6.40736969534055e-06,5.652145151680625e-06,4.4755635202767e-06,3.2793550832026684e-06,2.142507670633934e-06,1.6009021643480257e-06,9.288844030515348e-07,5.443918301061847e-07,3.2103409253426146e-07,4.016454613117021e-06,4.890093994935626e-06,3.1827040203514892e-06,2.2859335518294065e-06,5.306265034920625e-06,29000.0,8.0
3.5639912483283965e-06,4.452115374757752e-06,2.2000036771169653e-06,6.340750542642882e-06,4.895340915992289e-06,3.2005432126553237e-06,2.3014446404845425e-06,1.6746178343443781e-06,4.736842207282093e-06,3.2038609055225083e-06,2.2765820331269976e-06,1.7530692160871901e-06,1.4515522480888353e-06,6.473670422729416e-06,5.6895072691923564e-06,4.490382907330178e-06,3.299587584074026e-06,2.1569120192254354e-06,1.6105225396929447e-06,9.324335949445955e-07,5.471352216626242e-07,3.223786274662551e-07,4.044016921989588e-06,4.895340915992289e-06,3.2005432126553237e-06,2.3014446404845425e-06,5.311645456626292e-06,29000.0,8.25
3.5793767326209707e-06,4.469276532316876e-06,2.2123315185751936e-06,6.406976675261604e-06,4.9007834807982285e-06,3.21890531182347e-06,2.3177824630637457e-06,1.685406521999388e-06,4.745815430115177e-06,3.222995207231624e-06,2.29275607211027e-06,1.7647391102441573e-06,1.4600145453399388e-06,6.543622882240736e-06,5.7325030073341e-06,4.504843760698718e-06,3.3204986598562954e-06,2.1721121663252588e-06,1.6207083661697677e-06,9.36079917142e-07,5.500433356173269e-07,3.2380759540487513e-07,4.072390681457804e-06,4.9007834807982285e-06,3.21890531182347e-06,2.3177824630637457e-06,5.3187880846916865e-06,29000.0,8.5
3.5954267179694548e-06,4.487382216827343e-06,2.2251339538835345e-06,6.4773699693787294e-06,4.906423464023758e-06,3.2378139748548348e-06,2.3349415942074813e-06,1.696936939617887e-06,4.754588343071965e-06,3.2427006511771656e-06,2.3097537822523927e-06,1.7771235879824104e-06,1.4692491294322202e-06,6.617447660113905e-06,5.781254826909483e-06,4.518781408220068e-06,3.3421020907842643e-06,2.188121613628688e-06,1.6316928230457678e-06,9.398242133376528e-07,5.531205215743077e-07,3.2535696368018545e-07,4.101487553842252e-06,4.906423464023758e-06,3.2378139748548348e-06,2.3349415942074813e-06,5.3279739614952106e-06,29000.0,8.75
3.612253304111765e-06,4.506573002945625e-06,2.2384396208310263e-06,6.5520977949955955e-06,4.912597803968709e-06,3.2572077059200584e-06,2.3531272589107065e-06,1.7090338188341931e-06,4.763400413003166e-06,3.2629241911778133e-06,2.327783576344665e-06,1.7901210501866102e-06,1.4789128002669356e-06,6.69535111884619e-06,5.835784904744127e-06,4.5321970956852096e-06,3.364279945488075e-06,2.205109541499643e-06,1.6431312274928335e-06,9.437279484473956e-07,5.563736719594015e-07,3.2702803796302205e-07,4.131098083915778e-06,4.912597803968709e-06,3.2572077059200584e-06,2.3531272589107065e-06,5.339580436615116e-06,29000.0,9.0
3.6298292931704173e-06,4.5269502463397646e-06,2.2520917368705365e-06,6.6309726224096e-06,4.919464726370793e-06,3.277055332498497e-06,2.3720225579013048e-06,1.7218564545293935e-06,4.77243085910226e-06,3.2835880103981353e-06,2.3465376853317075e-06,1.8038019621332992e-06,1.4893825484565117e-06,6.7773448598562754e-06,5.895468492453126e-06,4.545200714030365e-06,3.3869752903105954e-06,2.222835031224557e-06,1.655287705460442e-06,9.478296277774158e-07,5.597975179450676e-07,3.2881913192630223e-07,4.160979482606039e-06,4.919464726370793e-06,3.277055332498497e-06,2.3720225579013048e-06,5.354212596651457e-06,29000.0,9.25
3.648033146561251e-06,4.5483744046479695e-06,2.2659827465263313e-06,6.713281160170719e-06,4.927141703683935e-06,3.2969105456469805e-06,2.3916403702316955e-06,1.7352527533502494e-06,4.78182976708387e-06,3.3042622781764997e-06,2.366034600945053e-06,1.8180797890459482e-06,1.500324340330611e-06,6.862607159744775e-06,5.959817085926026e-06,4.557818195101277e-06,3.40973467225382e-06,2.241307838889443e-06,1.6679669897213817e-06,9.520419120184696e-07,5.63381140014437e-07,3.3071514734463755e-07,4.190762840200685e-06,4.927141703683935e-06,3.2969105456469805e-06,2.3916403702316955e-06,5.371954155677349e-06,29000.0,9.5
3.7377434199202084e-06,4.705703648526679e-06,2.2707998439194876e-06,6.620502524730395e-06,5.251990635677834e-06,3.3048643117804995e-06,2.3545065981362534e-06,1.720698984623868e-06,5.029233912930366e-06,3.303097286375574e-06,2.3290037875854835e-06,1.797462838418349e-06,1.5017295065985629e-06,6.701695040057743e-06,6.107045020169205e-06,4.723509367841015e-06,3.3957574136781703e-06,2.2070107337496217e-06,1.6544318717631173e-06,9.635406599181646e-07,5.604409708452325e-07,3.318549394225418e-07,4.142618202505044e-06,5.251990635677834e-06,3.3048643117804995e-06,2.3545065981362534e-06,5.766874238322238e-06,30000.0,6.0
3.7390934094256244e-06,4.7053670490009776e-06,2.2733278089219386e-06,6.626501938340165e-06,5.2461828697448065e-06,3.3093381798671215e-06,2.358637498119469e-06,1.7225224413093508e-06,5.028995945158531e-06,3.3080028045291274e-06,2.3330770114806695e-06,1.7998232762002414e-06,1.5016074778327806e-06,6.720362349257056e-06,6.095666074175825e-06,4.724386761884236e-06,3.401086557157664e-06,2.2107635446700356e-06,1.6562958206042341e-06,9.642106630938356e-07,5.609729695387618e-07,3.3198238854425675e-07,4.151481464292006e-06,5.2461828697448065e-06,3.3093381798671215e-06,2.358637498119469e-06,5.753373033358957e-06,30000.0,6.25
3.743234029228811e-06,4.708540988868476e-06,2.277667922655896e-06,6.642692239089682e-06,5.243455596728841e-06,3.316544710301614e-06,2.364771745599226e-06,1.7257409777536985e-06,5.031665095166155e-06,3.3156510217939066e-06,2.3391266636437696e-06,1.8037166124053367e-06,1.5028300825038892e-06,6.747490524753489e-06,6.090843593540741e-06,4.728868876597085e-06,3.4093152118354124e-06,2.2163699468399074e-06,1.659506866707487e-06,9.654809772756165e-07,5.619283094570355e-07,3.3234643522279954e-07,4.163951458268929e-06,5.243455596728841e-06,3.316544710301614e-06,2.364771745599226e-06,5.743810214806109e-06,30000.0,6.5
3.7500851499456086e-06,4.7150791398472445e-06,2.283833843087858e-06,6.668805662688505e-06,5.243473604230803e-06,3.3263931908742093e-06,2.3729545984913658e-06,1.7304257356964604e-06,5.036966838087523e-06,3.3259574903537952e-06,2.3472040535420803e-06,1.8091522987594543e-06,1.5053779046209892e-06,6.783070616986504e-06,6.093025106977867e-06,4.736685516862142e-06,3.4203701231818415e-06,2.2238935900620628e-06,1.6641051578847575e-06,9.67366760665537e-07,5.632861513279725e-07,3.3292955023607704e-07,4.179908668932725e-06,5.243473604230803e-06,3.3263931908742093e-06,2.3729545984913658e-06,5.7380071965733695e-06,30000.0,6.75
3.759205301562566e-06,4.724425456644491e-06,2.2915510111762236e-06,6.703495255279378e-06,5.245657861525847e-06,3.338470470711771e-06,2.38292564850704e-06,1.7363835115284207e-06,5.044346695462227e-06,3.338528188216097e-06,2.3570506894557978e-06,1.815962012434165e-06,1.5091123634193177e-06,6.826112988532385e-06,6.101484334798436e-06,4.747275533909963e-06,3.4338493321050984e-06,2.2330888725031864e-06,1.669880047451186e-06,9.69754223629239e-07,5.649921908355476e-07,3.3369410736850247e-07,4.19892768839451e-06,5.245657861525847e-06,3.338470470711771e-06,2.38292564850704e-06,5.735340296158056e-06,30000.0,7.0
3.7700805650723174e-06,4.735947895410607e-06,2.300482779182306e-06,6.7456146455443355e-06,5.249326917002582e-06,3.3523028041204456e-06,2.3943491839459015e-06,1.7434278552542111e-06,5.052994701099414e-06,3.3528980505091465e-06,2.368335977609252e-06,1.823892057610332e-06,1.5138505815207353e-06,6.875280621905618e-06,6.115284669206212e-06,4.759746547730623e-06,3.449289024280191e-06,2.2436528338906675e-06,1.6766094887111522e-06,9.725555567369874e-07,5.669984354881729e-07,3.346184170930964e-07,4.22044540707101e-06,5.249326917002582e-06,3.3523028041204456e-06,2.3943491839459015e-06,5.734608905343434e-06,30000.0,7.25
3.782379763413677e-06,4.749262905792009e-06,2.31042191210812e-06,6.794279310130278e-06,5.253986655393008e-06,3.3675958778084522e-06,2.4070653694443783e-06,1.7514667005574406e-06,5.0624523653171394e-06,3.3687609062267987e-06,2.3809021746371005e-06,1.832813818387531e-06,1.519572080277772e-06,6.930028182474922e-06,6.135525914892574e-06,4.7736088324917045e-06,3.4664051932478906e-06,2.2554192837152946e-06,1.6842692207737276e-06,9.756555593381795e-07,5.692535756047433e-07,3.356955140978006e-07,4.244080477699447e-06,5.253986655393008e-06,3.3675958778084522e-06,2.4070653694443783e-06,5.7359459407636025e-06,30000.0,7.5
3.7957987940804328e-06,4.76393395821402e-06,2.321239909467578e-06,6.848523117273034e-06,5.259245597993787e-06,3.3840510269695367e-06,2.42087843061761e-06,1.7603527413591328e-06,5.072185841997621e-06,3.385842072079747e-06,2.3945549055349654e-06,1.8425744469965501e-06,1.526198259703342e-06,6.989585926466634e-06,6.161889963363293e-06,4.788268714572727e-06,3.4848580331198463e-06,2.2682163343028506e-06,1.6927445740614235e-06,9.790068633462684e-07,5.717223288070143e-07,3.368893067944108e-07,4.2693905911186875e-06,5.259245597993787e-06,3.3840510269695367e-06,2.42087843061761e-06,5.7389902817774935e-06,30000.0,7.75
3.810135917560824e-06,4.779754906115305e-06,2.332763928461517e-06,6.907788216858082e-06,5.264858430462174e-06,3.4014046114527193e-06,2.435703822194064e-06,1.7699826329549544e-06,5.081933898876144e-06,3.4038618694601127e-06,2.4092142734469125e-06,1.8530973154652574e-06,1.5335842359069888e-06,7.0534623291798085e-06,6.194415689905975e-06,4.803307488233364e-06,3.5043877665449096e-06,2.2819665841454583e-06,1.701907343969126e-06,9.825490875162822e-07,5.74372580314414e-07,3.3819309494917955e-07,4.296026822317723e-06,5.264858430462174e-06,3.4014046114527193e-06,2.435703822194064e-06,5.743799055417367e-06,30000.0,8.0
3.825158103733394e-06,4.796480305065538e-06,2.3447953123093952e-06,6.971217197148998e-06,5.270650524342697e-06,3.419375869664417e-06,2.451373171723913e-06,1.7803018687615583e-06,5.091433587375621e-06,3.4225530399463104e-06,2.4247187579411887e-06,1.8642810866466183e-06,1.5415970603670566e-06,7.121048309150872e-06,6.233205627275803e-06,4.81827339355611e-06,3.52472461330953e-06,2.296530555052656e-06,1.7117064551300175e-06,9.861677729143996e-07,5.771888759957422e-07,3.3960964794573113e-07,4.323637360303382e-06,5.270650524342697e-06,3.419375869664417e-06,2.451373171723913e-06,5.750506574841951e-06,30000.0,8.25
3.8407797095075215e-06,4.8140296691191385e-06,2.357259842085602e-06,7.0385834815234e-06,5.276582836710605e-06,3.4378166223536446e-06,2.4678236807720996e-06,1.791241964619077e-06,5.1006840163557375e-06,3.4417554428821384e-06,2.441005458402403e-06,1.8760845422993967e-06,1.550259839788065e-06,7.192096621670162e-06,6.277538985268627e-06,4.832873148133869e-06,3.545684208471921e-06,2.311847113056703e-06,1.7220685443163615e-06,9.899778734800112e-07,5.801935810419891e-07,3.41111613987718e-07,4.351994841013163e-06,5.276582836710605e-06,3.4378166223536446e-06,2.4678236807720996e-06,5.758970319615597e-06,30000.0,8.5
3.856978491461198e-06,4.8324103801488885e-06,2.3701099925628206e-06,7.1097983073304555e-06,5.282702175481149e-06,3.4566827045654663e-06,2.485005128847823e-06,1.802812706486058e-06,5.109686639459468e-06,3.4614251123465695e-06,2.4580260824646276e-06,1.888492787664312e-06,1.5596040181963929e-06,7.266711152114541e-06,6.3272809523410476e-06,4.846894951474551e-06,3.5672326341720382e-06,2.3278828012759997e-06,1.733092286961904e-06,9.93862463636919e-07,5.833332252429253e-07,3.4271886033417836e-07,4.380939158230698e-06,5.282702175481149e-06,3.4566827045654663e-06,2.485005128847823e-06,5.7693185388233364e-06,30000.0,8.75
3.873810359003129e-06,4.851709477510904e-06,2.3833802953485885e-06,7.184850420612006e-06,5.2892085446003284e-06,3.4758705378925146e-06,2.503091498809019e-06,1.8149849301677006e-06,5.118583589082e-06,3.4814464024797076e-06,2.4759618239206623e-06,1.9015490876594077e-06,1.569359969909687e-06,7.344925595441634e-06,6.382411481204922e-06,4.860300101956479e-06,3.5891905249540715e-06,2.34481975171483e-06,1.7446129849206838e-06,9.978701056043043e-07,5.866246896294736e-07,3.4444251723788227e-07,4.410206094383602e-06,5.2892085446003284e-06,3.4758705378925146e-06,2.503091498809019e-06,5.781928904261828e-06,30000.0,9.0
3.891221446887406e-06,4.8719710062408735e-06,2.3968924556811815e-06,7.263612732513398e-06,5.296172486270755e-06,3.4953750739432878e-06,2.5217999714729524e-06,1.8277065249398136e-06,5.127532186069837e-06,3.501737405903672e-06,2.494527087445127e-06,1.915114139517251e-06,1.579759938661668e-06,7.4267035710188676e-06,6.442450385561459e-06,4.873096614340827e-06,3.611495200268831e-06,2.3623517934120015e-06,1.7566701406363404e-06,1.0019614831091409e-06,5.900535084011436e-07,3.462669651992073e-07,4.439503923264475e-06,5.296172486270755e-06,3.4953750739432878e-06,2.5217999714729524e-06,5.7972470493521e-06,30000.0,9.25
3.909015358863333e-06,4.892970574274134e-06,2.4104525498299523e-06,7.34503916942815e-06,5.303648313804397e-06,3.5146797661001693e-06,2.5410172773916348e-06,1.8408927396611688e-06,5.136575759438353e-06,3.5218571341878645e-06,2.513626907182643e-06,1.9291432602256395e-06,1.590599442042515e-06,7.511018691642585e-06,6.50630143893537e-06,4.8853853736132875e-06,3.633685154165204e-06,2.3804542647519654e-06,1.7691804161299247e-06,1.006189791693694e-06,5.936076750070883e-07,3.4817007797943477e-07,4.4685353409489585e-06,5.303648313804397e-06,3.5146797661001693e-06,2.5410172773916348e-06,5.815172564927912e-06,30000.0,9.5
4.2930367156274775e-06,5.436371529087885e-06,2.580804562200531e-06,7.967320209691277e-06,6.046799562697554e-06,3.7719077059732092e-06,2.675499982241375e-06,1.94718474190589e-06,5.780879790769783e-06,3.7695445198213872e-06,2.646211994520484e-06,2.0360555685429782e-06,1.6936829027764042e-06,8.087981562972838e-06,7.263998787122624e-06,5.422571267477599e-06,3.876122456235275e-06,2.5061724811932246e-06,1.8712716478429413e-06,1.0797140174089186e-06,6.258504804441508e-07,3.6955703800964197e-07,4.736822204895909e-06,6.046799562697554e-06,3.7719077059732092e-06,2.675499982241375e-06,6.6917095595270615e-06,32000.0,6.0
4.28956571428682e-06,5.429906706344995e-06,2.580431239443979e-06,7.962205901355964e-06,6.034200861385086e-06,3.772118822597476e-06,2.6765675546777773e-06,1.946883068448124e-06,5.7742607986793715e-06,3.770224899023993e-06,2.647253998749601e-06,2.0361723254469746e-06,1.691966648222624e-06,8.094574392954416e-06,7.243802903747061e-06,5.417023886394207e-06,3.877067832789954e-06,2.507054745704685e-06,1.8711533160938445e-06,1.0792545022805669e-06,6.257721487656227e-07,3.693459203564532e-07,4.7403844999382975e-06,6.034200861385086e-06,3.772118822597476e-06,2.6765675546777773e-06,6.670775101706694e-06,32000.0,6.25
4.289381621501103e-06,5.427586255304775e-06,2.5822033054967218e-06,7.968361997325377e-06,6.025355293906461e-06,3.7754457997155833e-06,2.6800211088480118e-06,1.948190288141387e-06,5.77119238674031e-06,3.774037208905295e-06,2.6506539176481194e-06,2.0380140138539597e-06,1.6917371592447254e-06,8.110831254385356e-06,7.23073817119621e-06,5.4156394863232716e-06,3.8812972676355415e-06,2.510155548410783e-06,1.8725646739048327e-06,1.0794882171175687e-06,6.261551006896846e-07,3.6938559967751066e-07,4.748029204827527e-06,6.025355293906461e-06,3.7754457997155833e-06,2.6800211088480118e-06,6.654821113405117e-06,32000.0,6.5
4.29238585705231e-06,5.429233217586861e-06,2.5861058386924083e-06,7.98554496253684e-06,6.019928083865812e-06,3.781833335984686e-06,2.6858036404174698e-06,1.951316644521987e-06,5.771378128709356e-06,3.780916253668781e-06,2.656358572825937e-06,2.0417793986172254e-06,1.6930923324762607e-06,8.136910771967138e-06,7.226103018728301e-06,5.418168236910232e-06,3.888762609028149e-06,2.5154470082501656e-06,1.8756594764909105e-06,1.0805213344620937e-06,6.270320135481453e-07,3.6970745434790965e-07,4.7596484368743464e-06,6.019928083865812e-06,3.781833335984686e-06,2.6858036404174698e-06,6.6437142656923164e-06,32000.0,6.75
4.298024918570171e-06,5.434172601118396e-06,2.5917610203887915e-06,8.012439886103538e-06,6.017380306000179e-06,3.7907485616962957e-06,2.693591935122695e-06,1.9558466647123478e-06,5.774086770634979e-06,3.7903443846592767e-06,2.6640483832516697e-06,2.0469967379825607e-06,1.6958024547467321e-06,8.171359705182395e-06,7.227408668965653e-06,5.42384127096907e-06,3.8989437932627894e-06,2.5226143927031774e-06,1.8800361061482044e-06,1.0821718587745714e-06,6.283369484002727e-07,3.702528614331961e-07,4.774663010886395e-06,6.017380306000179e-06,3.7907485616962957e-06,2.693591935122695e-06,6.6359056222031885e-06,32000.0,7.0
4.305650870515309e-06,5.441591118642511e-06,2.5988044672590754e-06,8.047402298382786e-06,6.016488385933431e-06,3.8016721588816613e-06,2.703001197441866e-06,1.9615689477948317e-06,5.778322517643703e-06,3.801805231630294e-06,2.6733431581559586e-06,2.053475925246816e-06,1.6995800614307054e-06,8.212819199695687e-06,7.235531756415013e-06,5.431731438960539e-06,3.911328464714647e-06,2.5313040238974324e-06,1.8855332922964874e-06,1.0843050310952165e-06,6.29966876326407e-07,3.710019839478555e-07,4.792391792620614e-06,6.016488385933431e-06,3.8016721588816613e-06,2.703001197441866e-06,6.630993200993954e-06,32000.0,7.25
4.314932580051496e-06,5.451065766906102e-06,2.6070326952046503e-06,8.089314555965287e-06,6.017074304256354e-06,3.814203367376766e-06,2.7138374562325695e-06,1.9683970967909006e-06,5.783653514599321e-06,3.814928683205102e-06,2.6840524149026002e-06,2.0610788219562636e-06,1.7044231823293338e-06,8.260332028710194e-06,7.2503972384670036e-06,5.441307569435812e-06,3.92552220828656e-06,2.5413320884594405e-06,1.8920533608915402e-06,1.0868032775138032e-06,6.318833921871182e-07,3.7191670174806573e-07,4.812388262278089e-06,6.017074304256354e-06,3.814203367376766e-06,2.7138374562325695e-06,6.62853869435387e-06,32000.0,7.5
4.325403786991101e-06,5.462086913383288e-06,2.616031519719772e-06,8.136996757847723e-06,6.018601048262846e-06,3.827929649184041e-06,2.7257429613207065e-06,1.9760139740899213e-06,5.789518807154682e-06,3.829279246986965e-06,2.6958209431533713e-06,2.06947483847376e-06,1.7101253901317108e-06,8.31284376742558e-06,7.271545080759747e-06,5.451991243123242e-06,3.941126596200231e-06,2.5523574756046925e-06,1.8993384060006778e-06,1.0895487254522605e-06,6.339862318257054e-07,3.72932480457878e-07,4.83418549520105e-06,6.018601048262846e-06,3.827929649184041e-06,2.7257429613207065e-06,6.628269348499458e-06,32000.0,7.75
4.336965121032716e-06,5.474449767394226e-06,2.6258846067551443e-06,8.189843915389799e-06,6.020754797513133e-06,3.842672774175404e-06,2.738771170277945e-06,1.984472450169495e-06,5.795583334383252e-06,3.844680821893376e-06,2.708706125815242e-06,2.0787082221259395e-06,1.7165832542413799e-06,8.370001375281593e-06,7.2996162563594326e-06,5.463281151814007e-06,3.957919791189657e-06,2.564444869891386e-06,1.907387338613681e-06,1.0925165909405828e-06,6.363261593010351e-07,3.7410002153437706e-07,4.857367085184044e-06,6.020754797513133e-06,3.842672774175404e-06,2.738771170277945e-06,6.6302527536278444e-06,32000.0,8.0
4.3492270579947555e-06,5.487731016204416e-06,2.6362639961179463e-06,8.246920286108451e-06,6.0232176622445555e-06,3.858009208382007e-06,2.75261970967617e-06,1.993618665109749e-06,5.801493568066385e-06,3.860743810418064e-06,2.7224114160869864e-06,2.0886232237862514e-06,1.7237191610667537e-06,8.43082101868719e-06,7.333640626279832e-06,5.474638757036792e-06,3.975520247251402e-06,2.5773240170060894e-06,1.916065993171424e-06,1.0956830167923034e-06,6.388217269256521e-07,3.753690046209774e-07,4.881478838032581e-06,6.0232176622445555e-06,3.858009208382007e-06,2.75261970967617e-06,6.6342159208178816e-06,32000.0,8.25
4.362032918600119e-06,5.501783293656035e-06,2.6469927996928645e-06,8.307599486131094e-06,6.0258400946512455e-06,3.873756641743907e-06,2.7671731813469764e-06,2.0033204105362516e-06,5.8071776847483706e-06,3.87722230657833e-06,2.736823510289182e-06,2.0990815495420306e-06,1.7314388855326543e-06,8.494857942158636e-06,7.372950931813826e-06,5.485688838605005e-06,3.99366059009377e-06,2.5908826692258484e-06,1.9253104291793275e-06,1.098905950782467e-06,6.415048667900878e-07,3.767230134873055e-07,4.906275853983965e-06,6.0258400946512455e-06,3.873756641743907e-06,2.7671731813469764e-06,6.639842073903703e-06,32000.0,8.5
4.37526573275803e-06,5.51650070159769e-06,2.6579695110452746e-06,8.371713219802599e-06,6.028538638564786e-06,3.889797872586796e-06,2.7823476263974187e-06,2.013480588112812e-06,5.812485006811994e-06,3.89402548124807e-06,2.7518601826321564e-06,2.1100074191680967e-06,1.7395463565998878e-06,8.5620581071618e-06,7.417299457000466e-06,5.496108848546473e-06,4.012226986353697e-06,2.6050400927658455e-06,1.934933961883639e-06,1.1022740716445532e-06,6.442880539608206e-07,3.7816521675524704e-07,4.931480564531604e-06,6.028538638564786e-06,3.889797872586796e-06,2.7823476263974187e-06,6.647043597670425e-06,32000.0,8.75
4.388947663173973e-06,5.531899665876326e-06,2.669245948593193e-06,8.438913935915428e-06,6.03137735187597e-06,3.9059743498708985e-06,2.7981912822765864e-06,2.024263057382857e-06,5.81760316169508e-06,3.910983826087226e-06,2.767572082494196e-06,2.1215289769540636e-06,1.7483262514384377e-06,8.63211612774079e-06,7.4663214186257434e-06,5.505773830906675e-06,4.031022903868296e-06,2.6198886492859718e-06,1.9451446975423675e-06,1.105646570305296e-06,6.471880392173876e-07,3.796936516874149e-07,4.956767635222313e-06,6.03137735187597e-06,3.9059743498708985e-06,2.7981912822765864e-06,6.656233004791866e-06,32000.0,9.0
4.402958590427225e-06,5.547897362472752e-06,2.6806410077089242e-06,8.508888952191786e-06,6.034416109947756e-06,3.92208454465962e-06,2.814650172122334e-06,2.03537867943842e-06,5.8225110517717556e-06,3.92790305947299e-06,2.783912200057413e-06,2.133382480144765e-06,1.75740877325199e-06,8.70477057004545e-06,7.519650936569348e-06,5.514706478850259e-06,4.049846579266502e-06,2.635315855140502e-06,1.9556829680107715e-06,1.1091177424205882e-06,6.501779999019376e-07,3.812961776202482e-07,4.9817854677568004e-06,6.034416109947756e-06,3.92208454465962e-06,2.814650172122334e-06,6.66763088347817e-06,32000.0,9.25
4.4170752960915835e-06,5.564333689738984e-06,2.6918142388659756e-06,8.58109428699639e-06,6.037564178034782e-06,3.937911640245598e-06,2.8312664215519054e-06,2.046777793382815e-06,5.827215392414095e-06,3.944521205362084e-06,2.8004347957224865e-06,2.14551220519154e-06,1.7667669039429036e-06,8.779608440882216e-06,7.575734462786255e-06,5.5228906452333245e-06,4.068469617171186e-06,2.6509834612483888e-06,1.9664950338104426e-06,1.1126870178576202e-06,6.532453882605243e-07,3.82940573359716e-07,5.0062906479858425e-06,6.037564178034782e-06,3.937911640245598e-06,2.8312664215519054e-06,6.680959141815686e-06,32000.0,9.5
4.823046332520673e-06,6.134342576566819e-06,2.8769516387526983e-06,9.264474716921082e-06,6.804598534424685e-06,4.216907684870082e-06,2.9818874238106e-06,2.1642131262360545e-06,6.497438110731458e-06,4.213998344390438e-06,2.949018184538322e-06,2.2645408246884023e-06,1.8781766866911357e-06,9.423968103130402e-06,8.376194047196647e-06,6.08836428384418e-06,4.333654792413853e-06,2.7919105917551446e-06,2.0792819413524442e-06,1.1918690531948272e-06,6.897231754306639e-07,4.0683425077376905e-07,5.3023104123149405e-06,6.804598534424685e-06,4.216907684870082e-06,2.9818874238106e-06,7.577242298443014e-06,34000.0,6.0
4.814493480818857e-06,6.121433343008057e-06,2.873463435043556e-06,9.247140047279735e-06,6.785139745256387e-06,4.212615934286861e-06,2.9796895244537955e-06,2.161531443083656e-06,6.484217465599119e-06,4.210187596283826e-06,2.9468261455522292e-06,2.2621443142996904e-06,1.8745659786801222e-06,9.41717313418186e-06,8.346182545943032e-06,6.0762406620968115e-06,4.329953892962496e-06,2.7897118729182706e-06,2.0768859466630417e-06,1.1901359804708994e-06,6.888944674196186e-07,4.061708108536851e-07,5.300263975667015e-06,6.785139745256387e-06,4.212615934286861e-06,2.9796895244537955e-06,7.548916970543703e-06,34000.0,6.25
4.809361653909404e-06,6.112794093595825e-06,2.8722602312536765e-06,9.241322964154947e-06,6.769531909277301e-06,4.211506179585915e-06,2.9799998306550032e-06,2.160738622166683e-06,6.474678990809531e-06,4.209589618923289e-06,2.9471194939876663e-06,2.2617245337179212e-06,1.8726515493453705e-06,9.420547953179826e-06,8.323826338910409e-06,6.068385963534084e-06,4.329612531090861e-06,2.7898830354752077e-06,2.0762532777496243e-06,1.1891755841768509e-06,6.885578572470235e-07,4.0580658862756424e-07,5.302383700519271e-06,6.769531909277301e-06,4.211506179585915e-06,2.9799998306550032e-06,7.525752574139787e-06,34000.0,6.5
4.807440800441633e-06,6.108178661520228e-06,2.873178139293833e-06,9.246781911537017e-06,6.757482835718392e-06,4.213507480049553e-06,2.982648322410328e-06,2.1616097894536527e-06,6.468437429604934e-06,4.2120868507944045e-06,2.9497242437100443e-06,2.263086457309847e-06,1.8722733073819503e-06,9.433900641682387e-06,8.308642825412994e-06,6.0644682996372555e-06,4.332535007857201e-06,2.7922418108748893e-06,2.077239191646537e-06,1.189084950411583e-06,6.887465715051422e-07,4.057321455414773e-07,5.308514760274439e-06,6.757482835718392e-06,4.213507480049553e-06,2.982648322410328e-06,7.5071313325823625e-06,34000.0,6.75
4.808079845787701e-06,6.106746590725359e-06,2.8758518330199366e-06,9.26180877408746e-06,6.748056498675935e-06,4.218022750565115e-06,2.987284577280494e-06,2.16395475523676e-06,6.464541906147295e-06,4.217129661880927e-06,2.9542963150444503e-06,2.265955353705549e-06,1.873245714868636e-06,9.455677285109593e-06,8.300060549758606e-06,6.063599639411515e-06,4.338165267014099e-06,2.796462234402389e-06,2.0794714269272098e-06,1.1895862656516693e-06,6.893887899213005e-07,4.0589788082042715e-07,5.31798917728412e-06,6.748056498675935e-06,4.218022750565115e-06,2.987284577280494e-06,7.492050564564341e-06,34000.0,7.0
4.810827478573457e-06,6.1079199862446035e-06,2.8800244986941538e-06,9.285084802936351e-06,6.740634992601983e-06,4.224651031686062e-06,2.993652038019598e-06,2.1675898399497335e-06,6.462301713156803e-06,4.224296154923104e-06,2.960583071127891e-06,2.270188783824791e-06,1.875393691141147e-06,9.48473463896989e-06,8.298637882924362e-06,6.0650784924081116e-06,4.346077597102202e-06,2.802303925661135e-06,2.0829900672990876e-06,1.19062848398623e-06,6.903712636207354e-07,4.062949964517939e-07,5.330205661792283e-06,6.740634992601983e-06,4.224651031686062e-06,2.993652038019598e-06,7.480088819132743e-06,34000.0,7.25
4.815234922487492e-06,6.1111690456159745e-06,2.8853635484007896e-06,9.315257007756783e-06,6.734810356795991e-06,4.232869135491848e-06,3.001429650069896e-06,2.1723089237332305e-06,6.4612022335081275e-06,4.2330832628801585e-06,2.968268385559351e-06,2.2755349247535715e-06,1.8785991450969947e-06,9.519845007123448e-06,8.303872501269912e-06,6.0683614829866215e-06,4.355784481979413e-06,2.8094803445924557e-06,2.087496346212139e-06,1.1920499912722499e-06,6.916471336638488e-07,4.068466954929862e-07,5.344677329068784e-06,6.734810356795991e-06,4.232869135491848e-06,3.001429650069896e-06,7.470775134828521e-06,34000.0,7.5
4.8210169639365354e-06,6.116155028916812e-06,2.891641416078893e-06,9.351536106390501e-06,6.730108629679088e-06,4.242396896133291e-06,3.010397992642108e-06,2.177916879730964e-06,6.460810403654414e-06,4.243258412436523e-06,2.9771328739344078e-06,2.2817787683021273e-06,1.8826600602072416e-06,9.560440795705632e-06,8.316129098449778e-06,6.072958064187582e-06,4.367035317992506e-06,2.817767670940512e-06,2.0928375853307583e-06,1.1937938532490348e-06,6.931631760736944e-07,4.0755426184565463e-07,5.361034607133073e-06,6.730108629679088e-06,4.242396896133291e-06,3.010397992642108e-06,7.4640597203525874e-06,34000.0,7.75
4.827799105519605e-06,6.122441006212849e-06,2.8986081531977923e-06,9.392735646328887e-06,6.726081938138526e-06,4.252899931251909e-06,3.0204102483486195e-06,2.1842638938897833e-06,6.460666178385852e-06,4.2543952710614495e-06,2.9870366972198114e-06,2.2887700105825074e-06,1.8873043432497732e-06,9.605428839946274e-06,8.334948168937205e-06,6.078303952510071e-06,4.379426210881985e-06,2.827041663839671e-06,2.0988598505794774e-06,1.1957525177471172e-06,6.948796518202003e-07,4.0836400760552386e-07,5.378765214201112e-06,6.726081938138526e-06,4.252899931251909e-06,3.0204102483486195e-06,7.459687206650772e-06,34000.0,8.0
4.83541391979611e-06,6.1297994159273506e-06,2.9061970016554496e-06,9.438189872466215e-06,6.722576341791628e-06,4.2640700531398384e-06,3.0312681657868658e-06,2.1913472105088826e-06,6.460571493443683e-06,4.266232932106773e-06,2.9977835466245785e-06,2.296466481133042e-06,1.8928456310844315e-06,9.654138457345747e-06,8.35980884989504e-06,6.083883056223374e-06,4.392641205289918e-06,2.83712438619783e-06,2.1055990522191005e-06,1.1978936769228351e-06,6.967486154936475e-07,4.093013744814658e-07,5.397462281859158e-06,6.722576341791628e-06,4.2640700531398384e-06,3.0312681657868658e-06,7.457474039924375e-06,34000.0,8.25
4.84352599668484e-06,6.137892713244883e-06,2.914073109145149e-06,9.487192179958724e-06,6.719266131217017e-06,4.275584134954881e-06,3.0427967931038107e-06,2.198937217479112e-06,6.460272538207545e-06,4.2784624140278445e-06,3.0092035618968055e-06,2.304681262228115e-06,1.8988013055960735e-06,9.706079542120774e-06,8.389737634691325e-06,6.089069107762417e-06,4.406438839450645e-06,2.8478599065874943e-06,2.112798470726314e-06,1.2001273953129354e-06,6.987804912211668e-07,4.1031472018241166e-07,5.416836232781117e-06,6.719266131217017e-06,4.275584134954881e-06,3.0427967931038107e-06,7.456775915883561e-06,34000.0,8.5
4.852150333825447e-06,6.1467580495235815e-06,2.9222113751246994e-06,9.539703555452329e-06,6.716093263535487e-06,4.287450358780863e-06,3.054943365443424e-06,2.206966898932769e-06,6.459804268603342e-06,4.291050068998056e-06,3.021243981098103e-06,2.313343054852591e-06,1.9051507122668056e-06,9.761284652621781e-06,8.42465995054962e-06,6.094069866462452e-06,4.4206689010767145e-06,2.85918418473272e-06,2.12037051613986e-06,1.202476500360546e-06,7.009624787825192e-07,4.1140508341259235e-07,5.436688194311888e-06,6.716093263535487e-06,4.287450358780863e-06,3.054943365443424e-06,7.457703218363957e-06,34000.0,8.75
4.861161643277014e-06,6.1562370812160575e-06,2.9306015902916516e-06,9.595071505999576e-06,6.713058239891199e-06,4.299365752176491e-06,3.0677410722538395e-06,2.2155616313572144e-06,6.459116757562815e-06,4.303735332851747e-06,3.033944657117816e-06,2.322538151354168e-06,1.9121141107225018e-06,9.819134109566458e-06,8.464018033319403e-06,6.09825274980025e-06,4.435084883022633e-06,2.8711534873469444e-06,2.1285145277499248e-06,1.20490499327189e-06,7.032223820870208e-07,4.12571780467678e-07,5.456551288086299e-06,6.713058239891199e-06,4.299365752176491e-06,3.0677410722538395e-06,7.460462050224671e-06,34000.0,9.0
4.870482995672202e-06,6.166261952456058e-06,2.9391163285274253e-06,9.652911163734244e-06,6.7102378442950125e-06,4.311152050172349e-06,3.0811103715037793e-06,2.2245511886878757e-06,6.458277458179936e-06,4.31632720928294e-06,3.0472302581954593e-06,2.3321578260707256e-06,1.919369695964478e-06,9.879288766576423e-06,8.507099833867781e-06,6.101710939636919e-06,4.449465102129084e-06,2.8837341908296795e-06,2.1370077624697984e-06,1.2073994043883183e-06,7.055559479794836e-07,4.138033958534467e-07,5.476104842693587e-06,6.7102378442950125e-06,4.311152050172349e-06,3.0811103715037793e-06,7.465219221043772e-06,34000.0,9.25
4.879880283664052e-06,6.176709202545907e-06,2.947372525628188e-06,9.713031140326398e-06,6.7074264701229596e-06,4.322649141378789e-06,3.094605270072865e-06,2.2337222077525495e-06,6.457205295590348e-06,4.328615398953787e-06,3.0606572519178278e-06,2.3419381256734303e-06,1.92683635772383e-06,9.941702176723237e-06,8.553336526009424e-06,6.104414878140535e-06,4.463595427995947e-06,2.896456040286888e-06,2.1456866720262275e-06,1.2099463578804666e-06,7.079663576669132e-07,4.150630512021516e-07,5.495064086234824e-06,6.7074264701229596e-06,4.322649141378789e-06,3.094605270072865e-06,7.4718888098736365e-06,34000.0,9.5
5.068160551518387e-06,6.457528463199751e-06,3.013506710374787e-06,9.866738348528549e-06,7.1556942335786485e-06,4.42222659958232e-06,3.1231201473570216e-06,2.2643254178439458e-06,6.829263065632669e-06,4.419068644253207e-06,3.0886006899322485e-06,2.3699247815662525e-06,1.9633677293319012e-06,1.0044322960799975e-05,8.89178437809014e-06,6.396374961711829e-06,4.5447758408679035e-06,2.9236283738306435e-06,2.175265560700959e-06,1.2438039005554838e-06,7.194068095395541e-07,4.242171056761366e-07,5.56355126405455e-06,7.1556942335786485e-06,4.42222659958232e-06,3.1231201473570216e-06,7.988220861783025e-06,35000.0,6.0
5.0574765567571004e-06,6.44194493111717e-06,3.0086740053435355e-06,9.84413864262276e-06,7.133361039319719e-06,4.4160052950311115e-06,3.119527144216986e-06,2.2606024842044578e-06,6.813334006367629e-06,4.413348649014685e-06,3.08502614147239e-06,2.366400213652903e-06,1.958966295980951e-06,1.0031858357356746e-05,8.858167685523848e-06,6.3815534651779736e-06,4.53910738944961e-06,2.920110279629428e-06,2.1718693832237238e-06,1.2414434849547743e-06,7.18206401689801e-07,4.233453580806906e-07,5.559162917703618e-06,7.133361039319719e-06,4.4160052950311115e-06,3.119527144216986e-06,7.957063691440604e-06,35000.0,6.25
5.05012100563403e-06,6.4304513153794015e-06,3.006145197865956e-06,9.833078484256714e-06,7.114793672233376e-06,4.4129433184736705e-06,3.118427526902085e-06,2.258843525232592e-06,6.8008542112317164e-06,4.410790535402721e-06,3.0839239376338357e-06,2.364963672222146e-06,1.9562715258995593e-06,1.0029428290029017e-05,8.830881625834334e-06,6.370801051523408e-06,4.536739151154415e-06,2.9189601185120393e-06,2.170313313120385e-06,1.2399739596347399e-06,7.175484208735739e-07,4.2279382605610047e-07,5.558816805576896e-06,7.114793672233376e-06,4.4129433184736705e-06,3.118427526902085e-06,7.930382095544517e-06,35000.0,6.5
5.045837150400978e-06,6.422826285595189e-06,3.005642073066002e-06,9.832861150128562e-06,7.0995239407388876e-06,4.4128451570328205e-06,3.119575718701455e-06,2.258686670676672e-06,6.7915224686148035e-06,4.411203182602835e-06,3.085045782251499e-06,2.3652010951531902e-06,1.955088108262822e-06,1.0036672670424694e-05,8.81100939065973e-06,6.363825094288738e-06,4.537503176590272e-06,2.91991747557108e-06,2.17022970781809e-06,1.23931807065276e-06,7.174122397736645e-07,4.225255745780636e-07,5.562330498732024e-06,7.0995239407388876e-06,4.4128451570328205e-06,3.119575718701455e-06,7.908230347806402e-06,35000.0,6.75
5.0441105870898745e-06,6.418363906675299e-06,3.0069088383873465e-06,9.842246945864685e-06,7.086857526598254e-06,4.415310752197779e-06,3.122728594922113e-06,2.259985017304085e-06,6.7844918207940066e-06,4.414184311223923e-06,3.088151365321633e-06,2.366970947534013e-06,1.9551770928612926e-06,1.0052457045088516e-05,8.797653647523314e-06,6.359884163910329e-06,4.541001828327722e-06,2.9227507756289648e-06,2.171509328521263e-06,1.2392892628957794e-06,7.17723842717025e-07,4.2250027548310754e-07,5.569193256302271e-06,7.086857526598254e-06,4.415310752197779e-06,3.122728594922113e-06,7.889605620117856e-06,35000.0,7.0
5.04447554241072e-06,6.416484952268277e-06,3.0096814790050365e-06,9.85969302539236e-06,7.07624321931402e-06,4.419837969801832e-06,3.1276128599158862e-06,2.262591641135243e-06,6.779088587695271e-06,4.419251468051248e-06,3.092970496833159e-06,2.3701106004417958e-06,1.956522296823575e-06,1.007534983777548e-05,8.791491110049979e-06,6.358291243567335e-06,4.54673284135204e-06,2.927202898817695e-06,2.1740032743492076e-06,1.2397905000007475e-06,7.183788203804515e-07,4.2271457623789654e-07,5.578729249918327e-06,7.07624321931402e-06,4.419837969801832e-06,3.1276128599158862e-06,7.874131020513803e-06,35000.0,7.25
5.046513554517208e-06,6.4166879115344115e-06,3.0136097407394157e-06,9.884089881685256e-06,7.0672405122324465e-06,4.425932096863246e-06,3.1339076422740145e-06,2.2662575164749325e-06,6.7748649535947895e-06,4.42594897233104e-06,3.099188766967917e-06,2.3743271576154525e-06,1.9588838728778894e-06,1.0104401680446499e-05,8.792002066907644e-06,6.358536684635223e-06,4.554281398748589e-06,2.9329928305704963e-06,2.1775513649866713e-06,1.240681055610128e-06,7.193296259880792e-07,4.2308200680444887e-07,5.590547016494941e-06,7.0672405122324465e-06,4.425932096863246e-06,3.1339076422740145e-06,7.861407385522534e-06,35000.0,7.5
5.0499255984039284e-06,6.418650498264651e-06,3.0184740282284298e-06,9.914515213035733e-06,7.0593785035827495e-06,4.433424612006155e-06,3.1413913356866766e-06,2.2708027929606225e-06,6.7713529747321685e-06,4.434042260973644e-06,3.1065859556865545e-06,2.3794313540943595e-06,1.9620271606245994e-06,1.0138928924149641e-05,8.799643440392472e-06,6.36017222487048e-06,4.563378697610287e-06,2.9398911627877194e-06,2.1818684644687796e-06,1.2419052050664e-06,7.20531066139865e-07,4.2360821642536587e-07,5.604241670115653e-06,7.0593785035827495e-06,4.433424612006155e-06,3.1413913356866766e-06,7.851360874494761e-06,35000.0,7.75
5.054392620508328e-06,6.421975514619974e-06,3.0240569660171007e-06,9.95006383036605e-06,7.052371988207797e-06,4.441882384623966e-06,3.1499395654656347e-06,2.276149438639912e-06,6.768194581006932e-06,4.44312377720493e-06,3.115042057229131e-06,2.385365868698186e-06,1.9658745946638786e-06,1.0177966777403116e-05,8.813966603002419e-06,6.362631835469938e-06,4.5736494524195515e-06,2.9477995489562646e-06,2.186925617989102e-06,1.2433481644892524e-06,7.219383534812444e-07,4.242443689771825e-07,5.619339268636158e-06,7.052371988207797e-06,4.441882384623966e-06,3.1499395654656347e-06,7.843834049749695e-06,35000.0,8.0
5.059698923616401e-06,6.42636720378074e-06,3.030270879984989e-06,9.989766893148291e-06,7.045849535632596e-06,4.450999872572762e-06,3.1593599485878012e-06,2.2822202763349327e-06,6.765117488470737e-06,4.452907382730591e-06,3.124367172669506e-06,2.3919789870742617e-06,1.9705943536078113e-06,1.0220719381395603e-05,8.834154875267405e-06,6.365377428405942e-06,4.584754836956345e-06,2.9565350964437756e-06,2.1926934146244533e-06,1.2449866318731966e-06,7.234950711038541e-07,4.2499994596945173e-07,5.635416390821614e-06,7.045849535632596e-06,4.450999872572762e-06,3.1593599485878012e-06,7.838365339508387e-06,35000.0,8.25
5.065594159885689e-06,6.431603897647332e-06,3.0368263413198422e-06,1.003316922501993e-05,7.039705606920594e-06,4.460550048009099e-06,3.1694363243143303e-06,2.2888029386220782e-06,6.761958276483982e-06,4.463139391933377e-06,3.1343504997296703e-06,2.399128259464164e-06,1.9757085885027367e-06,1.026687561483992e-05,8.859553679692021e-06,6.367843919398724e-06,4.596447660255372e-06,2.9659202109414975e-06,2.198909382270082e-06,1.2467375747532562e-06,7.252098536390455e-07,4.258464192859097e-07,5.652234085674288e-06,7.039705606920594e-06,4.460550048009099e-06,3.1694363243143303e-06,7.834486460279222e-06,35000.0,8.5
5.072004316967589e-06,6.4376546419211165e-06,3.0436122853837393e-06,1.00800774481283e-05,7.033665355265327e-06,4.4704100602569424e-06,3.180160078913046e-06,2.295820305054173e-06,6.758699863336303e-06,4.4737354218359255e-06,3.1449833468459626e-06,2.406713241751828e-06,1.981215597482146e-06,1.0316278387285566e-05,8.889939105811364e-06,6.370171554750584e-06,4.608666818058663e-06,2.975906705101615e-06,2.205535936454063e-06,1.2485952591679275e-06,7.270937119746135e-07,4.2675797199805007e-07,5.669553241726512e-06,7.033665355265327e-06,4.4704100602569424e-06,3.180160078913046e-06,7.832303783937066e-06,35000.0,8.75
5.0788112785461745e-06,6.444325021893519e-06,3.05064654470703e-06,1.01298345942872e-05,7.027822338881212e-06,4.480343561672534e-06,3.191529122294076e-06,2.3033596200030344e-06,6.755257234125952e-06,4.48443377450684e-06,3.15627035901447e-06,2.4147951078814274e-06,1.9872923807895337e-06,1.0368333061640348e-05,8.924683456895043e-06,6.37173345094567e-06,4.621035074233672e-06,2.9865429118884114e-06,2.212659430639136e-06,1.2505505602232084e-06,7.290428896944323e-07,4.2774747348550996e-07,5.686889288259004e-06,7.027822338881212e-06,4.480343561672534e-06,3.191529122294076e-06,7.831944190495046e-06,35000.0,9.0
5.085919313735022e-06,6.451532464516989e-06,3.0578058439887914e-06,1.018199968921666e-05,7.022169915473186e-06,4.490122642103007e-06,3.2034268979536945e-06,2.3113794051901493e-06,6.751679568455809e-06,4.495012049394868e-06,3.1681006002592106e-06,2.4233908759407825e-06,1.9937150098584833e-06,1.042264974390994e-05,8.963047744484568e-06,6.372600884022051e-06,4.633350342638449e-06,2.9977647508038742e-06,2.2202352102810184e-06,1.2525983994549864e-06,7.310632514009375e-07,4.2879916762916953e-07,5.70390218118385e-06,7.022169915473186e-06,4.490122642103007e-06,3.2034268979536945e-06,7.833492278059216e-06,35000.0,9.25
5.093139508641095e-06,6.459176083057636e-06,3.064753755236305e-06,1.0236454159314795e-05,7.016570595583884e-06,4.499630774445422e-06,3.215560621033661e-06,2.319523286222086e-06,6.747926118311574e-06,4.505309123812247e-06,3.1801738654379868e-06,2.432087338681127e-06,2.0003119699581165e-06,1.0479183857217387e-05,9.004575965096475e-06,6.3727783989655515e-06,4.645433727714951e-06,3.009170870179695e-06,2.227931596442944e-06,1.254681211868222e-06,7.331654706768738e-07,4.2987542546718945e-07,5.720354324964845e-06,7.016570595583884e-06,4.499630774445422e-06,3.215560621033661e-06,7.836928657163168e-06,35000.0,9.5
5.300477250948972e-06,6.7640401579808614e-06,3.1427329675294183e-06,1.0438588536960646e-05,7.488798101593147e-06,4.616607167948903e-06,3.2567377859217563e-06,2.3590808286071633e-06,7.143972650911976e-06,4.613223836674158e-06,3.2206550547892307e-06,2.4696363150355446e-06,2.04410673526756e-06,1.0633341612797857e-05,9.38132957983829e-06,6.688393596140832e-06,4.744659758221586e-06,3.0482395943388324e-06,2.26610974059521e-06,1.293064609829174e-06,7.476350475507246e-07,4.4078489523138767e-07,5.811037493234394e-06,7.488798101593147e-06,4.616607167948903e-06,3.2567377859217563e-06,8.378818505122082e-06,36000.0,6.0
5.287650612657245e-06,6.745729370412413e-06,3.136595985782684e-06,1.0410909577206457e-05,7.463582511959413e-06,4.608482525792139e-06,3.251788144137678e-06,2.3544190663946383e-06,7.125235834930771e-06,4.60560220263737e-06,3.215737959011465e-06,2.465104605303819e-06,2.0387921949885486e-06,1.0615300714560492e-05,9.343269038417606e-06,6.670854288136791e-06,4.7370411196849484e-06,3.043448377531009e-06,2.2618215773832493e-06,1.2901575212185122e-06,7.460934916337051e-07,4.3972121071866115e-07,5.8042899861057406e-06,7.463582511959413e-06,4.608482525792139e-06,3.251788144137678e-06,8.34428998041305e-06,36000.0,6.25
5.27817946552103e-06,6.731551868897119e-06,3.1327755676686896e-06,1.0394732471050233e-05,7.442146409691345e-06,4.603534802346192e-06,3.249322040495896e-06,2.3516648380700877e-06,7.1100151901598435e-06,4.601157708057479e-06,3.2132848326499612e-06,2.4626131909666375e-06,2.0354337520103678e-06,1.0607368627557536e-05,9.312170369768406e-06,6.657356974974718e-06,4.732726421613321e-06,3.0410187244445796e-06,2.2592644911042034e-06,1.2881674842927399e-06,7.451084369232056e-07,4.389728361852196e-07,5.801597544498884e-06,7.442146409691345e-06,4.603534802346192e-06,3.249322040495896e-06,8.314547696212922e-06,36000.0,6.5
5.271663441924049e-06,6.721060911622143e-06,3.130938230539308e-06,1.0389149392129584e-05,7.423838172936478e-06,4.6014770087504334e-06,3.249063641280841e-06,2.350537742840434e-06,7.097752482340487e-06,4.599609478681245e-06,3.213014472005222e-06,2.461809172487721e-06,2.033463650492074e-06,1.0608873421060378e-05,9.287253977563526e-06,6.647519501899811e-06,4.731463989230916e-06,3.0406582105056285e-06,2.25827471449452e-06,1.2869945390093016e-06,7.446526969058651e-07,4.385107852786539e-07,5.802653847838002e-06,7.423838172936478e-06,4.6014770087504334e-06,3.249063641280841e-06,8.288870423893106e-06,36000.0,6.75
5.267686090954849e-06,6.713713974748243e-06,3.130869146404152e-06,1.039312215025417e-05,7.408152452168318e-06,4.601985879801026e-06,3.2508004817644564e-06,2.350832862942499e-06,7.087741894685781e-06,4.6006300334965e-06,3.214720187766058e-06,2.4625231300922546e-06,2.032775102928933e-06,1.061889946096745e-05,9.269452477784123e-06,6.640673803192974e-06,4.7329356762547e-06,3.042168781325575e-06,2.258599902790089e-06,1.2864341684037376e-06,7.446479127065564e-07,4.3831029422133423e-07,5.807023911815784e-06,7.408152452168318e-06,4.601985879801026e-06,3.2508004817644564e-06,8.26687070805015e-06,36000.0,7.0
5.2657577247890815e-06,6.708880020726022e-06,3.1322946411961114e-06,1.0405008395907384e-05,7.394461212273513e-06,4.604522826621527e-06,3.254276812647447e-06,2.3524433490683582e-06,7.079303686219368e-06,4.6037021739149665e-06,3.218146177730177e-06,2.4645761818789483e-06,2.0332979488897537e-06,1.0635927981238e-05,9.258730893578875e-06,6.6361440049451455e-06,4.736607687383313e-06,3.045300804960372e-06,2.2601518050203986e-06,1.2864061211205268e-06,7.449859470933972e-07,4.383369530303928e-07,5.814021548401452e-06,7.394461212273513e-06,4.604522826621527e-06,3.254276812647447e-06,8.247975619381307e-06,36000.0,7.25
5.2655572343319206e-06,6.706209678622284e-06,3.1348927438600216e-06,1.042389747678702e-05,7.382479466512484e-06,4.608647945168998e-06,3.2591576460777385e-06,2.3551175895734234e-06,7.07213475961497e-06,4.608422070815546e-06,3.2229667977505754e-06,2.467758914667649e-06,2.034847165364e-06,1.0659189931123643e-05,9.254856590685937e-06,6.633549580748976e-06,4.7421137460216734e-06,3.049770126085525e-06,2.262710978261725e-06,1.286809143309976e-06,7.456262776448664e-07,4.385325243360222e-07,5.823320660755597e-06,7.382479466512484e-06,4.608647945168998e-06,3.2591576460777385e-06,8.232031694530415e-06,36000.0,7.5
5.2667571552959235e-06,6.705329635891639e-06,3.138442903446827e-06,1.0448867787843363e-05,7.371694091315561e-06,4.614211523036836e-06,3.2652509910610936e-06,2.3586935080092163e-06,7.065724077334006e-06,4.614575738069972e-06,3.228987617487929e-06,2.4718255697215074e-06,2.0371763233412953e-06,1.0688024900998174e-05,9.258159391832822e-06,6.6324146032483e-06,4.74920836296738e-06,3.0553670696202525e-06,2.26611745364654e-06,1.2875369892449268e-06,7.46525417830359e-07,4.3888203374936744e-07,5.834537850855865e-06,7.371694091315561e-06,4.614211523036836e-06,3.2652509910610936e-06,8.21883674782211e-06,36000.0,7.75
5.269054808606446e-06,6.705872893335595e-06,3.142733257022898e-06,1.0478997661263764e-05,7.361816459239427e-06,4.620749510677112e-06,3.2724380585086077e-06,2.3630842571528876e-06,7.059724820868155e-06,4.621724978085971e-06,3.2360981659089306e-06,2.4767296673441525e-06,2.040290786016684e-06,1.0721414854999264e-05,9.26814958142351e-06,6.632191592241352e-06,4.757478378631996e-06,3.0620012469372485e-06,2.2702520307042507e-06,1.288463725201048e-06,7.476367064002231e-07,4.393587038306854e-07,5.847168396641698e-06,7.361816459239427e-06,4.620749510677112e-06,3.2724380585086077e-06,8.208219272837722e-06,36000.0,8.0
5.272173641741367e-06,6.707452878634281e-06,3.1476448919881017e-06,1.0513193734881344e-05,7.352424087878647e-06,4.627941139824088e-06,3.2804821688745788e-06,2.368161213919614e-06,7.053812597723467e-06,4.6295667167746596e-06,3.244061785560698e-06,2.4823078113342494e-06,2.0441130560869572e-06,1.075846260321966e-05,9.283870069995226e-06,6.632249558958574e-06,4.766588523643799e-06,3.0694497473080916e-06,2.2750850429947582e-06,1.2896473520863456e-06,7.488910573665733e-07,4.3993420494895504e-07,5.860736200784485e-06,7.352424087878647e-06,4.627941139824088e-06,3.2804821688745788e-06,8.199685221357513e-06,36000.0,8.25
5.2759733007146e-06,6.710009130808744e-06,3.1529337916897756e-06,1.0551315675969386e-05,7.343567818197846e-06,4.635597860937626e-06,3.2892218939441045e-06,2.373775933516114e-06,7.047977890919162e-06,4.637919988963611e-06,3.2527238510668068e-06,2.4884572083955675e-06,2.048330472577113e-06,1.0799153267605834e-05,9.304979215287688e-06,6.632163843413671e-06,4.776351691827284e-06,3.077585024433512e-06,2.2803621869984757e-06,1.2909383867287502e-06,7.503125338785968e-07,4.4061458975645775e-07,5.8751643607099e-06,7.343567818197846e-06,4.635597860937626e-06,3.2892218939441045e-06,8.192813144675758e-06,36000.0,8.5
5.280331177888019e-06,6.7134257436052904e-06,3.1584942319550274e-06,1.0593003514887795e-05,7.334861143913155e-06,4.6436340488780375e-06,3.2986171732238276e-06,2.3798860174103666e-06,7.042110905539163e-06,4.6466813138243394e-06,3.2620408078919077e-06,2.495046989841326e-06,2.0531900019130208e-06,1.0843165836963087e-05,9.331124808987482e-06,6.632013129254805e-06,4.786644263791951e-06,3.086329573129557e-06,2.2861157376962334e-06,1.2923399061302504e-06,7.519131902661173e-07,4.4136031135775876e-07,5.8901289427459395e-06,7.334861143913155e-06,4.6436340488780375e-06,3.2986171732238276e-06,8.18767717468317e-06,36000.0,8.75
5.285109854802519e-06,6.717509564705192e-06,3.16428905975664e-06,1.0637552307893434e-05,7.326433985948917e-06,4.651738010070626e-06,3.308687295069647e-06,2.386488874705545e-06,7.036129663452834e-06,4.655548792889269e-06,3.272043651889411e-06,2.502145335296345e-06,2.0584615012179677e-06,1.0889845794398352e-05,9.361614171495136e-06,6.631132783600594e-06,4.797166678416285e-06,3.095748037402025e-06,2.2923405175069077e-06,1.2938620301082823e-06,7.535702575982257e-07,4.4218244894796623e-07,5.9051206328261975e-06,7.326433985948917e-06,4.651738010070626e-06,3.308687295069647e-06,8.184383270912766e-06,36000.0,9.0
5.290222841341467e-06,6.722141587454889e-06,3.1702911137764923e-06,1.0684546474342016e-05,7.3181454542864185e-06,4.659739990343606e-06,3.3193129664677726e-06,2.393678905379969e-06,7.030026661439896e-06,4.6643435461869425e-06,3.2826193624115583e-06,2.5098576446199184e-06,2.064203924322366e-06,1.0938826145770518e-05,9.395725552621465e-06,6.629596567866552e-06,4.8076362550282446e-06,3.105790373363752e-06,2.299126161378643e-06,1.2955314264101975e-06,7.55337659023392e-07,4.4308814502722764e-07,5.919807503834121e-06,7.3181454542864185e-06,4.659739990343606e-06,3.3193129664677726e-06,8.18295594680745e-06,36000.0,9.25
5.295439209774837e-06,6.727227269181095e-06,3.17600788352045e-06,1.0733731780133292e-05,7.310012031490577e-06,4.667389983298317e-06,3.330141435216118e-06,2.400885981135597e-06,7.023847750102096e-06,4.672774680857804e-06,3.2934073211349775e-06,2.5175677357313306e-06,2.0700014738460074e-06,1.0989913823385925e-05,9.43286040943907e-06,6.627501501947232e-06,4.817790206431252e-06,3.1159855283742936e-06,2.3059245390016614e-06,1.2971954621285858e-06,7.571529592051964e-07,4.439926922857562e-07,5.93396669308083e-06,7.310012031490577e-06,4.667389983298317e-06,3.330141435216118e-06,8.183479382892109e-06,36000.0,9.5
5.730514194918216e-06,7.331931604415859e-06,3.381339392677903e-06,1.1499614670859145e-05,8.106374861554468e-06,4.975772840520922e-06,3.5034275356292187e-06,2.5340704439328883e-06,7.72721246938344e-06,4.971958523329031e-06,3.4644569259557284e-06,2.653743870657837e-06,2.1932286146683855e-06,1.1726208264990693e-05,1.0288649282112255e-05,7.229240868050737e-06,5.114056246234036e-06,3.278292904045272e-06,2.4338871819102276e-06,1.3841821981264568e-06,7.99871530200547e-07,4.714627994767459e-07,6.2688771997398835e-06,8.106374861554468e-06,4.975772840520922e-06,3.5034275356292187e-06,9.103335957657363e-06,38000.0,6.0
5.713914380791984e-06,7.308760961106924e-06,3.372972957062987e-06,1.1462904937958245e-05,8.075965277395968e-06,4.9643256225419216e-06,3.496135574011063e-06,2.5277281237391197e-06,7.70349374358592e-06,4.961027753716072e-06,3.4572250201164605e-06,2.6474412198555926e-06,2.1867297643822818e-06,1.1698387489936773e-05,1.0242618129474416e-05,7.2068126702286165e-06,5.103019336116619e-06,3.2713125471076594e-06,2.427957463831985e-06,1.38035306259452e-06,7.977739930260727e-07,4.700774842120751e-07,6.25795658140876e-06,8.075965277395968e-06,4.9643256225419216e-06,3.496135574011063e-06,9.062860124327965e-06,38000.0,6.25
5.70040517888426e-06,7.289433643158908e-06,3.3667222296403717e-06,1.1437054074734947e-05,8.048965467822173e-06,4.955805364663055e-06,3.4911375005884783e-06,2.5231695244534356e-06,7.683004732236297e-06,4.953020744347482e-06,3.4522668147872393e-06,2.64301339446103e-06,2.1818177494933195e-06,1.1680011000556463e-05,1.0203356714559748e-05,7.188161509482412e-06,5.095038095892335e-06,3.2665103922943245e-06,2.423748539705645e-06,1.3773908788914176e-06,7.961966855306227e-07,4.6898451762825867e-07,6.2507963156656e-06,8.048965467822173e-06,4.955805364663055e-06,3.4911375005884783e-06,9.027029750134866e-06,38000.0,6.5
5.689772504424468e-06,7.273680023444346e-06,3.3624194097200455e-06,1.142166205006567e-05,8.025134533766577e-06,4.950150266617338e-06,3.488268719377132e-06,2.5202127358189828e-06,7.665339364382465e-06,4.9478734080100125e-06,3.4494151162095756e-06,2.640250128424255e-06,2.1783773499295e-06,1.1671020837797763e-05,1.0170183991508152e-05,7.173069835336932e-06,5.0900577929448085e-06,3.2637064673378717e-06,2.4209195151685953e-06,1.3752401949834212e-06,7.95162026992803e-07,4.681797301108723e-07,6.247351244373268e-06,8.025134533766577e-06,4.950150266617338e-06,3.488268719377132e-06,8.995179913892332e-06,38000.0,6.75
5.681681032805649e-06,7.261035972230727e-06,3.3599236236032264e-06,1.141569317250716e-05,8.003856498164031e-06,4.947114360097104e-06,3.487439415757914e-06,2.5187183323299957e-06,7.649845008828318e-06,4.945344493477277e-06,3.4485800968333666e-06,2.639060902881117e-06,2.176222322427317e-06,1.1670514533949991e-05,1.014416461842445e-05,7.160988701618524e-06,5.087852036957455e-06,3.2628047754150436e-06,2.4195337972706634e-06,1.3737310713121368e-06,7.94574531291691e-07,4.6765448752368273e-07,6.247194042019282e-06,8.003856498164031e-06,4.947114360097104e-06,3.487439415757914e-06,8.966936940614857e-06,38000.0,7.0
5.675609178167078e-06,7.250850572135076e-06,3.3589347554565737e-06,1.1417459279867736e-05,7.984596130096618e-06,4.946046877504095e-06,3.4883718471105916e-06,2.51852988686113e-06,7.635900464811562e-06,4.944810956728963e-06,3.449491552538115e-06,2.6392148216174603e-06,2.175297341243803e-06,1.1676853921953189e-05,1.0125000089695433e-05,7.151149279996071e-06,5.087793950111884e-06,3.263565522264274e-06,2.4193563577051363e-06,1.3727634639896641e-06,7.943331009568517e-07,4.673447614845582e-07,6.2495809622637724e-06,7.984596130096618e-06,4.946046877504095e-06,3.4883718471105916e-06,8.941814512853828e-06,38000.0,7.25
5.671389607827361e-06,7.243022868455238e-06,3.3591413890456316e-06,1.1426422771069623e-05,7.967250571575674e-06,4.94665473104895e-06,3.4907277850212315e-06,2.519440160260213e-06,7.623448029272362e-06,4.945992550985936e-06,3.4518155977810536e-06,2.6404928940834503e-06,2.1753802782677448e-06,1.1689752942446186e-05,1.0113405298989509e-05,7.1434909528484285e-06,5.0896491463662356e-06,3.265673982331704e-06,2.420220080684122e-06,1.372269615657081e-06,7.944075518955979e-07,4.6721463567258465e-07,6.254383672747127e-06,7.967250571575674e-06,4.94665473104895e-06,3.4907277850212315e-06,8.920067108542293e-06,38000.0,7.5
5.668580399162226e-06,7.2369977719421556e-06,3.360297426860626e-06,1.1441502825425615e-05,7.951166597383133e-06,4.948721389570929e-06,3.4942928707361114e-06,2.521237539090038e-06,7.611776694864565e-06,4.9486255754251035e-06,3.455335047664519e-06,2.6426876746613067e-06,2.176189342520128e-06,1.170827033456933e-05,1.010883290107755e-05,7.137369481941755e-06,5.093123779083894e-06,3.268899240409497e-06,2.4219136600461244e-06,1.3721035742465567e-06,7.947560475547179e-07,4.67237993705462e-07,6.26111773197968e-06,7.951166597383133e-06,4.948721389570929e-06,3.4942928707361114e-06,8.901143695099061e-06,38000.0,7.75
5.667057995088498e-06,7.232585538426967e-06,3.3623714431203626e-06,1.1462004216785322e-05,7.936164833570048e-06,4.951934352163173e-06,3.499078860727664e-06,2.5239122232676167e-06,7.600722025830631e-06,4.952427858992242e-06,3.4600688567788856e-06,2.6457617938391254e-06,2.1779178989067097e-06,1.17316404334463e-05,1.0111141956706735e-05,7.132370631045067e-06,5.097918707792995e-06,3.2732834926907625e-06,2.4244174725223088e-06,1.372172480594408e-06,7.953319528003876e-07,4.6740801664660635e-07,6.269388454869121e-06,7.936164833570048e-06,4.951934352163173e-06,3.499078860727664e-06,8.885018332311303e-06,38000.0,8.0
5.666364497482495e-06,7.2293148371299415e-06,3.3649733790199566e-06,1.1486690416050809e-05,7.921859762530983e-06,4.955760226449239e-06,3.5047340190378136e-06,2.5273179223817793e-06,7.589897436358179e-06,4.956902874019494e-06,3.4656710426700788e-06,2.649561598041679e-06,2.1803552981744195e-06,1.175880862153587e-05,1.0119288909997016e-05,7.127609295043636e-06,5.103563355950406e-06,3.27850729472734e-06,2.4276447800795784e-06,1.372495411634316e-06,7.960570912883285e-07,4.6767866305024487e-07,6.278651698436829e-06,7.921859762530983e-06,4.955760226449239e-06,3.5047340190378136e-06,8.871017009514435e-06,38000.0,8.25
5.666492786876363e-06,7.227175912849894e-06,3.3680327339334102e-06,1.1515544281260633e-05,7.908188659779586e-06,4.960128217688847e-06,3.5111215939152166e-06,2.531267908543816e-06,7.579389318599179e-06,4.961961049591904e-06,3.472005549535406e-06,2.6539425259773453e-06,2.183198246966687e-06,1.1789893045194754e-05,1.0132886343848935e-05,7.123286566820143e-06,5.109942752554223e-06,3.2844313669634135e-06,2.4313262580810273e-06,1.3729708652873016e-06,7.969567101947736e-07,4.6805442806039174e-07,6.288907184878251e-06,7.908188659779586e-06,4.960128217688847e-06,3.5111215939152166e-06,8.858898527395194e-06,38000.0,8.5
5.667217270645868e-06,7.225924132825456e-06,3.3714235930727643e-06,1.1547947597777843e-05,7.894799038063104e-06,4.964938051999625e-06,3.5181806349434718e-06,2.535699699167064e-06,7.568884179317012e-06,4.9674824005415285e-06,3.479010456388736e-06,2.658764337542382e-06,2.1866179349134784e-06,1.1824308427868327e-05,1.0151522989542601e-05,7.118592057963977e-06,5.11688303587676e-06,3.290989568438239e-06,2.435471965695769e-06,1.373558126522378e-06,7.980427525611659e-07,4.685022205005057e-07,6.2996784248717135e-06,7.894799038063104e-06,4.964938051999625e-06,3.5181806349434718e-06,8.848471284529584e-06,38000.0,8.75
5.668452350070996e-06,7.225469028259699e-06,3.37507982114903e-06,1.158338993090405e-05,7.88176111174264e-06,4.969876092036213e-06,3.5259551307706995e-06,2.5406769821857385e-06,7.558450790040177e-06,4.973170237743499e-06,3.4867412163744415e-06,2.6641502262465606e-06,2.1904983084111107e-06,1.1861587411925659e-05,1.0174524169569956e-05,7.11345597340362e-06,5.124093585578323e-06,3.298264771237872e-06,2.4401461286231026e-06,1.374301057340028e-06,7.991855728035019e-07,4.6902785841080693e-07,6.310607215114852e-06,7.88176111174264e-06,4.969876092036213e-06,3.5259551307706995e-06,8.839997595316253e-06,38000.0,9.0
5.670036684049832e-06,7.225643347787861e-06,3.3788414519766424e-06,1.1621324311992967e-05,7.868998910366604e-06,4.974679219506632e-06,3.5341976862440796e-06,2.5461869992869153e-06,7.548063970044464e-06,4.9787550709282816e-06,3.494955244236749e-06,2.670093067374806e-06,2.194815627263829e-06,1.1901273437356423e-05,1.0201004082401915e-05,7.107897336288148e-06,5.131281973279114e-06,3.306046839554457e-06,2.445317929293515e-06,1.375178541310227e-06,8.003960354494985e-07,4.6960986023732296e-07,6.321323683656011e-06,7.868998910366604e-06,4.974679219506632e-06,3.5341976862440796e-06,8.833443605907699e-06,38000.0,9.25
5.671893853516629e-06,7.226427472163931e-06,3.3825100482923096e-06,1.1661743706494924e-05,7.856611628497112e-06,4.97921615341845e-06,3.5428738296110956e-06,2.5517993803225914e-06,7.5377939245420685e-06,4.984104886537804e-06,3.503612950671799e-06,2.676122148570464e-06,2.1992580213080887e-06,1.1943414143090358e-05,1.0230559728207399e-05,7.101909613757597e-06,5.138315049649192e-06,3.3142318319302153e-06,2.450588260942267e-06,1.3760921459188766e-06,8.017138160656038e-07,4.702156098000168e-07,6.331635465688426e-06,7.856611628497112e-06,4.97921615341845e-06,3.5428738296110956e-06,8.828967581618774e-06,38000.0,9.5
6.124463917631152e-06,7.852541414687575e-06,3.5994997570579445e-06,1.2473668169725275e-05,8.672930033496748e-06,5.304282958262563e-06,3.7289894964457267e-06,2.6940941715643974e-06,8.2620179281081e-06,5.30008524135994e-06,3.687381074618397e-06,2.8220692334307147e-06,2.329777341108644e-06,1.2729652628775904e-05,1.11203103133741e-05,7.724906146291105e-06,5.4519837786564945e-06,3.4886530931575597e-06,2.5874086579791434e-06,1.4677538207357393e-06,8.478263521345837e-07,4.996212539957313e-07,6.688045796032846e-06,8.672930033496748e-06,5.304282958262563e-06,3.7289894964457267e-06,9.768475781671719e-06,40000.0,6.0
6.104067616573913e-06,7.824495328510879e-06,3.5888810522108463e-06,1.242804733266795e-05,8.637355598541226e-06,5.289511621952548e-06,3.7192836767883198e-06,2.686105388066231e-06,8.233287058009128e-06,5.285827810771909e-06,3.677759991716824e-06,2.814011599283849e-06,2.3219244529696134e-06,1.2692037081485392e-05,1.106672418012057e-05,7.697666128446739e-06,5.437515218405319e-06,3.4794087672574567e-06,2.579774317476271e-06,1.4629404433650512e-06,8.451383084848168e-07,4.978950771376167e-07,6.672958817087266e-06,8.637355598541226e-06,5.289511621952548e-06,3.7192836767883198e-06,9.722196009726163e-06,40000.0,6.25
6.086664692586085e-06,7.800172288520374e-06,3.5802957859220696e-06,1.2392906415916992e-05,8.60513002664072e-06,5.277571524744403e-06,3.711849980496281e-06,2.6797975441416562e-06,8.207680441426509e-06,5.274400804783326e-06,3.6703917491228012e-06,2.80772082285235e-06,2.3155988478789433e-06,1.2663695306734666e-05,1.1019683707674854e-05,7.674108040871154e-06,5.426011217275907e-06,3.4723247303622407e-06,2.5738510936564344e-06,1.4590503308495926e-06,8.429773026753015e-07,4.964610487412763e-07,6.661520818087588e-06,8.60513002664072e-06,5.277571524744403e-06,3.711849980496281e-06,9.68044600568161e-06,40000.0,6.5
6.072356087967826e-06,7.779723117403048e-06,3.573770304086592e-06,1.2368814792877499e-05,8.576314026995412e-06,5.268724062665719e-06,3.706637098172469e-06,2.6751754429901386e-06,8.18517730187598e-06,5.266047721402956e-06,3.66522123906987e-06,2.803211371442682e-06,2.310762102215289e-06,1.2645455778675403e-05,1.0979043553704313e-05,7.654388314917092e-06,5.417733253207054e-06,3.467321712311791e-06,2.5694676850403066e-06,1.4560097978487115e-06,8.414067434742685e-07,4.953409787415897e-07,6.65408477763856e-06,8.576314026995412e-06,5.268724062665719e-06,3.706637098172469e-06,9.642957456752311e-06,40000.0,6.75
6.060436047028185e-06,7.762141208438933e-06,3.5690281217972654e-06,1.2353468821624963e-05,8.549797395122034e-06,5.262364305161194e-06,3.7034495285926894e-06,2.6719785910990016e-06,8.164609346026951e-06,5.260198748015221e-06,3.662051666537974e-06,2.800218042604558e-06,2.307213081805112e-06,1.2635065120837191e-05,1.094537775218068e-05,7.637375180223714e-06,5.412097795963799e-06,3.464200348398242e-06,2.5664259911829846e-06,1.4535969908103925e-06,8.402714328023881e-07,4.944901583499356e-07,6.64968176922711e-06,8.549797395122034e-06,5.262364305161194e-06,3.7034495285926894e-06,9.608838709025438e-06,40000.0,7.0
6.050756255344304e-06,7.747303767744615e-06,3.56590718337607e-06,1.2346362286026723e-05,8.525604698083826e-06,5.258154605308134e-06,3.7021373353185866e-06,2.670199890592462e-06,8.145887384869742e-06,5.25651124536842e-06,3.6607453222216607e-06,2.7986650564545732e-06,2.3050031016999026e-06,1.263207232235717e-05,1.0919088556973276e-05,7.6229816364054395e-06,5.4087856564342e-06,3.4628670442950925e-06,2.564713631930474e-06,1.4517913265836083e-06,8.395056912159875e-07,4.938851024796402e-07,6.6480622983974145e-06,8.525604698083826e-06,5.258154605308134e-06,3.7021373353185866e-06,9.57833643825215e-06,40000.0,7.25
6.04285401323713e-06,7.7347427703889e-06,3.5639495380283593e-06,1.2346320335757854e-05,8.503316784116325e-06,5.255585730336329e-06,3.702203771965997e-06,2.6695470927443905e-06,8.128572130473568e-06,5.254481323887898e-06,3.660805827784035e-06,2.798274140296529e-06,2.303727251640503e-06,1.2635569981697484e-05,1.0900214988077366e-05,7.610740485890131e-06,5.4073305133314846e-06,3.462838960058329e-06,2.5641329258385233e-06,1.4504688596459257e-06,8.390606286401566e-07,4.934512491555842e-07,6.648788405055254e-06,8.503316784116325e-06,5.255585730336329e-06,3.702203771965997e-06,9.551180955974232e-06,40000.0,7.5
6.036647188487788e-06,7.724344662096917e-06,3.5630763334470566e-06,1.2353007725759374e-05,8.482734067901814e-06,5.254683418036345e-06,3.703619391080071e-06,2.669804561238504e-06,8.112428352925917e-06,5.254137873816952e-06,3.662197026367533e-06,2.798836072330008e-06,2.303317197939692e-06,1.264529306361558e-05,1.0888977757390348e-05,7.6003842428225515e-06,5.407736929060415e-06,3.464046842186645e-06,2.5643300734610916e-06,1.4495245878882947e-06,8.389352785492253e-07,4.931930365003995e-07,6.6517011243016865e-06,8.482734067901814e-06,5.254683418036345e-06,3.703619391080071e-06,9.527308625237154e-06,40000.0,7.75
6.031712814398681e-06,7.715546802455358e-06,3.5631296314351736e-06,1.2364925136025938e-05,8.463168042759187e-06,5.254887209261494e-06,3.7062643326479114e-06,2.6709620646728647e-06,8.096909724921965e-06,5.254946528093595e-06,3.6648129550095267e-06,2.8002890540130024e-06,2.3038131847664698e-06,1.2659731987306213e-05,1.0884463328095027e-05,7.591134010385588e-06,5.409441453762425e-06,3.4664243086453333e-06,2.5654041176746215e-06,1.4488325164788544e-06,8.390317763474217e-07,4.930859137157319e-07,6.65611376308928e-06,8.463168042759187e-06,5.254887209261494e-06,3.7062643326479114e-06,9.506251812107622e-06,40000.0,8.0
6.027820483030349e-06,7.708130970943585e-06,3.5638603177405133e-06,1.2381499784884966e-05,8.444638735767092e-06,5.255889555137086e-06,3.709894880412882e-06,2.6729170552507184e-06,8.081904404685387e-06,5.2565838890877646e-06,3.6684119371274957e-06,2.8025578929374654e-06,2.3050201919866753e-06,1.267847492127402e-05,1.0886109479569767e-05,7.582400117035373e-06,5.412150147831674e-06,3.4697544546951125e-06,2.5672113517033973e-06,1.448400378805462e-06,8.392954096329256e-07,4.930918710878277e-07,6.66171904413933e-06,8.444638735767092e-06,5.255889555137086e-06,3.709894880412882e-06,9.48754829380314e-06,40000.0,8.25
6.02475318072788e-06,7.701938169749105e-06,3.56495571628879e-06,1.2402332263836954e-05,8.426794152397792e-06,5.2574306479796e-06,3.714245762048969e-06,2.675417960047287e-06,8.067348195179023e-06,5.258808726377108e-06,3.6727314048411685e-06,2.8054057358442356e-06,2.306641887474745e-06,1.2701282680194793e-05,1.089322666693545e-05,7.574188218994316e-06,5.415620662012739e-06,3.473772136868271e-06,2.5694951127587376e-06,1.4481445941403768e-06,8.397432569155375e-07,4.931922528939324e-07,6.668363779520215e-06,8.426794152397792e-06,5.2574306479796e-06,3.714245762048969e-06,9.470811418264276e-06,40000.0,8.5
6.0224712156948175e-06,7.696846801499695e-06,3.5665242608980205e-06,1.2427018511591268e-05,8.409520570928277e-06,5.259560324982098e-06,3.7193644405736934e-06,2.6784549102138893e-06,8.053048679495531e-06,5.261644199998304e-06,3.6778156774590404e-06,2.8087545955194335e-06,2.3088803274130246e-06,1.2727719652478946e-05,1.0905621536797264e-05,7.565842267010675e-06,5.419790317241498e-06,3.478508714611592e-06,2.572313637127476e-06,1.4480737873557382e-06,8.403792723331554e-07,4.933965526633969e-07,6.675682768078611e-06,8.409520570928277e-06,5.259560324982098e-06,3.7193644405736934e-06,9.456050778007428e-06,40000.0,8.75
6.020717299793783e-06,7.692563079923202e-06,3.568375377103084e-06,1.2454750079105753e-05,8.392589968262103e-06,5.261830597005481e-06,3.725217981791118e-06,2.682054444709486e-06,8.038865656472438e-06,5.26466116715469e-06,3.683645258488488e-06,2.8126944859894132e-06,2.3115662797656667e-06,1.2757048777580956e-05,1.092229628411034e-05,7.557134554849215e-06,5.424237414158352e-06,3.483982990234609e-06,2.5756631425623635e-06,1.4481558780016877e-06,8.411003910752422e-07,4.93667740799168e-07,6.683187000831342e-06,8.392589968262103e-06,5.261830597005481e-06,3.725217981791118e-06,9.44318630442312e-06,40000.0,9.0
6.019434679425372e-06,7.689096866327903e-06,3.5703579195862816e-06,1.2485214014709347e-05,8.37619851457477e-06,5.2640352517426e-06,3.7315574244435193e-06,2.6862023082457663e-06,8.024981517299162e-06,5.267644014600904e-06,3.689972892845785e-06,2.8171737272140655e-06,2.314771908246845e-06,1.278904658448511e-05,1.0942549682907588e-05,7.548226997774379e-06,5.4287414969908515e-06,3.48995883733023e-06,2.579560657630199e-06,1.4484277843217471e-06,8.418751369258955e-07,4.939994555280935e-07,6.690591508067878e-06,8.37619851457477e-06,5.2640352517426e-06,3.7315574244435193e-06,9.432467373136343e-06,40000.0,9.25
6.018503485971549e-06,7.686322396062963e-06,3.5723164434177165e-06,1.2518467565946885e-05,8.36023692870502e-06,5.266023029228264e-06,3.7384027500469244e-06,2.690518342897124e-06,8.011305618762233e-06,5.2704563496143425e-06,3.696820425067442e-06,2.8218623734182545e-06,2.3180758570566435e-06,1.2823812548891922e-05,1.0966006749232339e-05,7.538977812351236e-06,5.433160042571194e-06,3.4964480066525054e-06,2.5835637458184136e-06,1.4487304151014776e-06,8.427699380578047e-07,4.943522970505113e-07,6.697718357513147e-06,8.36023692870502e-06,5.266023029228264e-06,3.7384027500469244e-06,9.423837575804768e-06,40000.0,9.5
