,gaia_dr3_source_id
22,4586503628739277312
32,2158107129347694592
33,6702386144325312384
44,4483974792231866624
56,4273314166840237952
85,4484422808856341632
93,6734326583460686592
100,4273286679048255744
102,2160515953165916032
110,4523509278992412288
118,4284122782775063552
122,4585722773620345984
127,4284122709739805056
149,2108580555787991040
150,2108580658867207936
156,4484033921036658944
175,4270113424069773184
192,6433190582193235712
204,4525050347610878720
213,6703898045827901568
228,2095856148238624512
229,4536310033882496640
237,6704742986154046464
256,4272898585803853568
257,4153365419713623808
297,2157256622744808064
328,2111335107294795520
340,6704014040011490176
342,4257063458004688896
343,4257063453704172416
354,4509454050053734144
377,6726956453945890304
381,4484363400874781184
393,6723614557057843968
395,4536397101454578816
405,4257893554915974400
421,4283311510678734208
422,4524181626049824384
425,4284928514335243776
426,2160164143804513536
437,6436604157779581056
484,4477403148676643200
497,6432864302117736192
540,4478900202471373056
547,2296734929768068736
549,6635694961601162240
565,2294106890819234176
577,4093228116568874240
595,2157792531584733568
612,4091541259574942336
649,2111818759265059328
650,6650983391611213056
653,6703823553915615488
665,2145132892139909632
714,6723849062282999040
732,4282984302892895360
756,6433161479496767488
768,2259455030251418112
771,2259455025955617280
774,4106530489306653952
828,6723525938997800448
843,4535988216267824384
873,2110098053632614912
876,4091784698384482816
880,4273632200577129600
907,6436367865857982080
912,6415169311736708096
913,2096012038370988160
915,2096011969651506560
923,6655420161551244416
924,6655420165843004416
932,2120272899876707328
991,2117775359215048448
994,6709054304394627968
998,2110942860818007808
1006,4525708297956246272
1012,2265762928458412672
1038,2117801060298733440
1050,4538832725870839808
1068,6704076372871298816
1080,4272723763456415872
1096,4532255202500177152
1133,6360380479822695808
1149,4509225450416776704
1157,2094877170572984704
1172,4511540098488317312
1179,2110965774466388864
1187,4103883793033807744
1194,4258524090487402624
1201,4283721800317089920
1218,2094752723894997888
1228,2110776658467416704
1235,4252765840714356992
1239,4072870005988819712
1256,6733676291063499776
1265,4587723335033411072
1279,4280032943098880768
1283,6704174499987876096
1301,6655404287348972928
1321,4532719784822945792
1339,6632998336318282240
1366,6728769411167993856
1374,4092357436497142144
1381,2116814626571334400
1408,4535862085964779520
1433,4508928208618332032
1436,4285579395175853056
1437,2156588909949358592
1442,6708815538568649472
1450,4107012041007171456
1456,2116724500975907456
1465,6347142256742560896
1470,2268490365835767552
1499,4537453865275455488
1502,2144643167086760320
1528,4505387914314625920
1530,2098461441045173504
1535,6736439363769228672
1544,2144832180007434368
1604,4532416521465488512
1625,6736942837030008704
1626,6736942871389748224
1636,2096956862458096512
1651,6636215649075146240
1657,2097363475600038272
1658,2156334716603974528
1670,2267990642095302912
1673,6419774753628599424
1678,6431973766420678784
1684,6631606388959095168
1708,2253234852454880896
1723,4531563029874123904
1731,2104676155639113472
1740,4531564984072380288
1755,6419473143845481472
1761,6728864617706631040
1765,4285439237474075904
1769,6715223835935241472
1779,2253988636396656512
1795,4538304337520289664
1808,4252356105208887040
1812,4285452672132751232
1821,6730238805388214400
1825,4504577986571873280
1868,6728535386987393792
1887,4503856883056192768
1909,2259262581356603136
1913,2105234196444142208
1926,4079852007849614208
1939,2096635671922608768
1941,6650228409380791040
1942,6650228409376970880
1944,4252064631569619712
1957,4505464609555615616
1977,2098318989863211648
2020,6729474056386325760
2029,2097548365354832640
2040,2266134254153054464
2042,6761558119239570560
2047,6732205728600042368
2073,4085948284439758080
2074,4507505676792063104
2082,2093485468030125312
2088,6633233941046867200
2090,2253023260890436736
2104,6651753874386353536
2109,4099375451739916544
2112,6731816157889400576
2121,4510935053563756032
2199,4266304887652615424
2201,6711602701761713792
2214,4533233974004204032
2241,2293260747901303296
2274,2267826604410294656
2294,6433755941625698048
2328,4534657570987930112
2329,2267838943853424512
2330,4311973098757316608
2339,2092434163113040512
2380,6650583173679537152
2389,2144465183642117888
2409,6638242289523896576
2416,4253723691465354496
2417,4253723691465323648
2427,4099016770410419072
2442,4534691960780049024
2456,2090438412070596224
2464,4254151264048908800
2490,2093642900051190784
2518,4264942214777843712
2532,4084772288051037440
2536,2040611190802315264
2537,2040611122078297600
2546,4507541037258075776
2548,2153380230076376704
2573,6716988139778566016
2591,4268663511830737408
2599,4073522222505044224
2604,4281592183725180288
2605,6710800367510238720
2610,2041078345800350464
2625,6730874838503216000
2626,6730874838496952832
2630,2103614787618232192
2643,2134092390945830528
2672,4517146607064975232
2676,6660881332725538816
2677,2092852149329303168
2690,6636780901132343424
2691,4532937041451745920
2695,2255303549222862464
2715,6439867435272145536
2746,6732788847722142208
2753,4533139592112831616
2756,2155931298916630272
2760,6657855412300594688
2765,2153403903936616320
2787,2093759864900246912
2795,4313608145555096832
2798,2153523712049311232
2803,2262435046064003328
2810,6761790253626569472
2816,6638010636168379904
2817,6638009880254413696
2829,6730889922427739392
2831,6761847050275609088
2850,4507802613654081664
2863,2267604984097878784
2889,6438078358055259008
2909,6416877441709083776
2930,6662481710553213056
2934,4074564525152038144
2936,2099902424044964480
2947,6661254445122598400
2961,6632174084849850496
2964,6662149241432273920
2968,4101221119437998976
2977,2093033018993201920
2998,2153298518322999168
3005,6644218680682279168
3008,6433537207528739712
3022,2105963408877174528
3032,2104204778683022720
3047,6438081454732088832
3048,6438082206346099840
3055,6359337966704558208
3056,4514263348304945664
3067,6346924377346497664
3073,4082320445824432000
3115,4310991685885480064
3118,4081604968686574464
3119,2105537794798597120
3125,2153427951457223040
3161,6712119330493864064
3162,6435004230919027584
3165,6661288839222418048
3173,6718712968582097280
3180,6756796752844235776
3183,2092535726202900352
3205,4085489994240885632
3207,4085489994240873728
3213,2044464528082190848
3277,2092686565454710784
3299,4521387496437713536
3308,6756787643213918464
3322,2044471022073155200
3326,6661010422261368960
3341,4080612010906664960
3342,4080612010906664704
3367,4521148863743781248
3398,2044202539379338496
3414,2251878261265268096
3424,4517866516602288512
3425,4517866512297606528
3430,2255804887870032384
3472,4267611073087674752
3473,4267612546219850880
3490,4305456503800024320
3491,6421151209042040960
3518,4199160186394001536
3525,2043321624396787456
3535,2133770161022928384
3544,2252065826780777472
3556,4206232584471100672
3569,2099165746957427072
3577,4306387446545325184
3610,4206010350002500224
3618,2142952045186749312
3629,2039371010410209024
3644,6764010098866108160
3657,6435108856324799104
3694,2134291539989508096
3699,6759182482613554048
3704,6714149617368377728
3711,2037566810603341696
3713,2037566814905409024
3715,6419945079146391424
3718,6439752471882748288
3727,4204389876028437632
3734,4198204470273977216
3742,2132754628889037696
3815,6421165464038956672
3843,2255125217884609152
3847,2255125217884610816
3874,2132775584035117056
3876,2132775588334185856
3881,6714237062902167040
3922,2035812161843961088
3934,4513673043671887872
3962,2262736591422315392
3979,2099241956856104448
3993,6657296344997877632
4005,2023375963778106880
4027,2102057943576941824
4030,4320094439580536320
4041,4516523085199687040
4051,2099257423039264000
4058,6365555846693399168
4064,6365743515289965824
4076,2251989891760845312
4081,6712746881052199296
4100,6417016353831945216
4120,2103066848573842816
4132,4083701260633245952
4142,4293220962298749184
4143,2252619950579738880
4147,2036254375991082624
4179,4267947076977170688
4189,6658538204727579264
4205,2043211600224024704
4230,6438942990806462336
4231,4201009015202934272
4252,4320979683849182976
4254,2240355997881277312
4264,6712775532775517696
4270,2133253944611262848
4280,4261124916530391936
4287,4184136803093217280
4293,2143573131817151616
4304,6445023805504483968
4311,2023394556692123136
4334,2264255291858285056
4335,4084646458368123392
4351,4293643380924505856
4361,2039894717236055552
4440,6742431045006336000
4465,2038304789074991232
4473,6644940136405288320
4498,6663087335304919680
4500,2049199098172925568
4514,2040043258683083520
4522,2040046999600858240
4533,6745638908833655296
4545,6771076831905714048
4547,2261155180170338048
4555,4292394816752532864
4574,6765898780679869952
4598,6664760341029821568
4604,4201781696994073472
4620,2024074329781944576
4624,2024074157985907584
4627,2049359455068211200
4638,2051078743359361536
4652,4292152825426493824
4680,4308557985570166400
4681,4308557985605266048
4689,4263608816391834624
4699,4308538018272287104
4714,4207879309308402176
4727,2101074022401021312
4733,2022271027609714304
4758,4516741093427224704
4763,2239659521688967296
4765,4292836137550823552
4779,4083368757145007488
4782,2023958984116847360
4784,2261233730827816192
4787,2038532151773252096
4789,2141858207211539328
4800,2126215622788021504
4801,2264228628702690048
4836,2242073739985951232
4854,2022763711922380672
4857,2018818045723591680
4871,6420517443673120128
4886,2101929678671520640
4890,4315701821873535488
4891,4315701821885383808
4908,2140241890760529408
4920,6664785805888176768
4940,2052530343523612032
4945,6772846010534694144
4978,2045997384728056064
5034,2142413426223768704
5076,6772528904507582592
5084,6415593040326264192
5094,2052736600737294336
5096,6640032839914510848
5112,2136355185874468736
5129,4263472167695209984
5137,6445958935849551488
5142,4315852729862752768
5175,6415906469858810752
5184,2139979790379332736
5185,2139979790379332608
5189,4323188838919726464
5236,2294847278756327936
5241,2125781831091630208
5246,2051725977746505856
5260,6658718284116516352
5268,2240257759092383616
5286,2052667915622772480
5290,6640434440833390848
5307,6744212906678432128
5312,2242741938116584320
5325,2053584770878226304
5335,2046406888395086080
5336,4515612513483106816
5345,2136922808752205184
5349,6645357023108224256
5353,6645357018814684288
5365,6758402482190569728
5366,6758402482191376512
5376,6420957248323555584
5384,4314903198513595776
5391,6742638543465834240
5396,4213545848628209152
5413,4287461995275275776
5429,2239990272826423296
5430,6640466807707896960
5434,6771271754694994432
5444,4323318787437857664
5451,4213600446248924160
5473,2017735439096867584
5505,6367393061905528960
5533,6737870889248418944
5534,2142145179748734976
5535,2142145385907166208
5538,2241753167925181824
5542,4179798095858334464
5587,4322937016399839104
5607,2053240524960871680
5608,6739543452591798784
5629,2053300787637255808
5630,2053300791934158848
5645,6342718509147744768
5648,6772993688687389568
5665,6417099989732711168
5683,6367472604700948480
5685,4180213569520266496
5693,6765481245425985664
5700,2018579417338008832
5709,6417391940132434560
5755,2045289436683798656
5756,4294837042544744576
5773,6639116710507193856
5803,4186786797923376128
5809,6416242095782317312
5820,2032771290641139584
5834,4207055367062840320
5878,2025465619994915072
5892,4183272552601606400
5893,4239145713445699968
5902,2078245820251112192
5920,1825560185434765312
5925,2052087549578594432
5954,2032785962252363776
5997,6359804473168387712
6003,6744916083016444672
6031,6645604928622813824
6049,6752494088957691520
6072,2238516205691628544
6075,2238516240051369984
6087,2288964784173215744
6123,2138961505172741760
6129,4210694922359371904
6139,6741727357564567808
6147,6659380430632781440
6161,4315272222102560640
6170,2025075641305573888
6179,2248877792815618176
6219,2080031186620676992
6220,2239287302642036992
6229,2021891902269260416
6253,6689858897252088704
6274,6765172866775201408
6277,2139175291464582016
6281,2031252109169075712
6287,1825746140350592896
6318,6751441611519448576
6327,1826192885658652032
6328,2048599314570668544
6333,6641834458436873984
6334,2239083789913074816
6337,6417309000019659392
6350,4208943602192461696
6384,4289693458434353152
6387,6740193543137470336
6392,6752817856475037824
6413,2239070423973170944
6421,2235434820056756352
6425,6427802120522638720
6426,2238856672042310784
6432,2235432311795872768
6439,2049009329344931200
6465,4209104577563403136
6469,4239587884607271552
6470,4239587888920128000
6474,2138781391423418496
6475,2049033965264235776
6477,6417608062887395072
6481,2137314303609965056
6511,2241020820163644544
6529,2020837157077399552
6530,4209477007070084736
6566,2080422720133121152
6574,2134964715987304576
6579,2073203116337258112
6580,6366367011397901056
6582,6366367011397900928
6608,6642323156995855360
6609,6642323156995855232
6624,2076307346895820800
6625,2047145863304775680
6644,4291624029050010624
6650,6683351643838223360
6658,4209580601680083456
6659,2137455346040530560
6663,1827431309399470208
6702,6688440866551652224
6708,6869830186003978624
6715,6671045050707117568
6726,2080526555267049984
6727,2080526555267050496
6776,2078821040937940736
6801,4304333971134040448
6818,4301829970867752704
6826,6691348696851734272
6834,6691348662491990656
6849,2078926387894718976
6903,4297600905539762432
6904,4297600901227590272
6908,2235140911153705472
6951,2020672818744818816
6953,4297778923334668544
6965,4193659119253732736
6973,6863852416161801984
6975,2248577286842001536
6981,6747568654819397504
6985,6685059082317429888
6993,4193463474904213248
7005,6869020086453104000
7019,1827601497527441024
7022,2301478227225879680
7028,2241555835648825728
7030,4193640736793173760
7031,1827808789807982976
7040,4296826776322759424
7051,4182315736960202240
7065,4195392293177268864
7092,6427086201014273024
7098,2073627081140401408
7122,2076924104197356032
7145,4188443963805469440
7149,2263848330822361344
7157,4235363324709295872
7158,2086402036171426688
7162,6865516527012669696
7167,2250963944331107328
7169,2020634576352639744
7170,6347691183628207360
7190,2033875960546777344
7250,6428623936741531776
7254,2289568209898982656
7261,4240473060189338624
7289,4242268395171546752
7297,4190056401905259520
7303,6863991165081672576
7310,2138009607276818560
7331,2287917327548723328
7332,2287917327548728192
7333,6865704204197333760
7349,6754839927076348672
7354,2085540431371590784
7370,2137959167179631104
7372,1826319290853543680
7378,6683933800887779840
7412,2033431581736197504
7430,6692248376537478912
7462,6447462277482864256
7477,6416411003961044224
7483,2247750557176967424
7487,2247750557176967552
7523,2079408347639119616
7528,6746437291716528384
7550,2073612929242469632
7558,1827167671458992128
7665,2079188342234599040
7697,1827116063105369472
7706,2026797854420941568
7717,6367959099938573440
7729,6665682766859732096
7734,2059345249732918144
7736,6698310293376525440
7747,2251639181909479680
7762,2304956978935513472
7763,2072727577555473664
7779,2234223987175965440
7785,4234502200956160768
7825,6684087835594604160
7840,1820573762770159232
7847,4297527788014048512
7858,6871243303264652544
7869,2072757303041455616
7872,6442690573110350080
7885,4300251170941328768
7898,6697989884521349888
7906,2137699712500128256
7915,4241135657686132096
7920,6864088403144005248
7956,2238124259859506688
7957,1827244289342713600
7971,4303993771068034176
7973,1827244873458649600
7985,6671982723672553856
7991,6447863667946689024
8001,4247193550133090688
8004,4247181799102563584
8032,4235999563992751744
8060,1822972961544491776
8098,4221901587239151488
8114,2302404909370209664
8122,6427282876152585728
8133,2075230723149988736
8150,2076032095325231488
8156,1823915243015442816
8163,6366408410585481856
8165,2237853917436921472
8183,2302187029972173568
8186,2086165568147021952
8188,1807729469781687296
8210,2058242581323930496
8213,1833410973339152640
8222,6367779776464273792
8230,4248225892778747264
8233,6670512509122260864
8238,6447988672968553088
8244,1822214302830254208
8253,4298811124237354880
8268,4192615858811606528
8293,6448017672589475584
8309,6697414912954845824
8327,6852218968961230080
8331,6423508321457209344
8333,4192400698130454400
8338,1808084685047324288
8339,1808084680754808704
8344,1835089648402321280
8349,6687813801326344576
8350,4299137881055141632
8358,1835212312673280256
8367,6877226914260117632
8373,6448025712768292992
8374,2082337412258590720
8383,1823509252657869440
8409,2085981954003859456
8442,2275852455177465088
8443,6686512052576363136
8446,4237543651977039488
8448,2055127523129265792
8456,6697768332928303360
8458,1834719112986872576
8475,1833426263409692800
8477,4248619071266347648
8481,1822193996219126784
8507,2087750793340532864
8513,6686517412695518848
8517,2250878530315964800
8541,2081862491954072064
8542,2061825644887045376
8567,6442856908603949824
8577,6443338013660832640
8586,4248724860592949888
8605,6362614270837040512
8611,4216886444123762944
8644,2055059323366130432
8671,4299762403650843392
8678,6427744769820274304
8697,6697056948905594496
8698,6697056953199978112
8710,6472835432439085696
8738,1833602219635353472
8739,6749651228628106112
8741,2304781396377408256
8766,4248010697727897344
8795,2082697605396564480
8801,4299689324779425408
8818,6422612185120180608
8830,1836799255846761088
8839,1809848988904177280
8860,6429241312523188352
8864,2185439854543054208
8869,2088318003901474816
8873,6665910709364014336
8883,6423952936471706624
8899,6852604446570324224
8901,1830124258213491712
8976,2088053262109328128
8996,2237151299446305408
9001,2061687626134849664
9061,4250551011977722368
9068,4299397713684601088
9074,6673793138286801152
9075,6427457217468275584
9079,2054909785468401408
9133,2236923047704131712
9134,4244477103579204736
9147,2062180512260682112
9158,6845807373060742016
9187,1802763525525586560
9189,2243933907500430976
9200,2288618747248836096
9210,1833680731644431616
9236,4251357675550972928
9251,4249667902270614272
9263,6669204640042557696
9269,6881270845011420288
9275,6669150626531861120
9280,1837238991774149632
9293,2053752824369497344
9294,6430181566764156288
9313,2184541214248326272
9315,2249577082211490048
9320,2236673969662498048
9321,6881365853986778624
9338,2276417844672225408
9352,1837442190972801536
9401,6879367800839927936
9405,6699584902230614144
9418,2291986963681615488
9422,6692465457066593280
9424,6699227247423304064
9428,4224295292772090368
9447,6849219325145148672
9483,2187905681170265600
9484,6852268962379634304
9485,2187905681170264064
9509,2081773740751016704
9510,1830622817995986432
9513,6699268895718983040
9537,6880989065090831488
9546,2236845081159994624
9550,6473790839323624192
9552,1830415938024560000
9556,6362268130833039232
9636,2184254581011904384
9673,2085047880219457408
9677,4216266834963196800
9687,6672681501966031232
9690,1829120747684239104
9691,1829120747684237312
9697,6672711906040004736
9708,6443232765487202176
9730,2062283217823775488
9736,6680068188590779904
9749,1830333337199612416
9765,2054726854218076928
9770,2085033693940476544
9779,4250205872691106560
9781,4250205872691106176
9812,1816586383837062784
9835,2184284027304201856
9847,2304003079589668608
9852,4243381341455988096
9879,1861145982333443200
9882,6473608840085640832
9886,6846483160397112960
9904,1753449123333346176
9919,6423205092468209664
9923,6431084300169300224
9931,1829566393484946560
9932,1753506401018588544
9943,4230063811808606208
9990,2054216199786969216
10007,6363066238835644416
10020,1816561365650768000
10031,1829497021177625472
10037,1805766124267194368
10042,6467585887187253760
10051,2305371872776331904
10064,6467504381591496704
10073,6667752047743341952
10111,6468768686820452608
10147,2056288680427610112
10148,6876026174545050752
10149,6876026174545050368
10159,6876851327957774336
10177,4244731777960304384
10188,6679362959252072832
10189,6904408216086351360
10197,6860969290515866112
10223,2056190235474086528
10240,6699868232635182720
10250,4219603268635199360
10263,4231081414113823232
10267,2181801948526320768
10278,2067496827080173184
10283,6846230891195990656
10301,2185079665705538048
10314,1804015873552680576
10333,4229008869056208256
10344,6874825370411033472
10350,2056439725830998144
10365,2056440344314369280
10368,4229328547768399488
10388,6696618694738631040
10396,6373119623403425920
10397,1805006597953157248
10404,1861787543075748480
10417,6859013774725531904
10437,4231104091541727744
10439,2068854586499710464
10449,6475282434220051968
10456,2184977990943437056
10457,6475580608031098368
10458,6848280891970718080
10462,6475580608031183104
10470,2083055736954942208
10475,6798046370361706624
10532,1860104710479849344
10547,1860225583728496256
10551,4218098376519548160
10567,6860887140680514304
10572,6906197808698867712
10574,6906197808698867584
10576,4217863527711631104
10578,2246656092133538048
10588,2186823353707174528
10603,6474312454510860672
10610,6363507903206319488
10663,6343145738134060544
10666,6799673961106126592
10683,1803863243302502912
10693,1753749771045399424
10696,2068031219791744384
10722,2071078176977176064
10725,1860233181531993088
10764,4225800386751257728
10775,6695448432113670144
10800,1832657322529510656
10803,2274765111191373056
10808,6793065376530745856
10818,1748816983925915776
10822,1748922296525519872
10837,2186612105741592448
10843,6474450550595885696
10858,6848779073817453824
10872,6799640838318191232
10887,2064280373311767296
10892,2194823503386158336
10918,2064284054100290048
10934,2064328270786091136
10941,1830901574254227328
10949,1861054722874160384
10950,6369529756595303552
10963,1752997537587574016
10967,6875762674007953152
10972,1863392142857483136
10992,6475631666600649472
11024,2181460928123112704
11030,2056895194225688064
11033,2056895194225684864
11035,6855726892092331136
11040,2247283122997785088
11041,2181552462469281152
11060,6675628777245765120
11062,1815742508656148480
11068,6475939358059500928
11070,2188364864717683200
11093,6425770463551365760
11094,1856648670539810688
11098,1861027333862160640
11103,4225936142079157504
11114,6369309162777917568
11133,6426355914836548608
11140,6901562508193245952
11147,6899819846694528896
11197,2181651628971026560
11202,1818501870531001600
11222,1752715749078038656
11234,1812554676560349568
11251,6681510954000897280
11254,2064054629830019328
11258,4225778602678650368
11269,6862609555705425920
11285,2056625646374157184
11295,6676421761352374784
11334,6798697422981741056
11341,4232458445056082816
11342,2245551602640533120
11350,4224699230153058944
11351,4224699225856218368
11352,1860806881783999616
11354,6470891976916409344
11451,6908407066861225728
11455,6453746879788705664
11466,2187179075779531648
11471,1855910275463661440
11476,1749541875622774784
11487,2187273294481108352
11511,1755960820211364352
11522,6676455433894568192
11541,6455065159870008704
11547,1749144505248265216
11550,6791548054778323840
11559,6683255917607897984
11571,1862669939818850816
11572,1862669939818850688
11576,1812599142353197056
11577,1751150388118530816
11583,2180853654109990016
11608,2069622487994113408
11612,2167884948815689472
11617,2167884742657252352
11621,1754629380347258112
11631,6906761548926472576
11632,4231249050982986880
11664,2187341700425190400
11665,2187341700425179008
11683,6798348151943204608
11707,2182380295939334784
11721,1859148027969967744
11728,6903297606261527424
11735,6806457909192570112
11742,4231183114644856064
11743,1814127356142644224
11777,6674523974217870080
11780,1748276234658802816
11814,4232095400058350208
11824,4231393018288162176
11851,6453986715058741120
11854,6674985116265556352
11856,6806583841928390400
11872,1811300412963816576
11877,6674899075185809792
11885,2167789841060297984
11887,6799271058813651968
11928,1856123481943041152
11942,2183289695130494080
11946,6858356064909035648
11960,1863297898403938944
11969,6857930553910420608
11990,6482745708696336640
12001,2276192169909917440
12003,6914183596010946048
12053,1863256941594127104
12056,1856158425794359552
12067,6677847931011658752
12072,6482779145017901184
12076,1859297634566155776
12105,4228180417108614016
12128,6779096394834497664
12140,6778301551004099968
12153,6425365426657729536
12154,2066035777984385792
12156,2066035777984385664
12199,2182068580094976640
12222,6454631849209345536
12244,6806289340315640064
12281,1863073975982799232
12288,6469543705078264064
12292,1811277250201563392
12293,6470359680148125056
12296,2196942296653561472
12297,1750933445025610496
12303,1735059928798967296
12317,2271070129351916288
12321,6453806498228265344
12352,2275425775946418816
12358,2063458492673258880
12371,4228027550636825472
12387,6907027901322999552
12389,6915130924062243328
12409,2166332030390763264
12417,6858508927089699072
12444,6677111945416616064
12463,2277707159494044032
12483,4228388602763827584
12490,4228388774562523264
12498,1870328931653710464
12502,1859502723551332480
12505,6914811447214280320
12507,6888037823682460416
12509,6457399839668655872
12510,6457399839667267328
12530,6348333951253469184
12532,6348333955549947648
12545,1735901536229981824
12550,6342782418260697088
12571,1814420071046309504
12574,6858746559040562688
12577,6858437531849799552
12582,1813125739701113472
12583,2290866045936060160
12608,1869014392488602496
12611,6678385832716432128
12615,1751891733833168512
12624,6375984194791803264
12626,6425476786570223616
12627,6348226783229567744
12669,2067065230108705024
12673,6470278694244646912
12685,6856852998154445312
12719,1841984758839369472
12740,4226641105124840704
12750,6470276559642110848
12758,2290798529049932672
12762,6676634933462948352
12764,6470304872066777600
12784,2065145585884240896
12789,1730874328550458880
12795,6774898901818184704
12804,6795584254588780416
12834,1869963339744296832
12892,6779854645537961472
12896,2182996980235427200
12898,1814535240597118592
12907,6778178096465570304
12913,1764701903292325504
12914,6376136412726899200
12915,1762849780249576960
12937,1814638079292600576
12947,6794538309793221120
12979,6886260742310056064
13002,1845864450038222976
13007,6882727697916906752
13017,1761104992733063424
13041,2065535916813680256
13048,2182571709742462592
13050,2245659900238874752
13066,6375258688916416512
13072,4227320672031546240
13079,6794766286658056576
13108,1764416167709248768
13112,1858623560928255744
13113,6362156599121046784
13118,1870003197041064832
13119,6882757556529076224
13123,1750545141328217984
13129,1730955589333576960
13133,6914902607896607104
13149,2163303219439297280
13162,6882657745783901824
13167,1845792127083324672
13171,1872821314055538944
13172,1764788902156456704
13174,6483305501851121792
13182,4227640144583303296
13219,6370177983123101184
13221,6370177987417784320
13228,6484991083238790016
13274,2196907627679387648
13283,1737331691621128192
13292,1813750223652154496
13298,6915656559339861504
13311,1869795943401280384
13325,6807569893404596352
13365,1731371376524366976
13395,6882892560236946944
13401,6913810483611035776
13418,1871558559311664768
13422,6457292942226421376
13444,6476517220139236480
13445,6809162020601118464
13486,1866580318561809792
13487,6809396800693752576
13501,6916559361465228288
13522,6802200604463648000
13535,6809227548918944384
13545,1756725152590009344
13564,6484234103843172736
13567,1845552296111406592
13583,1864564359690185088
13591,1761676189023883776
13600,6425135873540912000
13604,1864931459133510912
13612,1837552867981107584
13623,2190771283350089984
13637,2190997134209053824
13644,1729465132600308992
13645,6773854228332228608
13661,6910772872287730176
13665,2168504905878255616
13673,1758546253081710464
13686,6917493911996744192
13691,1756412582048348928
13712,1737075642850176128
13722,1736692394330947584
13725,1864946238115509376
13737,1866605263732785792
13742,6455914296380436352
13746,6455914296380435712
13768,1866414665961991424
13771,1738310016450552448
13778,6483475342037245184
13780,6483872708115513600
13784,6881717143651569664
13801,6376643695610098816
13804,6478328218869704192
13827,6451278201305210624
13831,6780387423345518208
13850,6804172647289013888
13862,1845948807496711680
13882,1866342682315337088
13904,6376652392918420352
13936,1841253373149922688
13989,6885217889890166656
14047,2162694914656212224
14096,6477036219690811136
14110,6450005349094365568
14143,6450001118550429056
14190,6368334617519702656
14203,1865477160505807744
14205,1759921742129798656
14255,6369831469457388800
14269,6374994088865117312
14275,1871930606558336896
14276,1871930610867039616
14294,1838099527127634560
14296,2176873834331804672
14310,1729985407757746816
14321,6479787678819901568
14345,1790003731724029696
14354,1968482948841048704
14388,6895430424471277056
14407,1758942012842831104
14424,2176921250777354624
14430,6780778991220781440
14449,2689069472018944896
14481,1868945574228800512
14488,1841001172670205056
14492,1853084844128213632
14508,6807923803004531072
14526,1867079973575187968
14538,2271685550922811136
14540,2298769168014230528
14549,1744903066127593088
14571,1970054533224387072
14578,6480211373050615680
14609,6786943403159625472
14610,6786943398864940032
14619,6368988556355913600
14645,6368260714018137856
14654,6912482651522845312
14667,6910805342238827648
14694,6911308235665163264
14695,6803242323012416768
14710,6788644107130998144
14722,1788485821562095104
14728,1968603242288707840
14730,2189534951245689216
14733,2690763205257368832
14737,1852685236061370496
14742,6804914366665785728
14759,6787046413658106240
14788,6833705387875942144
14800,6400862264573935488
14806,6478960296320517504
14813,2165699497658180864
14827,1852733202258176128
14833,1746649782083602304
14834,6775903859742183680
14846,6451818684286200064
14914,6775943403505106944
14937,2175372107605813888
14940,6788867234976312064
14959,1760515581485874432
14973,6835434885306997248
14976,6464362497049773312
15004,1964790483856452224
15015,1788085904274361344
15023,6898489884295407488
15024,6898489884295412352
15031,6576797456595058176
15038,1854877490451689600
15040,1847923667813636608
15053,6898705800892401280
15057,1840810854079992832
15058,1840810858375964544
15063,1854688584905256704
15064,1854688580609094016
15086,1968708971507873792
15093,1743776547746483840
15103,2164850850772924800
15115,6479280189778979968
15133,1759659474245790720
15168,1759300964735458176
15183,1740077893710129536
15198,2172269427537854592
15199,6451483947419090688
15201,6787623275008516480
15209,6464574423621803648
15211,6891769428709519872
15215,2172149542102862720
15227,6580458035746362496
15229,6580551872194787968
15235,6898871449189731840
15242,6829523567198666624
15245,2177417306616696832
15265,2165066556920503424
15277,2191230299390616704
15281,6449908381616019840
15291,2191057538634784512
15292,1851610948780513536
15294,6466132607693274496
15295,6466132607691464320
15300,6466341751124254336
15307,1759677891065796608
15331,6790527978570456192
15343,6583364702110944384
15351,6453149024634671744
15370,1790543175321675904
15371,6790568080680157696
15389,2171985233839188864
15407,6401745442992545280
15408,6828831222765327616
15423,6791285855614793472
15441,2685521622873847296
15464,2692932129382067072
15489,6584034717006593536
15497,6834550603080004864
15499,6836250894734948352
15504,6829544938956116352
15510,2689364416012661760
15520,6347967916961839360
15526,6892219644359395584
15528,1785607055307161856
15530,2222093036729228032
15534,6453256295739241856
15578,6575642965091520640
15582,6782968462468475904
15585,1739700181400523520
15619,6583705443338572416
15620,6583705447633572736
15642,6891062683248892416
15677,6356129011952895744
15683,6891038528355192576
15699,1850231057390463488
15717,6897694220128108544
15719,1850230919951509504
15732,6892672956683477248
15734,6575802329853184896
15747,6890740496277672320
15758,1970884454039426944
15819,1965479430974748160
15822,1970363903998706688
15824,1970563465364835200
15825,1970563572739456128
15844,1740349782319868672
15845,2284506200100795776
15849,6791027809683841792
15857,6577159024123317504
15871,6371674766341785600
15903,1785256070581458688
15927,1951525146646505984
15944,6899212229075129344
15975,6451616129332651008
15978,1853432117990029440
16028,2171184961168788224
16030,6370640710016259840
16033,2274076297221555968
16041,1970506879178780928
16044,1970506879167911936
16056,6783064631079484160
16080,2671766358747780480
16117,1798067580066504576
16123,6590315574102952960
16129,1771060928789326976
16135,2177581885460920832
16140,6828158832750688640
16144,2691998571000176768
16145,2691998570995963264
16146,6396610762347262336
16161,2691597455410123264
16163,6898255177217741952
16165,1797311395241610240
16167,6576324490501362944
16171,6828128012065123584
16188,6452027557134280320
16195,1854351309716181760
16222,6783415757542238336
16267,6400472723922976128
16274,1847102470067232128
16277,6835247556013866752
16284,6898313069080930816
16288,1784050765319038464
16291,6894125338529171456
16293,6894125338529169152
16300,6790211838912745856
16303,1850020054234979968
16328,6582844289512084096
16363,1966184935178781696
16364,2687789335541961472
16385,1850838159607549312
16386,6783125211595105408
16397,1741031891851063424
16398,1741031896140411648
16400,6370798421213228288
16457,6590545195937635456
16458,6590545195937636992
16464,6834975736126811520
16501,1848830558750229632
16510,6789921499123111552
16514,1787441899695627136
16525,6814466756183563648
16529,2687733913283870336
16537,6589111157896991616
16541,2688215048406240640
16546,1787683723535019776
16550,1951825455061008000
16556,2691666724647619200
16560,2224073910005362688
16562,6894074559130974464
16572,6816181818229177856
16602,6403971339858205952
16614,1967515898298884096
16623,2670770991487735424
16653,6589196786659917568
16680,1787803467222744320
16688,6458700145311223936
16689,6458700149606803456
16699,1965881847929861120
16743,1968018783135565568
16767,1977417206686680704
16777,6893027579247668864
16778,1770783199023856256
16791,6563981029371302656
16792,2698584198969706112
16805,2688307166863547264
16806,2174431990805230208
16808,6579462157385866880
16833,6814117867399713792
16839,6579243968751415552
16842,1766826194114406656
16843,6459145378800997760
16852,2701454272210490496
16855,2221374505878615040
16859,1849580460038874880
16872,2688230579006436864
16880,2701318787466116352
16881,2701318787468149760
16883,2674412569704274560
16898,1798886480007403264
16927,6838100896061888640
16929,6838100896061199232
16980,6344975321188774528
16986,6589828627888745856
16990,6402162673295524608
16993,6785736792227992064
16998,2171577010086746880
17007,6592228857477147264
17027,1785856025971193984
17077,6893432753577922432
17082,6893432749282629248
17084,1947239666934148096
17085,1947239666939016960
17107,6589778840627776000
17115,1849819054061030272
17122,1799563847891108736
17156,2668196480715605632
17164,6561826501976265088
17165,6593063524242091008
17167,6844561106694845568
17201,1951107332227645312
17205,6565468531164670080
17206,1946920293167980160
17214,6844614987059698304
17217,1945934336177892864
17240,6816564963672343168
17246,2304450305938600192
17251,1954368449356833024
17257,1801239297453428992
17258,1801239293158983168
17280,1966544990876472448
17298,6816585412011774592
17307,2695124138955344128
17308,2674266437736332160
17309,1767494868982336000
17310,1767494804558717824
17334,2172990810252940032
17339,6845299325674588032
17359,1954514826142393344
17390,6585585883100152960
17392,6578278052080756608
17407,1801198478081592192
17449,1954100172820301056
17462,1800899131746046720
17479,6410074179147813888
17489,6845234183904690176
17504,6845412373508016896
17522,6355125192198044032
17562,6591047780126915072
17567,1973980442569459712
17571,6565761452230319872
17590,6809452532189464448
17604,1765847182089067008
17618,1774286346148467968
17628,6462142961030422144
17630,6409854100728852864
17637,1978095639700263680
17638,2174709514410809344
17644,6461349663391292672
17648,6817899706363353984
17660,2700398427515184128
17664,6810384028991072896
17667,6586409348589721728
17689,1980806137728089216
17698,6810414746597791360
17704,2223854488716006656
17707,6584531936781838720
17717,2668294268534299008
17722,6818115485520434048
17723,6818115279361744640
17726,1800157511154087296
17743,6810366917841907712
17749,2669871586680710656
17767,6356547685365584000
17797,2223859196000139648
17806,6617007868132824960
17815,6586152990581943808
17816,6558846928543799424
17835,6410871252064350848
17846,6356544833508693376
17851,6811332628353575296
17880,2618068302497100800
17881,1800099378770962304
17909,1801059561661569920
17917,6558603214919950720
17936,6565948674147594496
17951,1953375899593370880
17975,2681319804829020544
17981,1980891452960003712
17999,6817293188261618816
18000,1972778843851152640
18005,1952905205537873408
18018,6408927212427549824
18019,6408927319800577920
18031,1960701640629893888
18042,6461418344212954368
18043,6370914003077635456
18052,1953356593720011904
18053,6572314129214128512
18057,6399013126533806208
18075,1946600026047700480
18080,6813759564048571648
18119,1896367286845756160
18122,2283795194034427648
18123,6395659581709637632
18135,2696568794154996608
18139,6616952480234225024
18147,6591821110461926144
18154,1973655154617039488
18155,1959369925890724352
18172,1953040273672514176
18173,6571128993118591616
18182,1795096493491034112
18198,2617768582499485056
18210,1773007339247680256
18215,6812108956576997888
18226,1780926056351363968
18274,6617877616190388224
18275,2618616409043298688
18280,2673712971070672128
18301,1973589802393879680
18304,1973589802393880704
18337,1981038547000277376
18344,2679986475182736640
18365,1766164322474245376
18369,6561131305686430592
18373,6586959963397169920
18374,6813487636784105856
18381,6824715235346420864
18395,1973185353913454848
18400,6617557894529416064
18425,2679765511998843520
18426,2299190006090503808
18428,6560903328820121728
18445,2679752588442464768
18455,6587062600232137728
18459,2617127812032932352
18467,6358200590644694016
18473,6812228940782980224
18479,2726817046230585472
18496,6461144016062542208
18501,6402587192157483008
18509,6557320050490399360
18513,6557320050490395776
18533,6409061765161862144
18559,1949551665009439104
18568,6558209044297239424
18578,1959987675327424640
18580,2724714646854018048
18584,6612776599496985984
18590,6358424929672667264
18599,6588416885025420672
18632,6557676227832889984
18635,1794948815334766848
18636,6819987021814595584
18637,6819987026109577600
18656,6558322671952767616
18669,2676567307551465088
18672,1896971953817169664
18690,2676566272464334720
18695,1896891204135568128
18700,6826749675455553920
18717,1779886639905431936
18726,6838870068869482368
18772,6813645932098719360
18776,1768300879724923648
18780,1794881504606694784
18800,2620293237290015232
18802,1892968971280501376
18820,2223188910518638080
18830,1768731819567721728
18839,6398750235879431168
18849,1779931822962976256
18855,1892643240961076480
18857,6612533852239943808
18858,2204172238447049472
18866,2725573464218973440
18874,6812819584686397184
18881,1962799538879263744
18898,1776071953032373888
18912,2005527351006726912
18938,6818824666225154304
18944,6574562729276068224
18946,1893069645314308224
18952,2617163713666198528
18969,1898623523362394112
18974,1892693165660705280
18982,1959860651669318784
18984,6587569406371659776
18995,1956146020356266368
19000,1899612907730193152
19028,1948829698189462272
19044,1954927520958703616
19045,1954927520953380608
19051,2696438708188701184
19056,6408775209240793344
19063,2620944075159481216
19067,2005525083265046016
19077,1899538621976577536
19089,1768449657392315776
19106,2620945518268461184
19109,1959880305444856192
19110,2224491655704638848
19111,2725501656661470848
19113,6619340963087657984
19116,1948624566253222656
19123,6571590886785704704
19135,6587352493343719936
19136,6618429708466041600
19142,2614060479534116608
19172,6560425964680362624
19202,1900354803201654144
19204,1975695642045285248
19245,6825526193891059200
19247,6820472181320425088
19248,2727010113601403008
19251,2004402142588248192
19255,2612212342222173696
19265,2677172996724050048
19283,6411817248675622784
19292,1954673052736743808
19316,6560446683602288640
19318,6409220477088273920
19332,6560556531686053120
19335,6611737152986409984
19361,2005457776841026048
19363,1891945016717396608
19398,1962909391262872832
19406,1899967740750057088
19450,6411338991182064256
19456,2683851258552744960
19463,2620690637728851072
19479,1975407260759177856
19492,6573854094032156032
19518,2280532732579620352
19522,6398308610162161536
19523,6398308614456941184
19524,6613195960103318144
19526,6827040015244093056
19564,6573660790438823168
19600,2005385449610062976
19604,1963078922211755520
19632,2677011334154974720
19640,6614766303226377472
19641,2280923750696484736
19642,6399244882967415808
19668,2230514539885276032
19682,6614994829845787264
19695,2619911255785125760
19700,1777802279392134528
19709,1906153352649388288
19720,2001018017613334144
19722,2005884249925303168
19736,6406343703698884736
19742,6509010778035696256
19753,6560124771509384192
19760,6598928181825176320
19764,1778247822119633664
19785,6398486868484233984
19800,6411523713430599296
19801,2600648572274461440
19804,2000752485552903808
19805,1898947638773470464
19816,2005420835825100416
19832,6598132753882533376
19834,2599941032247114880
19840,6508010630476420224
19846,6508010561756944768
19848,6598965088479173888
19852,2230836284473931392
19856,2205812263114076800
19862,6566384325566246144
19866,1957114312146344832
19876,2615511422565919616
19881,1781896688895465344
19887,1880096614993712256
19888,6618761447446116736
19899,1957116678669855488
19915,1999911599675799296
19916,1999692586398444416
19925,2615713286028902272
19941,1895137689249628928
19945,2733969820340679424
19946,6508046364604668416
19964,6624889064401276032
19996,6599093628260468224
19998,6612044118594415232
20002,1957328025422182016
20003,6566304954569708032
20021,6599963062785192576
20030,2707011543278774784
20036,1895978094088684416
20039,6613665073611994752
20040,1958785020063453312
20046,2006231661232717440
20063,6398029579022635648
20082,6626564994999967360
20084,6357321019997922816
20118,1777232315757039872
20133,2706795626682842752
20179,6383575021206283008
20182,2625660017969555840
20192,2614882987246581888
20206,1778824275450611968
20216,6357921044109007616
20217,6357921044107852160
20218,1999832774131371008
20240,2703590241050519680
20241,2703590241050519808
20262,2286735386910397184
20305,1881680014815507200
20346,2600433613455975168
20348,2626677723354947968
20350,1987338027069347328
20369,1894038693015555840
20371,1778557364708020736
20377,1874965499168713600
20395,1999771064041846272
20410,2616210922414728960
20412,2616210918121365760
20422,2710131476242237184
20430,2001698787113116288
20447,6407768503265770880
20449,1874954641491354624
20450,1874954645786146304
20454,6511682999313337728
20468,6614598971300590976
20481,1905685373012909824
20484,2001390919543104384
20491,6405960145939058560
20500,2629075964374090880
20507,6511841883038865408
20553,2678482377634459776
20554,1875185779452781952
20555,1875185886825938816
20576,1881612734154248320
20610,2226005064741602816
20615,1986097056400983040
20634,2279733460641842560
20642,2201290482890144768
20643,2629899631727265280
20644,2629899631727265920
20652,2629018579315648768
20660,1987362736022654592
20680,6510879913445534464
20705,1982780933623127296
20717,1957642352604699776
20721,2731184546933975040
20726,2710288745059880448
20730,2595467153793210624
20732,2622267234325553152
20746,2615150512169240832
20755,2734497581626645888
20758,6600365522695593472
20792,2711006893656458624
20794,1987469560451523840
20805,2007829079829532672
20832,6569270470573936384
20843,6398112038098406272
20846,1909041116862115200
20867,6510843285962099840
20872,2007830999669996032
20892,2229836725323067520
20893,2229836725323068160
20906,2731417372815660672
20908,2286746248881461120
20915,2737737292637935232
20928,2205194303219557120
20931,1875741857456294912
20936,6600136132787784192
20939,1880814699165544064
20958,1982759286989853824
20959,1880373172233144192
20960,1907711364924683520
20975,2596304092595430272
20983,1907699403439928576
20987,6357629089412187648
20993,2000223483010877056
21001,6357630601240673792
21009,6404765492195655296
21013,1986337574568544512
21015,2600883386725726720
21033,1909205704305120384
21038,2285681264496670848
21059,2702405517271625216
21060,6521193332516569344
21071,6593339093638289792
21101,6595010587536056192
21105,6595118339675922432
21137,2624888126447084416
21158,2732847695709511424
21159,6382142529354632960
21179,6600879952404273408
21185,6385009639067009280
21187,6404947706183563392
21205,6621373062439617792
21215,1986729962779382272
21219,6385872961853065728
21220,1933567411640465664
21253,2624543154673643136
21262,2733055335904034432
21277,6623798653809863808
21291,6545201576926378496
21319,6392097267114167424
21329,2225107833190720768
21334,2285925669610032768
21338,2205619397609830656
21342,2621797781513773952
21360,1907895773639107200
21366,1876882536347193600
21367,6621395671146823808
21377,6545089534114237184
21378,6545089534114383360
21385,2006568833337879808
21386,2624501854268175104
21387,6406450940442010240
21398,6628148016866624768
21407,6507691875184349568
21408,6519459879416073088
21418,6503615813782358272
21427,6597567776703931008
21429,6597106153619823488
21431,2624950523731994496
21435,2006581752607768320
21442,1932402990170643584
21448,2008118457547873664
21449,1876136242829633920
21466,1877088553041925888
21468,6545124959004586880
21481,6594073464326929920
21511,6624651909192736768
21514,6624651909192736512
21529,2200917576652051712
21531,1933725157202527744
21535,6517377752285681408
21537,2001977616378183168
21538,1904151657370620928
21553,1876030964591271552
21581,6516858228746275072
21586,6627811531948169088
21587,2731772377633104128
21592,2653939869354653568
21596,2402195515258704512
21606,6544106502001872896
21616,6392182612408638336
21640,2736709249265738240
21646,2002182499199300480
21652,6519811899232817024
21653,6596044064041777664
21656,2402437682694522240
21667,1982275394497568512
21674,6608975931396946688
21678,6506644899596484992
21687,6504175740076993152
21697,1932076984972882688
21701,6519069316565245568
21703,1904901902257184512
21709,6507217023599710208
21711,1932071831012001408
21714,1932497994847161088
21725,1887437156483070848
21734,1903325752339678336
21748,2002304136964484096
21750,1932585268583421312
21752,1932585302943159808
21754,1902773453904187776
21774,1933736525977138944
21808,2731502443233585280
21809,2731501687319341568
21842,2008471224669436544
21847,6595559587435787008
21859,6544064441384903936
21880,1876705373244059520
21893,1988679779148483072
21894,2705382067046689280
21936,6514338319894160128
21942,2732515029018125312
21953,2002003832851662464
21960,1982607584450150656
21973,6547446509087446400
21996,2719153725062290560
21997,2608247533357159424
22016,2404292352652627456
22022,6519720296173216512
22034,2836648190441773056
22041,2712418151190525312
22046,2207045670348333568
22048,6384931230144646400
22049,1934167775054199168
22062,6513542964965575552
22073,2833859695810447744
22096,6547436338604416640
22124,1903563934045302016
22125,6544831148881978368
22126,1929197432741953280
22129,6623530755223984768
22150,6381644137053760512
22172,2230003924109061632
22175,6547325219210596096
22188,2007368556243043456
22202,2230058521733280640
22203,6516459587061884288
22207,6503784558750861952
22208,6503784485736197248
22210,2281151001712366336
22214,6543927006726508288
22249,1890612511706016128
22256,2404048398511413120
22271,6602640373598717184
22277,2397201881337184640
22280,1933924370667408640
22291,2402959607120035200
22301,1903614958258305536
22303,6610431856590529664
22306,2828662368769331584
22308,1883798700708310784
22318,1988513920398421120
22325,2604863687537831040
22357,6546331118965505152
22387,2835120144157935616
22396,2603586742221130496
22397,1985110828827144320
22409,6607536498878810880
22423,6515600662322496768
22428,2605271846869877632
22434,2014550737997349376
22447,6505661940495461888
22452,2718032566799805952
22457,6546486704155860992
22461,1882537908763700224
22469,2657096846409401472
22481,6604098016784587264
22483,6506487085317623168
22515,2603202772145583872
22541,6378748916778746624
22542,2713073189537921536
22546,2286958798223194624
22558,6514834753689403392
22587,6512641636015554176
22596,2014247646448088832
22607,2286107295188538240
22624,6554172664096333312
22626,1927715845116118784
22630,1890244415832157184
22631,2383845735637567232
22655,2611724154764004992
22680,2014749990114568320
22681,2610488514148351360
22686,2711324446359728384
22709,2396881442417524480
22743,1928174375826595072
22744,2383855218925266560
22819,1890378487527705088
22824,1928552706608535936
22832,6394604905244480896
22838,2610518780782148480
22878,6546612284705311616
22879,6540529683300534016
22889,2714977986062536960
22906,2226745315242715648
22907,2815944352131513088
22908,2815944352131513472
22931,2013609727842022656
22965,6512388477756361472
22974,1930213488860610176
22985,2842162550492454656
22988,2842112183412398336
23007,2399555282897617152
23045,1916118505706488832
23053,6514731738899389312
23060,2835758479376779776
23067,1914556374558546176
23070,2636318649330041216
23073,2281284871549777536
23088,2843077206728009472
23089,2843077211025217408
23092,2830838959411719680
23117,6540322395294824576
23120,6540282641077526272
23123,2650928994199142656
23125,2605776037375940864
23133,2607475916712247168
23134,2607475916712248064
23137,2662131127900432128
23143,6554537014762395392
23164,6541873325164062720
23167,1886458561070792320
23184,2634608741244966016
23185,2634608741244388096
23190,2607258660086455552
23239,2650584125507949056
23242,2842002468471718400
23251,2014427828915993600
23271,2607089541454085888
23274,2382440005726709120
23279,2607058965581904512
23282,2286228825580765312
23285,6540219208704281216
23290,6500737807735283456
23299,6539444229100620288
23303,2228246762792647424
23314,2636769242941192448
23328,2841942888685608064
23345,2383281991115236096
23408,2410501604052164224
23413,1910755358566523008
23438,6493854456923666688
23441,1992032460684248192
23456,1931693534590780032
23468,1914676938586144896
23500,1911106416309735552
23525,2811484217572663168
23530,6502406286565705856
23540,2638514545852367360
23548,1991824588562332288
23563,2631652528139944832
23568,2838845289551963136
23576,6502360583819422080
23578,1885744595770968832
23579,1885744600065811840
23592,6555346946809206272
23601,2838636966458088576
23608,6387649708219253248
23625,2632174216341948160
23626,1911568035098578944
23628,1910721823462446336
23636,6605335899369392128
23654,1910890430994366336
23665,2300990903055236480
23670,2405290537411339392
23671,2838432044981604992
23680,2657530084056947072
23690,2811537578247344640
23709,6490159513742130944
23712,6490159440724932480
23713,6527346680622426752
23714,2214948066575911552
23727,2379201119352265472
23728,2819079300299524480
23729,2812251371746545792
23738,2844308831549635840
23757,2638838111504878208
23759,2631427815450821888
23767,1990989780062217856
23776,6393502099375879552
23780,6502185250369176064
23806,6527718075031173760
23823,2817075272854044416
23838,2839397832801325952
23853,2837711250683473408
23857,2657451056656635648
23859,1916287654400384256
23869,6527897089266179200
23877,1936925560672650624
23880,2638567906524769792
23897,6549949405574674176
23900,1916314729875263360
23932,2014172742215711104
23937,6489939778917673600
23960,6392897844722947328
23968,6392906262858857088
23971,6492423270741234304
23989,6492839813849403648
23990,6499095244738784128
23995,2844034846998168576
24004,6530197954786182272
24021,6492256316772362752
24030,6354169269916754816
24038,2817973569559904640
24044,2664365301168573824
24045,2664365374183501312
24055,2811108287674799104
24065,1924530594293050496
24066,6549974350744434176
24070,2378059688840742912
24086,1917237872966083840
24091,6489756194835784320
24127,6499756837204676864
24129,2839231634746334848
24130,2839231634746334976
24142,2014124642885125248
24149,1909677871531033216
24158,6381272850016565632
24195,1942430849750138240
24221,2844933221011789952
24223,2287303769998090240
24225,2634003146560869248
24229,1911420636118031744
24231,1911420636119326976
24232,2661055019549371648
24233,2385725793147211904
24243,2838163905876751872
24292,2811363550466857344
24301,6549339249634871552
24302,1936984796860765824
24303,1936984792565002624
24305,1917296593758207616
24306,6556113508277890560
24317,1937827194563435648
24322,6529121051866203520
24328,2408844399510334464
24329,2645295921252503424
24330,2645295955612242688
24332,2214973561500636544
24333,2214973771957744128
24334,1936998678196215296
24349,1913380751815896704
24365,2762071409106142080
24375,2664559502409847808
24389,2762076666146759040
24399,2870144296785631488
24402,2330432285394244096
24417,6492534321415597568
24423,6498769681921976832
24425,6502048700473677952
24449,2825149055458465920
24453,2812891489376780672
24462,2329764705742441216
24463,2329764710037398528
24507,2412390466243901184
24542,2762485620047367424
24554,2812999172796853504
24572,2632799529220460416
24576,2813049853411236608
24579,2841283151645302272
24603,2391858628488556032
24607,2407503274497851008
24613,2825576628042258944
24648,2380152403065689984
24666,6528413653572784640
24670,6501587528361832704
24698,2644149993913188224
24699,2644149993913188352
24715,2760718838005419648
24735,2632593469574891264
24745,2380195872429335296
24759,2869766477103048704
24762,2841680934336159104
24763,2841680934336158976
24774,6551431139226252032
24776,2440179381390739328
24779,2634082105239661952
24783,2440129216172655488
24784,6353191421826961024
24801,1991399038907932672
24807,2388347308040329216
24819,2762617557147396352
24834,1938734321723147136
24847,6528434814876738304
24850,2395180321835820800
24857,6526552386550519040
24878,1913624259281802752
24879,1913660719260624384
24895,6495873293415911936
24907,6501678577371914368
24923,2661242516346686976
24925,6552352147718248576
24927,6528766253209878656
24937,1919759912121227648
24987,6486586685065384576
25012,2869363437373271168
25047,2865646091636847872
25059,1942154322578992384
25062,2286356162773657728
25070,2827367285807319424
25087,2820844394419315968
25095,1919903540124933888
25102,2633186759176979328
25122,6534980658569292416
25124,2632955002743904000
25210,1997691616969680000
25221,2865608880040887424
25237,1918871541085613696
25239,1918870785171369472
25242,2645940445519931520
25283,6522794904341915136
25284,2871172683755211008
25303,6495983248875515904
25317,1926486758619712768
25326,2826513613811295232
25327,6390090207421495296
25328,2826513991768415488
25330,2819259414048037120
25333,2819259414048037376
25338,2828203288307357952
25373,2826537257607976448
25376,2387846647997936640
25421,1944498687525071104
25422,1944498683231260928
25426,2439177073462382080
25436,2826254713186397440
25446,2872974856329379968
25448,1918778533569328256
25468,2826060722396442496
25472,2432184110790672384
25498,2324784712637311104
25505,2439670621039766912
25512,2826263135615359104
25550,1994473067262292736
25567,6497817921465196416
25577,2640071767847087488
25582,2867762587097269888
25584,1926551835968664064
25589,2647710311349589632
25594,2324934074419967488
25626,2770944059921419264
25627,2387541980197549440
25666,2867693214784195712
25681,6534157841618770432
25684,2852463119019590528
25689,2852348151334063616
25690,6377232758963956864
25703,6485572518732377856
25707,6488549721342017792
25713,1919518741117967744
25753,1939308236730745472
25772,6350249717122200960
25788,2394715198352621696
25796,6531593509921333120
25805,2823115474343274496
25810,1998285696851035264
25812,2771788450491848192
25829,6386565898992522240
25844,1999127510441929600
25849,2017456399335128960
25858,1939334551991550848
25860,2822899141136601344
25861,2879072503002076032
25862,1919316877655289472
25869,6533863726553364608
25873,2311695469091020672
25874,6537804513666751104
25885,2744068040073626112
25892,2311628433240880768
25899,2389580406036176384
25904,2017162348700944512
25908,2017104796131907712
25923,2742785322319919232
25940,2879107790455284480
25946,2758556201712205312
25964,2337472660210623488
25968,6534477043588355584
25974,2337889241973023360
25975,1944225110993426944
25991,2439452501125372416
26002,2868315435287431168
26007,2016038476022671616
26013,2445976419009862272
26026,2742718080312489088
26054,2641865135735601024
26088,2327798096051832832
26095,2852587295114061440
26096,2743171938097183616
26100,2012967540033400704
26118,2868289832986763136
26122,6530762377913958400
26138,2420585504363199616
26152,2766714685365963392
26159,2739666733683034880
26169,2341125207772651392
26196,6497445010928464256
26202,2415342616309685760
26207,2418598102736773120
26213,2418594834266031616
26238,2643218398328129664
26263,2314006371948832640
26274,2420383189928873728
26294,2011915273049699584
26301,6496573617899855360
26306,2215430786543709440
26329,6389031755680524800
26334,2389813575516074368
26337,2313822646133307264
26343,1922888645474386816
26347,2867428709223740288
26356,2419067967863872000
26358,2879667033851088896
26397,2442099751463686528
26398,1994749594433462272
26402,6497282317567870720
26413,2310995767378550016
26415,2851420820651132800
26416,2310996145335674240
26418,6389024991107756032
26438,2017484922210746368
26439,2017484922214792576
26456,6386267175426169984
26482,1922616516346009600
26496,2419526502866646400
26500,6488247737896956672
26510,2446253908256393088
26512,2773334978019335040
26513,2773334982315549824
26523,1944297786138721280
26527,2867159092652829312
26533,2419484274748269568
26547,2867316975650195968
26563,6485382101356108032
26568,2766823704521793920
26570,1999564768169857792
26590,2765623415779914368
26592,1922929293044851584
26598,2334259513571533312
26616,2312912181785739904
26617,2745244002118134400
26644,2228064827977835008
26657,2334975398721638272
26661,6379497207456395776
26666,2307625695520574208
26677,2743528386022857472
26689,1921895580314300928
26696,2881453602806284032
26704,2307626490089177216
26706,6494205299916909696
26731,1940755602050513792
26735,6521971649305366272
26744,2414027359885250688
26754,2846673777982105856
26773,2854365720811907328
26783,6388957916602968192
26806,2305927297947752832
26819,6521928356038203776
26823,2017237497740711424
26825,2314374051214828800
26840,6524029484100764288
26841,2441483303397892608
26862,4995711418163685504
26877,2447815253423324544
26885,2774184698645342464
26888,4991206817809115264
26889,2422606780396753024
26900,4684100236485371776
26923,2440991886123535488
26936,2413942456971211520
26941,538028938263315072
26958,2853971996865556736
26972,2441162898837256576
26976,2853079051689775232
26990,4684958229216707328
26992,2877080497170502144
27001,396155933569843584
27005,2745919102257342976
27006,2745919106553695616
27007,2874159644531724288
27015,2853985019206468352
27023,2873547250916286080
27032,2765679525231920640
27047,2306016766411572224
27060,2765490482248062080
27090,2773918097139247872
27105,393808987346196224
27106,2772926204507772544
27119,2873505301968425984
27126,2336767632741334016
27133,4683817520262705280
27166,4973159296512525824
27186,2876697252944594176
27192,4631133497200199552
27203,2448295357751641472
27221,2739206274531999744
27241,384072330845842176
27247,2336777562703085824
27256,2860945713788450304
27294,4706666711918415872
27301,4976546449458447104
27309,2772541237999191296
27317,4973503374932594560
27345,4683771963544904448
27351,2877617990853335680
27358,2448482961923062400
27360,2448482961922816512
27365,2876719685557466752
27375,2416481779075909376
27377,2416481783371550976
27384,2414541519009830912
27390,2767874910650727808
27407,2308456483928607488
27412,2847116297051972992
27422,2847009438265834752
27424,2427847052815180544
27466,4904769883718299520
27484,4994673612331076736
27511,2861792754354276352
27528,4991573985973695616
27539,2876068229214775040
27543,4994964020839653248
27565,2861820444007540736
27567,2848600328513294080
27573,422907940534556800
27579,2310115848838342528
27580,386907941268005504
27582,4922886360715112064
27583,2861598583177339136
27589,2740894540280319616
27598,2544566603015036672
27606,4630008761229904768
27630,4994751093541357568
27654,431317280339793792
27657,4905784007100613376
27659,2848951970370040192
27661,2800491235893828608
27664,2740676188435713664
27668,419990695670004864
27680,383748460246940032
27682,4976685056643780608
27695,2769690101268873728
27699,2798541595619558528
27722,2365306251607092992
27725,2875618627744239616
27742,2856774441550470656
27743,2308556539486596864
27752,2740492325179983872
27757,395377513698597888
27777,2769377629512826368
27785,395936336190800128
27786,420531621029108608
27787,385453248730005888
27791,2859947872628008832
27798,2856711464445552256
27811,420670095068644992
27816,2309079185466853376
27838,4901194301968499072
27846,2431129163744714240
27851,4977418740133758592
27872,2429392661221943040
27873,2429392656926964864
27875,2544797603535982592
27901,2365465955670181760
27904,2545590733671247744
27907,395148849647386496
27924,2863487028760318592
27947,2309993287652412032
27967,429122930011556736
27969,2320262794974771200
27986,2365285768910490752
27989,2751887427468160000
27992,2361123984252160512
28003,2876670344974144256
28006,4689797145532072192
28029,528293931030027008
28046,383396302991862656
28055,2541713713937928960
28064,2365377406330609920
28084,4703409653534701824
28085,2316090938621627136
28116,2752278436995987072
28125,2855640226586651008
28154,2430880467959995264
28158,4706741757881272960
28165,392838118576819200
28175,2876148734080688256
28176,2876148729784835584
28207,4977158774356319232
28212,2792534169027137280
28215,2800975806989010688
28236,2747611250653031040
28237,2424913628807069056
28245,2548191009952925312
28275,2856683633057098624
28306,4972589272746966656
28331,2540555790755342848
28344,2855386170682263424
28367,4900838098856778112
28389,2360440053660772096
28429,4923441927621399680
28430,4689544257856868608
28431,2857527263418542336
28434,4689543506237079936
28469,2322162751067202304
28470,382089499063038976
28471,4703087561051387776
28481,4993384095644932608
28486,4900789204949080064
28496,2747684849212364928
28497,2747684853507815552
28501,2368396562180429568
28530,2862525471479650560
28538,2857195348345649408
28541,2857195455719309440
28544,2323358366883484032
28553,2424897475435562368
28556,2548740039916337536
28579,4900583282744063104
28592,2855533608318920960
28642,382606097730774144
28643,2321867364691723776
28644,2795704443302719744
28647,2548733167970337664
28648,2424880574738721408
28662,421160060640125312
28671,4708265887156972544
28688,382590743223001472
28701,428086197925129472
28702,428839049848462080
28726,4924313836045219200
28745,2360890750348085376
28758,2363797408121079680
28767,421909004161159424
28807,4689632326166605440
28810,2793351969455244032
28821,4630877237976866816
28822,2540822937721559808
28825,430337787280930048
28833,2540716216374137984
28877,2543653978300417024
28886,2318718427814528768
28899,4920160332088386304
28904,2367473247290858624
28918,2780308256857006080
28936,5003798566704875136
28942,2856311306636609664
28953,2322328678538734720
28966,4906307207132391040
28968,389469391043965824
28975,4703464251158954496
28980,2858833208354052096
28993,2794800056333855232
28994,2794800060629297152
29010,391153430541142656
29011,366085183901981440
29034,389128744302965760
29038,2807026320692506240
29040,2543559141125851520
29043,2360644799046364416
29046,2322363721177315968
29047,2346893104038050560
29048,4980004477949071360
29099,364889254553557632
29105,428567401760258560
29106,2364272573237917952
29107,428567406061520896
29108,2364272573237917824
29112,415937178545266816
29118,2749781068130558464
29120,2426961705437172992
29143,388602146952607360
29145,2858036234222465664
29153,4926226299082702720
29171,365324386280312576
29190,5003923460058007680
29197,2751245651978394240
29208,2319333093469305984
29209,430291749532144128
29210,2363075200780106624
29219,2857547329505058176
29223,388450929744571264
29231,2751252489566343680
29232,2751252493861856000
29273,390722211528471296
29288,2373440644787154560
29306,2364311331022888704
29313,2427145530036978816
29317,424964924927327744
29328,418575830358576384
29336,564900761927022336
29342,2796640299496323072
29347,389155029503325184
29349,2317568819688375424
29354,2779651814055367296
29362,4980490466383789056
29381,2350145326289909504
29394,390689397980291072
29398,536985471667243904
29401,539127109860483840
29406,2527496513195191040
29423,4702387447023742592
29464,2858421441254970240
29476,4975562627069335040
29525,2542955234365003520
29528,4924855208084524032
29534,2750146930624898304
29537,2750146969279831296
29560,2806310603047483904
29562,2317685436639994368
29568,365890566051365248
29572,4683935717763550720
29617,2318209903686296448
29618,2318209907981350656
29621,416084921124152192
29626,2806739000264778880
29642,390493478751885184
29649,2529964882439353728
29665,368382166771642240
29674,538576842945740288
29699,418491412783587200
29717,4702536293409231360
29759,361680982703123584
29761,2806466699339843584
29805,4907169670925418752
29825,4999520538759053952
29839,2350715796730263168
29862,2556086220698461696
29867,390019142564195840
29872,427008088110033536
29909,5001179770525584640
29917,4710021772865565696
29924,2775987347958346112
29945,2377344185944929152
29954,2801349056826994176
29960,4925259145462443648
29970,2781085401124115328
29973,369163193689359872
30001,2776464261127797248
30018,417094101003315456
30021,427176661291873536
30023,427176661284417792
30049,2776341145888781312
30087,2372651435956390144
30153,424502747789877760
30172,2523851803947248512
30174,2349597284167363456
30176,2808247220982638208
30188,2342152387858446848
30194,5002889304947556352
30207,2343822172356790400
30208,2550869557716369664
30258,2776164811713208448
30270,414994995864766720
30310,4690089615625487232
30317,4617812054836337536
30319,2801415714718793344
30325,2804717616856619008
30334,2782043556789249280
30376,5006862630732813568
30384,2802336212109700352
30393,5006873312316875520
30396,426732767830736768
30401,526191462937594624
30406,360858032611192576
30415,414975548252028544
30420,377490173204283776
30422,2581715630583489408
30430,2809010247690256768
30431,312325589359597952
30435,4926630060368578688
30480,4985622780504009216
30481,4920861030231860736
30486,415107455287526912
30488,4705170310952656512
30505,2781575409648123520
30523,4987088837525409024
30531,423640631895320704
30545,2777645067895669376
30548,2777645067895669504
30552,2473840350055572352
30563,424459076562158464
30567,4987071932534046592
30572,2582632107885049088
30586,2774832139194763776
30590,2549827285118953600
30601,2376490415165540608
30665,566374176233595008
30687,2524607924349977728
30694,4987563830844953088
30704,2801953101027001216
30705,378192593631003264
30722,4908694659192071296
30732,374092957154977152
30735,374092957152206592
30746,363066814030170624
30752,361054432874158848
30765,4932878619308493824
30781,566469013401234560
30808,362614021399794176
30810,367799116372410752
30820,4908884011415732608
30845,2789844733521484544
30852,574070177802252288
30854,574070280881467264
30866,4932697238547542528
30873,2344155045207252608
30874,2524394000619171840
30876,4932692836203842560
30877,2344151991485320832
30900,374254619721557504
30903,4631088756525786624
30930,2357555003868432768
30931,377231345590861824
30933,377231139432432384
30954,524176156904148096
30970,2524510205254222336
31032,311729207384483712
31041,2791520694184340736
31043,2791520694184340480
31049,2577474470638597632
31052,4931501588370743040
31068,2345088259997529856
31070,2345088259997529728
31082,2359099371028711808
31084,2345026854849021312
31091,364430311528707072
31104,522824517819155840
31121,4981235900910296320
31134,567094287624818304
31149,374811767174987776
31153,5003118862360177152
31185,5002319517407730304
31187,2804140583705710208
31194,2581458104344982528
31209,2524942107165434624
31215,2345192163846102144
31222,374383228223674240
31227,4710499334574162304
31228,2359214952893456000
31229,4907699223213362432
31230,2359214952893455872
31246,5001812466452392448
31250,404301046987377792
31272,376506144656994432
31287,402626280325569536
31294,370958769192327296
31307,4927280631949356160
31335,5033961366110081792
31341,426623808797849472
31383,2344901720977366528
31405,4687409663432287488
31407,376481886681299840
31413,4690585426656351616
31434,4690585465314600320
31440,363276202276103168
31443,2344828740892209024
31454,426382706518452608
31483,2532398587003795328
31488,2790494815860044544
31491,2790494850219788160
31510,4617470239864728064
31526,425760004975732864
31530,4705980238705783424
31551,2475248545276680448
31552,2539811387023086976
31557,522518883651891584
31561,4932097759894843264
31562,4932097862974059008
31597,2791988540677395712
31604,4616696733434437888
31607,2468096015979417088
31628,308486266553392512
31645,2576089944980543872
31651,313031961155966080
31658,2531029965609341440
31664,4904042827358817536
31670,4636065249232359552
31674,4684781517084823808
31723,2359384522498140288
31728,2784980799022628352
31732,5014009353235167744
31735,5034518337468928896
31749,4691865704861089536
31751,2783444265882515968
31763,2564046444365833856
31775,2469900009618822656
31778,2469900005324049280
31801,2476465876447543552
31802,4932059178205795840
31811,371028412087446016
31813,2591056840854977920
31827,4636140531422875392
31828,5026281655347976448
31839,575658456708126208
31845,411951822555835648
31862,404943058702934016
31888,2471634484916286336
31926,4687445500635789184
31949,4909000048547039872
31961,2358294421142854272
31963,2563779572277485056
31965,5033414217343062528
31984,4692181440791789824
31989,371160628361545216
31991,371160628361545088
31993,4988805797946433024
31999,562952564763313408
32001,2564020159166337024
32017,309695832425488640
32018,2456083168546096896
32028,5040785485028162944
32045,2783805799049284224
32050,2351525002929007872
32084,2576762266276447104
32085,2579867385898745856
32088,5014081508685988096
32104,2784349060875289216
32111,372730975779114752
32129,2562919651106682368
32141,313996228559363840
32172,535128465245309184
32178,403317117225484032
32193,4935127949516116864
32194,404126941898471424
32196,2533633780942700160
32235,2590924250920129920
32252,2353418018357112448
32253,2353418018354668800
32256,2533686798020139648
32260,294738729074314368
32282,2591573203298626432
32303,5012923134530380800
32310,5029550086804639488
32316,2580514624584028288
32339,5039818739429492096
32345,293251570878605696
32358,403073437965620992
32366,4933699267299827328
32367,4933699202875132544
32375,404105368281380736
32376,2786000767856737536
32385,5030450797280796672
32388,5013842910367019008
32396,4630289759464850688
32397,4933990332940604032
32398,413865763063876352
32400,2482813425794003200
32401,2482813430089468160
32417,5028370104669522816
32419,2786782250040683008
32434,310735974718012416
32440,2482796074128506880
32453,4985481905578060544
32457,413216162154257536
32469,4690700776585236096
32475,5041666743597888000
32477,5014743376030204672
32480,403860108465501952
32489,4930699254120278272
32493,4934982161146053376
32509,294902659385996288
32512,397683735041205632
32513,310420410587121920
32514,310420410586857856
32526,510991333164269696
32534,2580481291342927232
32601,2590545396149818240
32602,372516807234476928
32631,2454507602744210432
32632,2454507598448711296
32638,4929561740621845888
32642,403816845261175552
32647,5013488425240882048
32662,398277608759124736
32668,2534148150521389440
32682,371742098213216768
32693,573260181331987968
32698,2559512165787198592
32699,372445957453382400
32739,2354999360888877184
32744,4929599433253122944
32746,2579197611518740992
32748,5029149662709768704
32750,2566010962406696192
32752,4716540090112967808
32753,5029149662709768832
32757,5009199642699697408
32761,2485211533668928640
32770,309158931447100672
32771,396730428396610048
32785,2559244121172672768
32794,4984244267802428032
32795,2470416951882130560
32815,2484881160489352192
32818,4687371043063125120
32821,5029260644663277696
32823,5029260644663277440
32834,4915295332436683776
32840,396630024944732800
32849,5013627066785378048
32860,2534319124579003008
32867,289415099930938368
32873,510693533011675008
32878,575426249301644672
32882,2484109681283815168
32883,400698772021103104
32884,5029375436254309632
32889,2565178013629691648
32901,413058584091792000
32933,4637598659932556928
32934,309303306772749440
32944,4909564437314321408
32955,4909560795182000512
32990,4715775581638569216
32991,4715775585933358720
32996,413040858770727168
33105,565463127766362880
33109,5035522260304177152
33130,288547550896750720
33146,2592165217297601792
33148,5015089348532586240
33190,5044022447260666496
33198,2564819401040308992
33199,396567490220005632
33213,2585493625551477632
33244,565244737268079744
33279,4930886514694162944
33285,4934783935520992640
33298,2560208465885160832
33315,288287451972695808
33324,5011753945649524352
33336,319016667370280064
33339,290410535910963584
33343,399023455600154624
33386,2564851394251630848
33396,4630693791333016064
33398,4630693791333016192
33400,2564945432560219008
33416,4960003708604687488
33417,5035875031739240832
33423,2560000280229897344
33432,5043742960853131008
33465,2477828308798036352
33512,2450622822004756352
33518,288885272765489280
33529,2559885724862898304
33543,4909733349787996032
33570,559853522521229440
33583,512975019637884032
33585,512975023938038656
33586,4912716707086554880
33593,5008194375537560576
33596,348345659004467840
33599,2480799056067605760
33603,5008585423720471808
33611,519434242427811712
33641,4958826239025726848
33650,2478077382536463232
33655,2451080424999469440
33668,4912408362795672064
33682,4633437622600713984
33692,5037650983536025728
33703,4916136630630336512
33706,4912652729255137408
33720,348814325836133504
33724,5011392309403002496
33794,409667213493951744
33802,2480831006329248000
33829,409607010932209280
33831,409607010932202880
33838,4960572366570151680
33859,2571895960955776256
33872,4930314596847855488
33878,4637756366835370240
33880,4688236015113221760
33933,96557977280459520
33985,5010328978579650304
34012,4916660930173446144
34037,5138747607375646592
34060,96399200929308160
34061,2568552487829583616
34065,4636909021327178880
34072,5012500509748627584
34073,5012500514045368704
34075,5142354722777508864
34087,5012487422985041408
34097,4954268041775746816
34129,409400508902600704
34131,566019446288737536
34132,5037339787384889216
34153,406339124937034752
34172,2512247970544662912
34174,348668335602792832
34190,2508550832631950592
34199,305432716606708480
34214,407967398578801792
34217,405374818877376128
34221,5038246089908917248
34246,5140444218241619840
34291,409268567509898368
34293,2465366620097870464
34304,5142056652043760384
34310,290678477446232960
34335,505978247327472000
34349,4955263026782810880
34356,4962336734840477312
34389,565923616978745472
34476,4962274032612481920
34491,98075028448822656
34493,2511923996866928768
34505,2453004054952783744
34510,5037875455706805504
34528,91690164426711040
34529,2588340119422371200
34530,4941686944398117120
34538,2509130477124083712
34567,4959254739322877056
34575,4942094553974026368
34581,5011284454183157248
34591,5011040461385764736
34593,4961001485343838208
34609,4962121814676810112
34625,4712727980220151424
34633,5135479648364837760
34644,5142948772585882112
34647,519633696414943616
34654,508202348897683328
34656,508187406713687552
34666,4693974052766730880
34685,304311798860298880
34688,511744391246281216
34692,572443209830549632
34705,98159141089386240
34712,5140933603995526656
34713,5140933608291107200
34714,4711565418472312960
34727,4717562498487536128
34729,4717562498486739456
34741,357569771288217728
34747,518201792978858880
34800,4719590788203965440
34828,5140868938967811072
34841,2569277680172652928
34847,2567985857088744064
34850,4719299997441556992
34851,298178379402860288
34871,2512937604853414528
34900,2511698730127447424
34902,5019163825090490368
34920,4942530548989184384
34930,504685938912308224
34936,2573966410070436224
34954,97294340834478208
34964,2504876741512820864
34965,357479272034582528
34979,346041636683590528
34982,97082173743761152
35017,2518936059258271232
35025,4960915478622494080
35030,5017210100303920128
35069,299129182083300352
35079,4942195988218119168
35089,5018075759550468608
35091,304578155551739648
35114,2567244958050861824
35142,4719760486655533568
35150,343397586099356160
35168,300721515441972608
35170,4957379552306648064
35177,357623342415672960
35179,4713428815803710080
35180,4714360510173404032
35182,5149221482127801728
35203,521406968154191104
35204,521406968152848640
35209,4636644593077501056
35212,356649415633450240
35233,508627344501773952
35267,92630590465904384
35268,4969513973083878784
35275,2574640827310228992
35283,2567879174396643072
35284,4967882469627176448
35287,2505031119818267136
35291,2570595204340077184
35294,346662512860939264
35316,5147930591051748480
35321,4968770565784701568
35323,76977912867771392
35341,345808570283216256
35347,330963788918446848
35356,359329470930119552
35365,559299750914631424
35375,2569398935690514176
35377,359862974586350848
35384,2463426497470288640
35393,2508290557613898752
35400,356839042732924416
35420,4969237171031590528
35421,4942340024239983232
35429,5136905543147266688
35443,521329590020172928
35452,508832373363841664
35470,518966292856747520
35476,4968002655697225344
35482,4714404799876372608
35486,5136492783904813824
35488,4967581306520302208
35495,4968004755937495424
35516,4937259348511891456
35536,522336364715248256
35538,2490965587254812160
35551,559439835566125952
35556,4958441031999135104
35572,104504697569991040
35597,78413183563424000
35604,300356718095890816
35607,2514544064356385920
35629,4968426689228543488
35637,4637075292396134144
35654,520568216875161088
35665,4964509614631078272
35672,456520182792752768
35678,5020119579868434944
35694,5021102337104934912
35714,2517771401566875264
35724,5147811152306434176
35753,5122458342610235008
35763,5151337874507548544
35767,5019466877983641216
35768,5019466877983638784
35776,4964602828304856320
35799,5019857204610920320
35801,4697986312429648000
35805,4715162225948611328
35819,4968041688359665152
35828,2494399362068211328
35836,359158668669356928
35861,2461901985944862592
35880,4715260327298135424
35882,456032377587254784
35888,4693242740095396352
35899,73226890294396032
35904,5148232991109667328
35905,100695959227060480
35916,5118133276183878400
35933,4964256344703056896
35935,4714951635112582400
35948,5148399150509370240
35952,4632020287689016576
35960,80204842056314496
35991,455168200100958336
36000,5117357983046828416
36002,4739285476703611648
36004,4742785222214182784
36005,324567861060784512
36020,2486388560866377856
36040,2486390515077933696
36042,4699581154045829504
36044,80591797134302720
36054,4939671509519402240
36055,4939671509520811008
36064,325647757573153280
36086,2507025393392376576
36107,5145318765604748544
36152,4939768163463128704
36167,358638668389762816
36187,4936761411478319488
36198,80926701504179584
36199,80927083756894080
36205,4938562201071206144
36217,2486041832451829888
36221,4739247032451534848
36253,561233654425331200
36265,4619957717419174912
36284,326189816806586752
36301,4970188626547260928
36322,4971571880894586880
36353,546062588690052864
36369,75839334216914688
36374,521290596013802624
36381,2513210043219268096
36385,5146892548996959616
36397,5119965406153172992
36415,4742547869437542912
36429,355547155224747520
36460,559187222769519872
36462,73126873390979072
36465,458263011801000192
36466,2487100490353908864
36482,4742937229696328320
36489,5123955362051779072
36490,331610271693384576
36495,79407623111414656
36505,559185332982600576
36507,2486660926220785920
36509,106402935675615104
36511,5146493662498666752
36512,5146493662498666624
36541,4963533213945847296
36560,5130742784769630336
36568,455517329408362752
36569,2487080669076532608
36583,2489799344719651072
36593,4940410931088815360
36598,72633600692215424
36605,4699771644435128064
36608,4699771644435128320
36621,4746060495554048256
36668,4696450599628588544
36685,75596273428325888
36696,131978710009614336
36708,99915890086770176
36714,5119666025457517184
36715,5119666025457516416
36730,520790043346964608
36734,2488754366292015744
36735,99917779872376576
36761,4939930650666279936
36762,4939930650667746304
36767,23840470107101440
36769,4940155500795290624
36770,4940155500795290880
36771,22855208904337920
36774,74803108933097216
36775,2490455242060751360
36776,2490455242060072064
36795,87577269383664512
36803,4643341924559988224
36815,4965539101112652800
36845,85649413183595392
36857,4965665579309418240
36858,23832017611456768
36868,339492017717622016
36869,339492052075797376
36872,5131731035268115584
36874,5131731039563630720
36894,5068272313649319168
36896,5068272309354414976
36905,5145369862831234304
36946,458918836127254656
36950,513557971255935744
36955,514466683260339840
36966,4644998059654102784
36969,546656707224057984
36972,4632909822659080448
36974,5147088326490434560
36990,327426526869286656
36993,4951389619117196928
36996,4951386664179697536
36998,2517190657563948672
37025,337931634623290624
37051,568658690807680256
37068,5119295082016649472
37077,5175494484271615744
37118,4640244497224197632
37122,4966305490779907584
37141,5070005247053743360
37183,19693180966870656
37185,517636025520734720
37218,19247810039585920
37225,75004701812799360
37231,4644957553816692992
37238,327081379001288448
37243,340379250584988544
37246,340393475516829952
37262,4725527841755869440
37275,4744980848149984512
37279,4938950436050078720
37289,4696402186757847936
37291,4696281721514576384
37292,4696281721514576256
37310,5146195110731883520
37319,4725852403843324288
37335,89918924208626816
37338,4725938195815504640
37354,454047312426322304
37356,4950192461407964544
37358,561701011292002432
37391,4752797826067491200
37398,4617017515950873856
37401,334653200186823552
37406,2496972013118785408
37419,4746476317108135424
37424,451277681288060160
37430,2500203890109764608
37431,5063316986547228672
37432,340111420721666048
37452,4745497103220803456
37495,4752788892536907776
37496,23283704907067264
37501,546779813870902400
37502,5133180122874161920
37524,4646960550470545920
37535,4945167276657940864
37536,4945167280953805440
37552,5130348433755930880
37558,4726265201739972992
37570,4745205698279549312
37572,4744728853829024128
37574,546779199690850432
37585,5127242248983674752
37591,341762436212834816
37595,464169897501475456
37601,27015245508396544
37611,334969172340018304
37616,4640354104789670272
37620,4639913917886657536
37639,18493721155296768
37643,5062113639787751296
37653,81102077903961984
37683,4620033098389147648
37704,5177859052746654208
37708,464384100412451840
37713,4953558203939284736
37716,88699119136916480
37717,88698908686586752
37750,5062948237833763840
37751,5062948340912201088
37806,5125299545081073280
37821,2502834604822566400
37829,4948650018394764928
37836,454793399779351552
37837,454793399779350016
37840,4945568602697691776
37843,5126099547164338944
37863,21847265979206784
37865,4726023584060047488
37874,32682437674901248
37875,545940164944375296
37878,18711282723250688
37895,5063163948266717440
37917,82063944420504960
37929,4948566348134754816
37933,516520193018084736
37958,439057090578300416
37961,452633958942048128
37962,452633963244401792
37972,4753402145146316928
37977,5075864024827241600
37985,130407271673340800
38000,4751618118810672128
38002,451109524729369984
38005,467760116503727872
38021,465606203288064768
38059,129632764512293760
38061,467644392913965568
38063,5069637804011629696
38066,5069637735292759040
38067,5157012831975090944
38068,5076827338747263232
38069,32926456241929984
38076,4952546447084718464
38078,33554517899463040
38097,130379302846419328
38107,4753068202850533504
38112,464093447086641664
38126,5172481203936294784
38133,335589438631822464
38148,5156966923069963520
38151,4741775973618751488
38157,85552175124973056
38158,336822437843558144
38161,4748300097660782208
38166,5815866755599616
38169,20284305905758336
38180,460882293316868096
38190,5048963923097725184
38194,5077250131032635136
38196,5077250131032635008
38204,5077359154482959104
38213,5129571869309586176
38217,337690601058203776
38221,114808397128552576
38223,22087852867208576
38242,5156651844270134912
38254,2497677379892554240
38255,5064735768858491136
38266,5048602355571627776
38270,4947420691378204160
38276,21213805547771904
38282,116324829820500352
38286,4644234173950014720
38287,4719859820691584
38292,5158548265604136704
38304,453671867854887168
38317,33253423512060544
38343,337485958752166656
38351,4620640853441445120
38364,5474605834008192
38379,5158584274609992320
38382,337376007589716864
38388,464440484744163200
38400,140562219332587008
38402,437763686950231552
38418,516264071231809664
38420,4740683681830793728
38447,4645881246663066368
38454,464676085178192128
38464,129439563998463616
38470,84374151493849984
38495,113652771751937664
38512,2497895053130247040
38514,4618570747924780544
38519,4721828191286828672
38522,4721829664459413120
38552,142994686944818688
38580,433960819825678848
38582,5184341945102797696
38586,4640488309632641152
38589,4947826789126055680
38593,4720193247560135936
38612,5052391208218637440
38613,468326880383720192
38616,109224626110876928
38617,32129005369127552
38629,5065077304657629184
38632,549206401673285120
38637,109247788869176448
38650,4755647382251174016
38673,4755598930723584896
38691,34947633491917952
38696,432631956942761088
38699,4645812797770352640
38757,129165712589501312
38758,115359939648774912
38775,4721806132334885760
38780,129072494619153536
38790,4722012561347029888
38816,437621708214902528
38818,5079145173683257472
38854,116864758749758848
38859,115344095513403520
38875,439106255068463872
38879,439106255070458368
38891,5072775393585515264
38895,4646020811625706752
38896,4753655165964785536
38908,4753984886310003200
38920,4720225240771609600
38952,143563478052546688
38969,4726644735115024768
38991,143817499597885824
39002,4640413577202329728
39011,7027562929324416
39042,7033270940879744
39070,4851800979770492544
39090,4719817867418634752
39111,5047757793202041984
39118,5182614440536879872
39129,4639200025602396928
39141,468035574228302592
39152,4747052564280554112
39155,5183039165557720448
39162,123169594646720128
39178,5103841132555777792
39183,5059111354565930624
39199,4851536341065029888
39204,4750614226039509888
39206,5074883741491785088
39237,123154618096670208
39257,135683720597931008
39270,447107645997171328
39274,31322547949728256
39297,439717961490943104
39303,136137475303027200
39316,5152846503245405952
39338,5073586798807216384
39354,5154681278914176512
39361,4723479447297071744
39392,5073401672831650816
39436,137461635195495680
39443,31047184711544832
39444,31047257726638592
39449,31067426892323584
39450,3267349950425598080
39494,4723389085481331456
39515,4850463492593066368
39516,139162712826495744
39551,439872275376398592
39553,5167439672539923456
39554,439872275371188608
39556,240835034083922304
39558,240802426691794176
39573,137481559548474368
39591,238906387610412928
39595,4620279221491091456
39629,446203228969067392
39639,445943327607739520
39649,466850064475199488
39669,17293531198591232
39674,5167370055415132160
39677,4720605839298874880
39721,3262071336835328512
39730,31156178097394432
39731,31156173801575936
39733,125315772624513024
39756,4639775624235504896
39761,235840781689958016
39783,434857952593321088
39797,123478596069419392
39798,123477840154269184
39802,4670644443248889600
39805,110925574893371776
39822,3269036738701508608
39855,29942587842779264
39859,5106380802552582784
39866,4613612951211823616
39872,4730277006138022912
39881,61934562280099456
39904,435185607062800384
39911,5061866073574856576
39919,5168260419316083840
39935,3262705170928796800
39938,239523454152475520
39953,137974690513728896
39958,3266140045253880576
39971,4641329405963444608
39984,449533958925653760
39990,5106424679939403776
39999,4642153627368210560
40002,118393560949382912
40009,5074140677789997312
40019,490974032483671424
40021,490974032483668352
40030,56070969848079488
40032,56070969848077312
40056,16166875378033664
40065,5053332866912186496
40075,3268696199335140608
40088,10285381522061568
40096,9500914335389952
40124,5053532153393376896
40152,4736689499684762368
40161,17483647926494720
40176,5098158203628352512
40186,5169997922565331968
40197,3261154374201832064
40208,4670738485853182464
40232,4722290394191659520
40241,441716426956171904
40252,5060277798964008320
40256,435355820907955200
40272,119265091417055872
40279,3261144963928671488
40303,463580907161700224
40318,117132318032317184
40320,462698789598718464
40322,462698785303228672
40339,5059839265625633408
40340,4860922420859790464
40343,242769594727612032
40360,5099005961453725568
40369,435348605361084544
40383,3262517837340737152
40388,4730343217352977536
40401,234331697683402368
40410,5164788062810835328
40424,42174998299513728
40433,241114554856585984
40436,5060446672782990336
40447,5162995717123669504
40457,241792639992102016
40467,3261460141513501952
40471,16426811093797760
40493,4847824630326516352
40497,5168084158153227136
40498,5168084158153227008
40499,61458615479011840
40516,4734047403307929472
40529,4735885340073320576
40530,4735885340073322880
40554,5060862189396279552
40558,448399808382798464
40580,61382405581323008
40589,117690801219527168
40594,4737241003549876224
40597,568524546093881088
40605,3264017609855236736
40624,462663845745514368
40631,5060587895604134400
40636,491551555263096832
40644,487956113581651072
40651,554350711636659328
40654,443274817182425216
40656,3247469130928600960
40657,3247469062209123072
40673,5112950075290631936
40690,488016659738326784
40693,4729167873782614016
40697,5100708731302235008
40701,3264913711832081664
40703,4615583615350090752
40717,3264205415890602368
40724,5112762608559140096
40730,4846911795159104896
40779,4729070979320996096
40793,5086595228253130368
40795,5163781391195902464
40823,4735583528426051584
40824,448560410099145088
40838,5055787801497769088
40839,4833967725801565696
40841,3274640915108790144
40844,3264871552432918784
40850,4615559602188920064
40877,3263351198434024576
40878,3263351202729621376
40881,248883905877197824
40882,248883905877197696
40893,3261358750220612736
40909,445011938180611840
40910,4730524881586214016
40912,4730524881584955648
40920,3275427718757784448
40921,4613523856408757888
40938,4729108809392699392
40944,486485177477467520
40952,56529573573742848
40955,568072238794453120
40963,5100749477657526784
40970,5111719820563572096
40971,56413781254648960
40981,4859621290581017088
40992,4736235126505460736
41012,494588715616761856
41020,5086263828573635072
41022,3249027001465705088
41027,68500605202966656
41038,4859445776742511744
41057,5086417244804970496
41058,4730617824678497664
41062,4612642524824456704
41072,5108515401299419648
41085,247706122766243968
41089,4859543053458153344
41090,4859543049164608256
41098,4729763229265811328
41103,222620047718000768
41123,4848349475331558912
41125,488173610727575936
41126,5163575262830783232
41128,488173610730674816
41140,4674715698584841728
41147,217394549985701504
41150,4834487996663371776
41169,4674718722241019392
41175,5115311959411507712
41210,449019731082892288
41214,4672884766910180608
41224,3243842361760113408
41233,69427837102594432
41263,4832891574499721856
41281,41518658576469888
41282,486624570643808128
41283,41518658576469760
41284,5100996425395376896
41293,4863323277513982848
41297,5100998383900460288
41303,555726333826431360
41313,4673045025025423232
41323,4856020557503806336
41342,4674418177609112576
41346,4848810205061914496
41348,4848810205061914112
41359,3271686149407700096
41364,4736283844318707840
41392,3278436463607373696
41401,5081410992270236288
41404,3243766220578958720
41415,3247696218734904960
41424,5081407075259752960
41425,5081407075259752448
41451,4832631544295728128
41504,4641102249438578176
41508,42873261198635904
41516,5087158654944307072
41524,64829061000805760
41538,4733157730898273792
41548,3244617478801862656
41560,5114162179486492800
41563,495209557431255808
41584,4641157298034972928
41599,243516884679200256
41600,4833003621606857216
41604,443671500361839360
41611,42871268333859584
41613,42871199614383616
41624,221424221446885248
41663,4857011977691102464
41671,3249479592234269056
41672,3249479592235301376
41693,487346571825573504
41702,5115536191064427776
41709,44581764827781632
41712,495219762273672960
41713,495219762273671936
41743,4731129956577574656
41811,5108055732424034944
41825,3249617924542085376
41826,63917531500917248
41827,222977285919110656
41830,3276414466021403264
41843,4627107566655375744
41846,4836330610649496320
41850,5094998692541550592
41851,251205662123441920
41858,4625726305172978944
41865,4856615565093020032
41880,4731898339111503744
41889,245286509990889088
41892,250302074016681472
41900,251185080633229056
41921,39495385383245568
41936,5107935993030896768
41946,64949766767215104
41948,64949766761769088
41952,4862516510855841280
41962,3194700685990562048
41967,5107988146818254336
41971,3249530307209336832
41980,4858755012858698368
41989,5083460894260804352
41990,490173008196302976
41996,5094776586897734784
42006,5083879640687747840
42018,251555929591190144
42036,4855870439806768512
42037,4855870439806768384
42041,220109450356331264
42051,3273131491801981312
42056,3277493323149222272
42083,219685588624634880
42102,245414190776416640
42105,4843428503665828224
42109,39466420125673728
42121,469805964041334784
42124,469805964049371392
42126,5108134794181966976
42128,3257265126696757888
42129,3270216931292757248
42131,4666265058372023808
42144,39475117435006336
42169,4828239746961279104
42176,3246194354571922432
42221,3301532152025891456
42234,4669661587228569088
42273,3273254430945925632
42280,51519129148306048
42291,4682959630611217152
42298,3194359489491039744
42313,4859319058027893504
42317,4843582473948513920
42334,3301217592917972864
42340,4859171624686359808
42381,3193604953931290112
42406,3274003786777102208
42435,51338126343808000
42442,250422191362602112
42444,4858065962664183168
42452,4859365757206702848
42453,3302079433938683136
42460,251747794368304896
42478,4626283826288824704
42482,4858877264807604992
42484,4828782081071624320
42507,247074973026247168
42519,5093839841647305088
42534,473069069739718400
42536,4886627426464690432
42543,67156078578905856
42559,4680313376706884608
42612,490321060015495936
42641,250519124483737728
42650,495058241441193728
42651,4883551542685980288
42661,4828984395506993024
42701,4679463733391272448
42702,3305009568002044032
42720,4666615046665979392
42722,250862824946594816
42731,549788563014393728
42760,3245954248719610624
42764,230772406745340800
42811,4680251735334760576
42822,5096965409606157056
42825,246775562271434752
42826,246775562270248832
42842,170548104738128256
42843,4832286499506799744
42859,3196672660094291456
42870,5090684135900089216
42877,66349346281437952
42883,4653722929233862272
42896,4669315275425089280
42913,66027979649547136
42915,46212439356238720
42971,4845024513513451904
42975,4679925940590876032
42988,52199009586145024
42992,225488050784395776
43009,4844921747832068480
43012,162545201980769024
43024,4838475100705496192
43034,4668504694837351168
43058,490692935462411136
43059,250765238990402304
43060,569735658151909888
43062,569735662449678848
43071,4887153130460315648
43072,4887153126165424128
43108,5090778663836538112
43113,4629272775634288768
43116,3190556931605441152
43173,4838865083734239488
43174,4653855282946492160
43175,3188783178831840512
43176,233287195997480960
43179,4844077597779748608
43188,3258382922000322048
43199,3251718300987630848
43203,493754048852483328
43237,274791771384341376
43240,3189033493821175552
43241,3189033493822980096
43242,227357877680548096
43258,52283667689204096
43260,4653652835367639040
43272,225219121412088832
43288,3255280851805638656
43298,5089999861710370176
43310,48825707913208704
43312,48825703617706880
43329,4629164065718894848
43345,5096781344489104000
43349,5096781340192835712
43354,3252677586229076992
43364,4883760205082428800
43375,4869610250641882752
43391,4780544792270137088
43431,4869602691497940096
43433,4882569094685135744
43469,3305271423569212288
43473,3189197488557018880
43487,3304090857318319232
43500,4869649042784812800
43505,162725938502377216
43509,4869524557453453696
43516,232186035103161600
43518,177297594310221952
43523,5089660838467840000
43526,5093384128437380736
43549,3258932673519218432
43564,3255515666258260608
43573,3191992417052144768
43578,5091672738586869376
43590,4678519837018177792
43595,177231103915588992
43601,570159691683454720
43604,555837113919985792
43606,4612787389776216704
43618,3283505216506379648
43625,52829265973005056
43642,176047582728376576
43647,48883840294734208
43658,4841120770494891520
43661,476450411592804480
43662,476450411592802048
43667,476743367019217408
43686,4868808255692345344
43696,4615872237152124544
43697,4615872241446992256
43709,5093424260611799424
43722,177418948605044864
43725,166587938734739328
43733,4895911771369639040
43753,48567318384562816
43754,4869699203708058624
43766,5093351654188023680
43767,4781939763286555904
43776,4668876776445539968
43777,4668242152077665024
43779,469107808517135360
43783,469189619064013440
43799,4779299286113819648
43838,227436694624888576
43843,3285345283576534784
43861,3284951791556594816
43862,3284951791557832064
43865,4884584357765671808
43867,4897525957517940480
43871,4870138669058260096
43897,3175274377109434496
43906,3177189756429735296
43918,3191747256021968256
43931,3284868817084785024
43947,49013483883923968
43967,5093252904299615744
43976,150577636388844160
43979,150577571966860288
43986,258141793782131456
43987,4897341377001657216
44011,4897149306066662400
44013,4779322891253539840
44027,4653397881813791744
44048,500245668581154176
44054,4899181203552617216
44058,3175193288128400896
44064,4778581987920771200
44085,276898293920976768
44092,4837626449525752192
44124,3205774005030469760
44126,175817750438186240
44132,3203142731972092160
44136,4896326733931106816
44137,3203932632291764480
44139,3311033276814526976
44144,270444366823280768
44171,501279656187088640
44181,4789565181368223616
44183,4868986518310148864
44195,166255675767857536
44206,165401149074789504
44210,3191919471325368064
44221,550320584907717888
44227,3198711459592965632
44237,476933990549861632
44242,3191421525702434560
44246,145724632581075328
44261,4791086149546843392
44263,4788729449451505536
44287,3279959050988935040
44289,3279959050988934400
44297,3204690672544462464
44310,4652640009066103808
44312,3306811697624576000
44314,4652640009066320000
44324,4611751645528157440
44345,4611751649822913024
44361,253736600444483456
44376,3310871201928485248
44380,4655943255528986496
44397,146192543498736512
44416,3175748124887027328
44420,472222136549511552
44423,3179400187118456832
44425,4864403371593099264
44435,3198823094383794944
44443,144454731010594560
44449,4899868157803497984
44467,495761585285669888
44523,4674958033525400704
44524,4790998467789671936
44547,180027716038687872
44548,180027711740688896
44556,3198002347608102656
44559,4779068663549456128
44561,471156851523435776
44568,180086020217816704
44569,180086020218649344
44577,3312946633205011712
44579,3312946392688548480
44584,3178998560433751552
44591,556267534064713344
44614,4781209550127530240
44641,4787675464477424512
44661,4898104090179616512
44676,3199255962664075136
44690,470826482637310848
44698,178383705633917440
44707,171354974476449024
44716,3309378511814580736
44717,4863952954079430272
44720,495482962167621888
44737,501910737204155648
44742,3177761094456310656
44747,3185533576511066368
44753,500077507724630912
44770,3287289048334694144
44772,4866047008334021376
44774,4656503967801733504
44778,4871521579808229888
44780,4864752883148064512
44786,3314337652854828800
44795,4891758744152351232
44827,277090540953615616
44860,4781389457716923264
44890,4899531015753744896
44921,3230292049179110784
44923,3204502351115865728
44934,253517900710427648
44946,257617262310835072
44948,257617262317166848
44989,179017879031821056
44991,3185172142128461696
44996,3293705896978817280
45011,3282104782292788480
45026,3201873728048770048
45027,4777512029961353344
45039,4878540582865211648
45049,3229458030954057216
45059,3293720980903565568
45062,147971725111014144
45067,4868201978108370048
45071,151650935831913216
45090,3177914510686683776
45099,3198603505592320128
45104,253905311058582912
45106,4615832757813000064
45110,4867429708628840320
45113,4791407967151847296
45114,158800402816378240
45117,4778068760802713728
45118,158800402816375552
45119,4895218494928716544
45142,4677010104474867072
45143,3410614872415786496
45161,483026526214817152
45163,3293404321555348608
45167,3173087414123893120
45177,3282850659195732608
45185,2977168731408497920
45188,173809084428652032
45189,3309188669965291264
45196,272804438472008064
45201,3229596981735416704
45220,3306404023623951488
45225,4778080919855531264
45239,4790641160871505664
45249,204274691914849536
45250,204274691914843008
45269,2978215333334401152
45270,4816435909815730816
45274,556255920473740160
45279,556255851754249216
45280,3186226681154400512
45284,203970402070941952
45295,3201594074140023936
45302,4677160424033079936
45303,4893484805609852288
45307,4790436166376256000
45322,3184485016080343808
45323,3184485020375405184
45324,4867908722038748160
45335,4868155459319366656
45349,3184578650663335552
45378,3200361963985567488
45381,4893301492109279744
45386,4868389891517494528
45392,502044778839257472
45402,4653127612412528640
45423,3186216265857981440
45440,4663419934597675136
45442,4663419934597675264
45445,173927625524478464
45457,4895338955874208768
45460,2976915946813427968
45463,4677774711732166144
45475,4677774471212622080
45481,3282776064203623680
45522,3413009093345760768
45555,4815218166329988992
45572,3229959648773988480
45580,3229959996667631232
45599,4774702910900795776
45601,2977958563011736704
45603,3174751524973104640
45607,3226092498876949504
45614,279096973579137152
45617,4777773507570507648
45627,495869303062683904
45648,3185990694175594752
45652,3293031827631621120
45654,4786568221908647552
45658,3308074555448691712
45672,4881098119928195456
45705,174298775124053760
45714,4878090955624034048
45717,277674171175347840
45720,4867047628338450560
45726,3180994204101151616
45731,4867197819050350080
45747,2977064930641565696
45752,497426585189285632
45799,4880809734346899840
45807,4773988266993950208
45810,4774453871512918400
45822,4814411365311968256
45835,203343061967608960
45852,497193974059657728
45867,552870180579386624
45868,552870180574698624
45877,260355939621322496
45881,3173590127159300480
45905,3200641308659597056
45914,4881004313545842688
45934,3308604004656997888
45947,3231634445501473920
45972,4878129301094109824
45976,4783243882861824512
45989,3180056015739635456
45992,4874191675075361536
46006,4665667679961183744
46024,161654773656107264
46067,4817122279949923968
46078,477705607194465024
46080,482151138863835776
46087,3224908977688888064
46091,4776947293303041152
46105,4787222912363334016
46106,4787222912363333120
46107,3287738886031037568
46143,4881373783812216064
46144,482374344024845440
46151,478651844325590144
46154,4654713073833235456
46184,4811421896276768128
46195,2972913350828553216
46220,4622012425477079680
46222,206154723654526464
46224,3226758558108942976
46227,4622012425477079552
46244,3295332796231463168
46248,4812064560821512960
46249,4874828292309270784
46261,3181694975259919104
46273,2979169400190770048
46282,3289360833184866944
46284,2976159349672629120
46290,4873061617641604864
46295,3187271938755506944
46304,161790765206804480
46310,3180513236483070464
46321,497304745556626688
46330,3232204714079975808
46336,4776747972460494208
46346,500935371606721792
46370,4662169033966694912
46378,4783672280079613824
46379,4783672383158829440
46393,4654695103690489856
46403,3295040669735074432
46412,3224730199673762176
46424,2987304961602374528
46428,3225639049113892352
46429,4880316087985831808
46434,201854258801563520
46439,3288292588918004992
46469,503279908354671616
46474,3295074857675747584
46496,4824612118798089088
46502,3183050462644375296
46505,4879841756094577152
46518,4880759500412788352
46564,285359727387818496
46569,156606705320702720
46612,2979910982127759232
46627,2987948377766948224
46637,285290045838455680
46653,2976231397746272000
46662,3180316290758080128
46670,4880671578136173824
46691,280686729954126080
46702,2975918006868460032
46743,502460493018037760
46744,2986295403768667264
46755,2987266543119414144
46766,160609820997846528
46767,477655240112671360
46776,3228938619085039744
46782,2975144156839804544
46788,479091889497784704
46800,2960141900499581056
46815,184735992329821312
46818,4761606146861982208
46828,3239472662032107136
46832,3418523109798536576
46833,4624760349849745408
46838,4654662663808059520
46876,3227355627282448384
46890,4661882748657487616
46891,4764692755174226176
46893,3238433859767340288
46911,479084673952702464
46918,3420430556315892480
46921,3239803099636898944
46929,284161324137283968
46938,284165314162718848
46948,3211508915946830080
46964,3418344237298097408
46979,4810950510729842688
46988,4663815552639837824
47003,4823467939510588032
47035,206719765255248640
47044,4785224103302893568
47048,502233585603718400
47049,502233585601231744
47066,4810893267405616256
47073,4876066406825047296
47111,3227070166576344320
47115,4661245783622327296
47127,157303662547626240
47133,3290811226460959360
47157,284004025257888896
47177,4663580291528278144
47182,3241872822901987712
47183,4813073775058747136
47199,3213036446839017984
47203,4764526419681780864
47205,4764526385320444032
47211,483726812042115328
47233,4651483632075388160
47240,266049206532585472
47254,3393101335813439872
47285,3234801142069429248
47288,3235035204902161792
47300,2975716521361450368
47318,4827233144065309184
47334,3414955164503979136
47339,2955834323179961216
47351,2986573923807948032
47375,4761232798239947648
47377,2986582822981885952
47378,4761232798240067840
47394,498014931287112960
47395,498014858269371904
47408,4764298545895451904
47422,502661948459253376
47435,3182807131272593280
47441,4621648731941631488
47445,205755253041457664
47468,2955969700548450688
47471,2975206760284153600
47474,3238868171156736768
47475,3238868098140387840
47480,2982972640975036544
47485,261596360531863680
47494,2954744127337781248
47504,4770661758988444672
47541,4763107289471760256
47542,4763107293766550784
47548,3290927259296401664
47562,2956415247571338752
47563,3227607247943070976
47569,4763503667708038400
47585,2962469532255663744
47606,156406942097811072
47612,188171729947177472
47642,4621232979107320704
47678,2986648033468397568
47686,212906962000064768
47687,212906961997015552
47690,2956392703288019840
47697,3208762095382712960
47707,3387055705487359744
47714,188182136648476544
47717,3413829814351313792
47751,4800125440797399552
47775,2983198594911758720
47779,4769830738650864128
47781,2990376168161222144
47784,4826160746568309376
47785,4826160746566128128
47790,281019332220477312
47805,478101057719818112
47807,2990154960165950848
47837,4819381535828530560
47870,4771038552173702784
47882,478493858250421248
47884,3395588366690415872
47889,3422189774920460928
47897,4771184164449873536
47909,2983194811043079296
47923,4658770301847172736
47924,4763419001017784832
47942,261685038723388800
47953,3214261680746260480
47955,3214261680746259968
47969,2963297017834889984
47974,4649049214541346688
47983,4819770316267906816
47984,4800033287978491648
47996,4819015398455114624
47998,485278974567089152
47999,262827023280822528
48017,188632459676709760
48025,3394444423626182656
48038,3388663706883928960
48053,261674975613602816
48063,2988279330767612032
48093,194870225364018176
48097,188863700713628544
48120,212990215643543424
48122,3417618216025429120
48152,187862251781167104
48161,2981590730954538112
48172,2961320336446883456
48180,2969096602370902912
48182,2961777389686487040
48189,2906393408447619712
48194,3014138194985903232
48207,2906497621533314432
48225,3213960964316341504
48226,4661041794047842432
48261,2906506799880517120
48283,3417559014195327744
48315,2955356447938647808
48317,194841401837365248
48319,3013277659634773888
48330,3234163116086664448
48347,4806709488222864384
48359,2988944230360252544
48369,4614191015153629568
48380,2981989750595157120
48398,4657977695738959104
48409,3389371384349749376
48419,4660553713966648448
48425,4770014872488831872
48435,3015008531455357824
48459,2984906067750284928
48485,497886047905896960
48494,2985035393507826304
48496,2961952628649921280
48497,2961952628646749184
48519,2905164055663325696
48532,207656587819179520
48534,2969193561255833088
48535,2969193492536353920
48545,3014184035172052608
48551,3390990239127940224
48565,3220599265768938368
48585,4800424340456926976
48587,4819672528450697984
48590,3400542933589990528
48595,3339355661260116224
48619,3012981096436132608
48620,2958379658237940480
48622,3014940774049323264
48652,4770096030192145920
48653,4770096030190884480
48658,2968432153752855936
48675,4658691072554066560
48677,2906843452299827328
48686,2985461630357270656
48699,4823354170122536192
48709,4799648699426865152
48759,4807087793237438592
48796,3389026751879433856
48814,3389417250305374336
48815,2905736901223409536
48841,4651825064823833728
48842,484376138082543232
48845,2906576099176061696
48852,3390711856528325888
48868,213812577326847872
48877,4799627155871015936
48889,4766352433616137216
48891,2958529264837025536
48902,4660175408960529024
48905,3221907787685043456
48926,3390809094587324032
48956,2964778407893402880
48960,3448943542818905856
48965,2985572298780245376
48968,2956807841944133760
48972,4757030391786232576
49003,4806300199316094208
49011,2956770076294146176
49014,497837733818729984
49081,209304029902058112
49102,2908272748696611712
49103,3338064456654920960
49114,287533324437322368
49119,4805807686824898304
49124,3403722102745482112
49152,2901583904069034496
49165,2905912926162677504
49171,4660769488804284416
49172,3403730727035023232
49176,4660769493122896128
49177,4757593517838459904
49234,3397380291475669632
49243,479791007092171264
49251,485473042668240000
49262,4769107186985353216
49263,2984663827297591424
49296,209415187944458112
49299,3013535903132021376
49303,212489967917584256
49308,3396120251145386496
49322,2971719830954119552
49327,556922121440936960
49372,4808978330467411712
49377,3016562068369362176
49382,191122230744346624
49406,4648725167851581312
49407,3224309739555305984
49436,265001612467640448
49446,4660865081911721088
49451,4768472768775766144
49452,3397097888781683328
49479,4796186101087793920
49492,183138612392838784
49497,481675153408272128
49509,2963452706107430528
49510,2972132624557062016
49514,2909093053090597376
49520,191279838861685120
49536,4809736168856612608
49545,3217819288057214208
49560,3334380100562482432
49561,265030685101409280
49566,3334379344646313088
49599,3012156295212348544
49612,4793995903990360832
49616,3395836306562054784
49645,3334584678444722688
49660,3404213863611804672
49661,3404213863614488192
49679,3402681930381489792
49684,4766758703162595840
49687,3444479864910915072
49692,189220178705169408
49710,197048460976343168
49730,485081960122306048
49734,3442483156090480640
49737,4766190079557876352
49753,3397681248421699456
49766,2915268911120796928
49767,4660085867450146560
49773,3404404933821440256
49775,2967036285081981312
49781,571572637140787840
49792,2964216759311781888
49798,3009279109504346112
49803,4768294823987145856
49810,2963628245713587328
49825,287739993965938304
49840,2902163969467672832
49842,2902163969469316480
49851,3224270539390160640
49859,3217411854574573568
49865,2915289900624561792
49873,2967093910661901312
49898,3403375520357432960
49903,3012275862805447168
49910,4623019960383054592
49920,558036098518042752
49923,2964060839113851392
49937,3223329524941209600
49955,2965245489879220224
49957,3333336968968120576
49973,481711269793488384
49988,2966885274032108160
49999,4808156003144479616
50006,2900907635698335488
50014,3012016652939886208
50021,2900914786819540736
50028,4808392290769932288
50038,4796030378459369472
50039,498275652982959104
50060,2971121284313243776
50096,4802779425643148544
50136,4805139866655106944
50137,4805139870950231296
50141,190181907787135360
50160,2996987222340729088
50165,3016190953132133632
50172,4623015386240349440
50181,3223358833800816256
50185,3223358838091565056
50199,2997003715016243968
50207,2915129818603511296
50210,4765883732426779392
50230,2913922730933368064
50239,3346485856726656896
50247,3337021260634868224
50251,3219198487955502720
50264,2966010445031835520
50274,4756806130072828800
50275,4756807607541574656
50280,4802109372090250752
50292,4804232911297598592
50301,2904556369332759040
50316,502957510928687616
50319,4611836033045166080
50320,502957442209211136
50386,2904585811330644864
50395,3398293092283113856
50404,4792905360255248768
50436,3011185593949574912
50447,3454295170852729600
50448,498371997688483968
50451,4801820376625599232
50454,3398078520009209984
50455,3398078515721569920
50474,210289707712051840
50478,3219963644972396288
50479,3219539783238522368
50510,3400087873225289728
50548,2915951810924485248
50550,3398880785543056256
50558,265568689886199424
50560,287038990881256448
50594,481770505981721984
50597,2888659866438806144
50599,2887293521379951872
50603,4794570879852920320
50630,2965898531065733120
50633,4659809928696442496
50636,3458032067280433536
50641,4659228317107531008
50658,2883848403555492096
50665,3398107794507310208
50686,4659754197206503168
50722,193503536706214912
50733,2965820671898305280
50740,2886960300637515136
50776,2991586867901809920
50803,4801272304439747840
50821,3335603337311200128
50823,2965805489193336704
50831,192315961070088448
50836,3430635265466836736
50882,2903694519720730112
50886,214932464278691328
50898,2883882630152145280
50949,192005967510846848
50951,2910492941848598912
50970,198027266851070848
51000,3346787883122375680
51002,3431088844078555904
51032,2903170881600597760
51067,4794116545326732160
51076,2991688504008069120
51087,3017775379450445056
51093,3457813608061868160
51095,3457812852147627776
51107,3429879213782790528
51139,3450054526302892032
51145,210251293523757056
51174,2909400504029842944
51179,4622983672201981184
51182,4622982920582737408
51207,3316865631950262528
51223,2997653461965752960
51229,2995662899240378496
51237,4794684919823656448
51284,3350123251647482624
51295,288141285648247808
51301,288141281351299712
51309,1107275794776268544
51315,3424873717162032640
51333,960945541744434048
51334,3424441471654472960
51335,3122495241997802240
51336,3323096740438265728
51341,5567945510331346560
51346,3021167544620311296
51367,5571043311328096512
51370,5567933892444757632
51381,2999077123363869440
51397,2884028693400171648
51400,3453514929914965248
51411,963187544736253568
51421,960784909967341824
51422,2913069917928896896
51425,3423222559935120000
51446,3348649970487797504
51463,2911288266709958272
51488,1006533763440848256
51490,5278507763038054528
51525,2890898064093706496
51526,2890898059797230208
51528,969892061700200960
51540,1141050936555250816
51554,2916748544537284864
51555,2942269373349524352
51561,2882964636725668480
51562,2942320608018028928
51563,2942320608015735680
51602,1105424079756504064
51625,969886422407734528
51662,3374353017590346624
51663,3453245412129390848
51681,5482112989807691136
51705,3423432948911392128
51710,2991491279111245440
51719,3453617944704742784
51733,2942091870941465856
51739,2997951704492208768
51742,5282775448701747840
51744,5189365274427538432
51746,2910131546120761472
51772,972675093133152640
51775,2896201038737693056
51788,2998172637610314752
51791,3318942437615166208
51793,1114016836143649024
51823,2897810350100517504
51839,3423521936336223616
51843,3024997800749382912
51848,3121402705397074176
51860,2910061658410720256
51873,3315373564607614208
51875,1005713325901236224
51881,961028756735131648
51896,3005171200920090752
51903,5548648634588556288
51914,3425299472975762432
51919,5476796782368462976
51933,3457351095921373440
51970,2994432889326073088
52006,2912907190208993024
52009,3436350939227183616
52019,3004346292322852096
52039,2884639948849408128
52065,2886791521306770944
52073,2943048312913498112
52090,2911663681211991680
52110,1005552311868957312
52115,2994863829164808320
52122,3019774192806841984
52191,5265050638369420672
52195,5481401472641916416
52196,5549834904555758976
52199,3021842747839619840
52200,5481401674504491776
52205,5261668433221463552
52213,2912042355593560192
52230,2892795821161588736
52248,3375097898059812608
52250,2886482764697540480
52253,970115399998362496
52268,3121159365433568768
52282,3004831481891936768
52285,3440036772785723008
52343,5189366099061264512
52346,5568506501779525632
52386,5568526224270980864
52387,3317156590218392192
52391,998722557954948608
52404,2884736229130791040
52411,3374162286678753920
52412,3330030565704492800
52432,3376918831051328640
52446,3318800566258777728
52456,5495780748270656640
52457,5495793869395354368
52487,3376658143718763136
52489,5212111215069350528
52506,5482551252566796928
52523,3369954966781522816
52540,1107408148488757632
52545,3118171824836547584
52571,2993656668479670656
52574,961949735161929728
52577,961949666442453248
52580,2944664251413074944
52587,3124486899938256128
52589,5477692506387123840
52602,3376696587966925440
52613,3375805399434753920
52619,3331605929647915520
52627,998518190526080384
52632,2899732910603720832
52642,3001062974507934080
52643,3001062974507933952
52651,2900107126809971840
52663,2993246889941568384
52673,2937717193354712320
52682,1150037970940129152
52694,3452799938120075520
52695,3007740033745988736
52699,2912611322799672832
52701,5481515512613784064
52713,3117782043669678336
52722,1105281491141297024
52730,3433732624085019264
52741,968552852240732160
52745,3330776313762802432
52752,2900148594718047360
52766,3370796406708211200
52772,961769277818563584
52805,3116802310090134784
52806,3323952499785875712
52823,960039814744267520
52857,5478437769112288128
52877,5482956079004232448
52884,5568320306357458816
52889,5495364063427607680
52890,3332449083268903296
52892,3004721736887233664
52899,2892644329074490880
52903,5499525444356625408
52925,5567263293431477888
52930,5496405335298768256
52933,5496404682463740672
52935,3432294222355883648
52943,3440211251534277376
52950,2993391239506365568
52961,2898139615175634176
52975,2900088950510841728
52997,3330855616042218112
53000,3330855616042214912
53007,5260627577961990784
53010,3330446078022707840
53012,3369240700834298368
53052,3433490903321710720
53067,5568325563397593728
53096,2943318960277421952
53167,3124984845563101056
53170,3008111535532839296
53178,3370646628314237184
53183,995933337472284800
53191,2895095312291078656
53195,995546141875666176
53196,5556668708624351744
53198,2899799190538623360
53210,3433901257382765184
53213,2938201322063999744
53214,1114097027475654400
53228,2999543385019369856
53248,3331261438911560448
53252,5573450932555784576
53275,5556622666574960000
53283,3369544234764481024
53284,3125134821523398912
53340,5210735004467994368
53348,5279982964045369600
53349,3439162768415866112
53376,5552189680504567680
53377,1113705502552347008
53381,942871185491320448
53385,5552100173387374080
53386,2951087426540385664
53387,942727866726515968
53396,3116667692931012864
53406,2943989597947297536
53407,5495474190683387136
53408,5495474190684970496
53411,3369278767129521792
53442,958991159825742336
53445,2936994191438762496
53455,3332289168747563776
53457,3432429634085351936
53459,959146225323196928
53460,3438690253294393984
53467,3327488430402704000
53481,942461445610425856
53484,967504918876604544
53491,2937238592258343552
53498,2892410266242180864
53499,3435668864060964608
53501,2892378281623712000
53520,2891876453345967744
53547,3324229885953813248
53548,959127258747686400
53559,5496277448352075520
53562,3123870623669913984
53576,2924018240538492544
53597,1007588298165790720
53623,2899090147274581888
53628,3435605122449716864
53644,2936974640746632704
53648,2898843203833706624
53649,2951457755805076352
53690,3117320802840630400
53694,2895564902541301248
53697,2895534631612896000
53707,3436023662718743168
53732,964983150306031616
53750,2943816424872808192
53751,2943816424871800192
53784,3124006761248364544
53814,2924596304483012480
53826,3003361129903452288
53830,3002964652883370368
53835,3324408694033126528
53841,3003421774843247616
53851,3383520878685023360
53855,2894873657621474816
53876,3103408265606325760
53877,3103408304256393984
53882,1103650292623968640
53888,5497784363398767872
53890,5497009791816325504
53892,3372666023152931968
53893,2940742362157755392
53894,1116533407804456960
53898,2940847086339519360
53922,5283420419649680384
53927,941674573241201152
53930,5261593597712036224
53938,5580396861041010176
53980,2924639464613055232
54000,3434061923520920192
54050,992771180686912000
54051,2923060840792186240
54071,2924575276321887488
54076,3103451288288194816
54081,5570864503250231424
54102,3385887336947472128
54103,2924991755012411264
54117,3103856247869215360
54125,2926577693153848832
54134,3382457925816620800
54158,1103406823814118656
54160,3326755223644797184
54167,2938754372114636288
54180,2919750653659509760
54186,3382465072642385920
54198,5557190396826389632
54199,3131840708579837696
54220,5262183176461266176
54221,5262183176461264000
54245,3131899605468536320
54250,5580170941466739456
54254,5552022211141079296
54284,3386022027117898496
54336,3106780506422346112
54342,5284900396656265344
54349,3100157387676050304
54363,3133438470775539200
54373,5583347808516425856
54377,5581064672621746304
54381,5583391930717585280
54395,3002748972511763840
54404,3133609925871764352
54417,2919997704472030720
54423,5483246173979483136
54429,5284597653004302208
54430,5284597648706583424
54443,5569502620661145088
54447,966524493805751936
54459,3002425101910267392
54468,5577501224155202560
54477,2919699492009107584
54482,3131036935517706752
54484,1115185097310817024
54489,2927186036623328256
54498,5580791723153612672
54517,5577049260451847808
54531,5278996049280129792
54532,3132621499276100736
54559,967087512479406080
54590,5480074293388266752
54606,2954201243477011200
54611,3130715152271287552
54615,5555984434433794048
54638,5503130227589390592
54641,1113278685883627392
54661,3379462649986675840
54669,5502075860361637888
54683,2945438582484787840
54685,2953878773030525824
54715,2918665577420228480
54720,5584037309684083072
54725,2925092841363855872
54736,5575898793334200448
54757,3134372505903546368
54780,3127748708556240768
54784,2945412847030724224
54790,2953048336813923712
54792,966828577490319104
54797,1141145636290983936
54806,1141110623717704704
54824,5582448923402061952
54840,2925551818747071488
54841,991811165304213760
54864,1100971233759127168
54897,990883830322597376
54902,2920188332305767424
54906,3132740109091678848
54912,3126423002473523840
54913,1114934271221014784
54917,2954062430127630464
54926,5551794951535526144
54935,5584074246400108160
54959,1101109974087293952
54966,5562322603572960768
54989,5575710295808777088
55007,1141249913800552960
55029,5575613362689585152
55031,5582412673877178240
55032,5582412678174281088
55050,3365651546990552192
55052,938631773595713536
55060,938634973345778176
55067,5281905670581214464
55071,5206706733167440128
55078,5577352897461371776
55119,5563113431607849984
55120,5503063329178264832
55122,5503063329176143104
55157,1102619259953423616
55162,2947231645421113216
55172,5281700985323955712
55173,5483981854632415488
55174,5483981854632416000
55184,944149092879368320
55211,1139714205293823616
55215,1112431336079712896
55225,3128909586678828160
55252,994092415707121024
55258,3365766622051741952
55288,3365547059024969984
55304,5503096314525851520
55309,5579780202522548608
55311,5281707792849577856
55312,5583014312896489472
55318,3099109346937493120
55333,3381240216690142848
55347,5498553196903210880
55362,939362708309710464
55366,3351399677274355968
55371,2922184770541259136
55393,3380357205774532480
55404,1139858894152162560
55427,889187800845997312
55431,1100655330324351616
55433,3126316040609035008
55438,5579115169787061248
55439,5564029702750970112
55448,5564028981196462336
55457,5563923251983456896
55461,950554705888079104
55467,1100267237077449728
55468,978919533198912640
55474,3364487305912190592
55478,2921880343266035456
55486,5564153226010348800
55490,5578049811738766848
55508,5212673752705909504
55510,3101239242694966016
55522,2919104106463639424
55524,5508185816411998080
55535,3049027760518520960
55541,3354715602479374208
55559,3049458464134613120
55580,5577795038572552192
55597,5498871853412054656
55601,5578149729858394240
55607,5509040957284813696
55615,5607002598599125120
55616,887636046341418496
55617,3101170828155725440
55635,1002586104374838144
55644,5564083471443517568
55650,2933565712319979648
55652,953754735695910400
55653,3381774407541806720
55655,978886543555944832
55656,978883485539217792
55657,1115327174828842112
55659,5485035186773441792
55669,5206702373774728320
55672,5194018579437091456
55692,3128188027873720320
55697,5286297497980252800
55717,5285450663571059072
55721,5579438121262740608
55726,5608912351513981696
55743,5607044276959938816
55768,2933574164822094080
55769,3367945476136751232
55771,3050837938914366592
55823,3159179343651489152
55831,950418641325163264
55854,5504552652038104064
55878,3100871657913442560
55884,5565608670168848384
55900,5610755403581916544
55915,2949451078362930816
55916,1115310411573661440
55920,3050819487739373696
55939,3049090638842027392
55955,2932904149926505984
55986,2933710023222601856
55987,3368117962023249536
56006,3367913620364320128
56025,2948194229195853952
56030,2928798848379412224
56051,5480824156021435264
56053,3380595937236322560
56060,5562643012430041600
56071,3115373567751064704
56082,3353923537492685696
56089,5607994121865609088
56111,940094265795095168
56131,1000529399159710720
56137,1103059893537511808
56155,5558320007587258496
56163,5604069239013661696
56191,1099325161772414208
56201,2935682375289642496
56211,3157858147288869632
56233,946932674071366528
56239,3361284011927925120
56246,3366740716340201088
56276,5509882981329698944
56282,5263943838175126272
56295,3152802902063152896
56300,5562762408224868224
56306,3153815346114878592
56337,3053293899998372224
56342,891448504128467200
56362,5558072132138451072
56383,2936108466105350528
56384,889805490159196288
56395,2929132412729903360
56396,2929132412721883136
56412,5611000147998908800
56435,5609251202954097408
56464,3053008340512471808
56465,3107607888923893632
56494,3109285086532812672
56506,5604616422142107136
56507,5491455716203494272
56510,3154344142482667776
56511,5268299935740638848
56517,5509633632709922432
56530,5602538684468830976
56541,5189325928232611328
56546,952549391780350592
56548,2935800297913680768
56551,1140404874692519680
56568,5491177986437989760
56569,3044921810439529856
56573,5609465504642862464
56588,3115161946116891008
56604,3114276388283577216
56616,890405716132298112
56634,947510299926167040
56646,3046363785578413056
56658,3053142790169071616
56674,947617674108733568
56696,5606157422050142208
56707,2935945600943791232
56719,5564448715463824000
56737,3044713624783301504
56738,1102071978040840704
56744,2928320285949214208
56746,5590431691352087424
56748,5282549228479635200
56749,5282549228479635328
56752,2931001337671076352
56754,2931003227456742784
56773,949678085883629568
56810,3044690878637866240
56822,5485751926619569280
56826,5603139331348395008
56831,5485752721189751168
56834,5559989925232496128
56839,3052271358475921920
56864,1101463913751347584
56872,5486566428512017408
56881,5486565255985357824
56899,5610298354641664128
56901,2931267011469409152
56917,5281331588075295232
56922,5281331583776780416
56947,5560941410810858752
56964,890081123978558336
56967,5610337765266900480
56981,5617597771830467200
56984,5267412453764470400
56989,1102199388247780736
56992,5262796261568340992
57016,3139385763529290368
57047,2934890001063603328
57080,3033020898445678464
57096,3363328214498168832
57131,5212532426806995328
57135,5212532426806991744
57148,1101264253606756608
57152,5606733424406998144
57162,1099587841972454400
57167,5487063682647982592
57168,3114950049613545216
57176,1086857073575054336
57182,3362221075006361344
57200,974442459289450752
57212,5589264211866968192
57240,5561675957595006592
57257,5485519349846952192
57258,5485811128447560448
57261,5485807795552924800
57287,3160047687253852672
57292,990662592262609792
57294,3059259167191224064
57309,5490526457079362176
57311,871379358902943616
57317,1149685646181866752
57322,5618179379120530304
57334,3166062806131275136
57338,5207895614474267904
57341,986580964582650752
57343,5606450579335008128
57362,1109784231770355584
57366,5504510900660124544
57391,5490762779064802432
57437,3166273981084959616
57438,3048386337227421952
57468,3361992818968395264
57474,866170555710321152
57498,887107490487231232
57499,3139937447786558976
57533,5605196856910908544
57585,893134841432614784
57586,893134841431510016
57597,3162746953939339776
57632,5560598431902228480
57637,974099892699351808
57638,2931433308305043840
57639,2931433308305043712
57665,5505946764061558400
57706,5288654812254449152
57709,5288654056340204032
57714,5612710511362093184
57720,5207053972682267648
57741,5616676518517312640
57742,5585668808847130752
57757,5589641962830838912
57758,3027874634271026176
57772,5585594664827857024
57784,5485571056957211392
57797,5605848493648533760
57822,5490676707920375936
57824,5490676742283052800
57851,5616660158981552640
57867,3362743514828813312
57895,3170356360383686400
57908,3061567832367720064
57928,3047720376772053504
57943,1101840496483443072
57977,5586455444990684672
58000,5586435993084547840
58012,5592485716514387584
58013,5291777837593178112
58015,973649810191260800
58021,866770408024513536
58051,3062285877887101824
58052,3053782568490231808
58080,5510750186765286144
58089,3142543492206659968
58091,5505792759420018304
58111,865042319342035328
58118,3362709086369200256
58124,5585780035611283840
58136,3026941324998436992
58145,871778030653142912
58149,5288393235861328384
58169,1087317567082694912
58170,1087317562789799680
58177,898473932456801024
58180,3135007783106659584
58181,5287590484998589440
58208,1089608807581037312
58266,864813315982337792
58276,975538088268555392
58289,5510936210394560384
58301,5584928944896443776
58316,5586391875178809600
58337,5275194251607338240
58338,3026484061297836160
58352,866850569292962688
58376,3054410247896457088
58377,5613340668962508544
58380,3142235319712095616
58389,3170144227654748032
58403,5510986719206007424
58407,5510986611832215552
58408,5586375386806314112
58412,872310915835366656
58416,5619195087344340608
58417,5619195087344338688
58425,5586621436885730944
58433,872299684497283968
58460,5599391882194463616
58484,5536064483491364736
58505,5716592056411195776
58507,5492177781810332416
58509,5492177781810337152
58535,868389129656868736
58550,3142155059657697408
58569,892771521557561856
58575,5612374782356257664
58581,3165237107260436352
58584,3165237137324411264
58601,3135394712419214080
58625,975096973651282048
58635,5492673734568089984
58650,3041064135238502656
58658,3135302937555720192
58666,5536283355027483776
58669,5615298551266801152
58685,3086149613833461760
58690,1141846540594232192
58691,1141846540594232064
58714,879383936697674496
58744,1089430519194893824
58752,5612506517585426816
58755,5591818136859883008
58798,1086410435630109568
58850,5488992599704648192
58862,1085529486299785984
58878,1096472822451826560
58891,982225317987967616
58897,5600060423927221760
58898,986076971644333952
58904,3086347109312413568
58905,3033932049986463360
58922,672816969200760064
58935,3085067419516890752
58943,868275776880649856
58945,3169103432526660224
58961,5614055656455422208
58964,5494269057224530048
58982,5492781177473409536
58986,5288914949832215552
58994,5717278911884258176
58998,5494252598907669888
59014,5293620795177520000
59016,923784346531101184
59028,923269951184230784
59046,5591969255292621824
59053,5588854368907176320
59077,5295517830689595648
59084,5530513251147635584
59106,880330513129346176
59109,5599898482173957504
59120,925185708460455936
59131,5716974445937796096
59146,878242506191398784
59148,3148085511845416960
59164,3042078164133988864
59166,895864894442727936
59235,5494075405738673536
59237,5494075401441120512
59250,5489413785670576384
59262,5532076687962680064
59264,5532076623540516224
59295,3028825991002678784
59298,3086810072426115840
59331,5263459885557433984
59336,867848380391409408
59337,3043404067783520128
59339,5295137876409403136
59341,1082086159477202176
59358,5535886667548944256
59369,5587571170116861568
59388,3137015220758936704
59434,5194473223201601408
59435,5194473223201601280
59439,3164422334784813440
59462,5598661329740179712
59494,1088087942482170240
59499,3043761409059739776
59502,3056395145559634560
59518,5263566091506041216
59519,5263566087211617792
59537,867740005479885184
59540,867739936760402560
59548,5288206628124322816
59554,674429853974804352
59565,5599077220012673920
59580,1082234834065185280
59591,5488488130025843840
59596,3150647511375497856
59605,5718482907174281600
59613,5213454985782483328
59620,1096548409579914624
59647,5517192289819495296
59660,879036662822100224
59673,924077057141398272
59679,5587530591269014016
59684,3080880268777738624
59686,3080880273072665472
59689,674637799111944320
59699,3043561748914829824
59739,3151670714322193280
59742,5593865156934815872
59745,873994719110827264
59757,5270733013240337920
59767,3144837318276010624
59769,3144837112115126400
59776,5532225190752137344
59779,3056457061808958848
59788,1087760425456126208
59816,934229780010043264
59821,3151597867380171648
59823,5587456374233437184
59891,675050253411876480
59930,878953134300432768
59936,3143596038368379136
59940,5712257682800855168
59952,5719570534632744064
59969,5711018052146428544
59982,5710572745647453440
59984,873818281853806720
59988,5213864244628151424
59990,5710571680495418496
59992,3082588330031459200
60001,5718256515157378048
60002,5718256515152213760
60006,3080914632816248448
60026,1142428555905843072
60033,5539100299517728128
60043,3037597516813229312
60059,5595216555502363776
60078,3095485154747382016
60095,5725584343536324480
60109,5602379190880667904
60127,3152007091864270336
60135,5717790764605050880
60138,875615158730751360
60155,5291119509303209984
60161,3080726856841147264
60162,3080726650687125632
60166,5518676806608480384
60181,5296007937998585984
60186,3095413171095791232
60205,906745077396389120
60232,5519013772569768192
60233,5209656383563251072
60244,3084229484276399872
60246,1148635573922531840
60268,5215031827192173056
60271,5537332907591482496
60280,673438365068121600
60283,5594559120570403584
60285,5288257957277374208
60306,5711232560004075776
60327,5725285688690224256
60329,5725285688690224000
60348,3145390505765156352
60365,3088283009988253440
60369,5294165465748124672
60406,5711238499934258560
60417,5537849678068133376
60442,3150839277373651200
60452,5725637639788446208
60462,5270555167234424320
60466,670363374642836608
60503,5545600410397615744
60519,5697423999627597440
60525,5594573994039143680
60534,5269504931766064768
60550,3068568010588919936
60551,3068568006291108480
60570,5291146550419124096
60579,654311849203736960
60588,5275628485682704000
60600,3144542786598068864
60618,5596127161595521664
60624,3084314288408404224
60631,5725424708192147712
60647,5537899529741094272
60672,5270880863196221568
60674,5544346550534282496
60694,5289601427340383744
60704,1085149811189106048
60734,936641833642799744
60743,907000821224488832
60748,3081280701467809792
60776,5512466799294681472
60790,680145733892474880
60852,5534911336320258816
60857,3096007762070816128
60870,3087965251128848384
60885,1094575473403508736
60912,1081858487556182272
60919,3039398650000089472
60921,3039398650000089600
60968,5724499542178114688
60980,906922549740583808
60981,906922545445227648
60989,5546101203600389888
60995,680152090443478656
61004,5533156167861022720
61005,5533156167872834176
61017,650022138948718336
61019,5291575600469404160
61038,5596186397777298560
61039,5271209758906624384
61053,5721069237692798080
61059,5512884059663618816
61085,1094968518747322624
61109,1032793743239555712
61120,670512427188533376
61121,5545859787768286976
61124,5596210209086820096
61150,5532947501168773888
61183,5693989846860906624
61189,5194605718646398592
61200,3083590225639363712
61215,670721441772699392
61260,3094629180647032448
61263,5320324977678609792
61266,3094629283726174976
61267,670722502628729088
61282,5544588928434374016
61293,680942501864322944
61302,902180768407699456
61304,5540656593803837696
61305,5540656623868978560
61314,5513374033825351936
61326,5547832659534839936
61329,3095033113731843712
61337,928937074630507392
61369,876583897194190720
61396,5274419611303895424
61398,1032569447162580864
61421,3038320372690359296
61434,5713502398670853632
61435,5713502394377328768
61440,5540640204208194304
61450,3070832695300382464
61452,3067956368587354368
61473,5596846585803177216
61490,3083384234712571264
61502,909162525508848000
61525,5700866875470502400
61532,3067517422929399296
61603,669410647819832576
61619,1096701860171540352
61640,931487524994983808
61651,655655967809518976
61677,5547530396910274432
61680,676929726804749952
61691,5318753565107330688
61698,3089874656147104640
61705,3070375229745428864
61706,3146373675322192256
61713,3071204879988704256
61734,5290382561637603328
61745,5514279584733803392
61791,1135692123040556160
61819,5540812754521471488
61825,5519309262022462080
61838,1031625683933377152
61848,5544690633248286720
61856,675615677264385536
61893,5720903138424399104
61916,5699811932716379520
61932,650229774847207552
61947,5692576248557794560
61950,655396998461176064
61958,5276369492098540416
61980,1031661383701278976
62024,909192830801295104
62040,5701113479604587392
62059,1135616123595954176
62063,684044602123663616
62084,3062514614958221440
62094,907707085646269952
62110,5539891604295294720
62111,5320498837954261504
62113,5539891844813473024
62130,5721506289271200384
62144,5694304582066077440
62172,5720489206655186816
62193,5694459540177123584
62196,650430397063116800
62214,5320561883783146880
62249,907674615693567744
62262,649472245695986816
62263,5723464283254365952
62280,5727200595566893952
62348,931377024076663936
62362,5723020870831624192
62364,5721437947750140416
62371,5752319591539093120
62374,930511472203230464
62375,651973252394107392
62379,5320931770656526976
62384,3069870446533228544
62407,3065956666173917824
62414,5319716015741027456
62418,5519890323846926720
62420,5519889567932726912
62427,5693132532721447552
62436,908364559240386944
62440,1083942233889563904
62445,5319414238457357440
62447,3090486603086806144
62458,1035161026133713024
62461,679451907694651904
62465,5527101535284474880
62469,3090038517737811712
62470,5210532178932883584
62478,5514717838900733184
62490,708217670201714048
62509,931304937345481344
62517,5540020831269068416
62518,5320596591410333824
62525,3070204904228113024
62531,1122557636309502464
62534,901397533874917120
62550,5695987968721630976
62551,1035782147123862912
62570,652373680785395584
62572,5696843796781424640
62577,5314641395919477248
62579,5700408001164563072
62584,930446424921997824
62597,5723890442795808256
62612,676167047988099456
62632,676167215489980800
62633,5644174376610947584
62665,3090502404271858560
62690,5210534545460751872
62699,3066000891453132160
62725,930925678848600576
62728,1137173203859550720
62761,5514859401022467840
62763,5514859405317369088
62780,5695124096173940480
62796,1035592137771074560
62805,5221060758683267456
62822,5695148384215197056
62856,916345634973117312
62858,652961678988136960
62881,5695347743714326016
62904,5543821194439339136
62906,5543902214700555008
62908,662139989741487872
62915,3093523724785237632
62930,902972034525449088
62933,5722379133997256704
62935,599514865440544640
62966,5751099026256320000
62982,5515302542871362432
62994,5644934482745407616
62997,5276877741349363840
63006,5277806759956357760
63017,5302223305434575232
63040,3072961070640767488
63054,679550726302721792
63095,5723782316995845888
63097,5752068898591523584
63110,1028227230930769152
63128,930577850922831616
63133,904712978045388544
63138,5273132388130964608
63170,5541824648813110400
63175,5322283100511534848
63182,1150982210910907264
63193,5706216209991068928
63194,5706259945643846144
63195,5315977710564531200
63196,1090861598001615616
63198,5522885079992247808
63200,5722788525986605568
63209,5522541242086447744
63238,5541849667009824640
63251,5321323574761119872
63253,3093559939948809216
63259,5752987574915055744
63268,5695761538043060864
63272,5709732409521762688
63273,1035511323666048512
63278,659162615331969408
63316,599615711270729984
63320,5752006398225948544
63359,5639761035717752320
63361,5752169160308040960
63363,5323027126288700288
63370,5210299838382891776
63373,5210299838385299712
63379,5709563325249905152
63410,5640073163886813568
63414,5521774573246159616
63428,704249498377424256
63434,3073011377591517312
63454,5301877229854669440
63479,5542245319386060288
63524,703753485491279488
63551,904025332305851904
63583,3065487140349466496
63587,1122312681437554688
63597,3073053536989382784
63608,917864064826123776
63616,707673416242396160
63652,599820460951495680
63653,3092456511310986240
63659,3079481999225480448
63690,1034697483201108864
63704,703842232400051328
63727,657820012850606080
63759,704748371713693952
63768,596239489021246976
63782,3065440101867113600
63789,5647268505415399296
63799,5221850031939544960
63822,5645707301983969792
63834,5754664265722614144
63835,5529480401705471872
63855,5701984941353633280
63860,909857558591945600
63903,1041717246468962944
63921,5703355830490311680
63957,5523346531277757184
63961,5755152513310069120
63986,1118373474872904064
63998,5701768268849584000
64005,1027467056079337344
64028,5646130609657363200
64081,582509857257561472
64083,582509956042253312
64120,5638706024255986432
64130,603166652792073088
64134,5653537710259999744
64140,709570619259395712
64147,1031072805679915392
64149,5638678158497592064
64228,5653218886245424128
64239,5321835015163811200
64241,3071639530677110272
64261,5216853958475223296
64268,706445394897322368
64277,5626222890789208832
64291,5316824544982104960
64306,1092988671965048960
64307,1044069612939334272
64329,5646383913947550848
64344,5705387968498476544
64366,5329750742980993664
64386,597856565680647680
64389,5653698346326520832
64395,5639127343360107264
64413,5329136601313981440
64421,3072562188438238976
64452,582150381380638080
64453,595270136375043712
64462,5301194884109175680
64471,5704946445860528000
64472,703337011102148224
64475,5328273927054515456
64493,5525002090845124096
64508,601843390550086784
64519,5220659162064601216
64520,5220659162062371584
64525,5329838497746974208
64536,913154061954810496
64550,1042071701528617856
64553,1042071701528617728
64556,602064873421921152
64570,710026160671981440
64588,1124783009187276416
64605,1015082573717076992
64609,1029614062987700480
64620,3072290785157550976
64621,1118460924702185088
64623,1118460924703171584
64636,5327789798341958272
64644,706814212328411008
64653,1015135144116717056
64654,598707239788040448
64670,659865379354601984
64671,659865375059492352
64731,595214091346737664
64743,5642518679599078784
64744,5327989187902064256
64746,610181987949417088
64748,5705571754442134400
64762,660273362593486336
64774,608113531698574592
64796,5761423199922715136
64818,5626313841007721600
64825,912484253215123456
64843,608091812049315200
64849,5733617311064323968
64852,597207853820664576
64853,689054526854583040
64864,1121999599798191232
64931,1013776353903293056
64932,1013776353903292928
64969,5318443468468396032
64972,717044652628561408
64982,5734821718678994816
65002,596885658258180864
65010,5761845451041124864
65017,1152862719389886720
65030,5760265796430865792
65044,608861401469075840
65072,5525603725569351808
65077,1044645619592971776
65080,5705653294396379904
65087,5304149336273144960
65090,5730044615533801984
65123,5704768217600464896
65166,5324491370843757824
65193,5304233040897295360
65196,5641399449783953024
65206,5642627260674693248
65208,5328347976585720320
65222,5217372614431081600
65228,1092857658282689408
65240,912869017861605760
65246,1010013618954746112
65250,609057904812993408
65256,3074407546904630144
65261,5652718097353105664
65291,597819555947490432
65292,719562332394140032
65322,1044665960562086528
65348,5301554213953418624
65352,5730194114756080896
65358,5628855946255729280
65362,5222024991725983616
65368,582006173558312704
65376,5733864387648054272
65382,608589478499589120
65390,692919202851887104
65394,1016738296495667328
65403,5649105922480851200
65406,5649105926779602432
65415,585263992151345280
65434,5649508068858589824
65442,3074742107676979584
65450,1036217489305134976
65469,578452448897807616
65471,578452453193409920
65478,5649595312531556992
65524,584616482882438400
65542,5628516918713415808
65546,5328472079668526592
65607,576552836402492416
65615,1010788224896516992
65631,5622502998132474112
65660,578467257945087104
65682,5641527023192846464
65685,5324567438998266112
65686,5331341259554467200
65687,1029820217121659904
65700,713277141676298496
65702,713277141676298240
65703,5764552959770551680
65706,1008929569208837376
65707,1008929564913828224
65714,5621000756010340608
65716,1008893968223873280
65723,611958901818353152
65735,1038076351151065088
65740,5735417344742945280
65741,5735838599431350528
65765,5332179774612262912
65796,1043114618370678784
65797,1043114549651200896
65802,718385060383750784
65814,611986866350279040
65829,5655188871777035520
65868,692221154702976512
65869,611167150367477888
65887,5757776841407307904
65911,5737483292731857920
65928,5762406957886626816
65943,691526293417894016
65944,5624233771166200192
65965,5628093915977488896
65966,5222873097447487616
65980,1123689751032231552
65985,5627403010357682816
65986,5303956582453874048
65996,5330868916234270080
65998,5303957952532370944
66010,5624381346241467392
66012,5330911762827900416
66013,692255480080430336
66052,1117133225756814208
66055,5303157164466022784
66062,606938634805314816
66063,606938634805314944
66077,5763015842514262912
66078,5624395639892327808
66091,5621154309680992128
66096,699628147926656768
66101,5330214122700468736
66116,719439423313644672
66150,5763346937248704512
66165,1150791750584016896
66171,591630370635244288
66178,5763341263596849920
66215,5427213377802961152
66219,5627930256248877312
66246,5680603460282916736
66252,3843636017819635968
66264,5621067933593588992
66296,580049764415000192
66300,712595856783796864
66322,700127326205823744
66323,5324362178216212096
66326,1036900694046569600
66334,692134636881870208
66341,5624029566946316928
66357,606911555036551296
66368,692130376274309376
66371,5428430438389662976
66382,5428431984577756928
66391,1012669691155648128
66431,583949251122623232
66433,5648232669730143104
66471,698582825902231168
66487,3843361002474467328
66536,5325814426918014464
66546,5297225956372601216
66550,5428872167184495744
66559,1023714839506527360
66571,590479903515064832
66582,688493741565278720
66588,5222126730912132992
66591,5325847858947281280
66619,578825183339579648
66646,1068909504756042112
66651,1068908650057637248
66653,3842126835031738368
66657,1120616822190724096
66680,5637752056174564992
66683,5299649589241341568
66694,5682790496285806720
66720,5634938783878536960
66724,5622755718302337536
66727,5624503082797656704
66730,695032361121072256
66736,3843303175034188544
66743,591729395402954880
66751,1011119104880885376
66765,5731099012825928320
66779,5430515524758253184
66782,1069411779707530112
66813,714097617868691328
66817,5326050993715837696
66881,687054377765333760
66891,5634963698982127488
66905,812109085097488768
66939,1067716813814487296
66946,5631176362469106560
66947,590880916021900672
66966,5430343245022831616
66982,5327444521626433024
67004,5326471075879146624
67005,5758545022077562752
67013,1024065854297748224
67019,1012999342778291072
67022,3838275658116027392
67025,1124219372039102464
67035,812202337427426304
67038,591068558847397888
67040,1011919858583076096
67045,5326380533670909440
67047,5299803452152378880
67083,694710930065213824
67117,5300293898749545216
67118,5758431467437008256
67138,694796825114665728
67162,635639045092641280
67172,5731858088166044800
67173,5731858088166046720
67180,5424380314292740864
67187,592605431290049152
67201,5247205457270313984
67202,5745707674067842944
67215,5683287303742086400
67230,3838659529408236672
67231,3838659525114925696
67240,1039827529576506496
67242,5630904542577816192
67267,5679849607623467264
67269,687537750564427904
67284,1131667154568866432
67290,812752879218825728
67300,5311623167803755136
67303,5311623163491073024
67312,5427657619159602944
67313,5427657584803951232
67321,1119551777676545664
67336,5300226416222931840
67351,5681814336118618368
67354,585569312786392960
67363,5683055100631147136
67366,5219423517150467200
67372,594439519764767232
67412,5298958236948278144
67418,1039007461405089408
67419,5310430953601440768
67433,812448078274747520
67452,695748628523317248
67453,695748628523317376
67461,5674963206150402048
67477,5424151100478173440
67481,5192039935247854976
67482,5683112343954109568
67483,1026193615456477824
67490,694006757290271360
67496,5310789634890925696
67497,5683098905002132992
67499,5681746853591389568
67510,3837609942479568512
67513,5682996654715855616
67527,5314079506821491328
67542,5737602211786382080
67553,1144106170131887488
67557,1011876256075060992
67565,5744820269399376000
67576,812825859303207296
67583,1038965302007531264
67587,1018207694999325056
67600,5636318469109537152
67612,637751825405074816
67627,798566915774818176
67630,630541434306570624
67653,5437274841204296192
67654,5312414541288153088
67676,5683203152448081152
67678,798681333701612416
67689,5313322806600518528
67696,630770819920096768
67698,630770819920096640
67705,3837348220057426176
67723,3840846114438361984
67743,5217945533008623232
67745,1038969841787129728
67746,5218730167701285376
67754,798602271945568256
67755,798602267650286464
67762,5676394461052556672
67768,5429747378445595264
67782,1038749458425079808
67822,634228028075430016
67852,5250579141201351808
67857,637903317490670592
67870,631616206923231872
67880,5248533362383153920
67884,1063981734158309248
67885,1063981772814746368
67905,798715311189409664
67906,5422582750222094464
67918,586165424182381440
67920,5306413853489836672
67928,5247773599845460736
67961,5299534346688249088
67963,645376938541801984
67975,5313736630989874048
67984,3825160133663597440
68050,5251017708912914048
68068,5312466866856659712
68069,5299207619934429696
68077,5436237516408597888
68078,5688439679654664448
68082,5436236451256574976
68088,634149000677149440
68153,5677189103016249728
68162,588990756749380864
68163,5313891490331761664
68166,5678188554791714176
68241,5688143498709183488
68242,5677134020061800704
68255,3852366999137266048
68256,589934721841824896
68266,5633066835268660608
68267,1119372626000889600
68268,1119372625999801472
68287,5307175265295691904
68290,5423158383219563392
68294,5305683846481540096
68319,5678497173961239168
68332,5633064533163416320
68342,5739976130404817792
68346,3852399950126688640
68348,797563916355544192
68356,5423066333481923328
68379,5426836421405051264
68393,697614190519335296
68411,5299238676827974016
68444,1026706846867638144
68452,1018436320403748480
68455,5426736395911965184
68496,5409233029797686144
68497,5409233029797691776
68525,5247257860172180992
68526,5691792404140428800
68552,5661303736975254912
68561,587767202170593536
68592,3847515301001790208
68611,5436014972680358784
68612,5436014972680358272
68614,3824214764117548288
68618,5247272566136629632
68624,5436104892111059712
68630,1064930479550208128
68635,5632410491248750848
68641,5632409735334501504
68647,618835140164057216
68674,696016634481430912
68675,5247321906718780160
68677,5689919317362203008
68684,826184547623588864
68698,617887567299258752
68703,645074504125506560
68709,5632866170098377728
68712,794265278392449664
68714,645129101749359744
68721,1071240714219850880
68805,1021410812890001536
68830,5308628196887758336
68837,5688717070116784768
68851,5740508981227865088
68852,3824660646147145344
68890,588349805894986624
68908,5436526000773039616
68913,3826945813562258432
68922,5436899632859860096
68931,5439706441233034752
68951,614532510646510720
68960,5244395144207625088
69035,824368188774453120
69053,5436602588627243520
69061,3819347702882594176
69064,646608529003958272
69096,619757699139924480
69097,619757703434479232
69132,641223189770370176
69134,5248976843518458496
69135,3826330361928383232
69138,612511814434087424
69159,5685726948245332992
69162,5413099256275899520
69174,3828044221382810752
69175,3828044255742549248
69176,5431888677335865600
69184,5439803580510318848
69187,5688801350260033408
69195,612933683301036288
69209,5440333128500905472
69210,614711627962567808
69224,5405747135571543168
69230,641625576666483584
69231,641625576666484480
69254,5656754404537613568
69259,3819491189149848704
69282,5691237146472855424
69295,801512095107318144
69305,3821229624407445888
69310,5249010614845788672
69315,3834061470568945280
69323,5249790653921080704
69329,793575201703625984
69338,5687280626894974464
69361,3827559096237286912
69366,5692024843475058688
69367,5438308377838881920
69411,820969357814799872
69417,5438973930268816640
69450,5192015166172856064
69482,643199974238165760
69490,3846979117283617152
69506,5307707871294626688
69526,807607714558678912
69578,5434819563019628800
69585,5438787700486409088
69660,796546150842518400
69671,642903797588677248
69680,3834247326684614656
69688,5435652408720258048
69690,5418980891862763136
69701,819859744423870848
69704,642134135154038528
69748,3878937457832171776
69764,3826588605427289856
69772,3826588571067552256
69777,5408067861012131328
69785,793441125708460032
69788,826437645752426240
69791,3834606244216645888
69793,820542992117501952
69794,647300160472509184
69795,5257852410620985728
69800,5434769122922663680
69805,5686970629040384384
69815,1064725936027644160
69818,643362912412710528
69825,3848626838537900928
69831,3771112574449055360
69835,3821711446723880320
69837,643141081646980864
69838,3821711446723880448
69866,828463697789196416
69868,5434000422561443456
69872,5672142787026670976
69873,793443152932516736
69882,5659082860928916096
69897,615037976757661696
69918,5657282719873567744
69922,619957535379989248
69924,5687120751032790528
69930,5433930981529566720
69934,5245659578285082880
69937,5464189919482240768
69940,627764274093469696
69941,627764274093472896
69942,3821653692298933760
69953,5659117491248734336
69974,5670356046272355840
69989,643475474915593600
69998,5411882754038746112
70002,3850459621340876544
70061,795018826109942784
70062,795018821814784128
70064,5411902540944525440
70067,796680050743750400
70070,5685906988979669888
70074,3823125109439978624
70075,3823125109439975936
70078,5205507990616654336
70079,743097619303531904
70103,1070456831149326208
70104,5418331767685313280
70108,5463302617896108928
70126,3879720069592798848
70128,1069867183679215360
70129,615179573239811456
70147,5256178094930259840
70169,808273262688906624
70174,5670978232414180480
70199,796612911812751616
70237,5408621838771153152
70244,3773196836178004096
70245,3773196836178002944
70249,5419739898483106176
70253,3849176633005242624
70256,616899071986605568
70257,5687953528010845696
70271,5671866156772941568
70274,5433741801105990016
70286,642011367808812928
70300,1132527457993881216
70305,1050323119681613056
70324,1046422877061645952
70329,5245575229418550656
70340,5463519015527901952
70343,823593685911793152
70351,5666989105444361728
70352,5405389966089801984
70359,642837135401004672
70363,5404543994967413504
70389,5666971410180063488
70419,5666984741757523968
70421,627894256983735040
70444,5459993534571156992
70457,5406953810913456768
70468,622730194465620992
70469,5659891173772545408
70480,5404518087715248384
70482,739848218845670656
70522,5259226009874614912
70528,744137065813655424
70529,5463548835485543680
70547,795886439568266368
70549,795886439568268032
70562,5258257511928576896
70583,5258369765211228800
70591,5407889426588015360
70603,3880231510004004736
70604,5418397081260077312
70611,806948248098177792
70620,622893609381209984
70628,622901172818524160
70630,3881842363257366912
70638,803044058405829760
70648,5665841004851626240
70654,3822028007288795264
70659,5466412307360979840
70691,5666930655234244864
70693,5204269115887501696
70695,5670750874026413696
70699,3828152866875681536
70703,1131489931332676352
70704,5458878281887529216
70707,5458878316247267968
70710,5420171250644338176
70720,5460141315810520448
70721,3881936165343328128
70725,5421389745744276096
70731,806968623424621440
70750,5420582949022731136
70756,1050067556244134144
70781,5458435659738665216
70788,3874412413432647680
70789,3874412413432643328
70797,5665553929237286400
70820,3836952017914387584
70821,5460181374966611840
70844,1077800915988438784
70849,851543000907468672
70852,747167663456857472
70870,5422194145875914880
70893,628375057097941760
70904,1045681604360330624
70919,3881552646239195264
70923,5420145102878491264
70950,5421000312471014528
70958,5420132458495459968
70971,5672755356738011008
71019,5460302321248101632
71020,5415103154869246848
71027,809719464076796416
71031,1147462399310480384
71037,802592670224001664
71104,1052932127631167616
71120,5356559688333439744
71134,810478814294621568
71135,810478814296280448
71139,739253825436690432
71142,3861237313489649280
71145,1051984314247568000
71160,753249852545153664
71161,3831461159924430080
71192,5473446810956708864
71227,5253440719012671104
71230,739577567186823552
71265,5358713326662338048
71268,5358713738986478464
71284,1045820413407933312
71295,3835861439819152128
71300,3835866563715176192
71304,1045447816405008512
71308,1051920984954750592
71316,822747027598821632
71320,3873721404734233344
71336,726442934425575168
71350,5458994903138268288
71367,3875651975353757440
71368,3875652014008894720
71371,5458990436370216832
71376,5673333356256660224
71382,5666566029691278336
71407,3768857063783479424
71408,5204830592668717952
71433,847938247739964672
71447,3832340322550513024
71451,5358257166773503488
71456,3860853923236137728
71467,5462588141496355712
71474,5355756052708120832
71483,1045618618665087488
71508,5462401769979215360
71522,5666295485406677632
71546,5230049983503598080
71554,5446981840952991232
71566,3875681627808638592
71579,805992948591057280
71589,5245142399804845312
71615,5258559568396836992
71625,1077711924264929024
71642,5204237028189995904
71643,3877090239642465280
71645,5446595504350839168
71659,5462418232588603648
71660,1133813538705035264
71670,5358819047273110784
71692,3886617649631192320
71695,3883615188318129536
71700,847197657939923200
71702,3831257823288140544
71712,5668245774220968832
71745,809417476336725248
71750,5668045560025520768
71752,3888564193235029760
71770,853399315836627456
71774,753083448331086720
71785,728820559601001984
71803,5461464023998484224
71810,834689132625664128
71822,3876218812252784512
71829,804040108562044288
71856,5245023064138162304
71865,3752478017021957760
71873,741037679973569408
71883,1051864188307366272
71884,5462567182054064896
71894,5355479628626007424
71897,728855640894001280
71900,833452873535333760
71905,3890086260924111360
71962,742716810323314304
71964,847233804386021248
71972,5245008946570696960
71978,1052455729858691200
71984,5254849025919970560
71987,3890427590565691776
71988,5357342849846593408
71996,722128828755291392
72000,5442034558323173120
72017,1073281545241274752
72019,1133810794221801856
72045,5461709013230667648
72046,5449166776715734912
72053,834838700566346368
72055,834838734926085888
72057,5468729459397226112
72062,3830990156631488128
72068,5445424799345613568
72069,3890541115140838016
72075,804880311546740096
72107,852225282231361280
72114,1134106833431502720
72148,722650375224074496
72166,5441695255903407104
72168,3775407408600360704
72174,726116997947606656
72201,1052236755246289280
72219,5416314129488591232
72221,5474547392030536320
72233,1053717449515782784
72234,804721775713564672
72258,1152605944770342400
72261,3863816316796862464
72274,5352376428848410624
72282,3889155730489668864
72283,5255417370353930368
72291,5352321625063252864
72303,754878504143019136
72350,741596712916829824
72354,5442124615196939392
72365,3747543649354630144
72373,829843657899711872
72375,3775831167254103424
72377,748130595124676992
72380,828733765333358976
72394,1076630859521562752
72405,5449241204205303680
72406,5449241234271119360
72431,5367402114212806144
72455,828664770979132800
72477,1059846234703141888
72481,5368062607163857280
72482,3782950741267429376
72504,3775923285713063168
72509,5190957775287157120
72522,1052389686145853312
72538,748521544523051136
72542,749337412215356672
72543,751336775326429568
72544,850146827299032704
72556,3856005626711298560
72569,729193465841240576
72588,751262111614979328
72603,5354009169246673280
72610,829084990579067264
72628,3781429807447808768
72629,3861993292157786368
72638,5368185447525220352
72642,850127169233655296
72645,3753944769827648384
72649,5455495810462256000
72663,3856157221876857472
72666,729172540761107328
72667,729172540761049216
72692,1151349409138124800
72704,5364891241972077440
72718,1047961746662556416
72727,3774208322451434624
72764,1047972844859730048
72770,5364780019500259328
72775,724012189094256512
72781,751084604911793920
72830,5441345920446664064
72858,5474805532450267136
72863,780680571713940864
72878,5391954277581699840
72882,5443010512330881152
72896,5455210281032856448
72904,3806719571319681280
72912,1052356086617498368
72913,3554511326397191296
72940,3805854049509882112
72955,1058701020328453888
72960,5442987560023207936
72961,848963099952361856
72964,5455862978625409664
72966,3869971692126504960
72976,3855792630692650112
72985,5471010774225509888
73004,850605735964206720
73045,3889617113056343296
73054,722929479378633088
73066,736093077399500032
73068,5471384539458741376
73084,5455190833421825152
73087,850203933183960704
73115,724971173687211520
73122,5239869382563647488
73124,780882778773669376
73140,5471753567345682688
73141,5471753597409130368
73146,5455658675618919168
73152,3869028968280339200
73198,5444506496683065856
73203,3859089172713421056
73204,5254223403783385216
73208,3553408245652181760
73211,5360859431612308480
73225,5391757873016680448
73238,781129035018518016
73255,3886269890424018688
73256,734312310944054784
73257,5360846890309393408
73262,3776540244879441920
73268,5232629510805109120
73272,835516034089277696
73277,855190695156439680
73286,5352900754137397632
73288,5444454372959831424
73289,1059690649512906368
73309,3857475197016034432
73311,3776535400156320128
73321,3550351397169572608
73333,849470795153881344
73338,5351124527464884352
73347,832132424493881856
73354,3865611613126024960
73358,1048140245503185152
73361,3885315003230198016
73365,854122141653229568
73382,5241461853368603776
73393,5199301247476559488
73415,3809022811956525440
73427,3554395813252626048
73431,5454444402466942848
73434,5198283546386607360
73435,5455752752583162240
73475,1047912479093335040
73480,779767461666035584
73489,5450502103523517696
73502,836711826000250752
73511,3806131268174236160
73522,5457356901392996992
73544,5238855564109079040
73628,5391640573163802112
73635,855594181563866880
73646,5359694434627945600
73656,849505773365180800
73673,3554064581079085312
73674,3554064581079085184
73690,3869354556869630464
73697,3803142859993965952
73709,5350468707437162624
73738,5362902809547774848
73741,738102190085868672
73746,1151664109981901568
73770,3981682039149064064
73773,3550167224677994752
73782,5188987794048297344
73787,5188987587889866496
73791,854245252595892352
73802,5387935253342128256
73809,5359681614144232704
73831,5353325685323486208
73837,1146814649524106752
73849,861320712999661568
73874,5451098141907473792
73877,3864564122142354048
73893,736350397480224384
73896,3865846805537439360
73907,860264219763946880
73915,5338226607542289408
73920,5338235712909991040
73933,3988397237698007168
73934,1074049378018541056
73947,775482871010929792
73951,3556462173558434304
73955,5390094110062904704
73970,837550890811137664
73971,851088662087301120
73973,837550886514384128
73984,5388446972922671744
73988,5401229826387120896
73994,3864230630816664576
74026,3989886972872432000
74027,5387669171528151040
74048,5456386724116708480
74067,857095736490212608
74068,857095736490211840
74080,860485462121503360
74084,5387644020196417920
74090,3804750586512019840
74102,5362083394215880064
74122,3988995032719018624
74144,837268419402405888
74151,5340660754487596672
74153,733402121474544896
74159,860602152086702848
74165,733402636870625152
74170,1055247832262516224
74174,733294781652279680
74181,3536906186731515520
74209,3549856784440989952
74222,3969248314986533504
74227,733495927855419392
74285,5389920726526683008
74308,3549886952290137984
74317,5389799303504792064
74322,1058921369330372864
74328,3556193098154403968
74353,3562650151984291840
74355,3562650151984292224
74366,5456845937723677696
74387,3563721248108635648
74410,861577625059010176
74435,5347257033974672384
74441,763197172895543168
74445,5338535535959689728
74454,5340572759180197120
74467,3788837835759888256
74472,761213821423029632
74478,1072975022015600000
74490,5338527701937418624
74492,5453792903170800256
74498,1073804496162795520
74515,833137687358752896
74527,5225619535755433984
74547,3553233522088690176
74552,3537045893427676160
74571,5401533081142672640
74622,3969904006167826432
74625,3553240604489359616
74656,1151712080471223808
74680,3562398363821309440
74707,3967833552758060160
74714,3758414658256808704
74719,5228492392139792896
74749,3984292623351996032
74765,842283115842429440
74766,5389020780556419712
74773,3815204747363852032
74784,1054535520527813120
74801,3967928596089247616
74813,842498482680906496
74819,842504358196167680
74827,777512951728187392
74828,3788194488314248832
74829,5400019951280183168
74834,5399993666080466176
74847,3566246452656613120
74855,862269900778823936
74857,3536215732084777344
74919,3532509621985958912
74928,838922389831369216
74935,3998521987440890496
74940,5339533445838716928
74947,765425535072834816
74957,5350210047324691712
74960,782194019404645632
74966,782193985044906752
74967,860783189253449344
74981,5347110073068517760
74986,3539137611220258560
75009,5400843932165800320
75011,764524622732455808
75022,764725833360592640
75027,5388757924259516928
75033,3995728953028752768
75046,1054911179841856896
75068,5388752804659945984
75073,5452337806907960320
75076,5350007908977700608
75082,732670774443646592
75087,5402469457029694464
75103,5374232280441299840
75122,1055800165056700416
75142,5374256778934820736
75152,757911884925087104
75153,757911988004305280
75160,3565907901857985664
75163,5339330207971224832
75178,3788300999207789440
75193,856542785221444352
75198,3557916273390162560
75200,3998275593759464576
75202,3963497529869428992
75207,1074239353012000640
75217,3537702787200755328
75226,3532593695969863296
75246,3812174660821741312
75258,842369530582974080
75282,763902200366806144
75288,3997881831159948928
75303,5395792707028060416
75306,3565143401974647808
75317,5234846843500948224
75339,3790714946921186688
75349,5395355715580124800
75352,5395355719875984896
75361,5376661135989700992
75364,3566532561902107648
75365,3566532561902107904
75373,5399043992976351872
75387,5339869758932415232
75407,5397161044953141632
75410,3558816674629130880
75426,5377272563234809088
75451,5346072997378242176
75459,861278179939257856
75464,5336792157167090176
75474,789718973908468480
75480,5403033055522222720
75497,5383227690008776832
75505,861184515291473536
75521,5227793171468953344
75533,3565562247185973248
75537,3990447380207030400
75562,3784079978364077568
75564,3998003945665736704
75572,5395898535024449920
75575,5349105587890891904
75576,5377201541656985984
75580,5374116763004995584
75628,1075673567146680576
75630,783773326123820928
75638,3810613319950147840
75642,4022840470229465600
75669,5383365133260511616
75681,3966668139152301568
75684,5383359326462771584
75740,764168037368383488
75745,5374671256163196032
75746,843177259312383232
75749,5373159466333743488
75766,863565851319491840
75790,3483274419007480448
75793,5399671852769687424
75804,5402903759829904640
75821,3970736027232435072
75830,5236892244371767680
75841,844085490277157376
75843,5234422397651949056
75845,5396029926664394496
75847,3483375707219484800
75849,3562301606798072320
75851,3562301611094074240
75882,5236892832781298048
75888,5339585157219555456
75890,857582824437137280
75899,3970693313782310656
75907,1062250660475231872
75909,5373081332282826624
75917,3533424175142026880
75985,5333727096708997888
75992,5348856857748701696
75997,3977128961497893760
76003,5224570537243383296
76034,3812350788840334976
76035,790242715102094208
76047,3913694154257717120
76053,3796545519645331584
76063,3973653748840468480
76084,5399467614190040192
76094,857937893678661248
76107,3814038096808045696
76115,3992912347835984768
76139,5336567650661867776
76157,3798502989645051520
76174,3541237717085787008
76207,3914588602671251712
76208,3534149195684843008
76217,3481479706793852928
76219,3481479706793358848
76221,5385696200987096704
76236,3797419111697513088
76239,5375322961615318656
76242,3478252846322858496
76248,858271565392726784
76261,1134492933815492352
76280,5236810330766581248
76295,5373414690466752384
76298,3534182455911922048
76310,789174814433953536
76329,3993035733656088448
76358,765986904477880704
76370,3977782896038590592
76378,5382453809921378048
76398,3993006940195159552
76399,789247828878324096
76409,3586924654306207488
76428,3977309075246562944
76432,5234452462425779968
76443,765965051684223360
76450,5381874809670867072
76475,1061156057994470400
76486,3917057590390976896
76494,3546947446607489024
76498,4017619099961639936
76518,1056274608619883392
76525,3478127467639543296
76537,1057476580987879808
76539,3910505123860559872
76548,3477067740290845696
76575,5375762697547528192
76579,844768768034419456
76587,5345560521884400128
76589,3540228743369046784
76618,844546155583913472
76623,858438549425470976
76624,5335867089964578560
76626,5345083677432047616
76637,3966161676608942976
76643,3910941183300119808
76652,4024461940641381632
76663,790463545141273984
76675,3585367509618090240
76703,1062365933101806976
76711,767724270288678784
76723,3974315899653670144
76729,5237274221574103040
76731,1130335581563940480
76736,3546587184750856704
76746,5199494039968573568
76754,5384610330179661184
76782,5378921560097432576
76791,5344886349472226176
76795,3464766580292948608
76832,3584901282328654336
76837,3979143786491250304
76844,5333575157950037888
76848,3591780205029721216
76876,5369660373657715456
76894,3478629978813108864
76902,3799009353404271488
76954,3464482184740258304
76964,5333236435363687936
76974,790596693425499392
76981,5371912585786409088
76999,769409069995618432
77011,3491935581337073152
77019,3491749111035692288
77027,5371906538472879104
77033,3593501387403708032
77057,5372318374293282304
77060,5385178159211861504
77061,5335591799733732480
77062,1061214160312368768
77077,3491521993166519040
77078,3972873370462407936
77106,3897219656142973184
77112,5235876402989990656
77134,5369619348128502912
77141,5341675363210102272
77146,3592662490095678592
77160,1056993173828693888
77164,3924220565048765824
77179,4017937954038864128
77187,3585673311291145856
77188,5333329623276751488
77221,5380784716908873344
77227,5341671343122598144
77231,3796364576968366208
77242,3542395468468451968
77245,4032775038821332608
77261,3913346979165756416
77264,3573465085794664576
77267,4021565827014024576
77268,5344044054838423680
77269,5379014636328802560
77270,4024678647512642688
77284,5341672305196280704
77289,5372271984352171392
77294,5236283772049398784
77301,3573139462848262272
77321,5368670125999103232
77336,791015813513535232
77358,3587643567409849856
77370,3589329050014468992
77385,3573593247618065024
77391,5381363060023849728
77393,3465478819015079296
77396,3463290893955403776
77413,3600567119706197632
77426,3587227913357426432
77427,3896044067758716032
77440,5368787185326250880
77448,5236126228374051456
77473,3974906642339980544
77499,3587334535920042880
77502,3912311376651444224
77514,3571817128318983424
77517,3571410137217145856
77527,4021220202405718144
77532,3974470239303115648
77539,4005438916307756928
77554,4019734594693512704
77567,5233446276144989184
77588,3922780754573245568
77596,3922795941576557184
77604,840622479622035712
77613,3897577164925150080
77656,5381500395897828864
77701,3588004001063062912
77706,5371002907415735552
77727,1075991635244641920
77740,3542729960522590720
77744,3490870876122061184
77750,4031789429728599040
77752,3975115240311668096
77788,4034132866962718848
77792,5371194879573178880
77809,864374439042403584
77813,5368410984863209216
77838,3487047152639287680
77854,5371323037098666880
77859,3493896697763427328
77869,864591691372414976
77870,5379825113838411904
77875,3899224134560212736
77890,3494590450944928128
77895,3975039374009241344
77896,5378112697492965888
77910,5368933905718559232
77918,3460104646697990528
77920,3460104577978512640
77936,3572083278852989568
77945,842157565357087744
77976,5369060727501878784
77987,3999583737716615552
77992,791138993175412480
77994,5371279881265639168
78045,3467606855051619072
78066,5378021983487484288
78087,5343562846716478208
78098,3918478777889551744
78125,3486338860992344064
78131,3920275276810355072
78133,4007266334697369856
78137,3572106055062352768
78138,5377861317357370240
78141,1075215414395152640
78143,3898427744542897408
78155,5377861592235273856
78215,3601117219117585920
78217,3460929353433451008
78231,3600695556408346624
78250,3568608409790410368
78264,3893270755835974784
78277,6143006889276229120
78289,4002941508788809344
78290,6075454033058457088
78311,4034830885047122176
78324,4026466320274583936
78348,1546811344714710912
78349,1546811340415484800
78354,3891371658736505600
78418,6058478947892267520
78422,3489663504980822528
78423,1719657969916399744
78432,3951290541324811520
78436,1546908475396468992
78447,3459879113670941056
78449,4028113212599022592
78467,3466208104461652736
78470,3898565935116812928
78481,6147764441729406976
78485,3898462825836742784
78490,4007049559108135808
78512,3597699357157449600
78524,3567523496756770432
78532,3473461685749484800
78564,3472631833643046656
78575,6144464880350949248
78587,3459790225027896448
78591,1573772022659258752
78607,3893740766993486208
78608,3699449120969224448
78610,3906688955223470080
78623,1726985321562296064
78634,3925674978414512768
78651,3597718495533084416
78663,3489637632097654784
78667,3594909273387345280
78689,3905035495893288448
78695,3462390466948151680
78708,3466282184058445056
78710,1539219801036625664
78712,6129906861065424128
78724,1690852075233972352
78739,1548329014356872576
78741,6125120966129489664
78746,6058891024235283712
78767,3489802563137535744
78773,3461118018464770688
78791,3949977724441143552
78797,3594638454224870912
78808,1548748821640600704
78818,1539695339816102784
78851,3570918552439457408
78863,6143377428989586304
78864,6143377806949386752
78873,3950191304574729856
78885,6075807663483297664
78895,3571323649460496256
78896,6125444188196994432
78898,3519479550202462720
78910,1681859886889522816
78922,3905554121785710720
78926,6143190954399189120
78933,3490209348080300800
78936,3488079521042093440
78954,6151170660033387392
78970,5782720602714115200
78975,5769470216287465728
78988,1536694184174598016
79020,1538515800062146688
79022,1545719460951987328
79030,1532756940408129792
79034,3580527420777848576
79037,3472541708050410240
79048,6149270772659674368
79063,3570086183482519808
79068,6126590360333493504
79095,1720211745819541632
79097,6054205519852513152
79118,4030308318844335744
79126,6125765554822872448
79139,6151113970759449088
79145,3905534918987016576
79146,3905533368502667520
79160,6077397660358596096
79165,1690106670774143616
79167,1690106670774144128
79172,3577082032374449408
79174,3469242790914945664
79182,3518367806506825472
79198,6126665264563891200
79277,6125770468265674752
79280,1532785458991131136
79281,1547948514613935488
79300,6148210607230948096
79303,1684011837303097856
79311,4016142868162408576
79312,4017026085237116160
79367,3469869826075986304
79386,3907277816714913024
79398,3693358792919145600
79405,3476123569041083264
79406,3577849873741048448
79407,6149977861714754816
79418,6126702368790547840
79455,1690650070036777088
79476,6054550392847081600
79482,6148238369898341504
79537,6151699525125142016
79545,1538128771968706560
79558,1581112431006331136
79612,6077280042676590208
79613,3476329040276360576
79632,6144861082494979072
79640,6151367751786177920
79645,3947322403860036352
79647,3469463212931609856
79662,1683942671149908608
79682,3900127104188044672
79683,3900127108484055552
79685,1719733222038849024
79690,6151596312765837952
79691,1574139362623230848
79708,1728622979708286976
79719,3695131755420296576
79721,3468232687621712000
79729,3584540573794638208
79733,4008690580212174080
79759,1717665659142919168
79768,4016793572887550976
79780,3468618062152189952
79785,3469636003762432512
79791,3514644104221774336
79793,3514769444252131200
79800,3520437598492255616
79818,6150563974426754944
79849,6132807720635905536
79883,1541711569263906944
79913,3513917567553133696
79914,1574653689250360576
79921,3700595572296253440
79937,3579781333419121152
79946,1680759859865814656
79950,1680759791146338048
79963,6071948858700525056
80010,6076109616844022912
80016,3932903309589546752
80026,3471216757884127104
80046,1534719152051775616
80051,3932838674626369792
80066,3471636569463737600
80067,3695613921332342528
80078,6131690337646411008
80079,6128379609350606336
80092,6146456061546262528
80094,3706830967160499200
80095,3706830967160380416
80102,3471371484080115456
80107,1693047903033262464
80114,5782754378336351616
80120,1682410776574377600
80121,1682410707854900352
80177,6127543460822161408
80179,6127543465127218304
80193,1531936803517403392
80208,3517083675709712256
80212,6156715153574215296
80215,1580767149995407744
80216,1580767149995407616
80238,3947918407881941504
80240,3471333924591455872
80241,3471333928886109568
80271,6132928563835899648
80285,1519904607256598144
80291,3907622479250567808
80294,3706548701910085760
80296,6145646747975485952
80299,3960780907220628736
80301,5838724506651989504
80307,3902698243410506112
80309,3902697968532578048
80323,1581483997216777600
80341,3931756484602030848
80367,6146985579474565376
80407,3580261923079686912
80421,6133033635916500608
80423,3935376931578574848
80439,3528465102822024064
80442,3472176704549793664
80443,3472176700254562304
80457,3958889751516035200
80465,1541537056152533504
80470,6060726177856476160
80475,5837133410244295552
80489,6077728682089170688
80503,1517758772876402944
80508,1683086014153625344
80515,3516908544124044160
80525,3903231850147109248
80548,3710258797741023360
80553,3470304442405291520
80563,1682554091043762560
80574,3579070056770023936
80582,5841740978144032640
80583,1571089381790648064
80601,3958861915832531328
80611,5859966551629541376
80616,3680498041632333312
80621,3530190820681587712
80653,1514667014900363776
80660,6056289369268177024
80663,6153596152618032896
80704,3682900371460296576
80710,1541323334283923200
80717,6160221736672454400
80723,6079204600337957632
80737,3471035647702731648
80738,3471035651997200384
80742,1568524083723777280
80743,6059699165311792384
80747,6127993818207078656
80757,1692182175066101376
80789,3961289396992499456
80804,1521307274856035840
80805,6153079416513336960
80812,6077807945692600704
80813,3962525561590577408
80814,1580749656593029632
80838,3928724512568932992
80839,3496380597611439744
80854,3955445978019368576
80866,3683046022391105920
80869,3675345219043959680
80875,3961323069532233984
80895,1567773362097392512
80899,1692021543289085184
80900,1570828286435383424
80909,3935998709699528960
80926,3929166408868873344
80932,6060865334796682624
80934,3530557404729323136
80935,3681978259162881792
80936,1580126577097365504
80938,1580126370938935424
80941,3936094878312557184
80953,3683717068081040896
80958,3932387191959392256
80975,1578040258079246592
80977,1580122557007924096
81027,3710753479189441024
81030,6078466901049682304
81055,6160864439873785856
81064,6160870998289601408
81073,3683519503881169920
81099,3681806460470915072
81109,3954167379139173632
81151,3929063123495888512
81154,3521869476165328256
81166,6154144976424002816
81208,3495018676364002304
81210,1568292396009852544
81223,3930922058356114560
81231,3522681087544051456
81275,1579901250228323584
81289,5858369824506852864
81292,1570574260593313152
81293,1570574230528214400
81302,6155384813224015232
81314,6073767485285583360
81320,3498518529249147904
81344,6152987194974965760
81354,1528722694807934720
81406,3927813116213797760
81416,5863079273332761728
81459,5862773914031649408
81461,5858143428204493952
81463,3626643038685765376
81470,3733855386719140224
81483,3930951809593631360
81494,3934512341778701312
81522,6159300693821280000
81538,1530396937482721280
81545,5782849387307271808
81546,6155564858253131008
81551,3929800350337579648
81583,6138569470799038208
81594,1465046639252791936
81605,6140410087623581440
81609,1719866434743531904
81612,6057158228295138944
81629,5838805114592915968
81632,6135151054789910912
81636,3626784012397400832
81654,3941164966946431360
81662,6154566604775164672
81679,6140186989842194176
81684,3930720263611949056
81688,3930720057454344960
81716,3682458814461982592
81717,3682458986260679808
81727,6138653957100367232
81728,3941964964734084864
81744,1527242064961738880
81768,3931611963247433344
81797,6138896919106096256
81805,1579492163183241984
81810,6135577734019997952
81818,3526180897479427328
81819,5863122429179888000
81836,1464104190283536000
81839,1526761883321880960
81846,6185671861738097920
81849,6134116517432601856
81869,6061504116720537472
81878,5841990949544998784
81885,1528594636063458688
81890,1528596590271942272
81900,6085610664322159744
81925,3524537093236071424
81951,3944336959207598720
81955,3510161807632140672
81978,1516442008918967296
81990,1716334013121050880
82010,5856994679060912128
82011,3705070756419217408
82015,3957500170681359104
82019,6061843659642419072
82047,3704393560335039488
82062,1578748824604827648
82064,1578748858964566400
82075,1516545839751897856
82086,1527713579355402624
82087,3937618084168564992
82103,6142227374185556864
82113,6187146135032473344
82137,3509415411034926592
82140,3737424259729387264
82151,3734180047591687936
82175,6079989037475886720
82188,6142216241630302976
82193,1557593018294759168
82196,6057003300225300736
82213,1523397828713912192
82246,1527509448149913344
82247,6085748137632995712
82248,3737073687317463168
82267,6142758502726375552
82271,6154775821221234176
82277,5857411050374506112
82279,6140960766855198464
82283,3734208978490998528
82285,3678219101920411904
82294,6141026015998858624
82296,1679507069444967808
82310,3737007888418259072
82341,3505583746156357376
82345,1523617761104512768
82372,3497758629275347584
82392,1557284807145814912
82400,1461192133737582848
82412,1579099805035021056
82415,1579105719206817536
82417,3627723510723782912
82424,1529625183399641088
82432,6186039648378293248
82440,6142897148565935744
82471,3692475438406081536
82482,1554826818838504576
82488,3943230983653981696
82492,3684069981248650624
82495,3944621251683633024
82498,3937836332933271552
82504,3620914853688243456
82532,3623035884633243008
82542,3691137160956555392
82571,3623046050820621440
82573,1554176870028251008
82592,3504258357903157248
82597,1564729875257064832
82609,3504040272350319104
82620,1726070154227009664
82649,1564527878649314944
82651,6062217940287465856
82654,1564527844289256448
82658,3511538769852089984
82661,3732750476316494592
82681,1675399225287958272
82689,3512491599756520320
82706,6141313538289167104
82708,6141313538289166976
82713,3511508709375527936
82724,6085348774398428928
82737,3716690360941084160
82758,1523116177642231808
82771,5863323605448348544
82822,3624712193188052736
82842,3621570716668882560
82856,1678701814617460864
82858,6063468944013195904
82863,1526498863822158592
82872,3940068410255312768
82873,3940068414551140608
82912,3733305179932909312
82923,3943504487171538944
82944,3937174942327932544
82945,3937174946624964224
82953,1567146533093584128
82967,6166603512615606016
83028,3743786072660949120
83045,6166753351138129024
83054,3508158669244347648
83060,6167628459314428928
83065,1718221320535593600
83108,1556005701461744640
83118,3715969592414447488
83120,6082089203456874240
83125,1462734989070729728
83130,5788146452078220800
83153,1522966884579290368
83166,3938430447169508608
83208,3623578351887171328
83235,1526312389226729984
83247,3733397057874942976
83263,3506295886094449408
83282,3625297236453507456
83297,3638148805100101888
83312,5840505852925662976
83322,6067255966960041344
83327,5869450393468254592
83337,5839031407835644800
83360,3940352977608981376
83363,1550428497449541376
83437,3739407778704355200
83446,6182266017097564288
83456,6068503362905690752
83461,3611081307021252480
83467,3938601013204703488
83479,1687923006321558016
83481,5790845650045658240
83482,3938574586270179712
83486,3718920063148025856
83506,1687736059280811008
83509,3623335810788789504
83511,1473687769854312192
83529,1449461306742292608
83555,1565540838094894976
83562,6067368602479846528
83566,3687315567775978368
83576,1446779735321155712
83604,1551097000517516288
83605,1551096996222472832
83609,6193029346874371200
83625,1473354622127975424
83637,3638702276060644864
83638,5840317595924920448
83640,1685260096534323584
83641,6136877318108640000
83649,1719016198723069568
83651,5790901214039053824
83668,6082224172802983936
83701,6195873160685382528
83710,1549715047547083136
83715,3743321803877554432
83717,6188310307395535616
83759,3506876359513758848
83761,3608090360515203712
83762,6063580166454246784
83763,1550110425056403200
83770,6196075676983722112
83801,6188345358621778816
83808,6162935747983659008
83812,1551861813935664896
83816,6070142532886276992
83817,3719810014733658112
83818,3745268523572692480
83844,3638444436290099968
83849,3686937022242632960
83857,3745063941397979264
83863,1551858511104088704
83870,3746762686861037824
83876,1688293511676041472
83883,3632100116758356608
83889,1726581457197183104
83894,6169392801816102784
83913,6083428752213986432
83936,3604998735681523328
83946,6084187453891333376
83960,6169477807807563008
83966,3630035787972473600
83971,1449829295245251968
83991,1718185418904619136
84007,1728335491777262848
84037,3610114247889858432
84089,3746701870124100608
84093,3719679069768960128
84094,1449836064113432576
84156,3711247499210845824
84182,1444622768385439104
84184,5845312191917620224
84195,6062949493467245824
84197,6191607845843708544
84202,1559433119724359168
84205,6084034072018806016
84206,1672479751330081152
84217,1442213802833323776
84229,3738139943013858816
84230,5844513332307991680
84233,6194883467076142080
84240,6069049064270285568
84250,1470065119559035136
84261,6196574339866193536
84262,6161838671601781760
84278,3631796415326243584
84281,1687566489676192512
84290,1448097259489385216
84292,1552335566008118400
84304,1552506849303732096
84326,6111794983981008384
84328,1444549509127650432
84336,1441741734388869376
84344,1559995863518817408
84349,3739031165907785216
84350,3739031268987206784
84358,1552488776081383040
84372,1448906637486501248
84373,1448906637486139392
84377,1445074014829920000
84381,3637279538079751168
84410,3603920492731480960
84413,3603920595812980864
84414,5790652410875793408
84422,1718710568850372864
84424,3634202348631058176
84426,3603920565746668032
84429,3741829590503668480
84431,1687031031808427392
84435,3617975687310464896
84444,3663496155893287040
84454,3610422798340344704
84465,6064387585938948992
84468,1475959330813942656
84472,1551633527833800448
84481,6163587547925988864
84495,6070418231123110016
84523,1552114525514355712
84525,1552114525514541184
84526,3714517790389197696
84529,3714517794684754432
84550,6108301904256068992
84567,1501024794313639168
84580,3738752645868410752
84582,1503583529670010624
84585,5789516001192062720
84587,1443741234938347776
84591,6065382021191694848
84593,6065382021191695104
84611,3630648387747801088
84623,1503569923213632896
84628,6191957078224038272
84632,1443474603368423168
84637,6113393953057652736
84657,3741558767045707264
84678,5865713114776633472
84688,5871857430557070080
84700,1503998006897593216
84705,6192440730197235072
84707,3713218786120541824
84723,3728229662460393600
84728,1456381834792036352
84742,3740770318424375424
84759,6176133628431631232
84762,3715443441740916096
84780,3632219585568352640
84817,6064648337700204416
84864,5871969374617516288
84866,6174593659317932672
84873,1443562766161641600
84917,3726414712360371200
84918,5871887083021078400
84920,6112283308883211264
84925,1248152852388496896
84929,3618224383094482048
84931,1248152852388496000
84943,1718936832023603456
84984,6176307591787441664
84991,5785245085711091584
84996,1503769858234574976
84999,1503769858234576128
85000,6064561618031839104
85009,6288228598365367040
85015,6069699842008171008
85043,1244445367901513728
85044,5850233197943186816
85079,6107113950664587008
85081,6107114058041088512
85082,6292541570164482688
85091,6190760676429009280
85101,6107094606131331712
85126,1561429008204253440
85140,1444442512902260864
85148,6178247405176243840
85157,3620715807724079616
85163,1496782947172667264
85165,1251824057289839744
85168,1251120502991743488
85169,3741041137587652864
85178,5765976453666065280
85188,6064951291804184576
85190,3632954402933841664
85191,1674724576116066304
85192,1674724571821463680
85203,6069345593114959744
85207,5847113883474732800
85209,1451503404777194240
85216,3665073336604155264
85251,1561582664955594496
85263,1250157816137381632
85281,6095047433319186560
85287,1510797043207921408
85294,3658196269328950528
85297,6064997707527060992
85299,1458210842321624448
85313,6093462315507278208
85314,6093462311215003776
85321,1244967017451939584
85324,1500419513162378368
85326,3720064899566194560
85329,1510696545268327168
85336,3721354935943260160
85361,3611990362618789248
85372,1245026464090289280
85378,6177238676273826304
85382,3614081629439823232
85385,6178459340337515776
85389,6108617257936777216
85405,1458624533570796672
85408,6066259745011175296
85411,6178000843988956032
85429,6115767897448034944
85430,1459033345737195008
85434,6172049423770655104
85437,1459032658542428416
85471,6177624119522491648
85476,1450701860800499712
85478,6115328505111718400
85495,3726737625181271424
85496,6170878443887801216
85506,1250683795012206592
85513,5867485531849389056
85526,3726944951843168768
85529,1671280660884565632
85536,3657406892995238912
85546,1659015063216647424
85552,3727701007821059072
85561,1495233387395677952
85600,3671977891669036416
85637,1726755699725216000
85652,1250703036465723904
85667,6178545613348311552
85681,1457566425425140864
85682,5864719706015177344
85696,5791281950008792704
85729,1246691979392466048
85738,1246692121126938240
85750,6288109992843345664
85769,6095198989830715264
85788,1244869882467388672
85800,3671698409558515456
85806,3657518832727150592
85826,3671982392794432128
85841,1450779346306149760
85865,6170611473015474176
85866,6110304424169215872
85883,3671778399027809920
85909,6109213433755996800
85917,1714970721782139392
85981,5872619868868196352
85995,3643727319077684096
85998,5871135051468260480
86014,3657684515386065152
86019,1258583094567913600
86023,6120684329330514560
86049,1712473760939967232
86056,1712378240867798528
86060,1245342431950358784
86078,6172268368320318848
86082,1457654416420552192
86090,1483015996441622912
86091,3659258638079940608
86093,1247034339825405056
86108,5786461111205962240
86111,1231503222686937344
86114,6109197800076195840
86118,1658312299192341376
86119,3724362336470991488
86121,6110921421991528192
86125,1231505456069951616
86148,5847051692338898304
86159,1481817593190278272
86173,6289811551512801152
86174,3659209434934591488
86187,1452833715063044096
86207,1511457265578685440
86233,6300657756978554240
86252,6120825620870206720
86263,1246997338682879104
86264,1246997334387517952
86296,6124150475312093312
86300,1712016196599965312
86306,3723088655326161280
86312,3724177897687810944
86325,1711564018147558656
86339,5846206030463663232
86344,6122254431934878080
86347,6124162874883021056
86358,1482662155558870272
86373,1481957265526519936
86387,1246230047071154944
86428,6096035168423624064
86441,3673899601771708416
86447,1498332021616231424
86456,6124169746830934528
86462,1246322715284429440
86478,5867736697198561536
86486,1713981230036450304
86515,3674265975367797504
86519,6277029453961769088
86521,6173299190534584064
86524,3671080144719730432
86533,6289950193056942976
86534,6289950193056943104
86574,1233799071685613952
86586,6089760706535982848
86589,1715418669692503040
86590,1246239294135248384
86606,5847805643775792384
86616,6120966250983582976
86621,6124257982639690880
86640,1482708816083818752
86671,1478574038183169024
86689,5797382285334422400
86700,1453142364297514368
86711,1498271376679465600
86713,1498271406743008640
86722,1712155761562054912
86727,6296317052576778240
86732,1233030822295472256
86762,1673226521587985920
86778,6092568756153187328
86802,3640694449397210880
86803,1252527607292758144
86820,3647673088352595968
86829,5896527546613343360
86849,1477734110083441664
86854,1725515966006362624
86864,6117902603574181376
86873,5866831043215711488
86879,1486052911981684736
86883,1508121484739540224
86907,6275767661288768768
86928,3641131921880346112
86938,6304590503913422464
86941,6115888946807164032
86960,1477612029933470080
86993,1505265434567325952
87011,1507811903497630464
87031,3646593161776286592
87038,5895699756102521088
87039,6271159268754755456
87065,1485852491629542144
87067,1231907361930988032
87069,1667610770243901568
87097,3667872216467245312
87116,5797739038197500160
87118,5797739072557238784
87131,5772878981507554048
87132,6092711658311010304
87137,6220881243421735936
87160,1228760220348642304
87166,5847559593677425792
87177,5897116232010617472
87211,3639088647023791744
87229,6272722529476372864
87237,1177125363307054080
87242,6091238278374452864
87256,5846742763942183808
87258,1508275042706284416
87271,5772594238061572608
87315,1477979369896076800
87338,1480615041001932288
87347,5892298623069190272
87348,1284883279561188480
87358,1700052887318626816
87380,3642556334899438336
87389,6221464023238513280
87406,1259582962954609152
87410,1253031630294811136
87433,1284797070976923264
87451,6102888080800225280
87490,5892698604746460288
87494,6327961924936193536
87512,1238892559301718400
87517,3641677687669518848
87523,3643248408749505536
87524,1177218856156004864
87525,3669503823003186688
87526,3643247687194998656
87537,1670271072988154624
87544,6299667852916242688
87547,1725442569309000704
87552,1477919927548534784
87560,6102511394992085504
87571,3670221151260599680
87609,1494448198654273408
87618,1238628367272863872
87624,6329356487932159232
87637,1285326893847215488
87644,5849558853776062592
87650,6329683450908068480
87653,1283540844582413952
87671,6282535258437097600
87682,5892401599200616064
87688,1284064139104202752
87714,1238702137631892224
87717,1608497864040134016
87739,6102852247888171776
87748,6104232650378302720
87762,6282761899567811712
87811,1235533276400203776
87832,6118997751507527040
87847,6324476644875447680
87850,1254446834903324544
87863,6103340018734582656
87886,6272326022391660928
87891,6271903947364173056
87894,6105860683499698176
87904,5785833148332941952
87910,6328218252880080896
87915,1254839364849893120
87924,5878654710227808384
87968,1242401517517692032
87969,1487335427869316736
87974,1603370081109395200
87978,6328202344320282752
87990,6222882251504782720
88018,6099223374187787904
88052,5798251311846413440
88054,6272290872378029824
88091,1255055552027850112
88100,1279432210147073280
88111,1604200899583092992
88113,1255080600277138432
88124,5796384508589718784
88131,1239330302369318144
88138,6216266734853792000
88139,3648225073255267072
88145,1610214747150894592
88153,1281026635151594752
88160,1178987768501202048
88190,1178090841890806144
88202,6279341353252358144
88244,6216270063453204352
88255,1234060965906001792
88274,1234313883645608960
88292,5905737781857563264
88314,6278150234267876864
88317,1235809150739739520
88327,1177800433382088960
88341,6106551550466617216
88357,1285835795932483584
88365,1281268497645665664
88366,5894512077372352896
88372,5766812799763044736
88391,5877522801734482432
88395,5798287939328704384
88443,5893370097157198208
88451,6098839163592032512
88460,5877278950619588096
88461,1669121220057744000
88467,1591027895583640960
88481,6215244601357652992
88484,1489879727841343232
88496,5898503270225980800
88510,6105506876979580160
88514,1698514704911176448
88551,5877336056584964736
88554,6202978720221998336
88572,5772536930311712640
88605,5898185030324768128
88627,1282750364441927552
88635,6218444760015469440
88643,1607567329309358336
88645,6203091798120632832
88648,1490005484484145280
88691,1159112961957797376
88708,3651432073795645824
88730,1241785717993089792
88732,3655250883836759808
88737,1493747912827890176
88751,1591057681181908736
88780,1486787317028147456
88793,1604035113845781376
88795,6285828506216998784
88796,6285828506215986304
88808,5905502967403433216
88812,6285375747944305408
88815,6285375747943246336
88829,1171726623775534080
88831,6201818602309155072
88836,1237634580560546304
88837,6309947736880001920
88843,6310940488506473728
88850,1613799674748191616
88851,1282448170543051520
88852,1282448170543051648
88859,1281693184011700224
88874,1234696926008575232
88879,5796756143522199040
88887,1607238266094962816
88889,6217313263771597696
88890,5877451264706714496
88895,6202727589191312128
88907,6326588055092471296
88918,5877446179463285120
88920,1282593958912728064
88924,1293854293715236736
88946,6105399605878145280
88992,5796911415176751360
88996,1292551922191991680
89002,6100579832238874496
89010,1283289258283185664
89044,1488968748097827584
89048,5796907227597048832
89054,1292672146917248128
89057,3650194302875483648
89065,6327053178575915008
89088,1173667540972114176
89099,1238352119271000448
89101,1238352149340737536
89106,5793680603338669056
89108,1294338048768001408
89115,6217755989005739776
89121,1613515897670336512
89145,1488917620807052800
89167,1591657533494401152
89172,5796966493840124928
89177,6280333555123037312
89211,1294445526029702912
89251,5894025784010875904
89254,1589968374396674560
89266,1175151538072196992
89270,1489418418289775616
89285,1188119762325721600
89303,6198592910074687744
89313,3650426742210702976
89336,1292740801969121408
89339,6228662762088772096
89341,1702088809192084608
89342,1606153735313233792
89355,5796849915551660672
89362,1296433683570664064
89367,1586418811560728192
89376,1489506001262546944
89377,1617594536052222464
89382,1296355579589243520
89395,6310546249162466176
89423,6306186204522102272
89426,1614333723866658176
89442,1701895874965717888
89448,1296340431241140992
89461,1236858497150236288
89468,1293150262676329856
89473,1281945036598365440
89474,5879854861526053376
89477,5766301183258461312
89483,1700430814377248768
89485,5793665626797718016
89492,1295921689109434240
89505,6310166397960730240
89507,1693645281444251520
89513,5900023104568719104
89551,6199027384672014208
89553,5872790125699899264
89556,6199027388967091328
89580,1296779269525312384
89582,5906772078699040256
89589,1269817320266750720
89600,5848744631019491840
89623,1160949249455394048
89628,1296865581185679360
89632,1266120732108636160
89635,5874907647687863296
89637,1702350905276475648
89656,5908467864932320768
89665,1720879840867082368
89666,1158162532939474304
89667,1159992365100979840
89668,1261421999231535616
89673,1296172240321566720
89679,6232133026945777536
89687,1269138719727661568
89688,1269138715432182784
89695,1282030970304135296
89723,1585338884984207616
89746,5906821213129270400
89749,5906978301556431104
89772,1159776066253409792
89793,6306853535066906752
89807,1619171098288924416
89824,6229228774355869824
89825,5793349478547698816
89847,5900171362508955264
89873,5881614531165643136
89875,5800075951399977088
89879,1183696903788548096
89887,6333979075333491456
89890,6306844532815447936
89892,1594149202938555008
89901,5873129943469726336
89929,1612720366646956928
89932,1592139841142404992
89949,1188602684154204800
89973,1276054682231244160
90048,1276041827388448640
90067,5880313637046259200
90122,1180589958805879168
90128,1592229554419229440
90132,5872841081146683904
90145,5900616188006414208
90159,6332754146365576320
90202,1275665416454295808
90218,6200444762530612096
90234,1292344084430802688
90235,6204275392325306112
90241,6312902429567359616
90244,1291844695697637888
90250,5872950173360899584
90263,6305845768234497664
90272,6231408453077222656
90311,6226606576571210880
90337,1620005730693224832
90352,6212459710206960256
90367,1593068623526189824
90369,1593068623526189696
90393,1261742816108467328
90400,1392989835489013120
90416,1288846155690355840
90436,5887572574163385600
90467,4418372534027715968
90468,6256819747342673664
90476,1290622283581661952
90477,4419420639191811328
90484,1290603454445023616
90493,4419811549935748096
90532,5902253944934575232
90541,1694045194440383360
90549,6332816822823683712
90585,4420167207586830848
90605,1291971689290752128
90654,6212382847467242880
90661,1600882268549215616
90669,1587966236737932416
90671,1589537949954023808
90674,1694363498760645248
90686,5795107082240286848
90691,1615886474803816448
90727,1391850741443084672
90735,6335242104957309056
90737,1587969771495572864
90741,1700775683070198016
90765,1208460001590372608
90784,4415021737982254080
90797,1291263913040087936
90808,6336151156259692544
90809,6309127501205488512
90822,5902075755323934592
90823,4421694158655153664
90825,6307446760243532672
90826,1212425463290645504
90833,6315467315317292672
90835,1395351689544660352
90878,1708284797732937856
90902,1212348119518459392
90917,6307497917600188544
90929,1168313984496806784
90933,1388260114422878720
90982,1388768539766548864
90987,1215379026400366080
90993,1595763286007151616
90998,6252571161398782848
91000,6252571161399105536
91009,1388262828842232960
91010,5903867134630105088
91016,6199874352219270016
91020,1290874140464015232
91041,1395322208888451328
91046,1392710284657419264
91061,6319173425416634752
91062,1215779209977921664
91118,6259147585259050496
91136,4419060480413319936
91138,1278161964981362816
91146,1182809189883477888
91166,1271395192471239424
91180,1643897255075823104
91181,1643819331484091136
91182,1643897255075822976
91202,4418844563820002304
91211,5883222292000463232
91216,1600636802578005248
91230,6004012818350661504
91258,5999199392663290496
91272,5876793894177410944
91282,5902755975056806912
91290,5999101299901747072
91308,4420302000841534080
91328,1615508998718174464
91344,1694174142242850304
91366,6314497447277377152
91370,6314498920450406016
91372,1207525691583713664
91376,6253213074333919360
91379,1394001768439763840
91380,1394001764143681280
91383,1207420658158988160
91399,6212952188335856000
91420,1278574243187470208
91424,1393973623517642240
91432,1169620543612393856
91456,1390852870215428608
91476,6251221515175765888
91478,5886778250054825344
91479,5886777494107570176
91488,5799133047145749120
91496,1602274318989755264
91504,1615421140866969728
91505,6266044886123081600
91511,1213865338191198080
91535,1599832131864165760
91541,1599832161929255424
91588,1271096675060378624
91596,5888550525382212224
91615,1602693881458314112
91622,6238929421848854528
91623,1277028742153245952
91661,6002518272812132992
91662,1214804394136055936
91680,5824019706857119488
91695,5826978080337037696
91699,1596459169492872832
91737,4414633503003029120
91746,5882106219047585280
91774,6258803094521064064
91788,1645767558714179328
91789,6002657567182879616
91790,6002657567182879104
91816,6209406327760916480
91822,1402147706492229120
91847,1165357260291400320
91855,5889323031036907904
91856,1274316388703105024
91862,6014308091173018752
91863,6014308095466099968
91871,5875559211351103488
91877,5883023417820592000
91878,5883023413533530112
91901,6321611729892972032
91917,4428364174146593152
91926,1222565533185185024
91982,1401798710333233664
91986,1194759541247591296
91999,6209984950049830016
92039,1373924102000641664
92064,1391448148387383936
92070,1373626301852982784
92073,6014424295809270784
92091,6255069114377813376
92102,1165926910393567872
92104,1165926910393568384
92119,5986465574850857472
92143,6255399831161361024
92158,1708240057058054656
92161,1401010605309570816
92162,1374545562292690304
92178,1222226436929209472
92179,4427107020039299968
92206,1274417200175476608
92207,5771940995009001728
92209,6237711678361207168
92215,4417682242588480896
92224,1211378350265079808
92225,1211378350265079552
92242,1389829190529907840
92244,1374525397422084992
92251,4423974885073388544
92257,6254101101769529088
92261,1391483229682441856
92297,4396734179553612160
92338,1273181108588232832
92339,5989073169767261440
92341,4400197705604006784
92353,6001697826678835456
92354,6009279199865143040
92368,1273176809324669440
92388,1596812426258489600
92403,1164767677244452096
92404,1217631341613757696
92423,6015821504507126528
92433,1602106536090424960
92434,1602106540386957184
92460,5781854398003188608
92463,1221593156884688384
92469,1377431372293130880
92481,1595020561608875520
92488,1377401818623167104
92490,1370763693265717248
92496,4400632871690353024
92559,6234352734765518464
92581,1273044185030836736
92600,6233342558456809216
92601,1190120388156678272
92602,6208995767544109056
92633,6265350823708196224
92647,1696660893947352704
92666,1196109290556095104
92744,5989537438552169856
92745,1217765378949190272
92755,4396064503956040192
92768,1369425892555829760
92774,1376294816572980480
92777,1218155666922068864
92778,1218155666922071552
92813,4397748307230568576
92820,1721209449542205824
92823,5989778192917006336
92832,1696610591290372608
92846,4397658490879335424
92852,6015119977429151872
92867,5820030232006068864
92876,1369123148901369728
92884,6233522951380817152
92885,6009626752930748928
92896,6236729329145889792
92919,1195827334540934144
92921,1197513023305774080
92961,5985905098799419904
92972,6239901488912670848
92976,1597442545205262976
92988,4397428314991464064
93004,1192733828516444544
93007,1396664918746253440
93012,6241690497410908160
93034,1369373532611954944
93037,6009537829925128064
93043,6016497875958846592
93045,5988057736415407616
93093,5986022329913170688
93100,1372782740211432832
93130,4425988713638720256
93154,6239934027585732992
93180,1196365962097660544
93185,5826448665493796608
93191,6008386881767536128
93193,1648175665272757760
93203,1372804382555189632
93220,1320698698308601600
93221,1196820816314793984
93222,1397065518934383616
93226,1642781186349994240
93243,1627198460885106944
93244,5822344326015259904
93249,6011735203904559488
93253,4403274517096777728
93254,4426460262387977856
93258,1204122565656852864
93265,1189620767500002560
93308,5885070742834810880
93319,1202830540713287936
93351,5987589477580185728
93358,6267538233372107648
93386,1373395266972223232
93388,5884615884312829184
93396,1641186069855089536
93397,1640349410227024896
93423,6237284758612467712
93425,1204454485026467200
93441,1398291165161647872
93443,1398291165161649280
93457,6263604863663750784
93471,6039733958272827904
93474,1371753799190180992
93484,1371709479423611904
93500,1191597517607615104
93502,6011432627749466496
93507,5982595053413029120
93513,6039638438198068096
93519,1642722426904507904
93552,5988536676785121536
93566,5995568156744641408
93589,5819595336493225472
93595,1369861200377513088
93598,6248279939316190464
93613,1204247364523767168
93636,1321738565727229056
93640,6262585311446718080
93655,4426983771659623936
93677,1218784312695111296
93693,5996086988787622400
93702,4346423585487436800
93704,5836077157662942208
93729,5996115296907424896
93757,1626723334422140160
93774,1218662305561020672
93783,4454302237563072768
93799,6039805147345576448
93806,1321482375222633216
93814,1373493230881144448
93829,5998049513967312512
93830,5998049513957889536
93834,1400015203689753856
93844,4347700805681797120
93852,5994716035209783552
93855,5994716035209781632
93874,5781526571745513600
93882,1191362939375127296
93892,4454924866084349312
93910,4455997237817243776
93927,1372297061013790336
93932,1203312813999856896
93935,6010197158941961856
93945,1220062430539961344
93950,4398028747119936384
93953,1202662482934564736
93954,1202662487232814848
93965,1621317271970503680
93971,4457837815983682304
93992,1703726390026752000
93993,6236113362117992832
94016,5779016249255275904
94055,1205863230004087808
94066,4347850644200898432
94071,5997778827939722880
94078,5997996496876041600
94089,4398887092042907904
94099,6235910918843846784
94114,5823019971617830272
94117,1206777577000660224
94129,1199192840852373376
94152,4409604508617046656
94158,1323407624377828224
94169,1643551566043342848
94202,5822665516561099008
94210,1400468473062779008
94224,4349622919506481024
94228,1383625947790085120
94234,1702418864543992576
94254,6235968471406712960
94256,1380183514323483264
94262,5822232583853127040
94274,1403595037456378368
94284,4413279351353925888
94297,4409742119370684672
94300,4458312740585482624
94311,4454777398385626368
94338,1386096898311119872
94339,4451757417900676096
94341,1385162244706381312
94342,1385162244707678720
94376,4406733207018066944
94378,6244198414713179392
94397,1647162396588999552
94414,4413410502475127680
94443,4409776655203602304
94454,5983509709634084480
94473,4341495230772911616
94517,5998680805437175552
94535,1642105429079980672
94587,1428816391087122432
94593,4405463232429732864
94595,5991073761208950912
94615,5983258917902962304
94616,5983258913595550464
94620,1199860794164655104
94625,6036983319474242816
94634,5782180570708457344
94658,4450425359563998720
94659,4450425359563998848
94686,4405471856730723072
94693,5998498767542553728
94700,1199807841512141440
94741,5829271489800538112
94745,1646802890645444352
94755,4457170451083163392
94782,6042244551328961536
94787,1379988076130545536
94799,5819415295760113536
94838,6049968143773236480
94851,5983713222368499328
94857,1378788856838159104
94866,6038530297971472256
94872,1302684712116023552
94877,5932562670172096768
94889,1322796261553165824
94890,5828791896558137984
94906,1378669521170866688
94914,1201468791266104192
94928,5935177377516226816
94950,1385719147346936064
94962,4450123371823227008
94970,5990758446204657024
94986,4329548658975634560
95000,5768660082376496384
95015,1201397288648928000
95017,4345797619771364608
95018,5931553765140797824
95021,1329751458576932224
95022,6023379925395759744
95038,5931741541147252864
95039,4408166832745003904
95041,4408166828443906560
95066,4344127392886237824
95070,4464464160248224640
95077,6022604288655213824
95083,4408748985491072128
95084,4450343205429610112
95085,5831427494700696448
95087,1628379675674825984
95097,4436335113756385152
95102,1319304551924804864
95113,1386704545987569280
95167,6021829918937120640
95168,4345807442359164672
95187,1329841618530337408
95196,5831594689182325632
95222,5931669901038988544
95229,4408980780586996096
95237,4412044123059611264
95239,4408781837702160768
95259,5806735345417197312
95284,4343739982541178624
95289,6035573711211761152
95303,5768657299237659264
95304,4328401284234686464
95327,1382382812457475584
95368,1629364528854811904
95377,4437842960812987520
95380,4466814881747732480
95384,5993963556957988352
95411,6037510466581968384
95414,4407249840044108288
95416,5767228277719809408
95421,5935306501402096128
95423,5808875991474115328
95436,4453988808030023680
95439,1649826032226708864
95446,6023247502960498304
95448,4464010508621809664
95449,1643524589353691136
95456,1298515020427786624
95465,1623637756901422976
95469,4328933138625682432
95474,4463132278006820224
95475,1201152784750637440
95500,6037139798019991936
95521,1328784472460759808
95530,4344587744660559232
95536,4355235720207630464
95555,1707681921763474304
95574,5941467576152555776
95580,4460086458999242368
95587,4453746571874680064
95589,5807319632767564544
95604,1424470055982781568
95607,4439714634542741888
95616,1329649307075077504
95640,5931408354787051136
95651,1381312820138258944
95670,1329148518184242688
95687,6018034958869558912
95696,4358438528859200128
95709,5768812742694527744
95714,6022379640392225536
95722,4463742021628580864
95723,1625205527338620800
95728,4331764106187008000
95731,5992296353762218240
95735,1429605771717245312
95737,1428737883380276224
95746,4439438004289304832
95758,5768161728731408512
95760,5935337837465622784
95770,4436637994850072192
95774,1318291317599542912
95812,5933935199933176576
95828,5780478664144129152
95829,5780478664144123264
95839,6044184231574743808
95848,1332001785217988992
95849,1332001780922289792
95861,1424063408479747072
95868,4438653541403499776
95872,1628641771763439232
95873,1628641771759023232
95878,1304096180103387520
95880,4459738566648617856
95892,5781028802209844096
95902,4460566151009419776
95915,4331587737652321920
95916,6022346178303365248
95930,5932011471289378688
95950,1332219454160767360
95957,6018184767324987008
95958,1411226507145210624
95975,1299237674444767872
95982,4359257394441596416
95989,1297547798087250816
95991,6024847395455196032
96002,4438695868301221760
96004,4438822655736145408
96033,1325367568277814656
96034,4460569312107772672
96046,4324784440733168256
96066,4459894972177320064
96091,6025582418978705536
96095,1648607945140751232
96102,6051091604138435968
96114,1305923804651968256
96130,1326275356862476160
96147,4465427160637311488
96199,1297275668959972736
96202,5927945752090216832
96219,4330281071162618624
96225,1331272912088050688
96231,5828334705906205056
96238,1312027537295195008
96239,5968776047661571328
96246,4350525760288078848
96247,4467468507051720192
96253,6045741036961430400
96262,1624484075912093824
96283,1648714425970225664
96299,5781019387642581376
96311,1430403192524427136
96323,4446494085800777984
96328,4433378806161595904
96352,5781043748701211520
96369,1312077500651898624
96371,1305736475358635264
96376,1304868823245737088
96400,1624129483413023360
96417,1304881884242947200
96418,1703379704562897280
96419,1648430442732932608
96433,1429936965235471360
96434,1431176943768691328
96463,1407167664267539840
96464,6024630379359322368
96471,4563818955807988480
96476,1649973744742416768
96488,1324732398450984064
96490,1411867767238390912
96503,5805458743696432384
96522,6031896398873598208
96526,4446635854081706880
96527,4446635647923276288
96545,5830145326669899776
96552,1407127910049204096
96553,4432527955963416064
96566,5780950908687534080
96572,4563282595995055104
96589,1312124917091171072
96591,1311690055945250432
96592,5941297121808086912
96601,5930435596167469440
96610,4432583378218484864
96612,4564212061278453248
96619,4447111809479473408
96626,4446395168410569728
96649,4358335071686792064
96658,5828264852554185472
96667,1430434940923048064
96674,4447152865064276736
96691,4461228611063376128
96728,1425705980067439616
96733,6020441063956859392
96736,1297771819287819520
96747,4354831791419949568
96793,4446428286905224704
96826,5927233745291195904
96873,5781107795253788032
96874,5968536727777067648
96876,4564159250363540864
96887,5968575008823582976
96897,1648851933643976448
96907,6019146736927196544
96929,4563857193900180480
96934,4434222200299612416
96935,4434222196004715904
96948,4382429219742916608
96955,1299293680818146176
96964,5927701694875096320
96965,4462610044343403520
96974,1355692408211800704
96991,4445594650929728256
96992,4445594655225351552
96995,4435598234807569536
97006,4446863869601988096
97007,5806185589600789248
97027,4462626296499680640
97048,6030532622195962240
97049,4131981606469541504
97050,6031266069477063168
97077,5815502821075029504
97087,4385685663946113664
97114,5937358220158898816
97133,4434749725365419520
97135,1631815069691601792
97159,1312517610244416000
97163,4462679347934084992
97171,4446890665906313088
97204,6046283744740234624
97211,6034040309100512512
97221,1407004867827492224
97226,1310748667835868544
97240,5970748502826086912
97241,4460969057596071296
97253,6027265943086521600
97267,5929928373404273152
97269,1311660540930405632
97296,5806174152102951680
97299,4566019593971517056
97342,1314253292427950720
97353,4565973856862466048
97358,1703111866106611840
97372,1357734751059713024
97375,1357729871975804160
97381,1407729854011328896
97390,4385489538559963392
97407,4442158715747435520
97413,6020062733170036992
97417,5967524696047199232
97435,4449377250104263296
97447,4565580785751501952
97491,6019850115143794816
97492,6019850115124860416
97514,1412116974126473600
97515,1412116767967011712
97525,4441901769330690048
97526,4447603944004376960
97527,4447603939710796032
97553,5808503192614894848
97574,1311258914242744576
97634,5815866480245322880
97654,4334670557801027840
97676,4127483126445312000
97693,5816098206627738112
97694,5816098206627741696
97696,4442759182240840064
97711,1408935365431924736
97756,1315010100025621120
97792,4440676638498789248
97811,5818575161504531968
97841,6033508690936569344
97865,4341340233991086848
97872,4442677371703187328
97880,4442672771792923008
97882,4557683814067207296
97911,4384267122148510208
97913,6034378920028575104
97920,1307773011411075200
97950,4449057326579614592
97962,5970446308907728000
97982,6032738727853540992
98020,1413612859694749952
98033,1351220866217687040
98039,6032719211516656256
98078,1339210247873377152
98095,5977478785291501696
98119,1437038676478839168
98126,5817671916991545216
98140,4386153682237796096
98164,4557852490326063232
98201,1313443502113859456
98268,5936385740814106752
98313,4443937072725877504
98318,4340322876499078400
98327,1307081869571380480
98332,4139178116232277632
98370,1354670377792324096
98385,1307091623440490752
98391,1412685215478228352
98397,4561992907514321152
98431,4113135633591399808
98432,4113135633609628800
98513,1310270350211781632
98530,4441388061177970816
98590,1338872903961291904
98592,4443124563697927680
98593,4384995239363201280
98595,5966328152522612096
98649,4571485261975899648
98659,1351832950597627648
98666,4572458368424152704
98676,6028148335655007488
98680,4379877184534900480
98704,4561911986031988992
98708,4393026312811962368
98726,1409601875636162816
98734,4392932682523664768
98737,1337576648471644800
98740,1337576648471644288
98761,1705139296828394368
98777,4560131979788881920
98798,4443264201674491264
98822,4391499881434862720
98823,5814394852650630784
98829,4112025470465692288
98840,5966742019857816448
98881,1408135749896103936
98895,4574942916809993088
98906,4573071139998034048
98915,4559941974735745024
98928,1353609181568788224
98969,1339531240844978688
99003,4568179481487112832
99015,1358905078107000448
99045,5923451360893955072
99054,4135534094190471296
99099,5814962995227630592
99101,1632422270692428544
99123,1308982817801007488
99129,1334638379741833728
99130,4574863923770537088
99157,4571341505129076992
99158,4571341500830941696
99176,4360643809885839232
99184,1340976819461252224
99201,5814182887425188480
99207,5979713297864011520
99212,1420283012625252096
99222,4544705148750824320
99223,4568213154031209216
99231,4541292226002182912
99242,4392051256451595520
99253,1334626143378986880
99256,1415654279126087168
99258,1358581344947528576
99266,4541188429528480768
99267,4560670053288871424
99268,4560670053288877056
99274,1438686535171582080
99304,5816421016371325696
99348,5926497351672565248
99362,5916025255032617344
99391,5973883863282674688
99397,1335069349644072064
99418,5923372024252846336
99424,4547667881613361792
99458,4567162772529696512
99474,4143247473189638528
99479,1361501403017141376
99484,1419944814015880832
99493,1414363413824188160
99502,4568437381385140992
99521,4544873438451556352
99527,5980661630916894720
99533,5801976285430367360
99548,1361522568616178304
99563,5817223724273680768
99584,4386642380798646656
99586,1415478834006039552
99603,5811266123594176256
99609,1333073736038928000
99612,4386963335112335104
99619,4546417736893388800
99624,4134318824595398656
99631,4548553606950154240
99651,4386943539610092800
99656,4546863760656893824
99662,4387443581175220992
99674,4573526818847148800
99679,1437711302717071488
99709,1335000015988278400
99720,4368168107254401408
99753,4059234481269453696
99764,4547250346367495168
99779,1348083822105314816
99789,4540596097701725952
99797,5980690321325398784
99815,4359752655708430720
99817,1365015545259769600
99820,1341557984372129536
99822,1361329196304526848
99835,5980497975556687232
99845,4599716189388636800
99883,4387164717540206336
99921,5811675008784009344
99922,4574317981890245632
99927,1420737076567340544
99934,5811647619769606016
99935,1333272850723563648
99946,1348098047037575680
99948,4543530286216084352
99967,4134944927787937152
99969,5973645269263011584
99988,4387094619380065280
99989,4387094623673782656
99991,4599428903321162368
100008,1336988963803208192
100036,4360053647015500928
100054,4374152680323757184
100060,4543560759008603520
100079,1434308524684083584
100126,4547379573346074624
100135,5813322386430675328
100138,5925353756491252608
100160,4490469057650256128
100170,4142081956505504896
100182,4390341958250815360
100204,4110928879462267776
100212,4375065137537959040
100227,4542261449798391296
100244,4366961260100103680
100251,4598568230530318592
100264,5813308436377857408
100271,4492169551166744960
100299,5813509333475561344
100303,4059144385705702912
100312,4554540005387403520
100362,1365451742137010304
100368,4569416221611145984
100370,5922480182868409472
100374,5910393663850857088
100441,4553662251506755584
100460,1360721127719613184
100475,4555268019523504000
100487,4554953657976231808
100490,4373451913459971072
100493,4598737551025816448
100510,4542415106546246400
100543,1633799413300296192
100544,4363955878207655552
100545,5959964595825990784
100581,4492321489928486400
100582,4492321489928484736
100583,4111657851290351616
100588,4057796831093097344
100595,5951995679161775360
100668,1435533170182222592
100707,4492043352144855424
100710,4389608068599394688
100711,4487104139751321472
100712,4487104135457345920
100719,1343563356141136128
100745,4555076390962365312
100749,4491918725076151296
100766,5962156605402849664
100778,4361986378006313472
100785,4598830738931385984
100803,4569059189570089856
100840,4124465619863794432
100849,1362300133790864128
100885,4490265304402368640
100895,4491980748701631616
100914,4061251874594510464
100915,1361151105484386432
100955,1361085551399690624
100957,4389458848551864576
100973,4556944358138342656
100978,4389764615861841024
100981,5952342575103599360
100999,1366465667951256832
101018,5952186238288903040
101022,4550186317294996864
101033,4118354499938259072
101034,1343308028925357696
101059,4569902858585279104
101061,1434744751625887616
101079,4121895850735647360
101088,4137188756111707520
101102,1343436122030109440
101107,4494414513390772992
101141,4123411050822338048
101143,4494395065780847872
101148,5974633833298067072
101150,1362316179789651968
101151,4602478059518965632
101172,4557472849569624704
101177,5961908120122713728
101199,1360928660539253632
101218,4490821073172613760
101222,1347616220426409984
101227,4166540077268557952
101235,1632737005895324672
101255,4376572739784367488
101275,5803845695711894656
101279,4116588787373499904
101286,5910659917466662528
101304,4600745121818397440
101320,5776746956038626944
101343,5959034890100503424
101366,4493659153199436416
101392,4168590224073757952
101404,1417642672892008448
101406,5803991449722633472
101407,1638761882940187136
101412,1634315496572685696
101452,5949233632925259904
101497,4489334258569417728
101500,4602156624166140544
101511,1416826766543491328
101517,4053455379420643584
101539,4494267870326114688
101550,1367246115050459904
101584,4370340059333559424
101636,4370434956635407232
101638,5912284063636922240
101649,4602283510383448960
101668,5955371725305718400
101679,5909143312965164928
101686,1416608101169067648
101703,4485787298484008064
101705,4595530520422163456
101711,4165108341334283520
101769,4119766410353961088
101798,4549217677612386048
101823,5946688130374535680
101831,4489416206545343104
101858,5765363574717776128
101874,4608757026827256576
101877,5810071508510955136
101895,4500646618315862144
101900,4493434028195013248
101940,4493441175020980480
101976,1417787915799534848
101982,4123821512283733888
101992,4165625661553936512
101997,5803547624984209792
102039,4176184580951151104
102048,4119933737894137472
102049,1350487114005667072
102059,4165554571255626240
102089,4149820323678136192
102109,5909739660590724224
102130,5803153755006387328
102132,1344839644328312064
102139,4607518426978990080
102146,4168907879862434176
102149,4580560016778174848
102151,4369211578149826304
102166,1418167865786389376
102200,4607703041851539328
102201,4607703041853608576
102204,4581920559335573120
102209,5921045182736888832
102234,5918832106349269376
102271,5945284191451299840
102275,4553004395658740352
102287,5809777251706559232
102296,1436411267656322304
102303,4474190680631598848
102307,1436223285528202752
102313,4598170069882787712
102321,4148350173559946368
102322,4596458370794588416
102349,4165321062472840320
102360,1651299717110087552
102372,1633347410947211776
102373,1633347410946490368
102378,1350900599096860032
102403,4120286444978057984
102408,4577168225263217664
102415,4607232382157733888
102418,5954818778342825088
102432,4472238811271004544
102448,5920418388098237056
102453,4148684386395882880
102489,1417345839109794432
102495,4066897355692507520
102522,4500927504877462016
102523,4500927474812609536
102527,5800661235161967488
102540,4056350324767583744
102567,4499747286524365184
102569,4499296207582276608
102592,4070477262515266432
102605,4488750108662714624
102612,4502791280167836416
102619,4469219105658937600
102632,4500006354653490816
102633,4475973611749273600
102638,4475975364094688512
102665,5954781772896301824
102666,4469144059696879104
102679,4371734308793396992
102693,4607773238799201792
102706,4502587840452690816
102745,4583974236600128768
102746,4607978465219089920
102770,5810226058607489536
102782,5918366733757061376
102787,1436260840722171264
102799,4371782030179914624
102813,1436560423280589440
102843,4178251387936479104
102862,1363354080110509696
102876,4580965629189776896
102877,4580965629189776640
102880,1439997393549713664
102904,4502746135771270400
102906,4056525727025802752
102929,4495996882424614912
102933,5810409397877633408
102953,5947589798613426432
102954,5801388901403600000
102955,4144704463546665984
102961,4603041834106803072
102962,4488575286315479424
103005,4502615530106044544
103014,1345041748308955648
103021,4584518774030007680
103033,5774356892637782272
103052,4469354448670077824
103054,4475715909414047744
103080,5953777089852626048
103091,5917877622887649792
103100,4577442970027347712
103103,4144648251014336000
103121,5954363786677864448
103129,5956166912748599168
103209,4582868127903033856
103211,4037344647803725056
103221,4582966985165151360
103224,4152287455934086912
103233,4062359667225659648
103238,4476576831311990144
103249,4575670930944140160
103264,4609978481167300864
103266,4582470551369568640
103276,4495532338758939904
103291,4582874896770173312
103311,6702490086833126784
103314,6634947980894776448
103332,4177329520452373248
103334,4177329520448727808
103335,4494655070215430912
103353,2113848109838152704
103354,4177138682169601280
103377,6720523829872204800
103389,4070918024905961216
103399,4610299637344191616
103402,2151954472733799808
103410,2123416506700342656
103412,4603528020108454528
103425,4501510452201718144
103447,6635012955161032832
103448,4584148410409526528
103458,4496424077048759296
103463,2125533994296308736
103479,6647674445731657216
103490,6720813310676120448
103496,2122637399632980736
103518,6701738570634179328
103529,6647412147786089216
103531,4577547041384382336
103532,4527534350534718336
103553,2152650596737376000
103558,6702887590352465536
103559,4610319119317023616
103560,2266981870242648448
103564,6702887418552407552
103585,4606502168995314560
103591,6652222545516948096
103620,4606606382083654528
103655,6437150438963510912
103657,6437150438963510784
103674,4471072263792974208
103716,2125423291513447808
103718,4035920260557738496
103728,4498082935157622400
103735,4170899954423211776
103740,2159403487916761472
103765,6701493306526878080
103770,4590775957262823552
103782,6419070344632355200
103797,4527254559190360832
103798,4495643801754102272
103799,4583221109793391232
103813,4178085396039438976
103820,6725946445144846848
103824,4468593341808882176
103859,4576446537626664192
103872,4527515620182593408
103879,4606523089782427136
103880,4610156739487249920
103909,2152487010023019264
103911,2152487014318339584
103936,6724397340635494784
103955,6360306434584965504
103956,6724314018278167296
103976,6702918685913333120
103996,4502170812011314560
103998,4146075146551253248
104011,2266786775647164672
104027,4590489981163833984
104041,6719552170830211968
104082,6706012608553599616
104109,4158137575050183296
104113,6725889996426925184
104119,4495341642223178240
104150,2257888393683939712
104151,4589496774267580800
104153,4526446413845915648
104165,4146113114068097024
104189,4590962766864961024
104220,6634246316375620480
104224,4577923417959444096
104244,2149929030579713024
104281,2122464127767907584
104315,2269560710340167296
104316,2269560710341753728
104323,4147496020480623744
104329,2152181655027176320
104340,4606687711586560640
104344,4483261273598726272
104350,4497308256196457472
104359,4482003260497668096
104360,4482003260498209152
104362,4589206816734978688
104413,2121710687425234048
104414,6648917649788188544
104424,6652288688008139648
104425,4471739010213094272
104428,4592910074976281472
104429,4471738941493617408
104432,4592910105037219072
104467,4529908982121253888
104469,4529908986426072704
104499,4065463691320200192
104510,4497917419998767744
104520,4605588573619002752
104550,6630958437314630784
104552,2122264493394487040
104561,2112829549755033472
104562,2112829347892877952
104587,2121733635434326016
104588,4585860689314531968
104605,4592991095238722304
104606,4039372044206097024
104607,4039372044206067840
104659,2266566461004962816
104663,2115446804041391872
104668,4484785853849198208
104689,4277827700729293824
104775,6418917035774086272
104802,4038579880479436160
104820,4578905286136561152
104821,2157634167550312448
104854,4269794320884241024
104861,2107989710021932800
104881,6414762870395214080
104885,6414762874686188672
104898,4523665474066718336
104909,4278261423720176000
104958,6419282034981576576
104960,6631291142656733184
104962,4090563347056033408
104967,6720365500196554624
104968,2259714137037055104
104978,2114660825026894592
104979,4523585076572785408
104981,6707714450688373120
104987,4523016903940597248
104999,6720372681383934976
105011,4586769611770382848
105031,2268813145513879808
105034,4528768689787177472
105035,2148510901099789952
105042,4522128498547381376
105049,6631341715892889088
105052,4589988913096602624
105061,2108994590636648448
105077,6634727700608862976
105083,4592748682987813376
105087,6437256614848810240
105088,4593432682298869760
105093,2124102498876347008
105112,4530186883683428864
105120,4521632824961961728
105131,6726566367820438272
105148,4593437870619665280
105156,4476605860997616256
105176,6652819782191757312
105195,4093021236676586368
105224,4585089519348292224
105239,2115192026580095488
105242,4277114834939449728
105252,4277114731860237056
105259,6703314991134746240
105298,6728034692615641472
105303,4528439381757452928
105333,6709541319328830336
105356,4529233504029088384
105357,4588403069436048512
105367,6629875585857523712
105369,2109841562483681792
105374,6722002157630366720
105376,4046142183980369536
105383,2118342883310054272
105398,2260245849692998016
105400,2112179880118535552
105407,2108153193659975296
105416,4593389492106457984
105419,2260254130389975936
105430,2150591799870095872
105432,2150591795574568192
105433,2257245316820589568
105434,2109540635598902144
105442,4478520321197420672
105460,6432846989110977792
