solution_id,source_id,random_index,ref_epoch,ra,ra_error,dec,dec_error,parallax,parallax_error,parallax_over_error,pm,pmra,pmra_error,pmdec,pmdec_error,astrometric_params_solved,ruwe,duplicated_source,phot_g_n_obs,phot_g_mean_flux,phot_g_mean_flux_error,phot_g_mean_flux_over_error,phot_g_mean_mag,phot_bp_n_obs,phot_bp_mean_flux,phot_bp_mean_flux_error,phot_bp_mean_flux_over_error,phot_bp_mean_mag,phot_rp_n_obs,phot_rp_mean_flux,phot_rp_mean_flux_error,phot_rp_mean_flux_over_error,phot_rp_mean_mag,phot_bp_n_contaminated_transits,phot_bp_n_blended_transits,phot_rp_n_contaminated_transits,phot_rp_n_blended_transits,phot_proc_mode,phot_bp_rp_excess_factor,bp_rp,bp_g,g_rp,l,b,ecl_lon,ecl_lat,pairdistance,sep_AU,Sigma18,R_chance_align,meanAV,minAV,maxAV,flag_ext,objid,u,g,r,i,z,err_u,err_g,err_r,err_i,err_z,flags_,flags_u,flags_g,flags_r,flags_i,flags_z,angular_distance_,source_id_xmatch_,original_ext_source_id_xmatch_,obj_id,g_mean_psf_mag,r_mean_psf_mag,i_mean_psf_mag,z_mean_psf_mag,y_mean_psf_mag,g_mean_psf_mag_error,r_mean_psf_mag_error,i_mean_psf_mag_error,z_mean_psf_mag_error,y_mean_psf_mag_error,g_flags_,r_flags_,i_flags_,z_flags_,y_flags,obj_info_flag,quality_flag,angular_distance_pstarr,source_id_xmatch_pstarr,original_ext_source_id_xmatch_pstarr,object_id,u_psf,v_psf,g_psf,r_psf,i_psf,z_psf,e_u_psf,e_v_psf,e_g_psf,e_r_psf,e_i_psf,e_z_psf,u_flags,v_flags,g_flags_smap,r_flags_smap,i_flags_smap,z_flags_smap,u_nimaflags,v_nimaflags,g_nimaflags,r_nimaflags,i_nimaflags,z_nimaflags,flags_smap,nimaflags,flags_psf,angular_distance,source_id_xmatch,original_ext_source_id_xmatch,wtd_par,e_wtd_par,ra_ext,dec_ext,ext,ext_min,ext_max,teff_H,logg_H,TeffH,e_TeffH_lower,e_TeffH_upper,LoggH,e_LoggH_lower,e_LoggH_upper,MassH,e_MassH_lower,e_MassH_upper,cool_ageH,e_cool_ageH_lower,e_cool_ageH_upper,Chi2H
1636042515805110273,4373451913459971072,22926160,2016.0,261.49850628994113,0.09419652074575424,-0.6565991393882759,0.08314081281423569,7.3219804037222955,0.11302180588245392,64.78378295898438,11.190553665161133,-8.033851539793266,0.1071498841047287,7.790104380108061,0.09267432242631912,31,0.9570242762565613,False,447,1395.9259946144257,1.643867015838623,849.172119140625,17.825210571289062,47,931.5143547759312,8.876585960388184,104.94061279296875,17.91556739807129,44,633.2738445699451,7.783105850219727,81.36518096923828,17.74391746520996,0,0,0,0,0,1.1209678649902344,0.17164993286132812,0.09035682678222656,0.08129310607910156,22.21312150832658,18.597916477134987,260.7920589005172,22.511351081548096,0.005932541910921147,2908.5348592076957,1159.2846054813656,0.00024296186817561303,0.36000001430511475,0.3400000035762787,0.3700000047683716,0,1237659234751677038,18.33083,17.84386,17.91905,18.04795,18.22785,0.02443902,0.008332597,0.008948192,0.01069864,0.02917898,35219000393744,275280592912,268468240,4503599895937040,268468240,275146342416,0.012376592,4373451913459971072,1237659234751677038,107212614985272514,17.8433990478516,17.9192008972168,18.0569000244141,18.2091007232666,18.3556003570557,0.00591500010341406,0.00536999991163611,0.00561599992215633,0.00561199989169836,0.0217780005186796,115000,115000,115000,115000,115000,436527104,52,0.036439076,4373451913459971072,107212614985272514,200826893,18.362,18.3824,17.8003,17.8862,18.0713,18.2147,0.0224,0.0419,0.0068,0.0075,0.0524,0.0829,0,0,0,0,0,2,0,0,3,0,0,0,2,3,0,0.12461339,4373451913459971072,200826893,7.292140021852746,0.049483180558543165,261.49850628994113,-0.6565991393882759,0.28011,0.26202,0.29912,11772.52,8.072804,11156.180374571548,216.94498110737186,203.97561988858797,8.043364371269499,0.031000633951082435,0.030658533591573445,0.6287834649589281,0.019527110046402618,0.018702201497779458,0.5055873480441513,0.006547114042844138,0.006651280439304019,2.9862866857709127
1636042515805110273,4374135053779341056,963238307,2016.0,260.32240205363576,0.6493515372276306,-0.8904964252532171,0.5134735703468323,3.96603510808202,0.6874764561653137,5.768975734710693,20.723003387451172,-8.003652578982281,0.7894690036773682,-19.115030429005788,0.5933426022529602,31,0.9873262047767639,False,555,149.83452533764486,0.6326804757118225,236.824951171875,20.248336791992188,54,86.48956580572374,5.287052154541016,16.358749389648438,20.49613380432129,57,87.08486931991709,5.199483394622803,16.748754501342773,19.898038864135742,0,1,0,1,0,1.1584408283233643,0.5980949401855469,0.24779701232910156,0.3502979278564453,21.390918453227656,19.511002456086107,259.5406166405526,22.19809325861262,0.08006311994539031,123801.76129333253,1114.721221415635,1.2598755279948373,0.8899999856948853,0.8399999737739563,0.9300000071525574,0,1237668657371416669,21.16601,20.51828,20.27969,20.23634,20.31775,0.1008716,0.02749814,0.02702631,0.036845,0.1518656,193583034531856,275146375184,275146375184,4503874773745680,158604820906000,275280592912,0.081184775,4374135053779341056,1237668657371416669,106932603224391854,20.4974002838135,20.3125991821289,20.2525005340576,20.3735008239746,20.2534999847412,0.0491309985518456,0.0182530004531145,0.0150699997320771,0.021637000143528,0.131469994783401,115000,115000,115000,16892216,115000,436527104,52,0.015708053,4374135053779341056,106932603224391854,200704733,,,20.4459,20.2323,20.1117,,,,0.0092,0.0366,0.019,,,,0,0,0,,,,0,0,0,,0,0,0,0.06914218,4374135053779341056,200704733,2.2905381841714454,0.028302143247603523,260.32240205363576,-0.8904964252532171,0.77335,0.69793,0.83526,9337.445,8.058088,9199.809950333422,330.93030141352574,300.3581088989722,7.25363807351644,0.0857226945441596,0.08400246000138889,0.2712691053075442,0.027405045095528657,0.02397878143093249,0.3136450403453981,0.010853643673458757,0.015494325802919151,3.4299065232003
1636042515805110273,4374152680323757184,385224848,2016.0,260.1268920572136,0.2355860322713852,-0.7498861399390317,0.16360096633434296,5.6767385185664745,0.27952301502227783,20.30866241455078,6.609320640563965,1.3725196679591554,0.3113425374031067,6.465238622708905,0.19831199944019318,31,1.0709830522537231,False,663,360.6116951807592,0.663668155670166,543.3614501953125,19.294767379760742,68,218.54321334398756,5.231995582580566,41.77052688598633,19.48969841003418,70,184.52782014306794,4.390103816986084,42.032676696777344,19.082740783691406,0,3,0,0,0,1.1177425384521484,0.40695762634277344,0.1949310302734375,0.21202659606933594,21.419564836466876,19.750292165975388,259.318858468759,22.324062571577876,0.007361173277196736,4866.014631483762,1115.3578411880026,0.004157336244541674,0.6600000262260437,0.6100000143051147,0.7200000286102295,0,,,,,,,,,,,,,,,,,,,,,107102601268280516,19.4508991241455,19.3476009368896,19.3283996582031,19.3948001861572,19.3533992767334,0.0113159995526075,0.00971900019794703,0.0147000001743436,0.0156289990991354,0.076993003487587,115000,115000,115000,115000,115000,436527104,52,0.013344464,4374152680323757184,107102601268280516,200722457,,,19.3998,19.388,19.4301,,,,0.0108,0.0238,0.0361,,,,0,0,0,,,,0,0,0,,0,0,0,0.034417737,4374152680323757184,200722457,5.412439092990144,0.016156556487805493,260.1268920572136,-0.7498861399390317,0.53599,0.49806,0.58516,10539.44,8.318917,9396.695267142015,342.2142451291056,321.21331055565315,8.09998089532042,0.07468939404008701,0.0755532994451773,0.6589838254297178,0.04789610641537578,0.04693460293609941,0.8508473801636252,0.019747935761145752,0.018211493005023338,2.575811393880381
1636042515805110273,4374263112527126656,1514444361,2016.0,260.834374129389,1.0880229473114014,-0.5285494063702781,0.9482971429824829,7.545142078592744,1.1166092157363892,6.757191181182861,74.0369873046875,-64.4781874404924,1.5007933378219604,-36.387340707309235,1.126245379447937,95,0.9601136445999146,False,225,95.26964157094936,0.8671239614486694,109.86853790283203,20.739980697631836,24,48.77921639924152,7.43449592590332,6.561200141906738,21.11795425415039,26,82.73346127185258,8.389921188354492,9.861053466796875,19.953693389892578,0,0,0,0,0,1.3804258108139038,1.1642608642578125,0.3779735565185547,0.7862873077392578,21.99055191128465,19.2406388879983,260.06537169553195,22.595195081776772,0.0066868625167983,4217.989002886833,1119.4958697083919,0.005967795338396703,0.3400000035762787,0.2199999988079071,0.49000000953674316,0,1237668657371679085,23.18266,21.79774,20.71349,20.29297,20.05607,0.5744789,0.07733662,0.0383215,0.04126297,0.1400633,35253360001296,11258999202678033,275154763792,4503874773745680,275146375184,268468240,0.05874793,4374263112527126656,1237668657371679085,107362608344826263,21.5988006591797,20.783899307251,20.377799987793,20.0790996551514,19.6462993621826,0.0379449985921383,0.0352399982511997,0.019480999559164,0.0268479995429516,0.190088003873825,115000,115000,115000,115000,115000,436527104,52,0.007977463,4374263112527126656,107362608344826263,200748914,,,21.2648,20.6824,,,,,0.0201,0.0315,,,,,0,0,,,,,0,0,,,0,0,0,0.046385877,4374263112527126656,200748914,5.681829911634743,0.12866586222385837,260.834374129389,-0.5285494063702781,0.24947,0.14593,0.43191,4979.646,7.970751,4459.75437036837,142.93351095693288,117.71854463270938,7.07531930381456,0.08228396946393524,0.05203890766486108,0.1999939332804671,0.006458645290058407,7.489372957913965e-08,1.4600021961303193,0.5549306258147584,0.9484161838541043,2.7755900379281107
1636042515805110273,4374327610047391360,845799270,2016.0,261.28616270400516,0.1722380667924881,0.17942290809446992,0.1229628324508667,9.262199054278534,0.20167618989944458,45.92609405517578,23.957826614379883,-11.285599432344643,0.23528283834457397,-21.133213932928953,0.21202445030212402,95,1.2616703510284424,False,164,2791.4874191049457,35.13898468017578,79.44132232666016,17.072776794433594,2,18235.603631991053,421.0763244628906,43.30712127685547,14.68624210357666,2,17592.523047595383,158.82992553710938,110.76327514648438,14.134574890136719,0,0,2,0,0,12.834779739379883,0.5516672134399414,-2.3865346908569336,2.938201904296875,22.878183237048116,19.187911064283117,260.5033196497298,23.33189900746448,0.0009534167763000502,389.6621032983765,1146.2339001478304,5.0176922500110543e-05,-99.0,1e+20,1e+20,999999,,,,,,,,,,,,,,,,,,,,,,,,,,,,,,,,,,,,,,,,,,,,,,,,,,,,,,,,,,,,,,,,,,,,,,,,,8.798397965708117,0.046969798115126755,261.2861627040052,0.1794229080944699,0.11092,0.1039,0.11843,,,7897.389452045243,79.74443086200972,67.9578873285991,6.885828655452554,0.013098883163796593,0.005682288417182768,0.19999394533237846,3.1447478371360305e-08,1.872549507120347e-08,0.0,0.0,0.0,54.8922276620955
1636042515805110273,4374549432222419968,288562636,2016.0,260.0820267879519,0.3975512683391571,0.17146228405020258,0.27488765120506287,3.6489942630206293,0.5289617776870728,6.898407936096191,12.08300495147705,-10.975635979029468,0.613944947719574,-5.0531598362906145,0.34298115968704224,31,0.9875850081443787,False,708,151.27586294967696,0.4923774003982544,307.235595703125,20.237943649291992,69,89.80413745813588,4.630286693572998,19.394941329956055,20.45530128479004,63,80.49329113345003,4.521159648895264,17.803682327270508,19.983495712280273,0,1,0,0,0,1.125740885734558,0.4718055725097656,0.21735763549804688,0.25444793701171875,22.252599135278963,20.23823440843815,259.19623678426393,23.239548555875405,0.19457813517459296,151597.25703942296,1091.4845997242182,1.0916259489509132,0.7400000095367432,0.7099999785423279,0.7699999809265137,0,1237668632675354253,21.47246,20.5705,20.32553,20.31562,20.48217,0.1383144,0.0283354,0.028941,0.03697975,0.1425422,193583034535952,275288981520,275146510352,4503874773745680,158329942999056,268468240,0.041022453,4374549432222419968,1237668632675354253,108202600820446243,20.3978996276855,20.1951999664307,20.1704998016357,20.110200881958,,0.0241030007600784,0.0321189984679222,0.0128300003707409,0.0221609994769096,,115000,115000,115000,115000,114720,436527104,52,0.0073618316,4374549432222419968,108202600820446243,,,,,,,,,,,,,,,,,,,,,,,,,,,,,,,,4.2805589340351355,0.30538284474805755,260.0820267879519,0.1714622840502025,0.70285,0.66571,0.73769,10178.84,8.201614,8568.431968250106,600.718164914364,527.6983777281839,8.109938794998829,0.15013262204926292,0.1486063880548274,0.6631799473965357,0.09768365891819009,0.09141158943709293,1.0948615668422195,0.0747331805215059,0.06076967140306366,3.3409962299893436
1636042515805110273,4374698106812054912,1254680645,2016.0,261.67645182847826,0.5475492477416992,0.29323132681406056,0.48267924785614014,6.441632199804452,0.5211874842643738,12.359529495239258,37.428138732910156,2.6495131434266157,0.6157541871070862,-37.33424260622626,0.5195985436439514,31,0.9194263815879822,False,361,152.61311055208475,0.7197384834289551,212.0396728515625,20.2283878326416,36,71.21266117031989,7.272404670715332,9.79217529296875,20.707149505615234,37,116.17651783422438,6.178313732147217,18.80392074584961,19.585100173950195,0,0,0,0,0,1.2278708219528198,1.122049331665039,0.4787616729736328,0.6432876586914062,23.182325483393836,18.900470981228672,260.91974612032726,23.47053054975436,0.024482910958370244,13037.656882919067,1176.1550294491067,0.09394714004718138,0.4000000059604645,0.33000001311302185,0.46000000834465027,0,1237668657372203039,21.63697,20.80965,20.22951,19.90389,19.76635,0.1851173,0.03629518,0.02956287,0.03376233,0.1001699,68987912192,275146342400,275146375168,4503874773712896,268468224,275146342400,0.07945475,4374698106812054912,1237668657372203039,108352616764132392,20.7339992523193,20.2492008209229,20.0104999542236,19.9393997192383,19.6980991363525,0.0248140003532171,0.0214690007269382,0.0249090008437634,0.0171099994331598,0.0359169989824295,115000,115000,115000,115000,115000,436527104,52,0.09902186,4374698106812054912,108352616764132392,,,,,,,,,,,,,,,,,,,,,,,,,,,,,,,,6.712094866560708,0.028056302566801274,261.67645182847826,0.2932313268140605,0.39876,0.31442,0.46008,5389.412,7.604692,5624.730349767901,120.6786097014483,118.31327463329035,7.79937951300733,0.0672764515701445,0.07382475975781766,0.4719861172660395,0.03722945874925504,0.038657572925545114,2.0623391398436315,0.09112348421504457,0.07600905444916362,3.4748294910459157
1636042515805110273,4374895232925331712,583824179,2016.0,261.9266486513909,0.7724452614784241,0.9089507353242452,0.6515585780143738,4.87167767163171,0.905561625957489,5.379730701446533,27.65164566040039,16.794507170693443,0.7654421329498291,-21.96720358473083,0.6990832686424255,95,1.0090599060058594,False,253,123.32691375259219,0.851572573184967,144.8225555419922,20.4597225189209,25,93.8926603646925,6.593003273010254,14.241257667541504,20.406963348388672,25,101.3306481359541,8.038599014282227,12.605510711669922,19.733543395996094,0,25,0,25,0,1.5829740762710571,0.6734199523925781,-0.05275917053222656,0.7261791229248047,23.880483810569775,18.97541638730687,261.15091639104674,24.10057421450697,0.10083871744175882,49763.95058342216,1215.3071454497128,1.157032150683642,0.5099999904632568,0.41999998688697815,0.550000011920929,0,,,,,,,,,,,,,,,,,,,,,109092619266531254,20.5524005889893,20.3152008056641,20.0897006988525,20.0594005584717,20.1012001037598,0.0368189997971058,0.0949420034885406,0.0311290007084608,0.0376139990985394,0.126096993684769,115000,16892216,16892216,115000,16892216,436527104,52,0.03550553,4374895232925331712,109092619266531254,,,,,,,,,,,,,,,,,,,,,,,,,,,,,,,,7.2656679301855345,0.017340516281035268,261.9266486513909,0.9089507353242452,0.56456,0.45223,0.62169,7192.552,8.099482,6927.10745437451,375.9797818363204,336.5239827065925,8.438095234826577,0.09909539972742287,0.09973500451023654,0.8737719543783302,0.06540201412029267,0.06671144478217306,3.846484679896779,0.10809965113276254,0.13013050996847086,3.3906096783877846
1636042515805110273,4374989065078240512,1156809104,2016.0,260.5483873307479,0.778870701789856,0.9049751826820537,0.6511234641075134,8.724793280134381,1.425301432609558,6.12136697769165,127.97266387939453,-11.157005186887153,1.002084493637085,-127.48538744662967,0.8395642638206482,95,1.0854449272155762,False,277,91.32976398549381,0.7432714104652405,122.8753890991211,20.78583526611328,21,33.99728796129931,4.630395889282227,7.342198848724365,21.509931564331055,26,64.36681952784187,4.496126174926758,14.316061973571777,20.226240158081055,0,0,0,0,0,1.0770213603973389,1.28369140625,0.7240962982177734,0.5595951080322266,23.177005477978668,20.18366375685439,259.6453975670381,24.00516155289315,0.0012363742710639312,588.0743606828604,1130.0000959524568,6.771466981769073e-10,0.18000000715255737,0.10000000149011612,0.27000001072883606,0,1237668633212552505,25.07876,21.75858,20.82423,20.54244,21.0155,1.245434,0.07272206,0.04125757,0.04468502,0.2442253,35253360132368,11258999211032849,268435472,4503599895937040,268468240,275146342416,0.054013792,4374989065078240512,1237668633212552505,109082605483296577,21.5981998443604,20.7670001983643,20.4846992492676,19.9953002929688,,0.045109998434782,0.0309120006859303,0.0365820005536079,0.0785989984869957,,115000,115000,115000,115000,16416,436527104,52,0.028934628,4374989065078240512,109082605483296577,,,,,,,,,,,,,,,,,,,,,,,,,,,,,,,,7.52189976760819,0.07471770049391271,260.5483873307479,0.9049751826820536,0.12976,0.08384,0.25496,5134.729,8.414093,4672.557627440407,133.30222938044426,132.98039691112444,7.958658415034418,0.10451013048245361,0.11378719313947805,0.5529461815512752,0.06459881914415455,0.06619596920659798,6.860017093171393,0.8434583043460098,0.6463517825025571,5.24073269567369
1636042515805110273,4375065137537959040,1473889578,2016.0,260.6214126511481,0.25785696506500244,1.3210906846916561,0.17802520096302032,7.054425097444537,0.3826388418674469,18.436248779296875,28.325374603271484,-21.081302562969594,0.36177077889442444,-18.91839133200305,0.2258477807044983,31,1.0200200080871582,False,536,240.64877375636607,0.6720983982086182,358.0558776855469,19.73390769958496,60,140.7260765685454,6.452295303344727,21.81023406982422,19.967605590820312,59,134.2988959113162,5.421885967254639,24.769775390625,19.427715301513672,0,1,0,2,0,1.142848014831543,0.5398902893066406,0.23369789123535156,0.30619239807128906,23.603630369773246,20.31887061095257,259.6926954960694,24.4254258187183,0.02215125581269499,11672.36448504275,1122.6789685702297,0.2610281405616839,0.27000001072883606,0.23000000417232513,0.3100000023841858,0,,,,,,,,,,,,,,,,,,,,,109582606214395787,19.9419994354248,19.763500213623,19.7175998687744,19.7602005004883,19.7357997894287,0.00960200000554323,0.0143010001629591,0.0149309998378158,0.0121640004217625,0.009442999958992,115000,115000,115000,115000,115000,436527104,52,0.07979309,4375065137537959040,109582606214395787,,,,,,,,,,,,,,,,,,,,,,,,,,,,,,,,6.79984544007776,0.09099702126752476,260.6214126511481,1.321090684691656,0.28099,0.22544,0.33949,7742.855,8.44944,7562.929647126473,283.49450245845674,277.7382592843387,8.34417578907131,0.07130103695305046,0.07341484553598221,0.8128521177712575,0.047692701454804864,0.049094797855882555,2.5350818305627403,0.14025795097344496,0.17633549615155042,0.954042640169438
1636042515805110273,4375785386374171904,1321636193,2016.0,264.5732211511586,1.1285265684127808,2.04549437232892,1.055351972579956,12.67503078620137,1.4647244215011597,8.653525352478027,7.425988674163818,-7.234985377497918,1.385839819908142,-1.6734076997056362,1.1841529607772827,95,3.1360957622528076,False,271,185.31205537067902,2.74421763420105,67.52819061279297,20.017606735229492,27,102.39756419304187,7.798055648803711,13.131166458129883,20.31281852722168,26,203.25702371243426,9.08206844329834,22.380037307739258,18.977781295776367,0,27,0,26,0,1.649404764175415,1.3350372314453125,0.2952117919921875,1.039825439453125,26.247139778733878,17.178189878477976,263.99574556326434,25.371738326258054,0.6523975760653296,154111.98166535376,1325.7606759554883,0.11335386606093592,-99.0,1e+20,1e+20,999999,,,,,,,,,,,,,,,,,,,,,110452645732505026,20.5100002288818,19.6569995880127,19.3229007720947,19.1095008850098,18.9883995056152,0.0245220009237528,0.021832000464201,0.0130390003323555,0.0191130004823208,0.0740580037236214,115000,115000,115000,115000,115000,436527104,52,0.01731602,4375785386374171904,110452645732505026,,,,,,,,,,,,,,,,,,,,,,,,,,,,,,,,15.187424825791295,0.0316124779436338,264.5732211511586,2.04549437232892,0.05777,0.05324,0.06593,,,4287.598937861441,81.82390741471318,84.145278889152,8.038970975672363,0.0614751842204182,0.05854740932306868,0.600994997430214,0.039134555144660244,0.03647329281248424,9.135167352889507,0.3525387417363657,0.5453856368917318,8.996117679827831
1636042515805110273,4375795251916766592,26859446,2016.0,264.335169312146,0.469007670879364,2.078483666928092,0.4233591556549072,5.35519532127806,0.42518150806427,12.595080375671387,6.9066267013549805,5.561845003025907,0.5841535329818726,-4.094798044397677,0.4910878837108612,95,1.022794246673584,False,354,183.9273540787701,0.8145527243614197,225.80165100097656,20.0257511138916,39,90.24773475821493,5.2800164222717285,17.092321395874023,20.449951171875,39,115.88403156777,9.229955673217773,12.55521011352539,19.58783721923828,0,1,0,0,0,1.120723843574524,0.8621139526367188,0.42420005798339844,0.4379138946533203,26.161423463527967,17.403989381950836,263.7311122615617,25.39457535649148,0.0036982114222041222,2366.0417413278237,1312.391660735769,0.00039241239468299903,0.4000000059604645,0.3700000047683716,0.4300000071525574,0,,,,,,,,,,,,,,,,,,,,,110492643352024619,20.3605003356934,20.0137996673584,19.9277992248535,19.8932991027832,19.8330001831055,0.021093999966979,0.0185529999434948,0.0139359999448061,0.0208010002970696,0.0639389976859093,115000,115000,115000,115000,115000,436527104,52,0.08861036,4375795251916766592,110492643352024619,,,,,,,,,,,,,,,,,,,,,,,,,,,,,,,,5.578445174959538,0.02945745770686843,264.335169312146,2.078483666928092,0.44491,0.39714,0.48612,6197.09,7.612779,6805.500836055015,230.34429373590592,219.11481748145798,7.911123623609747,0.08305108703926578,0.08389760555517167,0.5393468583168428,0.04893118168019661,0.046758019248785254,1.4858065083761738,0.05708954548453771,0.05088934789070154,1.304512629994545
1636042515805110273,4376071263690835712,1000920122,2016.0,266.5929953095525,0.5766419172286987,2.714593521528847,0.5328627228736877,3.953383872246029,0.6793301105499268,5.819532871246338,37.299373626708984,34.844602143406306,0.7981749176979065,-13.307782971862204,0.5724886059761047,95,1.040494680404663,False,296,131.15371561944124,0.7105725407600403,184.57470703125,20.392915725708008,9,71.35451615920925,12.488306045532227,5.7137064933776855,20.704988479614258,13,100.26556958384735,8.4793062210083,11.824737548828125,19.74501609802246,0,1,0,1,0,1.3085415363311768,0.9599723815917969,0.31207275390625,0.6478996276855469,27.840772869802596,15.700351735508239,266.2095743432224,26.109057617045416,0.000895082523789986,761.9045704440919,1251.594472474665,0.00012926129660342613,0.6700000166893005,0.6200000047683716,0.7099999785423279,0,,,,,,,,,,,,,,,,,,,,,111252665929637981,20.5615005493164,,,,,0.065482996404171,,,,,280,0,16,0,0,302063616,36,0.13494372,4376071263690835712,111252665929637981,,,,,,,,,,,,,,,,,,,,,,,,,,,,,,,,4.1846457893052955,0.05073556489864861,266.5929953095525,2.714593521528847,0.50751,0.46127,0.57706,,,6896.956141104671,857.1757777492339,608.8170861641984,7.637414408068603,0.3314025891794756,0.29411136308134367,0.4005469646197862,0.1743700581848563,0.11744967163139913,1.0453036177059507,0.12287035906416,0.08750844711180217,1.8499439177925041
1636042515805110273,437621708214902528,1800078968,2016.0,44.67126177363948,0.09003354609012604,48.42280638930747,0.08555466681718826,3.8233725318714513,0.12411763519048691,30.804426193237305,12.975881576538086,12.965958522227993,0.13886244595050812,0.5073622466017826,0.11703215539455414,31,1.1047929525375366,False,242,1749.6585619797306,2.4159088134765625,724.2237548828125,17.57998275756836,26,1319.8671487693462,14.266268730163574,92.51663208007812,17.537216186523438,27,613.9734775552009,13.731314659118652,44.71337890625,17.77752113342285,0,3,0,2,0,1.1052674055099487,-0.24030494689941406,-0.042766571044921875,-0.1975383758544922,143.69048735281078,-9.253135587418457,56.96012698015717,30.049530112177617,0.0027416958311847228,2505.779663816262,1302.2057443778876,0.00015536240340012985,0.38999998569488525,0.3700000047683716,0.4000000059604645,0,,,,,,,,,,,,,,,,,,,,,166100446712238096,17.4613990783691,17.7612991333008,18.0531997680664,18.3013000488281,18.4661998748779,0.00686000008136034,0.00468500005081296,0.00451100012287498,0.00381499994546175,0.0246099997311831,115000,115000,115000,115000,115000,436527104,52,0.048270926,437621708214902528,166100446712238096,,,,,,,,,,,,,,,,,,,,,,,,,,,,,,,,3.8859652883823683,0.0467267116419838,44.67126177363948,48.42280638930747,0.34903,0.33115,0.36771,30433.24,8.155518,27395.028410178027,2944.5694717328006,2338.767138608833,8.04490448293516,0.14077902309144896,0.11366784424015552,0.6654914639186948,0.08710659905713725,0.0671509162127103,0.01411815109748334,0.003877747860138777,0.0030695417279637816,0.4416943216525177
1636042515805110273,437648440090132352,266070532,2016.0,43.63522789759447,0.26124581694602966,48.26136660946283,0.2480235993862152,2.229858141244193,0.38431164622306824,5.802213191986084,16.703243255615234,-16.360295607024618,0.4404081702232361,-3.367353703539698,0.41107645630836487,31,1.0859683752059937,False,204,384.4299965639465,1.2399547100067139,310.0355224609375,19.225324630737305,18,274.6147081844399,7.99569845199585,34.345306396484375,19.24173355102539,21,157.4060720161406,9.100607872009277,17.296215057373047,19.255342483520508,0,1,0,0,0,1.123795747756958,-0.013608932495117188,0.016408920288085938,-0.030017852783203125,143.15045657306217,-9.718494075248765,56.14726726863672,30.124258512456187,0.052588065555231725,79426.32075916501,1340.4029307199426,1.0723566865274643,0.5099999904632568,0.49000000953674316,0.550000011920929,0,,,,,,,,,,,,,,,,,,,,,165910436352744324,19.2019996643066,19.3558006286621,19.5881996154785,19.7759990692139,19.9244995117188,0.00047699999413453,0.0104040000587702,0.00638299994170666,0.0412979982793331,0.131821006536484,115000,115000,115000,115000,115000,436527104,52,0.04142232,437648440090132352,165910436352744324,,,,,,,,,,,,,,,,,,,,,,,,,,,,,,,,2.3449338857113964,0.03172613386458069,43.63522789759447,48.26136660946283,0.45796,0.4326,0.49277,21126.67,7.896378,18548.4131239586,2564.722717902776,2120.7992353292866,7.851714272066193,0.1522801511370222,0.14734258843883374,0.5405487119858091,0.08793420198457536,0.07673627109094483,0.0651177013825944,0.01839611749410143,0.014573689666246316,1.3786856862117072
1636042515805110273,4376572739784367488,628757665,2016.0,263.7783345500423,0.15222427248954773,2.4345093533457813,0.13306984305381775,6.2988741233703145,0.15850324928760529,39.73971939086914,50.133975982666016,-32.182761100072476,0.18344220519065857,-38.44067175973385,0.15337607264518738,31,1.0043379068374634,False,372,673.2815175180407,1.190919280052185,565.3460693359375,18.61687469482422,37,474.52745294140516,9.841415405273438,48.21739959716797,18.64788818359375,35,457.59528484608575,18.72991180419922,24.431257247924805,18.096691131591797,0,0,0,0,0,1.3844472169876099,0.5511970520019531,0.03101348876953125,0.5201835632324219,26.21953687064028,18.062224705343258,263.09697454711903,25.72482646078344,0.0010621798577536733,657.1942028213484,1316.2113793699746,1.2759104357371188e-05,0.3100000023841858,0.30000001192092896,0.3199999928474426,0,1237668657373511802,19.58723,21.20968,24.80203,20.01679,22.8269,0.03898764,0.05024591,1.315445,0.04940725,0.9298204,105622104576272,268599312,268603408,13510799293186352,70369021432081,9007199397380369,0.23635483,4376572739784367488,1237668657373511802,110922637783411923,18.6923999786377,18.5030002593994,,,,0.0259969998151064,0.00503099989145994,,,,115000,16892216,16416,16416,16416,436527104,52,0.104181394,4376572739784367488,110922637783411923,,,,,,,,,,,,,,,,,,,,,,,,,,,,,,,,5.781241003792245,0.015392811598621527,263.7783345500423,2.4345093533457813,0.33368,0.3148,0.35087,9266.016,7.939068,5079.121325540256,24.29062446734497,22.529374815815572,6.9540756917374225,0.004949499045328487,0.002426575554755672,0.1999939522060833,1.7373956023858383e-08,8.07483155340627e-09,0.0,0.0,0.0,45.81263012949676
1636042515805110273,437683487023620608,1001332292,2016.0,43.98608354162387,0.25566187500953674,48.62822044838367,0.23612600564956665,4.4094516499695375,0.32882609963417053,13.409675598144531,18.26175308227539,-9.312168136900228,0.4055996537208557,-15.709077738067862,0.38490960001945496,31,1.0327552556991577,False,258,354.68072745060425,1.182029366493225,300.06085205078125,19.312772750854492,29,237.0761838875194,8.20060920715332,28.909582138061523,19.401323318481445,28,171.7867114575459,9.68323040008545,17.74064064025879,19.16042137145996,0,1,0,1,0,1.1527632474899292,0.24090194702148438,0.08855056762695312,0.15235137939453125,143.18685629510804,-9.285529330259562,56.5425426937203,30.39291836448217,0.0019214378437798342,1629.0415304684154,1350.5888470778239,0.0009010992118404768,0.3199999928474426,0.28999999165534973,0.3499999940395355,0,,,,,,,,,,,,,,,,,,,,,166350439860844594,19.3647994995117,19.3927001953125,19.4766006469727,19.6107997894287,19.4768009185791,0.0105950003489852,0.012707999907434,0.0135120004415512,0.0299120005220175,0.102427996695042,115000,115000,115000,115000,115000,436527104,52,0.0335286,437683487023620608,166350439860844594,,,,,,,,,,,,,,,,,,,,,,,,,,,,,,,,4.212888246208752,0.07825958089439339,43.98608354162387,48.62822044838367,0.28083,0.25507,0.31216,10745.0,8.199596,10141.737130285546,494.9939578291269,452.7827529665992,8.045213567985428,0.09114138081590362,0.09448854931851258,0.6272163487193327,0.05744537477019562,0.05686977133010673,0.64690355856864,0.013385498678585628,0.012442241276053423,1.9395118056545066
1636042515805110273,4377150704935162368,1655870210,2016.0,264.77344966940353,0.3819206655025482,3.444483944365287,0.35021334886550903,2.7486832929910006,0.4412490427494049,6.229323863983154,15.492172241210938,-2.7444886076644077,0.43448492884635925,-15.247136593235934,0.3726341724395752,31,0.9543160796165466,False,323,195.53825827002936,0.842078685760498,232.20901489257812,19.959287643432617,30,128.58289306822232,6.0392584800720215,21.29117202758789,20.065584182739258,32,83.89356224995934,6.67907190322876,12.560661315917969,19.938573837280273,0,2,0,1,0,1.0866234302520752,0.12701034545898438,0.10629653930664062,0.02071380615234375,27.643540796037364,17.64924685417511,264.1541885982894,26.777767122108013,0.12665983486005436,202337.43257779506,1296.4761664265795,0.9952545110903074,0.5199999809265137,0.5,0.5299999713897705,0,,,,,,,,,,,,,,,,,,,,,112132647733613856,19.9496994018555,20.0319004058838,20.1842002868652,20.2751007080078,,0.018206000328064,0.0147489998489618,0.0168769992887974,0.0481310002505779,,115000,115000,115000,115000,114720,436527104,52,0.048345916,4377150704935162368,112132647733613856,,,,,,,,,,,,,,,,,,,,,,,,,,,,,,,,2.2339230074664753,0.08129511854568236,264.77344966940353,3.444483944365287,0.53439,0.51823,0.55195,14620.85,8.228258,13371.466932440835,1930.5807605163245,1364.8765031374096,7.812033431632672,0.16703835227139674,0.14033212475831647,0.5063664618370911,0.09505473000525422,0.07099249872036412,0.2156247020868521,0.033776331459887565,0.0331605701351641,0.8698839935487852
1636042515805110273,4377551580004123904,944822041,2016.0,253.65670897938853,0.6069056987762451,-4.0445853374075185,0.3801971673965454,5.749105753991479,0.7056666016578674,8.147056579589844,31.34503173828125,3.318493011606561,0.9527097344398499,-31.16887318529728,0.7479042410850525,31,0.9398738741874695,False,339,120.13288904261475,0.7137657403945923,168.30856323242188,20.48821258544922,32,64.11069178618185,6.664378643035889,9.619905471801758,20.821216583251953,34,80.54126952749274,7.0022101402282715,11.502264022827148,19.98284912109375,0,0,0,1,0,1.2040995359420776,0.8383674621582031,0.3330039978027344,0.5053634643554688,14.826099828800766,23.639684098334644,252.7912091177448,18.423661792858617,0.14753198307369722,89258.41975362482,956.2028980961072,1.0769205734225165,0.5699999928474426,0.5299999713897705,0.6100000143051147,0,,,,,,,,,,,,,,,,,,,,,103142536566456940,20.8344993591309,20.4557991027832,20.2696990966797,20.2390995025635,19.9892997741699,0.0226160008460283,0.0132379997521639,0.0265890005975962,0.033950999379158,0.143828004598618,115000,115000,16892216,115000,16892216,436527104,52,0.0925131,4377551580004123904,103142536566456940,,,,,,,,,,,,,,,,,,,,,,,,,,,,,,,,5.890577771270927,0.3175046736565982,253.6567089793885,-4.044585337407519,0.52872,0.46368,0.58863,6682.894,8.149595,6490.150064849253,416.6506630431977,364.1594024099568,8.124724644878278,0.1473124977464586,0.15147585164776256,0.6668286430335099,0.09692397461679991,0.09444802943982789,2.383828845332973,0.4818294325495103,0.2748083774503116,1.160706067029398
1636042515805110273,437763686950231552,1624936601,2016.0,42.95465018746149,0.09843160212039948,48.47657496462115,0.10276816785335541,4.589582565936187,0.14021891355514526,32.73154830932617,37.681365966796875,13.913115496028137,0.13163094222545624,-35.01871550096746,0.1455336958169937,31,0.9984176754951477,False,262,1286.0024874060248,1.8803266286849976,683.925048828125,17.914262771606445,25,904.7320497657306,15.99609661102295,56.55955123901367,17.947242736816406,25,525.5860604649187,13.435635566711426,39.11880874633789,17.946285247802734,0,0,0,0,0,1.112220287322998,0.000957489013671875,0.03297996520996094,-0.03202247619628906,142.64266346266166,-9.73393046082356,55.73750062503645,30.478616340715575,0.0018738802848860144,1469.8437011806113,1313.664900280504,8.137550225261196e-05,0.2800000011920929,0.25999999046325684,0.28999999165534973,0,,,,,,,,,,,,,,,,,,,,,166170429545812631,17.8875999450684,18.0305004119873,18.222900390625,18.4025001525879,18.5324993133545,0.00716899987310171,0.00585799990221858,0.00704800011590123,0.0105050001293421,0.0124409999698401,115000,115000,115000,115000,115000,436527104,52,0.077453665,437763686950231552,166170429545812631,,,,,,,,,,,,,,,,,,,,,,,,,,,,,,,,4.450492597549621,0.1011181649107887,42.95465018746149,48.47657496462115,0.24958,0.23952,0.25998,14356.23,7.712971,12896.87992927794,864.5633866984699,699.4855074887146,7.547470204348883,0.08508604695283672,0.07532725391187967,0.3862993149788789,0.037534676093027186,0.030979349473338913,0.16405079455480226,0.015888180368044513,0.01650181477979154,0.9946073915001942
1636042515805110273,4377686098380776064,373001273,2016.0,254.41031952813864,0.34496504068374634,-3.613641747840729,0.2191304862499237,2.2970464698283513,0.4205123484134674,5.462494373321533,7.518234729766846,4.0792661800751455,0.567075252532959,-6.315333724125324,0.4704190492630005,31,1.0289641618728638,False,482,185.78562560012068,0.7345598340034485,252.9210205078125,20.01483726501465,51,129.74133857586216,7.576785564422607,17.123533248901367,20.05584716796875,49,85.34883142971228,6.266294479370117,13.6203031539917,19.91990089416504,0,2,0,3,0,1.1577330827713013,0.13594627380371094,0.04100990295410156,0.09493637084960938,15.657215284882916,23.227852491078224,253.52710211785802,18.93856966916155,0.05491095171518349,189840.86222315682,929.1465577704851,0.9953140015472135,0.8199999928474426,0.7900000214576721,0.8299999833106995,0,1237668629998928431,20.12466,20.02135,20.17687,20.12925,22.82646,0.04927236,0.0167977,0.02408151,0.03484662,0.6842611,35253360136464,275146342416,268603408,4503874773848080,275146375184,9007474543722800,0.047833923,4377686098380776064,1237668629998928431,103662544103434000,19.9859008789063,20.0771007537842,20.1839008331299,20.2807006835938,19.9220008850098,0.0115019995719194,0.0209640003740788,0.0386149995028973,0.0317040011286736,0.401796013116837,115000,115000,115000,16892216,115000,436527104,52,0.025951028,4377686098380776064,103662544103434000,,,,,,,,,,,,,,,,,,,,,,,,,,,,,,,,1.1367896866356324,0.13695003394774768,254.41031952813867,-3.613641747840729,0.81191,0.78379,0.83435,18551.45,8.127853,21197.19460527086,4476.771030135722,3495.7523758871066,7.267593311143748,0.2551182024292844,0.23017387144058876,0.32887793437786705,0.09305379330756808,0.06959843958947198,0.007286647311857344,0.0032663759287487135,0.00492136206731813,1.7195084773707916
1636042515805110273,4377956135858460416,153532387,2016.0,253.13760213453682,0.4099189043045044,-3.00638715045277,0.23456883430480957,2.8290450529179316,0.5112490653991699,5.533594131469727,6.329538345336914,5.507030621863418,0.6561363935470581,-3.1202033694026055,0.572010338306427,95,0.9683472514152527,False,271,271.0121394164933,1.8593428134918213,145.7569580078125,19.604894638061523,12,980.1217451327258,139.90362548828125,7.005692481994629,17.860342025756836,11,555.8321686063213,83.51468658447266,6.655501842498779,17.885536193847656,0,0,0,0,0,5.667472839355469,-0.025194168090820312,-1.7445526123046875,1.7193584442138672,15.492229862949037,24.627999471168064,252.11564531383863,19.392089304518507,0.09154181069489159,123034.2388715034,932.0113467461391,1.1183400783087678,-99.0,1e+20,1e+20,999999,,,,,,,,,,,,,,,,,,,,,,,,,,,,,,,,,,,,,,,,,,,,,,,,,,,,,,,,,,,,,,,,,,,,,,,,,2.6443626168133414,0.07278707843603033,253.1376021345368,-3.00638715045277,0.65432,0.62543,0.67644,,,16848.444536980976,13080.768736168338,6719.639210711424,8.020955408090618,0.6706263527682328,0.750224709227612,0.6281057037318731,0.42738025838456073,0.34702168854979254,0.1323882256281041,0.08712454288408064,0.0572098834589036,7.337243393067133
1636042515805110273,437841782337114496,701803501,2016.0,43.42863060756028,0.35226988792419434,48.43189933065975,0.2928326427936554,6.43854777775367,0.4729926884174347,13.612361907958984,9.782980918884277,-1.4296523084389445,0.8119165897369385,9.677954362092759,0.5162109732627869,31,0.9744454026222229,False,213,256.4628395614395,1.0481170415878296,244.68911743164062,19.664806365966797,24,166.34334599627695,6.617777347564697,25.135833740234375,19.786027908325195,23,144.545248669972,7.601412296295166,19.01557731628418,19.347885131835938,0,0,0,0,0,1.2122169733047485,0.4381427764892578,0.12122154235839844,0.3169212341308594,142.94714528639045,-9.630363398710667,56.06333854281898,30.330841225713165,0.006273925672462831,3730.869828096478,1344.222649354148,0.047954687377906605,0.14000000059604645,0.10999999940395355,0.17000000178813934,0,,,,,,,,,,,,,,,,,,,,,166110434286408968,19.8514003753662,19.6879005432129,19.7012004852295,19.7224006652832,19.6263008117676,0.018868999555707,0.014813999645412,0.0190680008381605,0.0211330000311136,0.130770996212959,115000,115000,115000,115000,115000,436527104,52,0.02139217,437841782337114496,166110434286408968,,,,,,,,,,,,,,,,,,,,,,,,,,,,,,,,6.016753578322704,0.0434006441849367,43.42863060756028,48.43189933065975,0.13745,0.10901,0.16625,7965.741,8.411697,7683.326821545097,280.2481657010303,262.48323910567797,8.232631886547246,0.07382259337493124,0.0750176799576927,0.73958775345544,0.04908015988017567,0.04907504979759525,1.7947605262431745,0.13591249272348138,0.08057516277884891,1.4826839000070065
1636042515805110273,4379877184534900480,766781443,2016.0,255.81519540280857,0.34704217314720154,-1.50101708603467,0.19841384887695312,4.765228552792609,0.4490205645561218,10.612495422363281,5.464081764221191,-4.32122554098128,0.48356470465660095,3.3441291637976938,0.4428751766681671,31,1.0243775844573975,False,447,245.17822575183266,0.816739022731781,300.191650390625,19.713661193847656,45,152.0569140972277,5.331223964691162,28.52195167541504,19.883525848388672,44,139.06501107918604,6.235446453094482,22.30233383178711,19.389850616455078,0,1,0,1,0,1.1873890161514282,0.49367523193359375,0.16986465454101562,0.3238105773925781,18.41334452289026,23.114863059842527,254.76775281589263,21.191327792003303,0.19289132624478075,201323.76910129515,933.2845862908742,0.8254141189437866,0.7599999904632568,0.7400000095367432,0.7799999713897705,0,,,,,,,,,,,,,,,,,,,,,106192558152189233,19.8917007446289,19.7306003570557,19.7392997741699,19.7632007598877,19.6620006561279,0.0117699997499585,0.0226269997656345,0.0187439993023872,0.0126040000468493,0.137560993432999,115000,115000,115000,115000,115000,436527104,52,0.013021591,4379877184534900480,106192558152189233,,,,,,,,,,,,,,,,,,,,,,,,,,,,,,,,3.426662827493165,0.020895697018389375,255.81519540280857,-1.50101708603467,0.60413,0.5622,0.63431,9978.508,8.18612,9096.108309402045,364.2258727205317,350.41902253950866,7.548324744253877,0.0951219633634608,0.09897206406274872,0.3712772166949617,0.04166203193887874,0.039348719115763764,0.47229612739541554,0.008396463885615768,0.00831594969286159,2.03276788867744
1636042515805110273,438000803501313792,959674194,2016.0,40.06271038136557,0.39798781275749207,47.088030083584464,0.4789409637451172,3.698787399671024,0.5639963150024414,6.558176517486572,10.824213027954102,-10.715050915706387,0.7422935366630554,-1.533387168841738,0.6638420820236206,31,1.0128380060195923,False,213,207.91582707586716,1.0189361572265625,204.05186462402344,19.892648696899414,23,128.84937102909996,8.005621910095215,16.094860076904297,20.063337326049805,23,101.2757974988962,8.67133617401123,11.679376602172852,19.734130859375,0,0,0,0,0,1.1068189144134521,0.3292064666748047,0.17068862915039062,0.15851783752441406,141.474714836442,-11.828380416489168,53.074545977054555,29.844481138878734,0.03824635933967661,41679.60207687316,1192.7071435306636,0.821370173280656,0.27000001072883606,0.20000000298023224,0.30000001192092896,0,,,,,,,,,,,,,,,,,,,,,164500400627126309,19.9081993103027,19.9122009277344,19.9706001281738,20.0970001220703,19.8257999420166,0.0289259999990463,0.0203380007296801,0.01995600014925,0.016295999288559,0.0788139998912811,115000,115000,115000,115000,115000,436527232,52,0.025022997,438000803501313792,164500400627126309,,,,,,,,,,,,,,,,,,,,,,,,,,,,,,,,3.271722286832103,0.07135011485864934,40.06271038136557,47.088030083584464,0.24529,0.1992,0.28297,9460.439,8.095501,8997.718925660796,447.42184930588337,412.9658731489599,7.787247700088276,0.11322532828590415,0.11468773433788204,0.47972998950780343,0.061801040997837564,0.057017191681239476,0.6390904003130708,0.014803709756884276,0.014421477689734785,3.119105175486466
1636042515805110273,4380498928299110144,1291930198,2016.0,258.60037983797787,0.7441384792327881,-0.09110759197272839,0.5338061451911926,7.039699896512067,0.9979689121246338,7.054027557373047,77.2702865600586,5.169995886505793,1.1004345417022705,-77.09713890673859,0.6658273339271545,31,1.048295021057129,False,281,119.09169414526089,0.841994047164917,141.4400634765625,20.497663497924805,16,62.30444255197896,9.807417869567871,6.352787494659424,20.852245330810547,18,79.64354972255923,6.753936767578125,11.792166709899902,19.995019912719727,0,1,0,1,0,1.1919218301773071,0.8572254180908203,0.3545818328857422,0.5026435852050781,21.23438899209288,21.403781273174445,257.6140019365995,22.85936007316145,0.0009354251574019216,647.5327271797487,1016.3634665848436,5.7980838192906654e-05,-99.0,1e+20,1e+20,999999,1237668659518571379,21.87021,21.02153,20.52475,20.44121,20.76517,0.185582,0.03712949,0.03558629,0.0525249,0.2163419,105622104178704,411074576,268468240,4503599895838736,268468240,70369012645905,0.10380726,4380498928299110144,1237668659518571379,107892586003531316,20.9141006469727,20.5870990753174,20.4312992095947,20.2147006988525,,0.0414559990167618,0.0217739995568991,0.0594739988446236,0.0557160004973412,,115000,115000,115000,115000,16416,436527104,52,0.01812913,4380498928299110144,107892586003531316,,,,,,,,,,,,,,,,,,,,,,,,,,,,,,,,5.194591575666468,0.1568164822250274,258.60037983797787,-0.0911075919727283,0.33358,0.19944,0.46307,,,6317.207491208917,243.54948826632972,226.8430334346167,8.042441232511983,0.10315290695814738,0.10612113240312038,0.6149076518893257,0.06551433246670213,0.06415070986991356,2.1791119800550747,0.22696577364687132,0.1632157414268347,3.102129133436314
1636042515805110273,4381268066745020672,888659963,2016.0,253.74304505661803,0.3389310836791992,0.10386380370279165,0.2208530157804489,3.1076714953965996,0.4052095413208008,7.669295310974121,18.837055206298828,18.826535915804534,0.5504865646362305,0.6294587418552446,0.40855035185813904,31,0.9482514262199402,False,376,202.26412123175245,0.7484681606292725,270.2374572753906,19.922569274902344,39,135.88547330380476,9.883350372314453,13.74892807006836,20.0056095123291,39,91.41974093916834,6.449595928192139,14.174490928649902,19.845294952392578,1,2,1,3,0,1.123803973197937,0.16031455993652344,0.08304023742675781,0.07727432250976562,18.781306529388534,25.7141509605426,252.35454746046287,22.552809535455236,0.002915436852854945,3370.2401551767493,891.5859912007977,0.0002760129431611998,0.44999998807907104,0.4399999976158142,0.47999998927116394,0,1237655550746492997,20.76641,19.98688,19.95381,20.84241,19.85469,0.08524052,0.01943045,0.02562423,0.0734026,0.1375731,72092881758064660,275146506256,275146375184,4503599895973904,72057869184700432,275280728084,0.026507916,4381268066745020672,1237655550746492997,108122537430245124,20.0058994293213,19.930700302124,19.9874992370605,20.044900894165,19.8922996520996,0.0162439998239279,0.014295999892056,0.0227450001984835,0.0108279995620251,0.0100360000506043,115000,115000,115000,115000,115000,436527232,52,0.0651301,4381268066745020672,108122537430245124,,,,,,,,,,,,,,,,,,,,,,,,,,,,,,,,3.074459102800464,0.018062100058638363,253.7430450566181,0.1038638037027916,0.49488,0.48197,0.5114,12557.14,8.263966,9116.437038308319,221.26891494846677,214.44269840637025,7.590218721452391,0.06116217087546971,0.06034217918905416,0.38867384057520554,0.027317385820104623,0.02557850145752577,0.49305244984479313,0.006047599625749023,0.006069824088711151,5.838946633131491
1636042515805110273,4381489966232434048,602808297,2016.0,256.3911766338531,0.270806223154068,0.6568169239622331,0.22072884440422058,3.119956687235279,0.38266968727111816,8.153132438659668,5.464277744293213,-3.662771718448638,0.39618170261383057,4.054927466051166,0.3178613781929016,95,0.9989988803863525,False,209,550.4965388083941,5.405401229858398,101.8419418334961,18.835479736328125,2,88984.03657119525,23416.08984375,3.800123691558838,12.965262413024902,2,69559.14364876441,1748.9517822265625,39.77190399169922,12.642009735107422,0,2,0,2,0,288.0003356933594,0.32325267791748047,-5.870217323303223,6.193470001220703,20.763398615705416,23.695202282411817,255.14611503176587,23.397095769033825,0.0010442310649488745,1201.6721425634987,975.9381110395022,0.0001175486216320528,-99.0,1e+20,1e+20,999999,,,,,,,,,,,,,,,,,,,,,,,,,,,,,,,,,,,,,,,,,,,,,,,,,,,,,,,,,,,,,,,,,,,,,,,,,3.098470056418849,0.017835827594116765,256.3911766338531,0.6568169239622331,0.58021,0.5657,0.59972,,,19939.416572513634,11877.444575358277,8007.7643447508635,8.010656104239342,0.5764737365209616,0.68750199251682,0.6294502576345056,0.3679505894357331,0.3239484203540603,0.0672872717804967,0.0653325945760313,0.024775185009225244,28.073713501871964
1636042515805110273,4381529857885665536,164474319,2016.0,255.51235234704748,0.22918902337551117,0.5600114064382795,0.14548583328723907,3.685083345170164,0.3511364459991455,10.494733810424805,15.20463752746582,-7.486529241677535,0.3043439984321594,-13.233777704814916,0.2192687839269638,95,1.0617337226867676,False,290,770.254767255773,2.399524450302124,321.0030822753906,18.470781326293945,2,9529.632887527727,3901.334716796875,2.442659616470337,15.390851974487305,2,7525.796762278666,1360.8028564453125,5.530409336090088,15.056514739990234,0,2,0,2,1,22.142581939697266,0.3343372344970703,-3.0799293518066406,3.414266586303711,20.195249161187146,24.411059984740227,254.2056705703739,23.208441049984163,0.0010401990839302426,828.9852473145937,973.0733220638481,0.00119211692199753,-99.0,1e+20,1e+20,999999,,,,,,,,,,,,,,,,,,,,,,,,,,,,,,,,,,,,,,,,,,,,,,,,,,,,,,,,,,,,,,,,,,,,,,,,,4.485259744355867,0.01849281308297188,255.51235234704745,0.5600114064382795,0.5269,0.51506,0.53784,,,19966.425647965003,12486.796271468545,8250.053750144816,8.327056534032817,0.5303883231376467,0.6670539618404137,0.82276350100429,0.32063882053395165,0.39357793990007967,0.1436790591704171,0.09930450307911753,0.053370450388648724,5.762592908248089
1636042515805110273,4382079407540854656,1067370535,2016.0,249.96036914696222,0.39967188239097595,-1.9352295842642457,0.19159269332885742,4.889828540430288,0.5153185129165649,9.488944053649902,23.077308654785156,22.712663600722376,0.60261070728302,4.08620566159444,0.4612545371055603,31,1.0209541320800781,False,398,260.2663934256506,0.8288002610206604,314.02789306640625,19.648820877075195,43,164.33274650288507,8.47386646270752,19.39288902282715,19.799232482910156,47,120.18877124487742,6.249735355377197,19.23101806640625,19.548234939575195,0,0,0,0,0,1.0931934118270874,0.25099754333496094,0.15041160583496094,0.1005859375,14.627978772794584,27.88724357440955,248.62188913342902,20.029121077469334,0.0014351294356554456,1197.883780954719,845.4310577041481,0.0019932752863753233,0.41999998688697815,0.4000000059604645,0.4300000071525574,0,,,,,,,,,,,,,,,,,,,,,105672499603508161,19.7273006439209,19.6485004425049,19.7348003387451,19.682300567627,,0.00786599982529879,0.0124549996107817,0.0111250001937151,0.00767900003120303,,115000,115000,115000,16892216,16416,436527104,52,0.07003564,4382079407540854656,105672499603508161,,,,,,,,,,,,,,,,,,,,,,,,,,,,,,,,4.273010952711721,0.04500826261925532,249.96036914696225,-1.9352295842642455,0.43754,0.41335,0.45689,11462.35,8.587438,9461.80737682396,396.9449926219713,387.2227837788123,8.037401004883982,0.0871038456755091,0.09265913613683185,0.6207239970268079,0.05458812945982583,0.05547755350796035,0.7667412629553321,0.017517677689441014,0.016700904447511156,3.1323509571304324
1636042515805110273,4382534021241204608,1685601662,2016.0,250.3562921381578,0.18346166610717773,-0.41103951308324294,0.11967279762029648,10.41220474368171,0.22197675704956055,46.906734466552734,118.23712158203125,44.44396483509059,0.2853158414363861,-109.56619178507269,0.23359349370002747,95,1.062275767326355,True,375,528.256018226394,1.375641942024231,384.0069274902344,18.88025665283203,12,440.83109266775585,25.61158561706543,17.212175369262695,18.727861404418945,12,714.4620647480058,66.42424011230469,10.756044387817383,17.612947463989258,0,12,0,12,0,2.186994791030884,1.1149139404296875,-0.15239524841308594,1.2673091888427734,16.33259500709587,28.355997594422508,248.8053920200268,21.594501412156816,0.0008473081350552163,308.00314503842395,854.662044403478,2.3226855098518977e-07,-99.0,1e+20,1e+20,999999,1237648704069501397,19.81093,29.81686,30.23365,21.14656,17.92875,0.7553841,0.6714007,0.3099957,2.457989,0.5938746,387097081286928,9007199657426992,13510799293317424,9007199397777681,297237575549485329,70369012645905,0.044766635,4382534021241204608,1237648704069501397,,,,,,,,,,,,,,,,,,,,,,,,,,,,,,,,,,,,,,,,,,,,,,,,,,,,,9.860562711968623,0.01574433399702022,250.3562921381578,-0.4110395130832429,0.07855,0.07487,0.0833,,,8072.443535787762,1843.3943587160202,1192.681231126865,8.505833181300043,0.3624553978858227,0.35643119090086195,0.9199685566429686,0.21426914252441265,0.23622200946554006,2.6647198656147895,0.2558904016511332,0.6579561047242537,7.339633290695499
1636042515805110273,4382722033436632576,1093107118,2016.0,252.60070932565444,0.4051325023174286,-0.2314164381570553,0.26166293025016785,5.689605589513812,0.5250548124313354,10.836213111877441,20.988431930541992,-10.77816324664815,0.6298107504844666,-18.009594502844088,0.5937097072601318,31,1.0242478847503662,False,390,169.03792132614004,0.7030826210975647,240.42398071289062,20.117406845092773,43,102.01390976981683,6.2707109451293945,16.2683162689209,20.31689453125,43,104.38841491416083,6.588109970092773,15.844971656799316,19.701265335083008,0,2,0,0,0,1.2210415601730347,0.6156291961669922,0.19948768615722656,0.4161415100097656,17.812888747544104,26.527362840697613,251.1744445859509,22.077944392158482,0.21195424907213026,161292.69600921086,897.3155691521059,1.35943616548006,0.33000001311302185,0.3100000023841858,0.3499999940395355,0,1237655550209098978,21.05282,20.48771,20.125,20.13596,20.09111,0.1075001,0.02891754,0.02681541,0.03668275,0.1608209,35253360136208,275280728080,275146375184,4503874773876752,275146375184,275280592912,0.036386434,4382722033436632576,1237655550209098978,107722526007752795,20.3868999481201,20.1718006134033,20.0363998413086,20.0167007446289,20.201000213623,0.0303119998425245,0.0151829998940229,0.0306160002946854,0.0495599992573261,0.239249005913734,115000,115000,115000,16892216,115000,436527232,52,0.06127048,4382722033436632576,107722526007752795,,,,,,,,,,,,,,,,,,,,,,,,,,,,,,,,4.691735696454624,0.035421507624668995,252.6007093256544,-0.2314164381570553,0.38871,0.36026,0.41275,7268.379,8.225696,7286.365424507757,197.90246307735015,190.6721758436006,7.919729489693492,0.06778281536385311,0.06971928497224855,0.5458892484103358,0.03965323388864417,0.03927644749977033,1.2656144651086025,0.03828491169034831,0.03500677840522237,2.80594651537722
1636042515805110273,4382759558564473088,1409630771,2016.0,252.63694968139367,0.41929399967193604,-0.08173588619469167,0.28404390811920166,4.066124797375075,0.5304774641990662,7.665028095245361,27.473520278930664,25.859086376331582,0.5610144138336182,-9.279115996462359,0.49910488724708557,31,1.0145280361175537,False,347,177.90070572850797,0.7904078960418701,225.07455444335938,20.061922073364258,36,108.43958661622787,9.467616081237793,11.453737258911133,20.250572204589844,33,102.12895545305527,5.187660217285156,19.686901092529297,19.72502326965332,0,6,0,4,0,1.1836296319961548,0.5255489349365234,0.18865013122558594,0.3368988037109375,17.977414619189265,26.572716373502974,251.1925156127021,22.231037496382754,0.018604406906175625,20849.344031212862,909.7296547132738,0.49662166347402736,0.36000001430511475,0.3499999940395355,0.38999998569488525,0,,,,,,,,,,,,,,,,,,,,,107902526369362340,20.1376991271973,20.108699798584,20.1758003234863,20.2458000183105,20.3701992034912,0.0153940003365278,0.0101429997012019,0.0221490003168583,0.0243590008467436,0.112804003059864,115000,115000,115000,115000,115000,436527104,52,0.08557108,4382759558564473088,107902526369362340,194934948,,,,,19.8331,,,,,,0.0509,,,,,,0,,,,,,0,,0,0,0,0.21888797,4382759558564473088,194934948,3.1818317154900577,0.05558057792206531,252.63694968139365,-0.0817358861946916,0.43937,0.42706,0.45095,7838.034,7.844339,9576.913915782781,372.2609194815723,348.54996230124925,7.909655854124434,0.08172655861375322,0.0842232439151287,0.5470296930928795,0.047898274969972454,0.04661258656937406,0.6303021137726477,0.010649926514814223,0.010560139449680594,4.828746201893393
1636042515805110273,438279869002091520,882623189,2016.0,39.09252389331133,0.39375653862953186,47.767385255497885,0.35837408900260925,4.394616747262251,0.5255851149559021,8.361379623413086,13.491090774536133,-10.561153640972826,0.4890359044075012,8.394734071448873,0.5316349864006042,31,1.0209330320358276,False,249,209.26027517657076,0.9147045016288757,228.7736358642578,19.885650634765625,25,116.86686442519853,6.858798027038574,17.038970947265625,20.169313430786133,23,106.17223254770798,7.683812141418457,13.81765079498291,19.68286895751953,0,1,0,0,0,1.0658453702926636,0.48644447326660156,0.2836627960205078,0.20278167724609375,140.57964719233428,-11.476485895996815,52.64332616604618,30.7125931888736,0.22074720651703125,176722.53118526583,1221.0367234010212,1.206880017211714,0.20000000298023224,0.18000000715255737,0.25999999046325684,0,1237661057424951018,20.59741,20.12091,19.91214,19.89552,19.98261,0.04409732,0.01582982,0.01661243,0.02190641,0.07048483,72092847431483408,275314147344,275179929616,4503874807300112,72057869217857552,275314147344,0.07655264,438279869002091520,1237661057424951018,165320390925431549,20.0601005554199,19.9174003601074,19.8983993530273,19.9444007873535,19.8432006835938,0.0248460005968809,0.00602200021967292,0.0216979999095201,0.0178089998662472,0.0701460018754005,115000,115000,115000,115000,115000,436527104,52,0.016100941,438279869002091520,165320390925431549,,,,,,,,,,,,,,,,,,,,,,,,,,,,,,,,4.453752361907269,0.2225033841438374,39.09252389331133,47.767385255497885,0.19571,0.16841,0.23603,7825.894,7.934114,7686.9203429876525,304.21725147050074,282.3159340306147,7.91585471307486,0.09461085623081278,0.09687216187816627,0.5449207854433371,0.05586513107216873,0.05378088320889329,1.1012505121466754,0.043721147804024696,0.0374381179133938,1.7461125668844708
1636042515805110273,4383595256120746880,84252768,2016.0,249.51501107120575,0.6222779154777527,0.5257928431426572,0.36076727509498596,5.606309017905104,0.7407211065292358,7.568717956542969,57.874671936035156,-57.52963742442872,0.9568715691566467,-6.310191704820171,0.8508459329605103,95,1.0296450853347778,False,368,125.66462826940496,0.8430113792419434,149.06634521484375,20.439334869384766,9,106.22689879420574,12.302303314208984,8.634716033935547,20.27295684814453,9,190.26999143763734,17.278635025024414,11.01186466217041,19.049468994140625,0,0,0,1,0,2.3594300746917725,1.2234878540039062,-0.16637802124023438,1.3898658752441406,16.74627105859001,29.561979304299946,247.7592314580304,22.397307178988825,0.0006091435170921365,505.4072681468253,855.2986641758456,2.316803349257317e-06,-99.0,1e+20,1e+20,999999,,,,,,,,,,,,,,,,,,,,,,,,,,,,,,,,,,,,,,,,,,,,,,,,,,,,,,,,,,,,,,,,,,,,,,,,,4.300358618109598,0.042211269849096886,249.5150110712057,0.5257928431426572,0.30222,0.27611,0.3212,,,5716.709596043089,731.6644499097129,405.9147616731343,7.224476631931932,0.42623589792292105,0.21214344258486495,0.2409688157147474,0.16372907191905914,0.04097488194053228,1.0726689028411818,0.17400849730880763,0.6866767913612755,6.2759075354572715
1636042515805110273,4383794881903469056,1588678571,2016.0,249.9865052194408,0.48158782720565796,0.7953879156522878,0.2377745807170868,4.5995378707688666,0.5478658676147461,8.39537239074707,8.99263858795166,8.017832794408626,0.6120640635490417,-4.072089241535601,0.44142967462539673,31,0.971240758895874,False,367,186.0234019600235,0.9457725286483765,196.68936157226562,20.01344871520996,38,108.1578084649006,7.067506790161133,15.3035306930542,20.25339698791504,41,108.93973892298855,7.007415294647217,15.546351432800293,19.654930114746094,0,0,0,0,0,1.1670442819595337,0.5984668731689453,0.23994827270507812,0.3585186004638672,17.29112085194454,29.297838577752064,248.22055207661367,22.734177558175368,0.12005096868222084,117295.84164987675,875.0338771192406,1.094114021789696,0.1899999976158142,0.18000000715255737,0.20000000298023224,0,1237655559867466550,20.94648,20.37496,20.12113,20.13237,20.9479,0.1372265,0.03526548,0.0384867,0.0557368,0.4315936,35253360132112,2252074960060432,275146375184,4503874773876752,275146375184,9007199254790161,0.028597148,4383794881903469056,1237655559867466550,108952499864894894,20.2731990814209,20.0468997955322,19.9939994812012,19.889799118042,19.7409000396729,0.0269910003989935,0.0218959990888834,0.0157050006091595,0.0595990009605885,0.186026006937027,115000,115000,115000,115000,115000,436527232,52,0.015248022,4383794881903469056,108952499864894894,,,,,,,,,,,,,,,,,,,,,,,,,,,,,,,,3.8391053061040408,0.24237317654880786,249.9865052194408,0.7953879156522878,0.32409,0.31251,0.33316,7081.541,7.839469,7589.7453530472,429.14756315288196,383.1130101071449,7.687488860699178,0.15218010858398578,0.1459448279302622,0.4260869411523537,0.07796848905512199,0.06555586570673061,0.8751929485967322,0.03705774878179313,0.03258915162364018,4.011542207437221
1636042515805110273,4384725588432355328,955583085,2016.0,253.61863069734963,0.47924745082855225,1.7976010101305047,0.34361401200294495,9.954677755808067,0.617119550704956,16.130874633789062,434.3653869628906,-396.8256513606092,0.663341760635376,-176.6428174248263,0.6233211159706116,95,1.029048204421997,False,372,135.99545097277957,0.7437219619750977,182.85792541503906,20.35355567932129,35,50.24218032416014,5.597233295440674,8.976252555847168,21.08587074279785,42,108.81789248287157,7.217751979827881,15.076424598693848,19.656145095825195,0,0,0,0,0,1.1695984601974487,1.4297256469726562,0.7323150634765625,0.6974105834960938,20.346635476204565,26.668824032969926,251.99528359297005,24.218791312075542,0.015469422425535428,5991.445418687179,975.9381110395022,1.2719599782202914e-48,0.07000000029802322,0.05999999865889549,0.09000000357627869,0,,,,,,,,,,,,,,,,,,,,,110152536192337932,21.0872993469238,20.2877006530762,19.9626998901367,19.8029003143311,19.5002994537354,0.0336310006678104,0.0316359996795654,0.0220880005508661,0.0455880016088486,0.100019000470638,115000,115000,115000,115000,115000,436527104,52,0.015149321,4384725588432355328,110152536192337932,,,,,,,,,,,,,,,,,,,,,,,,,,,,,,,,9.255332074748825,0.05443989711900471,253.61863069734963,1.7976010101305049,0.08386,0.07289,0.1013,4408.097,7.862673,4468.422469589315,90.87287037355782,92.78923326247968,7.746870677077783,0.08164929379325958,0.0777978216847739,0.43413647921007537,0.04364874802468027,0.03886038019847565,5.352495426415977,0.6007740383488356,0.47891813280648243,2.614557525820945
1636042515805110273,4384738782571222912,181080852,2016.0,253.52883535502218,0.19869163632392883,1.8612071435504283,0.1406763195991516,3.25306510865768,0.25130417943000793,12.944731712341309,9.177740097045898,-5.144104767425597,0.2874717116355896,-7.600598394990419,0.2460201531648636,31,0.9918474555015564,False,371,408.6882443307449,1.0421322584152222,392.1654357910156,19.158885955810547,21,286.03853251698524,12.856037139892578,22.24935531616211,19.197481155395508,21,168.75243820137806,11.122486114501953,15.172186851501465,19.17976951599121,0,0,0,0,0,1.1128065586090088,0.017711639404296875,0.03859519958496094,-0.020883560180664062,20.35881607398944,26.77828800429722,251.88899838776572,24.270839659796422,0.0009517899225137546,1281.6134567352242,966.0705045678047,0.0004677969974930282,0.2800000011920929,0.27000001072883606,0.28999999165534973,0,,,,,,,,,,,,,,,,,,,,,110232535288483928,19.0342998504639,19.2460994720459,19.448299407959,19.6844005584717,,0.0117490002885461,0.012172999791801,0.00951599981635809,0.0510249994695187,,115000,115000,115000,16892216,114720,436527104,52,0.031297084,4384738782571222912,110232535288483928,,,,,,,,,,,,,,,,,,,,,,,,,,,,,,,,2.6833706946103346,0.07012341068341944,253.52883535502215,1.8612071435504285,0.39153,0.38589,0.39792,14211.87,8.043163,16651.182070899533,2223.052205222335,1899.3916250536968,7.889482945813233,0.14632766935995,0.15013458175337924,0.5552117606694282,0.08620866676593897,0.08048003362538714,0.11305078934820258,0.023456604832218855,0.019464393318069886,0.8359358115177765
1636042515805110273,4384995239363201280,1609249901,2016.0,255.56839887284536,0.1614825278520584,2.2218528908828716,0.1112079843878746,2.85470685746143,0.2284943014383316,12.493557929992676,8.478796005249023,8.478459664177587,0.20941272377967834,-0.07547749736323953,0.14852815866470337,31,0.9968709349632263,False,487,483.9841992253075,0.873467743396759,554.0950927734375,18.97528839111328,57,337.6922482086588,6.890985012054443,49.00493240356445,19.01723861694336,55,196.56229846097435,5.136650562286377,38.26662826538086,19.014144897460938,0,3,0,2,0,1.103867769241333,0.003093719482421875,0.041950225830078125,-0.03885650634765625,21.820121119150297,25.178564278065096,254.06874169222587,24.86651807718862,0.15948854628648382,201127.04922070942,993.1268448934269,0.8652041145683481,0.3700000047683716,0.36000001430511475,0.3799999952316284,0,,,,,,,,,,,,,,,,,,,,,110662555683316705,18.9078006744385,19.0874004364014,19.328800201416,19.5216007232666,19.5729007720947,0.0106600001454353,0.00446399999782443,0.0105299996212125,0.0166730005294085,0.0455700010061264,115000,115000,115000,115000,115000,436527104,52,0.024797482,4384995239363201280,110662555683316705,,,,,,,,,,,,,,,,,,,,,,,,,,,,,,,,2.5033321866495912,0.18007895200818222,255.56839887284536,2.221852890882872,0.4548,0.44777,0.46092,15694.12,7.79335,17990.92629521607,4513.275223373719,3308.1483581114408,7.729268207652408,0.2653681611950347,0.24673012123676408,0.47973088009161313,0.1466702995638981,0.11131179337711083,0.05874109251891814,0.031585014507468576,0.02342119037297235,0.6923678447859302
1636042515805110273,4385088216816967808,534514160,2016.0,255.09899446906778,0.3013809323310852,2.731491072717175,0.19895292818546295,3.7512313741283436,0.40212178230285645,9.328595161437988,10.656184196472168,-10.467999824252978,0.4560072422027588,1.9937998371697125,0.3130713999271393,31,1.0119235515594482,False,539,215.84294004499966,0.5909454822540283,365.25018310546875,19.852022171020508,56,144.00660105587662,5.364262104034424,26.845556259155273,19.94258689880371,52,92.40950908116507,6.162598133087158,14.995219230651855,19.833602905273438,0,1,0,2,0,1.0953154563903809,0.10898399353027344,0.09056472778320312,0.018419265747070312,22.06188222247236,25.835869127491854,253.49152624256254,25.320840922379354,0.003693764773057388,3732.8660996524245,968.616983657275,0.055568892853268555,0.3100000023841858,0.28999999165534973,0.3199999928474426,0,,,,,,,,,,,,,,,,,,,,,111272550990648163,19.8882999420166,19.9265003204346,20.0484008789063,20.1478996276855,19.9102993011475,0.0123690003529191,0.00821099989116192,0.0120400004088879,0.0224389992654324,0.0847970023751259,115000,115000,115000,115000,115000,436527104,52,0.043211196,4385088216816967808,111272550990648163,,,,,,,,,,,,,,,,,,,,,,,,,,,,,,,,3.5294881590098472,0.07825384480439167,255.09899446906775,2.731491072717175,0.39212,0.38329,0.4005,12608.84,8.548275,11051.324029434101,644.9248704291495,528.3697553656621,8.251385041365875,0.08176846034483276,0.08271520932475873,0.758995553011592,0.05439719276971777,0.054098712203216937,0.6955956085490542,0.01526394003340481,0.01797651697168068,3.4626256034866096
1636042515805110273,4385358765397062144,1514184775,2016.0,254.64805051694628,0.4594923257827759,3.2658316308036692,0.302644819021225,4.711436265832298,0.681853711605072,6.909746170043945,41.768898010253906,1.447412573443075,0.6413019895553589,-41.74381203639417,0.4353772699832916,31,1.0074760913848877,False,509,131.33910825292546,0.5465555191040039,240.30332946777344,20.391382217407227,53,73.82953385083744,4.716123104095459,15.654708862304688,20.667966842651367,53,78.0575988849904,4.779364585876465,16.332212448120117,20.016857147216797,0,1,0,0,0,1.1564501523971558,0.6511096954345703,0.2765846252441406,0.3745250701904297,22.340845054328536,26.488266045540577,252.92750698514226,25.799816832703428,0.1528738582759824,121167.11739441172,936.785995038896,1.1799267334015173,0.25999999046325684,0.23000000417232513,0.27000001072883606,0,,,,,,,,,,,,,,,,,,,,,111912546480769522,20.6107006072998,20.4090995788574,20.3349990844727,20.2682991027832,19.5739002227783,0.0207599997520447,0.013171000406146,0.0152700003236532,0.0330870002508163,0.187481001019478,115000,115000,115000,115000,114992,436527104,52,0.103295356,4385358765397062144,111912546480769522,,,,,,,,,,,,,,,,,,,,,,,,,,,,,,,,4.522396880561008,0.016079872027852812,254.64805051694623,3.265831630803669,0.33687,0.31397,0.35173,6996.368,8.078923,7145.688406794199,240.94502640371775,227.31188781121182,8.01865382513865,0.07677420822904324,0.0803450734682345,0.6033397899340078,0.04783557621804757,0.04802916514219058,1.527760610893315,0.058412065302467786,0.055601448261294095,2.9950797190103313
1636042515805110273,4385407418787355136,811952932,2016.0,251.7322660832539,0.3020342290401459,1.5645367418117684,0.20181286334991455,2.2986526726998115,0.393829345703125,5.836671829223633,12.805785179138184,-8.824976243429468,0.4262770116329193,-9.279435361907725,0.32659584283828735,31,1.019071340560913,False,349,264.1531444562323,0.8259303569793701,319.824951171875,19.632726669311523,19,190.36792661950363,9.729852676391602,19.565345764160156,19.639556884765625,17,115.05267161021077,11.176916122436523,10.293776512145996,19.595653533935547,0,0,0,0,0,1.1562254428863525,0.043903350830078125,0.0068302154541015625,0.03707313537597656,19.059424228065225,28.18685739189107,249.98204947648827,23.743262232711658,0.05850049871374155,91619.6682825134,932.9662764046905,1.0494076607643372,0.23999999463558197,0.23999999463558197,0.23999999463558197,0,1237655558794510903,20.13612,19.63787,19.89456,20.3413,21.40955,0.0803974,0.02172794,0.03183537,0.06376559,0.6943359,105624251797520,275146375184,268468240,4503599895838736,70369012781073,134250513,0.049551003,4385407418787355136,1237655558794510903,109872517324057917,19.5534000396729,19.7028999328613,19.9647998809814,20.1292991638184,20.1958999633789,0.0130179999396205,0.00975599978119135,0.0104909995570779,0.0355609990656376,0.173380002379417,115000,115000,115000,115000,115000,436527104,52,0.040552393,4385407418787355136,109872517324057917,,,,,,,,,,,,,,,,,,,,,,,,,,,,,,,,2.529928175060427,0.30527818550163593,251.7322660832539,1.5645367418117684,0.36736,0.36079,0.37459,13483.64,7.798545,16107.045293929688,2105.5793190095064,1853.5660159006857,8.188313822645842,0.14365199113182037,0.14442251629919056,0.7283601796856367,0.09440536342760675,0.09193385931405118,0.22552262298932058,0.035914305389151246,0.029926838969654257,3.772451631188299
1636042515805110273,4385489538559963392,637573765,2016.0,251.80835255930774,0.2041916698217392,1.944069331312155,0.12672372162342072,4.284344660158433,0.24225907027721405,17.68497085571289,5.04502534866333,-4.797199757561879,0.24111086130142212,1.561778821341417,0.2208126038312912,31,0.9654991030693054,False,389,546.4648317559263,1.1467968225479126,476.5140686035156,18.843461990356445,44,381.65917007674824,8.565346717834473,44.55852127075195,18.884353637695312,42,228.91173230837109,5.1170973777771,44.734683990478516,18.848726272583008,0,3,0,2,0,1.1173105239868164,0.03562736511230469,0.04089164733886719,-0.0052642822265625,19.475484329802086,28.311363912034103,250.00794823770477,24.129614871297047,0.014461169313023669,12612.779763848996,919.5972611849713,0.029931971137049495,0.1899999976158142,0.18000000715255737,0.1899999976158142,0,,,,,,,,,,,,,,,,,,,,,110332518083633327,18.7796001434326,18.9423999786377,19.1345996856689,19.2978000640869,19.3560009002686,0.00849500019103289,0.00810199975967407,0.0105579998344183,0.014653000049293,0.0544909983873367,115000,115000,115000,115000,115000,436527232,52,0.022158466,4385489538559963392,110332518083633327,,,,,,,,,,,,,,,,,,,,,,,,,,,,,,,,4.105505461158058,0.07830815391899408,251.8083525593077,1.944069331312155,0.32251,0.31854,0.32602,13003.31,8.188234,13641.528682033873,842.7395718375428,744.9026677929996,8.102214230734903,0.06775069528832134,0.06279727680650637,0.6702457104174121,0.04371885332669956,0.03961454881327886,0.3189560825093539,0.02286234741017118,0.021497442126426625,1.4820554907442214
1636042515805110273,4385685663946113664,1566071653,2016.0,250.75884896822083,0.2122846394777298,2.133522888987688,0.1484553962945938,3.1758309076961506,0.26254647970199585,12.096261978149414,24.262407302856445,-2.873288092320678,0.2919069528579712,-24.091670818460134,0.2622371017932892,31,1.1116198301315308,False,341,454.6318994163893,1.1136767864227295,408.22607421875,19.043216705322266,37,342.55803330387874,7.446625232696533,46.00178146362305,19.001707077026367,37,178.9533990016566,5.7398200035095215,31.177528381347656,19.116044998168945,0,1,0,2,0,1.1471070051193237,-0.11433792114257812,-0.04150962829589844,-0.07282829284667969,19.06267265682884,29.313926020984315,248.84076168940985,24.170491507512278,0.005998337534495069,7041.210232644122,903.6817668757817,0.003255629139477147,0.1899999976158142,0.1899999976158142,0.20000000298023224,0,1237655560404992603,19.51706,18.94314,19.14812,19.33928,19.40709,0.05113761,0.01274314,0.01758614,0.0300968,0.1226118,68987912704,275146375680,275146375168,4503874773745664,275146375168,275146375168,0.014202212,4385685663946113664,1237655560404992603,110562507588400747,18.9678993225098,19.1588001251221,19.3873996734619,19.6030006408691,19.761999130249,0.0102899996563792,0.00766699993982911,0.00954299978911877,0.014058000408113,0.0211810003966093,115000,115000,115000,115000,115000,436527104,52,0.056154434,4385685663946113664,110562507588400747,,,,,,,,,,,,,,,,,,,,,,,,,,,,,,,,3.054943787655523,0.10641223653475822,250.7588489682208,2.133522888987688,0.30714,0.30347,0.3105,17276.79,8.211897,14318.245239186686,596.4605970667617,578.9949756152619,7.883217523055064,0.05211352102668165,0.055122443274447264,0.5460852814163796,0.029624006988075435,0.03044446304844639,0.19370088813845787,0.010366913388982046,0.009968968483763385,2.834382825533661
1636042515805110273,4386112175677358848,1412488541,2016.0,253.8271300164733,0.2593768537044525,3.3970730357529884,0.18863153457641602,3.3397287783150262,0.3747221827507019,8.912546157836914,8.013418197631836,-5.386262158239769,0.3669205904006958,-5.933216193514364,0.26962876319885254,95,0.9244861006736755,False,472,262.29006902086843,0.7537976503372192,347.95819091796875,19.640411376953125,52,174.50459872980275,6.417867660522461,27.190433502197266,19.734025955200195,52,111.19902086875399,4.905839443206787,22.66666603088379,19.63264274597168,0,1,0,1,0,1.0892658233642578,0.10138320922851562,0.09361457824707031,0.0077686309814453125,22.026322907778557,27.269391300932842,252.00619640306454,25.831736707902547,0.1423897605014637,122447.74789546215,900.4986680139439,1.0148571383586755,0.27000001072883606,0.25,0.2800000011920929,0,,,,,,,,,,,,,,,,,,,,,112072538271836887,19.5764007568359,19.7233009338379,19.926700592041,20.1676006317139,20.203800201416,0.00610500015318394,0.00815100036561489,0.00946800038218498,0.0462189987301826,0.0938799977302551,115000,115000,115000,115000,115000,436527104,52,0.016485019,4386112175677358848,112072538271836887,,,,,,,,,,,,,,,,,,,,,,,,,,,,,,,,4.138552069823683,0.028289735052989377,253.8271300164733,3.3970730357529884,0.33751,0.33007,0.34634,12581.92,8.279632,14879.949917702177,1033.6866389377337,908.6883750256275,8.684804489621499,0.056851208214808935,0.05243642042808894,1.0387866718134924,0.03289930073064751,0.031789071228835786,0.655002221037101,0.05706926281529057,0.05248372908139842,1.4596042124947652
1636042515805110273,4386153682237796096,1709514225,2016.0,254.1949457766443,0.09792223572731018,3.8311968262905736,0.07036405801773071,6.209170235376683,0.15293703973293304,40.599517822265625,72.984375,13.63395951451622,0.13581328094005585,-71.69961074080571,0.09118912369012833,31,1.024789571762085,False,535,1078.6106598539861,1.2452976703643799,866.1468505859375,18.105205535888672,42,745.9508293101,7.5940937995910645,98.2277603149414,18.156766891479492,37,536.0808691554387,13.166141510009766,40.71662521362305,17.924819946289062,0,1,0,2,0,1.1885954141616821,0.2319469451904297,0.05156135559082031,0.18038558959960938,22.65288494407204,27.156555715583796,252.35285565025313,26.307394789993538,0.0007649332346750938,427.9484625532212,916.0958524369496,5.2703462637039995e-06,0.17000000178813934,0.1599999964237213,0.1899999976158142,0,,,,,,,,,,,,,,,,,,,,,112592541949298020,18.0888996124268,18.206600189209,18.3829002380371,18.5191993713379,18.6467990875244,0.00647999998182058,0.00727500021457672,0.00413999985903502,0.00977199990302324,0.0329690016806126,16892216,115000,115000,115000,16696,436527104,52,0.026524335,4386153682237796096,112592541949298020,,,,,,,,,,,,,,,,,,,,,,,,,,,,,,,,6.33004991933408,0.08302264504968841,254.19494577664432,3.8311968262905736,0.25537,0.24806,0.26215,10317.02,7.889936,11736.562629076743,477.22245179582205,401.3697518289646,8.098668628602965,0.04898582716509026,0.05111539047322822,0.6639017326231694,0.03158127911007946,0.03204978298642969,0.47683430409444155,0.013175828550723967,0.017923300658426344,3.7321313810704755
1636042515805110273,4386260506664036096,1806087976,2016.0,252.82870430428923,0.26134106516838074,3.3515290180051376,0.1826288253068924,2.662649219737657,0.3418719172477722,7.788440704345703,2.8711724281311035,-0.5911590097500763,0.3981638550758362,2.8096552727736688,0.3240596055984497,31,0.9606497883796692,False,385,279.83129223541187,0.7967700362205505,351.20709228515625,19.570125579833984,42,193.95324688735718,5.533032417297363,35.0536994934082,19.619298934936523,45,114.83831796201963,5.582324028015137,20.571775436401367,19.597679138183594,0,3,0,2,0,1.1034919023513794,0.021619796752929688,0.04917335510253906,-0.027553558349609375,21.435461730010285,28.11896452788796,250.91497273648093,25.660283263725066,0.0017755877023151203,2606.1353180838246,927.8733182257498,0.015390026745214728,0.25,0.23999999463558197,0.25,0,,,,,,,,,,,,,,,,,,,,,112022528287202281,19.488899230957,19.6685009002686,19.7616004943848,19.8666000366211,19.9575004577637,0.0108369998633862,0.0235370006412268,0.0165160000324249,0.0799819976091385,0.092009998857975,115000,115000,115000,115000,16793912,436527104,52,0.016028987,4386260506664036096,112022528287202281,,,,,,,,,,,,,,,,,,,,,,,,,,,,,,,,2.4144071233655957,0.023581258742872525,252.8287043042892,3.3515290180051376,0.32545,0.31947,0.33125,13645.11,7.993805,12219.19142053532,778.3594100269165,654.7473570573475,7.642000643896848,0.08315294307282439,0.07196029995863462,0.42304990057218045,0.03992377348700138,0.032417933689705414,0.2250297021707646,0.01902742900430185,0.01836723942903884,2.816530604098685
1636042515805110273,4386642380798646656,385155452,2016.0,258.65491173155596,0.09962533414363861,0.980528327285475,0.07725182175636292,6.357799710585872,0.14120222628116608,45.02619934082031,34.268856048583984,-31.14514173234721,0.13853539526462555,-14.294564503677618,0.0924777090549469,31,1.294385313987732,False,389,1535.370524863174,1.9619051218032837,782.5916137695312,17.721834182739258,41,1165.673966075384,17.049467086791992,68.37010955810547,17.672100067138672,42,841.5369652729215,15.804084777832031,53.24806594848633,17.435213088989258,0,36,0,37,0,1.3073136806488037,0.23688697814941406,-0.04973411560058594,0.28662109375,22.269623264873,21.878585951606873,257.57340844469,23.93173549716226,0.005999333310133234,3356.6894206748566,1038.3268487315252,0.00017819543465211036,0.3799999952316284,0.3700000047683716,0.4000000059604645,0,1237655551822397460,18.13504,17.58271,17.50087,17.59114,17.62215,0.01551151,0.005118936,0.005659678,0.007524213,0.0221428,103347785728,268599296,268468224,4503599895838720,275146510336,275280592896,0.15872622,4386642380798646656,1237655551822397460,109172586547487025,17.6783008575439,17.7248001098633,17.8335990905762,17.9423007965088,17.925199508667,0.00381599995307624,0.00792500004172325,0.0105060003697872,0.0323179997503757,0.0282039996236563,115000,16892216,16892216,16892216,16892216,444915712,53,0.12430847,4386642380798646656,109172586547487025,304686323,,,,,17.6535,17.6804,,,,,0.0383,0.0561,,,,,0,0,,,,,0,0,0,0,0,0.32300252,4386642380798646656,304686323,6.384103722335794,0.030723985894237527,258.654911731556,0.980528327285475,0.3915,0.37605,0.40581,10216.08,7.547059,10139.788372235982,208.9970737321146,197.34467574531845,7.374215332491284,0.04154771208892605,0.04131233904709131,0.312955283824607,0.01481117629204487,0.014093012881283673,0.28126014827661966,0.00339411003373441,0.0035995472337359558,10.624225796343467
1636042515805110273,4386943539610092800,1554717448,2016.0,258.8457370975888,0.169056236743927,1.5458812595305527,0.12934157252311707,7.230440237776473,0.23037728667259216,31.385211944580078,78.49600982666016,-12.234931797461371,0.22281110286712646,-77.5366344297715,0.16007600724697113,31,1.0128058195114136,False,340,506.06365485262194,0.9969809055328369,507.59613037109375,18.92685317993164,33,306.2115428830336,6.894062042236328,44.416709899902344,19.12348747253418,37,286.3694093854123,9.061659812927246,31.602312088012695,18.605579376220703,0,0,0,0,0,1.1709612607955933,0.5179080963134766,0.19663429260253906,0.3212738037109375,22.90263928822678,21.984467689142477,257.7290950797054,24.51127147844903,0.0023145883622929775,1094.2311355279332,1057.7437517887365,0.00015499683753759239,0.25,0.2199999988079071,0.27000001072883606,0,,,,,,,,,,,,,,,,,,,,,109852588457525655,19.121000289917,18.9479007720947,18.918399810791,18.9549999237061,18.9480991363525,0.00923699978739023,0.00862899981439114,0.00639799982309341,0.0132419997826219,0.0328110009431839,115000,115000,115000,115000,115000,436527104,52,0.18376407,4386943539610092800,109852588457525655,,,,,,,,,,,,,,,,,,,,,,,,,,,,,,,,7.549110307242833,0.057989246376971414,258.8457370975888,1.5458812595305529,0.25978,0.22914,0.29156,7767.024,7.971988,7664.2528602158345,220.32149999862304,213.3390806578691,7.990462793744171,0.06507018236365791,0.06554885791158593,0.587882130782074,0.03972231132260329,0.03856398883782597,1.2266796239096396,0.031774543027561775,0.02914849247230067,0.9559933985085666
1636042515805110273,4386963335112335104,669485524,2016.0,258.7538475675532,0.1086021214723587,1.7722671770743796,0.08210325986146927,14.432400842748367,0.15511269867420197,93.04461669921875,161.37606811523438,-101.75794536758407,0.14914116263389587,-125.24997367012509,0.10266022384166718,31,0.9821140766143799,False,326,948.0638368190157,1.3331584930419922,711.14111328125,18.24527359008789,31,508.1664903719714,10.821486473083496,46.95903015136719,18.57352638244629,30,588.7234788549518,9.219759941101074,63.85453414916992,17.823116302490234,0,1,0,1,0,1.156978964805603,0.7504100799560547,0.32825279235839844,0.42215728759765625,23.069257475275343,22.17380352809063,257.607259733079,24.729031882727575,0.0246207748021639,6115.564808619145,1040.5550179348118,0.00012551323443378586,0.03999999910593033,0.03999999910593033,0.03999999910593033,0,,,,,,,,,,,,,,,,,,,,,110122587540087374,18.5214004516602,18.2469005584717,18.1551990509033,18.1686000823975,18.1665992736816,0.00542199984192848,0.00582200009375811,0.00416800007224083,0.0101749999448657,0.0105349998921156,115000,115000,115000,115000,115000,436527104,52,0.39326572,4386963335112335104,110122587540087374,,,,,,,,,,,,,,,,,,,,,,,,,,,,,,,,14.460856294998031,0.015963609301829464,258.7538475675532,1.7722671770743796,0.05301,0.05267,0.05336,6159.308,8.070069,6241.02275313368,78.3249327028143,74.84451937790709,8.112399329245154,0.032053617757915376,0.03211349643005157,0.6582249218171086,0.020584808073275562,0.020533937480367248,2.612007442479343,0.13907412677048514,0.09250700425750669,2.5963048883043895
1636042515805110273,4387164717540206336,268781860,2016.0,259.5781286455253,0.3645167350769043,1.8467737136279885,0.2677285373210907,10.28183165720381,0.49952825903892517,20.583084106445312,134.80572509765625,79.24647998365343,0.5136075019836426,-109.05309458249306,0.3270031809806824,95,1.02824068069458,False,512,192.2917991933266,0.6134549975395203,313.4570617675781,19.97746467590332,44,78.27420613168164,5.675942420959473,13.790521621704102,20.604496002197266,43,156.6242724692362,5.310121536254883,29.49542236328125,19.2607479095459,0,1,0,1,0,1.221572995185852,1.3437480926513672,0.6270313262939453,0.7167167663574219,23.564669904103727,21.48618386971844,258.5049870577917,24.871141286357116,0.0010026825029182255,360.3682147068213,1083.8451624558072,1.0044304194618988e-08,0.07999999821186066,0.07000000029802322,0.10000000149011612,0,,,,,,,,,,,,,,,,,,,,,110212595780226824,20.721399307251,19.9610004425049,19.5839996337891,19.3455009460449,,0.0112110003829002,0.0126350000500679,0.0111170001327991,0.0298909991979599,,115000,115000,115000,16696,16416,436527104,52,0.40863883,4387164717540206336,110212595780226824,,,,,,,,,,,,,,,,,,,,,,,,,,,,,,,,9.973992385530439,0.053606279482720516,259.5781286455253,1.8467737136279885,0.07873,0.07173,0.08878,4573.133,7.764482,4431.173324698881,71.17345738704171,72.62929149158117,7.529020814364827,0.06286728250125417,0.07005100987971336,0.332575250926455,0.027538627977932495,0.028526888346204204,3.5903852092784803,0.20705287226946156,0.19194391331344418,2.2648142637766284
1636042515805110273,4387443581175220992,388006801,2016.0,258.8986036633633,0.16175568103790283,2.3913311915706057,0.13091182708740234,5.861393079020599,0.21648487448692322,27.075300216674805,18.336204528808594,11.87371410470703,0.22400709986686707,-13.972520618065156,0.15617085993289948,31,0.9775152802467346,False,314,611.4547673444649,1.1849710941314697,516.0081787109375,18.72145652770996,32,400.461655483384,11.192349433898926,35.779945373535156,18.83213996887207,33,320.5025824061612,7.268568992614746,44.09431838989258,18.48331642150879,0,0,0,1,0,1.1790965795516968,0.34882354736328125,0.11068344116210938,0.23814010620117188,23.731484113245127,22.34275381390712,257.708215751611,25.358159109373137,0.0037913421894797687,2372.435593984367,1038.645158617709,0.0015473287558059646,0.33000001311302185,0.3199999928474426,0.3499999940395355,0,,,,,,,,,,,,,,,,,,,,,110872588985670084,18.8159999847412,18.7919006347656,18.8159999847412,18.8920001983643,18.951099395752,0.00734400004148483,0.0188999995589256,0.0119930002838373,0.0164759997278452,0.0228560008108616,115000,115000,115000,115000,115000,436527248,52,0.044506993,4387443581175220992,110872588985670084,,,,,,,,,,,,,,,,,,,,,,,,,,,,,,,,5.710504614864864,0.03421343648945491,258.8986036633633,2.3913311915706057,0.38249,0.36505,0.40057,9161.204,7.864102,9466.175996201786,255.19264770354494,249.9008907263178,7.8681448747537495,0.05839157826796626,0.0604638711258092,0.5237690701301163,0.033115895490247294,0.032703921629081145,0.6177372083607353,0.00799333191336038,0.007774472609374694,2.0305480375247114
1636042515805110273,4388713512810840448,1097625097,2016.0,258.2370034951684,0.3658076226711273,4.289897340937316,0.3108340799808502,3.346289593663333,0.4943295419216156,6.769349575042725,17.196861267089844,3.685260860382132,0.5077148675918579,-16.797346893527905,0.3792252242565155,31,1.0857985019683838,False,308,192.93467315656872,0.8426346778869629,228.96597290039062,19.973840713500977,32,131.39370653188158,6.42982816696167,20.435026168823242,20.04210662841797,33,100.68022709845924,6.570669174194336,15.322674751281738,19.740535736083984,0,2,0,3,0,1.2028627395629883,0.3015708923339844,0.06826591491699219,0.2333049774169922,25.212873863299045,23.820485612653304,256.78825360667196,27.191288385444665,0.08561211970198065,130183.64341976905,989.6254361454053,1.1667620537552994,0.41999998688697815,0.38999998569488525,0.4399999976158142,0,,,,,,,,,,,,,,,,,,,,,113142582369348352,20.0918998718262,19.9941005706787,20.085599899292,20.2959003448486,20.0771007537842,0.0135350003838539,0.0135899996384978,0.0115339998155832,0.0375449992716312,0.0961759984493256,115000,115000,115000,115000,115000,436527104,52,0.045182966,4388713512810840448,113142582369348352,,,,,,,,,,,,,,,,,,,,,,,,,,,,,,,,2.810487631570258,0.33723749278350196,258.2370034951684,4.289897340937316,0.40504,0.3932,0.41757,10325.67,8.109306,10215.552736032703,2164.11508096131,1298.2243930487548,7.8299138290540125,0.3004899379119941,0.31632446025289074,0.5056031382034805,0.17953077239026805,0.14839209244320395,0.4670854659914174,0.03498889507790437,0.046858150962166834,1.2642509781707458
1636042515805110273,4388894936525429632,1343107828,2016.0,261.5341360784003,0.2906574010848999,3.438254593987567,0.23173929750919342,1.935917420202824,0.3742983341217041,5.172123908996582,7.7741594314575195,1.4593881530700064,0.40037694573402405,7.63595074437625,0.2947865128517151,31,1.0644084215164185,False,449,189.6309568391934,0.6602533459663391,287.2093811035156,19.99259376525879,45,133.10953161904564,7.075804233551025,18.81192970275879,20.028018951416016,43,83.86411516323037,5.5169901847839355,15.20106315612793,19.938955307006836,0,0,0,1,0,1.1441890001296997,0.08906364440917969,0.03542518615722656,0.053638458251953125,26.054615406990457,20.513011714436885,260.5404849701895,26.59996604993577,0.0056471134998256865,9883.912479780774,1154.8282670747926,0.023023613829239464,0.3700000047683716,0.36000001430511475,0.3700000047683716,0,,,,,,,,,,,,,,,,,,,,,112122615341116330,19.9633007049561,20.1086006164551,20.2113990783691,20.4375,,0.00614999979734421,0.0185419991612434,0.0241400003433228,0.046339001506567,,115000,115000,115000,115000,114720,436527232,52,0.042611502,4388894936525429632,112122615341116330,,,,,,,,,,,,,,,,,,,,,,,,,,,,,,,,2.0194614560243966,0.11765229559495055,261.5341360784003,3.438254593987567,0.51115,0.50248,0.51951,12986.79,7.678029,15619.260452442153,3629.050335289472,2534.3420178148845,7.891478944072809,0.24382791263766812,0.22537308921923138,0.5539038748632196,0.14754639328938657,0.11751047368970696,0.14518696792339802,0.042139403539666886,0.035969501214372604,1.0289175004470748
1636042515805110273,4389439190484764928,1722265968,2016.0,263.2333520240214,0.34436967968940735,4.5185923846698035,0.31627556681632996,3.2034479794007313,0.49624311923980713,6.455399990081787,11.95997428894043,-11.902737812218096,0.4733376204967499,1.168682964644135,0.4036434590816498,31,1.0710641145706177,False,401,144.83823904808642,0.7065016627311707,205.0076446533203,20.285158157348633,40,91.78475875103429,6.19023323059082,14.827350616455078,20.431615829467773,37,77.48512006062693,8.596116065979004,9.013968467712402,20.02484893798828,0,2,0,1,0,1.1686822175979614,0.4067668914794922,0.14645767211914062,0.26030921936035156,27.906795134535585,19.507160328633162,262.3709126835207,27.778849079950664,0.18565840508296338,121805.15973998813,1209.5775674984045,1.169557540351563,0.3499999940395355,0.3400000035762787,0.36000001430511475,0,,,,,,,,,,,,,,,,,,,,,113422632333842782,20.4395999908447,20.3180999755859,20.3565998077393,20.3311996459961,20.3269996643066,0.0392180010676384,0.0165260005742311,0.0180510003119707,0.0369709990918636,0.14970800280571,115000,115000,115000,115000,115000,436527104,52,0.03802845,4389439190484764928,113422632333842782,,,,,,,,,,,,,,,,,,,,,,,,,,,,,,,,4.027108255955534,0.39461521759783336,263.2333520240214,4.518592384669804,0.43891,0.42538,0.44943,9163.438,8.029971,8920.61181105001,1194.982828627246,968.7648080320505,8.246055619759122,0.2383915951482667,0.2504386947577739,0.7511649896935692,0.15836102824912324,0.15926780327044987,1.2177333587826191,0.15320889855603337,0.11394419628862829,0.7182133854603544
1636042515805110273,4389458848551864576,975761622,2016.0,262.86813055028256,0.17891141772270203,4.645977691606899,0.14884227514266968,4.022393870405683,0.24593886733055115,16.35525894165039,16.994108200073242,13.912217262046827,0.24175938963890076,9.759605525811216,0.17784933745861053,31,0.9840362668037415,False,430,408.7238455061689,0.982997477054596,415.79339599609375,19.15879249572754,29,277.7862143025816,10.240192413330078,27.127050399780273,19.229265213012695,30,203.71460922212154,8.536356925964355,23.864349365234375,18.975339889526367,0,0,0,0,0,1.1780591011047363,0.2539253234863281,0.07047271728515625,0.18345260620117188,27.85034454041516,19.889178299363685,261.9520041918457,27.88623261580218,0.005937333620663977,4935.723806786261,1194.9353127339502,0.001638262370263556,0.3199999928474426,0.3100000023841858,0.3199999928474426,0,,,,,,,,,,,,,,,,,,,,,113572628681145581,19.203800201416,19.2115001678467,19.3486995697021,19.4806995391846,,0.0189270004630089,0.00696999998763204,0.0122379995882511,0.0318370014429092,,115000,115000,16696,16952,16416,436527232,52,0.05145301,4389458848551864576,113572628681145581,,,,,,,,,,,,,,,,,,,,,,,,,,,,,,,,4.222530692251404,0.1262020773703061,262.86813055028256,4.645977691606899,0.40596,0.39871,0.41406,10142.77,7.84295,11372.497881230014,825.3583148331218,658.796369200003,8.08190928339587,0.09532889053128635,0.09998011006618945,0.6528848686461685,0.06116875639476038,0.06154804316046081,0.5053871844029804,0.01731225976236328,0.025964457994984702,1.6465321532357027
1636042515805110273,4389608068599394688,675012200,2016.0,262.12463554439404,0.19970662891864777,4.326182175972568,0.1667724996805191,2.69777722362652,0.26725801825523376,10.094279289245605,12.375516891479492,0.1474287831414964,0.26502254605293274,-12.374639057151796,0.2061527967453003,31,1.0232492685317993,False,428,341.19664322874837,0.9405088424682617,362.7787780761719,19.354854583740234,44,245.74101373675086,6.161477565765381,39.883453369140625,19.362348556518555,43,134.63179350875285,5.486912250518799,24.536895751953125,19.425025939941406,0,0,0,0,0,1.114819884300232,-0.06267738342285156,0.0074939727783203125,-0.07017135620117188,27.185678790172556,20.401325547170046,261.1374367103019,27.523501167465575,0.08616778249733514,114985.0381542665,1148.7803792373006,0.9365746263011614,0.3400000035762787,0.33000001311302185,0.3400000035762787,0,,,,,,,,,,,,,,,,,,,,,113192621246121893,19.3038005828857,19.5018005371094,19.7070999145508,19.8607006072998,19.922399520874,0.0117640001699328,0.0194169990718365,0.00827699992805719,0.0216269996017218,0.0399000011384487,115000,115000,115000,115000,115000,436527104,52,0.029900922,4389608068599394688,113192621246121893,,,,,,,,,,,,,,,,,,,,,,,,,,,,,,,,2.2613988108770138,0.19758729527657476,262.12463554439404,4.326182175972568,0.44719,0.4417,0.45238,18133.74,8.160838,17982.530142221225,5181.068307769336,3624.012661501167,7.841730058545863,0.2922286802137677,0.27444976313545677,0.5339657081151554,0.17420110701865565,0.13480316959221006,0.07422248672489612,0.04140186483182086,0.02781675069602215,0.887221095788783
1636042515805110273,4389764615861841024,583504231,2016.0,262.9140970091796,0.17427141964435577,5.113608712317998,0.14438524842262268,16.72407151606236,0.25366243720054626,65.930419921875,158.1854248046875,-157.49296731729538,0.22455215454101562,14.784964189656458,0.18417313694953918,95,1.100719690322876,False,427,460.91250682938914,0.9936461448669434,463.85980224609375,19.0283203125,48,239.85917318116566,9.975860595703125,24.04395866394043,19.38865089416504,47,426.0078911589032,10.90707778930664,39.05792999267578,18.17435073852539,0,30,0,29,0,1.4446712732315063,1.2143001556396484,0.36033058166503906,0.8539695739746094,28.315408915540253,20.061609984498872,261.9742583955915,28.35569098758838,0.001805868106392147,400.3948545132027,1184.1127766037014,7.516967827166867e-06,0.029999999329447746,0.029999999329447746,0.029999999329447746,0,,,,,,,,,,,,,,,,,,,,,114132629143236797,19.5592994689941,18.9680995941162,18.6513996124268,18.4990005493164,18.3673000335693,0.0181970000267029,0.00641399994492531,0.00576600013300776,0.00832900032401085,0.0709680020809174,16892216,16892216,16892216,16892216,16892216,444915712,53,0.42461887,4389764615861841024,114132629143236797,,,,,,,,,,,,,,,,,,,,,,,,,,,,,,,,16.194818185476286,0.028811152936948598,262.9140970091796,5.113608712317998,0.04717,0.0468,0.04756,4427.534,7.764535,4774.124315549564,59.48725166362874,63.81607113621794,7.886756324776305,0.05061001474357152,0.051169683856508996,0.511372878754945,0.029711674420812795,0.029017769327590592,5.690562421014748,0.28724340599270803,0.32623295991183365,5.00761825718189
1636042515805110273,4390116077330355328,1252004465,2016.0,260.3415369398063,0.3060090243816376,4.781879028075971,0.24972474575042725,2.120284437157624,0.3731633126735687,5.681921005249023,15.291529655456543,-3.2699338680704586,0.398846834897995,-14.937818367566557,0.29821646213531494,31,1.0216444730758667,False,486,199.3889233735529,0.6963887810707092,286.3183898925781,19.938114166259766,56,143.48485667678,5.988379001617432,23.96055030822754,19.9465274810791,53,77.00712880684038,5.615644454956055,13.712964057922363,20.03156852722168,0,2,0,3,0,1.105838656425476,-0.08504104614257812,0.008413314819335938,-0.09345436096191406,26.742585881365965,22.189235482865573,259.0995249808388,27.856421872097073,0.04608860232489953,77831.33750600595,1122.0423487978621,1.0935456100927021,0.3799999952316284,0.3700000047683716,0.38999998569488525,0,,,,,,,,,,,,,,,,,,,,,113732603415288741,19.8740997314453,20.0928001403809,20.2782001495361,20.4416007995605,20.1728992462158,0.0143659999594092,0.0183169990777969,0.0109810000285506,0.0312799997627735,0.140893995761871,115000,115000,115000,115000,115000,436527104,52,0.067741156,4390116077330355328,113732603415288741,,,,,,,,,,,,,,,,,,,,,,,,,,,,,,,,2.098195004114995,0.11725228028375498,260.3415369398063,4.781879028075971,0.4281,0.41966,0.4364,20173.09,8.297468,17084.898363228524,3905.7930977676624,2773.5967475302423,8.075765417877454,0.2257519890419477,0.2047443382370604,0.6613500330082198,0.14670781542286804,0.121817629800136,0.1518170181262565,0.03967935412746118,0.03568894344695084,2.1826007100274736
1636042515805110273,4390341958250815360,822496927,2016.0,260.53012600360955,0.14155873656272888,5.151189908419126,0.11324963718652725,2.4139648186646703,0.2006698101758957,12.029536247253418,14.158345222473145,4.932022169636965,0.18270373344421387,-13.271544488272037,0.13671471178531647,31,0.9543745517730713,False,472,600.1787814833782,0.9499077200889587,631.8284912109375,18.74166488647461,49,456.7524188843714,8.135188102722168,56.14527893066406,18.689340591430664,47,209.3456214569202,8.60688304901123,24.323047637939453,18.945735931396484,0,0,0,1,0,1.109832763671875,-0.2563953399658203,-0.05232429504394531,-0.204071044921875,27.19007704720535,22.19176812018911,259.28047356399566,28.238765380949946,0.09632595985415485,133367.89540580355,1088.938120634748,0.992655233565807,0.3799999952316284,0.3700000047683716,0.3799999952316284,0,,,,,,,,,,,,,,,,,,,,,114182605301151913,18.6322002410889,18.917200088501,19.210599899292,19.432300567627,19.5576992034912,0.00618400005623698,0.00610199989750981,0.00993900001049042,0.0162240006029606,0.0963969975709915,115000,115000,115000,115000,115000,436527104,52,0.021258162,4390341958250815360,114182605301151913,,,,,,,,,,,,,,,,,,,,,,,,,,,,,,,,2.5601096620754746,0.02294024035251876,260.53012600360955,5.151189908419126,0.4068,0.40265,0.41137,32228.31,8.338677,29621.177699071894,3758.946699725755,2592.340844899649,8.278386272135803,0.1461005502693009,0.12337544727715333,0.8075030628218314,0.09457999557944041,0.07919048724370303,0.01775736700145545,0.0023951744337217043,0.0027984975893605695,1.2275919990378903
1636042515805110273,4390412842392248320,1190953998,2016.0,260.14017150384177,0.3205728232860565,5.4615765567386605,0.2505309581756592,2.404938187627627,0.45465850830078125,5.289548397064209,7.322412014007568,7.3023299693074675,0.417697012424469,-0.5419334483057955,0.31782516837120056,31,1.0148353576660156,True,478,211.10573318691027,0.734985888004303,287.2242126464844,19.876117706298828,51,137.49971342533632,5.446791648864746,25.244165420532227,19.992788314819336,43,79.6393252350003,5.415575981140137,14.705605506896973,19.99507713317871,0,51,0,43,0,1.028579592704773,-0.002288818359375,0.11667060852050781,-0.11895942687988281,27.296731577677683,22.678989952940263,258.81364987778466,28.51878478382114,0.09257453884734913,190525.8872855979,1062.5184000814934,1.0801000471348052,0.4099999964237213,0.4000000059604645,0.4300000071525574,0,,,,,,,,,,,,,,,,,,,,,114552601401714357,19.8374996185303,19.9668998718262,20.1847991943359,20.3673992156982,20.1441993713379,0.0292739998549223,0.0123020000755787,0.0146030001342297,0.0238039996474981,0.188573002815247,115000,115000,115000,115000,115000,436527104,52,0.02371612,4390412842392248320,114552601401714357,,,,,,,,,,,,,,,,,,,,,,,,,,,,,,,,1.765963729555516,0.12177619412441903,260.14017150384177,5.4615765567386605,0.39494,0.38467,0.40675,15849.44,8.140412,14715.648980868733,3477.7571525519306,2250.895082467776,7.619036516547835,0.26564199411939704,0.22001854004496657,0.4211756453653248,0.1350535782655028,0.09007885420370315,0.11244407638366583,0.03432583678929088,0.036547979808726955,1.5163536301163576
1636042515805110273,439057090578300416,61248335,2016.0,41.18268947160334,0.10968681424856186,50.52009467880838,0.1045575886964798,8.502347535727909,0.13831380009651184,61.471435546875,27.939035415649414,-5.250628438388549,0.15617604553699493,-27.441220667188887,0.12636254727840424,31,1.1291154623031616,False,222,1444.171501342573,2.070406198501587,697.530517578125,17.788320541381836,23,1096.8534713804788,22.717844009399414,48.28158187866211,17.738170623779297,21,754.5685266826308,22.686168670654297,33.26116943359375,17.553647994995117,0,0,0,0,0,1.2819958925247192,0.1845226287841797,-0.05014991760253906,0.23467254638671875,140.68591408648192,-8.404992361673788,55.30252157966916,32.794324930021254,0.0019306939523962212,789.9815645059593,1364.2761721837269,5.113938902446239e-05,0.05999999865889549,0.05999999865889549,0.05999999865889549,0,,,,,,,,,,,,,,,,,,,,,168620411826914836,17.6679000854492,17.5359001159668,17.5499992370605,17.9058990478516,,0.0128979999572039,0.0128969997167587,0.00894900038838387,0.0566449984908104,,115000,115000,16892216,16696,16416,436527104,52,0.07813958,439057090578300416,168620411826914836,,,,,,,,,,,,,,,,,,,,,,,,,,,,,,,,8.767999316327934,0.013332242822842462,41.18268947160334,50.52009467880838,0.0507,0.04871,0.05275,9872.01,8.107476,8810.18011622665,249.94889770400914,237.6274194070811,7.778633953350107,0.07201975586024734,0.07039437154772443,0.47477802358723453,0.03827235417896668,0.035387873274013104,0.667453316554864,0.011020082944727339,0.0101479053110608,9.395506856720504
1636042515805110273,4390644156446122752,340061537,2016.0,262.5325627741431,0.4568144381046295,6.008407706333582,0.3213132917881012,4.016370076843217,0.6843475103378296,5.868904113769531,17.313819885253906,-16.615282460781103,0.6152629852294922,4.8683427318599,0.40862247347831726,95,1.0190542936325073,False,222,286.5426094925391,1.1904850006103516,240.6940155029297,19.54439353942871,6,587.7742610557013,63.1107063293457,9.313384056091309,18.415515899658203,6,640.4762666082685,124.4751205444336,5.145415782928467,17.731637954711914,0,0,6,0,0,4.286449909210205,0.6838779449462891,-1.1288776397705078,1.8127555847167969,28.98347333633204,20.805222682413433,261.48296447814386,29.227177751759946,0.0007487095718253917,922.7981955218261,1152.91840775769,2.2881529838710896e-05,-99.0,1e+20,1e+20,999999,,,,,,,,,,,,,,,,,,,,,,,,,,,,,,,,,,,,,,,,,,,,,,,,,,,,,,,,,,,,,,,,,,,,,,,,,2.8835033070754004,0.01789127224881383,262.5325627741431,6.008407706333582,0.35088,0.33332,0.36577,,,28446.229806761185,8160.058821583327,11541.817399734668,8.82526268903241,0.23281848657247473,0.5525719046338224,1.124648835118917,0.10533648386179317,0.3415553143887402,0.13440519763277192,0.09387209714080924,0.03477478298602643,7.08492794070586
1636042515805110273,4391192434790972032,1013126123,2016.0,256.9667139076129,0.18419243395328522,3.462408135120335,0.13192333281040192,4.106895805870206,0.22291116416454315,18.423912048339844,9.908360481262207,-8.879954154748113,0.32293856143951416,-4.395681457420017,0.22426709532737732,95,1.0657274723052979,False,231,874.0779603130579,4.206322193145752,207.80099487304688,18.333492279052734,7,6409.258004246501,751.78857421875,8.525346755981445,15.82152271270752,7,6077.311834188102,764.762451171875,7.946666240692139,15.288617134094238,0,7,0,7,0,14.285418510437012,0.5329055786132812,-2.511969566345215,3.044875144958496,23.758650555158443,24.549321695532935,255.4644153666627,26.246421805327667,0.0008509954580662229,691.1627698624861,1017.9550160157626,8.440175636525135e-05,-99.0,1e+20,1e+20,999999,,,,,,,,,,,,,,,,,,,,,112152569668405358,,,,16.0048007965088,16.3381996154785,,,,0.00467200018465519,0.0103690000250936,0,0,0,16892216,16777488,1384198144,165,0.34306014,4391192434790972032,112152569668405358,,,,,,,,,,,,,,,,,,,,,,,,,,,,,,,,4.402756047726098,0.015745829222726958,256.9667139076129,3.462408135120335,0.40036,0.3942,0.40607,,,8578.21093250523,69.80360135867704,69.08598608713146,6.867917662277627,0.006536230187552228,0.00311005248876306,0.19999393069758975,2.3011365563041508e-08,1.0475881884186578e-08,0.0,0.0,0.0,39.35618156578285
1636042515805110273,4391499881434862720,1291307806,2016.0,256.2033430374766,0.10419660806655884,4.37962086308377,0.0706455335021019,5.87725521368999,0.1449335664510727,40.55137634277344,68.04424285888672,-47.068378266796834,0.13980130851268768,-49.13844529365186,0.09977061301469803,31,1.057950496673584,False,488,979.0224957329916,1.1578309535980225,845.5659790039062,18.210384368896484,52,662.7098303488206,9.301671981811523,71.2463150024414,18.285234451293945,53,446.31824583323436,6.894731521606445,64.73323059082031,18.123783111572266,0,0,0,2,0,1.1327911615371704,0.1614513397216797,0.07485008239746094,0.08660125732421875,24.253834081334485,25.65395275755479,254.51076166237118,27.080080587740596,0.0014450434931179157,885.1336867432649,963.5240254783344,9.995415064453158e-06,0.27000001072883606,0.25,0.27000001072883606,0,,,,,,,,,,,,,,,,,,,,,113252562033976092,18.235200881958,18.2835998535156,18.423900604248,18.5629005432129,18.6410999298096,0.00426399987190962,0.0048349997960031,0.0053949998691678,0.0100849997252226,0.0105619998648763,115000,115000,115000,115000,115000,436527104,52,0.14835782,4391499881434862720,113252562033976092,,,,,,,,,,,,,,,,,,,,,,,,,,,,,,,,5.758716997625229,0.11510259779525721,256.2033430374766,4.37962086308377,0.28378,0.27684,0.29069,11225.24,7.984891,10914.031322523111,397.9655792018875,368.30779429990616,7.897063101093984,0.05764239379281122,0.06207272864935831,0.5440873851038424,0.03319109850854751,0.03452035854003033,0.44073607544856974,0.009504083815005782,0.010852577590856172,1.1881152475568613
1636042515805110273,4391894747841708672,365891912,2016.0,256.86283420849986,0.9307454228401184,4.60804594123815,0.6709438562393188,8.214987756444248,1.2009944915771484,6.840154647827148,15.437012672424316,-12.933893646259254,1.5549105405807495,-8.427084270548741,0.9572581648826599,95,1.6821260452270508,False,259,124.72618086429706,1.3861757516860962,89.97862243652344,20.447473526000977,2,177.4525617434729,44.515743255615234,3.986287832260132,19.715837478637695,2,283.57592533439276,26.200424194335938,10.823333740234375,18.616222381591797,0,0,0,0,0,3.6963248252868652,1.0996150970458984,-0.7316360473632812,1.8312511444091797,24.818635992275883,25.180451501860034,255.21937121478322,27.375755927067978,0.2070543131609564,156812.46090385906,969.2536034296427,1.2662359804544485,-99.0,1e+20,1e+20,999999,,,,,,,,,,,,,,,,,,,,,,,,,,,,,,,,,,,,,,,,,,,,,,,,,,,,,,,,,,,,,,,,,,,,,,,,,4.713243741364765,0.025780701752792522,256.86283420849986,4.60804594123815,0.12312,0.08537,0.20482,,,5231.646208770095,585.7250178294216,329.31753825004853,7.160622171495888,0.43104124718922954,0.1613619555293564,0.2158230068411034,0.15807555028078568,0.015829110169002597,1.2809919323095242,0.22425771355687152,0.9828731717490395,6.800356743972694
1636042515805110273,4392051256451595520,182380320,2016.0,257.5377976498921,0.4290125370025635,5.391590310166142,0.2085573375225067,5.721010035779979,0.43215832114219666,13.238226890563965,16.084768295288086,-1.0149575447516361,0.541114330291748,-16.05271502283725,0.3533536493778229,95,1.0597745180130005,False,442,283.3447678093778,0.8294433355331421,341.60833740234375,19.55657958984375,37,188.53724117216115,11.618191719055176,16.227760314941406,19.650049209594727,35,142.41261018812372,6.971642971038818,20.427410125732422,19.364025115966797,0,2,0,1,0,1.16801118850708,0.2860240936279297,0.09346961975097656,0.19255447387695312,25.92942960684041,24.948851913011385,255.88747788738462,28.22238566930226,0.003775928154061482,2630.65411867628,964.160645250702,0.0005846661542172934,0.30000001192092896,0.27000001072883606,0.3199999928474426,0,,,,,,,,,,,,,,,,,,,,,114472575377580333,18.8066005706787,,18.2056007385254,18.7033996582031,,0.00348299997858703,,0.0136420000344515,0.0243619997054338,,1048,0,16777496,280,0,310452224,37,0.30367765,4392051256451595520,114472575377580333,,,,,,,,,,,,,,,,,,,,,,,,,,,,,,,,5.136111467583852,0.024422570941407686,257.5377976498921,5.391590310166142,0.27786,0.25528,0.29767,9787.77,8.523996,5758.816867024114,91.53367628990054,54.01990736454445,6.9474618797659,0.02324018881016876,0.011795979642759136,0.19999395965743616,2.8898427456569564e-08,2.2588534487333334e-08,0.0,0.15284078977377946,0.0,20.672337474356034
1636042515805110273,4392717629216039552,265660314,2016.0,255.72923694313386,0.28543993830680847,5.024672079611553,0.22752413153648376,4.20587282467722,0.40322405099868774,10.430610656738281,30.79578971862793,-5.390059529182496,0.4140569865703583,-30.320420517619937,0.362990140914917,95,0.9763484001159668,False,347,275.0056924148962,0.9744347929954529,282.2207336425781,19.589012145996094,10,513.761048773953,52.046234130859375,9.871243476867676,18.5616397857666,14,299.33170964121115,43.3047981262207,6.912206649780273,18.557514190673828,0,0,0,0,2,2.9566397666931152,0.0041255950927734375,-1.0273723602294922,1.0314979553222656,24.641227061834275,26.37378075465753,253.9029062168902,27.669988920600666,0.000864341939956879,807.778756536981,916.0958524369496,6.170471446099149e-05,-99.0,1e+20,1e+20,999999,,,,,,,,,,,,,,,,,,,,,,,,,,,,,,,,,,,,,,,,,,,,,,,,,,,,,,,,,,,,,,,,,,,,,,,,,3.815912943605207,0.03229229681630661,255.72923694313383,5.024672079611553,0.31375,0.3035,0.32374,,,17343.67995036242,10386.129906084476,8071.940338034394,8.696376487613112,0.4233454561063077,0.8664181195279417,1.0478588670631719,0.2022277470814784,0.5445608431506869,0.4267378701617017,0.18799465329264953,0.16773129480766974,7.2823439290124075
1636042515805110273,4392932682523664768,614459876,2016.0,255.9777314637351,0.17372764647006989,5.949732845657167,0.1216450184583664,2.2521158232246865,0.22344151139259338,10.079218864440918,20.367286682128906,6.207873480849516,0.2460460364818573,19.398160995614845,0.17518307268619537,31,1.038706660270691,False,467,453.8060512747813,0.9444437026977539,480.50091552734375,19.045190811157227,50,334.07794534543564,7.964118480682373,41.9478874206543,19.02892303466797,50,173.8751742039037,5.132539749145508,33.87702560424805,19.147300720214844,0,0,0,0,0,1.119317650794983,-0.118377685546875,-0.016267776489257812,-0.10210990905761719,25.68496168502505,26.58380776687616,254.06605212943097,28.616681546694537,0.0015162289228516715,2122.70095576964,923.098669932993,0.00029243458358199555,0.4000000059604645,0.38999998569488525,0.4000000059604645,0,,,,,,,,,,,,,,,,,,,,,115142559777180126,18.9601993560791,19.1781997680664,19.4195003509521,19.6264991760254,19.5853004455566,0.0101779997348785,0.0102129997685552,0.00863299984484911,0.0172749999910593,0.0632430016994476,115000,115000,115000,115000,115000,436527104,52,0.05439623,4392932682523664768,115142559777180126,,,,,,,,,,,,,,,,,,,,,,,,,,,,,,,,2.4574189095482937,0.11178064861484094,255.9777314637351,5.949732845657167,0.3454,0.34023,0.35064,21625.43,7.881319,17151.898902554443,2976.4098992093313,2262.34965351121,7.755156882371513,0.1891212209662836,0.17481726401780495,0.4889619095619209,0.10433593250822065,0.08309559399676186,0.07588564212743396,0.025731774361285917,0.02110434693564335,1.743100817879798
1636042515805110273,4393026312811962368,481717256,2016.0,255.88217086120935,0.1786780059337616,5.948346649103842,0.13521865010261536,4.785713564479663,0.23768183588981628,20.134958267211914,16.57353401184082,13.149533523880566,0.2505201995372772,-10.088200703869141,0.19454336166381836,31,1.0007903575897217,False,410,440.9431315235131,0.9909745454788208,444.9590759277344,19.0764102935791,44,296.48425620910945,5.4931864738464355,53.97309112548828,19.158538818359375,40,206.20251345320634,6.454259872436523,31.94828224182129,18.962160110473633,0,3,0,1,0,1.140026330947876,0.1963787078857422,0.08212852478027344,0.11425018310546875,25.634614220923183,26.667532971336964,253.95861891219954,28.604834178547378,0.26064925831049995,196070.51639744814,933.602896177058,1.3406955600831212,0.2800000011920929,0.27000001072883606,0.28999999165534973,0,,,,,,,,,,,,,,,,,,,,,115132558821518533,19.1005992889404,19.1480007171631,19.2894992828369,19.4302005767822,19.7518997192383,0.00504999980330467,0.00724900001659989,0.0093970000743866,0.0198359992355108,0.0291930008679628,115000,115000,115000,115000,115000,436527104,52,0.03908191,4393026312811962368,115132558821518533,,,,,,,,,,,,,,,,,,,,,,,,,,,,,,,,4.7874652044824355,0.23040214973152262,255.88217086120932,5.948346649103842,0.27587,0.26926,0.28193,11038.59,8.23115,12577.8983714524,1160.2873512515635,929.8504732099173,8.416581503953294,0.07827103608824437,0.08587073706197579,0.8691969853704811,0.051818893091260865,0.0572065143514483,0.6477400860852867,0.046652080292382325,0.0680714020630776,2.110967272188426
1636042515805110273,4393779757449181568,1810965466,2016.0,258.19081228191965,0.29419195652008057,6.679077377384765,0.2004561424255371,2.589906096143524,0.3977715075016022,6.511039733886719,2.948063611984253,-0.9551008936422289,0.4494000971317291,-2.7890609707332383,0.33604851365089417,31,0.9547051191329956,False,537,208.6847265563935,0.6602525115013123,316.06805419921875,19.888639450073242,61,139.51079324626255,5.663218021392822,24.634544372558594,19.977022171020508,59,90.91276115260712,5.111230373382568,17.786865234375,19.851333618164062,0,1,0,0,0,1.1041706800460815,0.1256885528564453,0.08838272094726562,0.03730583190917969,27.519857148985736,24.958903930900647,256.48537449845423,29.566009871589717,0.11579502648668892,188949.1332931624,972.1183924052967,1.1341700657455434,0.4300000071525574,0.4099999964237213,0.44999998807907104,0,,,,,,,,,,,,,,,,,,,,,116012581908065350,19.8500995635986,19.9794006347656,20.1707992553711,20.3285007476807,,0.0132539998739958,0.0116140004247427,0.020091999322176,0.0367400012910366,,115000,115000,115000,115000,114720,436527104,52,0.011693819,4393779757449181568,116012581908065350,,,,,,,,,,,,,,,,,,,,,,,,,,,,,,,,2.367518396064202,0.26815980134505035,258.19081228191965,6.679077377384765,0.3482,0.33658,0.36141,13389.33,8.044433,15137.96042656191,6249.41895344419,3300.4015769300095,8.11662451516718,0.36254972317793666,0.2979820442670613,0.6820656620387159,0.23794102605293532,0.176501788550268,0.24022473655704962,0.08198008101348947,0.08034242804320657,0.6125621526934336
1636042515805110273,439468063115118464,1197607348,2016.0,43.854111918621264,0.4957125782966614,49.75406457376471,0.4466249942779541,3.701759499009068,0.7038711905479431,5.259143352508545,12.003033638000488,1.9596754713377385,0.9492253661155701,11.841979942142302,0.6930408477783203,95,0.9870531558990479,False,191,187.13758435375505,1.1045728921890259,169.42076110839844,20.0069637298584,19,127.8524641548564,11.792695999145508,10.841665267944336,20.07176971435547,20,110.11828979135548,14.76833438873291,7.45637845993042,19.643247604370117,0,0,0,0,0,1.2716352939605713,0.42852210998535156,0.06480598449707031,0.36371612548828125,142.58017892079533,-8.328689608232786,56.8862661549767,31.48289503860301,0.002916481283354406,2791.893374533475,1299.977575174601,0.0010196657966287028,0.4399999976158142,0.3700000047683716,0.5299999713897705,0,,,,,,,,,,,,,,,,,,,,,167700438541285534,19.9449996948242,19.6777000427246,19.8104000091553,19.6457996368408,,0.0316280014812946,0.0712969973683357,0.0193179994821548,0.129201993346214,,115000,16892216,16892216,16892216,16416,436527104,52,0.03244533,439468063115118464,167700438541285534,,,,,,,,,,,,,,,,,,,,,,,,,,,,,,,,3.717673951260481,0.016655345921957113,43.854111918621264,49.75406457376471,0.40367,0.31549,0.47668,,,8131.9822735080415,618.4865691242412,543.1467250827145,7.607008554347113,0.197214297236588,0.1926576423025237,0.39188051707106164,0.09584052536068571,0.07774747088977058,0.6761016817769822,0.028098094791252803,0.026911089711333824,3.512410944313594
1636042515805110273,4395422938923375616,623552466,2016.0,259.19151096371706,0.28356361389160156,9.042053281567702,0.21496953070163727,2.119388261127056,0.3827817142009735,5.536806106567383,25.116514205932617,0.4995641654541416,0.3944917917251587,-25.11154532698107,0.33399146795272827,31,1.014840841293335,False,604,224.8809469459894,0.6612605452537537,340.0791931152344,19.807485580444336,62,149.63085205368552,5.450812816619873,27.451108932495117,19.900989532470703,61,92.69339343613632,4.671872615814209,19.840736389160156,19.830272674560547,0,0,0,0,0,1.0775668621063232,0.07071685791015625,0.09350395202636719,-0.022787094116210938,30.342653220911927,25.11873246306963,257.38484446457437,32.00922235046833,0.10773613609864101,181510.17511715082,977.2113505842374,1.1589149889592854,0.3799999952316284,0.3499999940395355,0.4099999964237213,0,1237668705154565059,19.76655,19.75131,19.91279,20.27397,20.38273,0.03898578,0.01498493,0.02128864,0.03789849,0.1455555,175990848492048,275146510864,268435472,4503874773712912,275146342416,2392812582765072,0.060186174,4395422938923375616,1237668705154565059,118852591915271001,19.7840995788574,19.930700302124,20.1464996337891,20.2961006164551,20.0813007354736,0.0103770000860095,0.00739399995654821,0.0151089997962117,0.0474420003592968,0.0528540015220642,115000,115000,115000,115000,115000,436527104,52,0.047968723,4395422938923375616,118852591915271001,,,,,,,,,,,,,,,,,,,,,,,,,,,,,,,,2.102133678759164,0.060427365632583406,259.19151096371706,9.042053281567702,0.31718,0.30097,0.33857,13854.24,7.748952,18013.606239065426,1162.7241370003248,1082.7929179048842,8.112840466187066,0.07255816185475794,0.07291361301103194,0.685430485838624,0.04654911487448987,0.04521777758635581,0.13461513760099125,0.011159067214032814,0.010141127162214061,6.224541071172094
1636042515805110273,4395423557398667264,1703495162,2016.0,259.26460920862274,0.14172782003879547,9.042161629241983,0.11307290196418762,9.295409906693449,0.21781893074512482,42.67494201660156,45.60525894165039,31.379563826393404,0.20122484862804413,-33.09324338756193,0.16759875416755676,31,0.9736209511756897,False,622,487.9750032503547,0.8040292263031006,606.9120483398438,18.966373443603516,69,211.7557274977216,6.652513027191162,31.8309383392334,19.523954391479492,70,370.14145134246303,6.090290069580078,60.77566909790039,18.326976776123047,0,3,0,2,0,1.192473292350769,1.1969776153564453,0.5575809478759766,0.6393966674804688,30.377459162080463,25.053788591724906,257.46964167587674,32.01565969489486,0.004664998746126954,1753.9835740399374,989.3071262592215,0.00036692087057068766,0.07000000029802322,0.07000000029802322,0.07000000029802322,0,1237668705154564603,21.5192,19.75288,18.95918,18.69439,18.52847,0.1485696,0.01522964,0.01147266,0.01211736,0.03134702,35253394735120,275179929616,302022672,4503599930572816,303071248,275179929616,0.033111937,4395423557398667264,1237668705154564603,118852592645651143,19.577600479126,18.9381999969482,18.6436996459961,18.5242004394531,18.3911991119385,0.00923999957740307,0.00369299994781613,0.008135000243783,0.012648000381887,0.0220929998904467,115000,115000,115000,115000,115000,436527104,52,0.08594529,4395423557398667264,118852592645651143,,,,,,,,,,,,,,,,,,,,,,,,,,,,,,,,9.55066068648832,0.013753711038711596,259.26460920862274,9.042161629241985,0.07224,0.06987,0.07474,4907.644,7.069668,4794.017049377787,32.90215261999765,33.443887538534,7.028891931788161,0.014029336620862587,0.014727323012942328,0.19999387074495817,8.973536874679056e-08,6.87258217002551e-09,0.5523399947990874,0.18538827121916301,0.14044999427382604,3.691931083143189
1636042515805110273,4395577218446577664,251961000,2016.0,236.69232055485242,0.7160968780517578,-8.874108164378523,0.570087730884552,9.891784471119825,0.8615134358406067,11.4818696975708,9.945147514343262,-9.42226481022662,1.021237850189209,-3.182276239128009,0.7446900010108948,95,4.716065883636475,False,439,633.6666766711708,7.22159481048584,87.74608612060547,18.682714462280273,51,441.23573120806054,8.33652114868164,52.92803955078125,18.726865768432617,50,729.9621779987464,7.882913589477539,92.60055541992188,17.589645385742188,0,51,0,50,0,1.8482869863510132,1.1372203826904297,0.04415130615234375,1.093069076538086,358.88924040083333,34.33135030362144,236.47535378992123,10.773208405686427,0.43601179718068517,171253.56221499562,727.9747097023293,0.617318021300172,-99.0,1e+20,1e+20,999999,,,,,,,,,,,,,,,,,,,,,97352366923141534,18.8474998474121,18.238000869751,17.9540996551514,17.8241004943848,17.713399887085,0.00660699978470802,0.00834199972450733,0.0024449999909848,0.00622199987992644,0.0125350002199411,115000,115000,115000,115000,115000,503635968,60,0.05728482,4395577218446577664,97352366923141534,169643980,,,18.817,18.2825,17.934,17.8007,,,0.0323,0.0529,0.0089,0.0113,,,0,0,0,0,,,0,0,0,2,0,2,0,0.17741477,4395577218446577664,169643980,9.148876896717006,0.014468760599453257,236.6923205548524,-8.874108164378523,0.09217,0.07544,0.1234,,,5391.4959370968045,20.15339425665934,18.28049748549165,6.943591407196926,0.0041429625294346906,0.001975926999691069,0.1999939478948327,1.4659807923145252e-08,7.140442959130411e-09,0.0,0.0,0.0,13.161743644469421
1636042515805110273,4395953388862576256,541878919,2016.0,236.03662847950386,0.46528172492980957,-8.201996953491578,0.33028486371040344,4.067634737349786,0.5224803686141968,7.7852396965026855,21.31416893005371,-20.949759793506505,0.5998992919921875,3.9244550466289962,0.4777875244617462,31,0.9871808290481567,False,401,201.52040247943089,0.794678807258606,253.5872344970703,19.92656898498535,39,134.17610927222154,7.097864151000977,18.903730392456055,20.01935386657715,36,90.90406044131326,7.430078029632568,12.234603881835938,19.851436614990234,0,0,0,0,0,1.1169100999832153,0.16791725158691406,0.09278488159179688,0.07513236999511719,358.9741529259904,35.26265148209146,235.6778770771951,11.282610033435473,0.05883851012416408,89221.79950602297,675.7718883681877,1.3240364433941618,0.3700000047683716,0.3400000035762787,0.4000000059604645,0,,,,,,,,,,,,,,,,,,,,,98152360365907868,19.994800567627,20.0109004974365,20.1310005187988,20.2152004241943,20.00830078125,0.00912700034677982,0.00670199980959296,0.0143670001998544,0.0181610006839037,0.0738330036401749,115000,115000,115000,115000,115000,436527104,52,0.038834784,4395953388862576256,98152360365907868,,,,,,,,,,,,,,,,,,,,,,,,,,,,,,,,2.8752640014566806,0.28935791404749633,236.03662847950383,-8.201996953491578,0.36857,0.34837,0.38616,12274.47,8.62953,10250.215296432398,1810.2822643316904,1159.0110786603454,7.874334337284923,0.26139071906395017,0.26882973739451277,0.529572202328821,0.15818059981451593,0.1347907040741148,0.4947840963633119,0.029642094783237427,0.039921217660429165,1.579534341675708
1636042515805110273,4395976886624116480,263884281,2016.0,236.52662186655027,0.5558618307113647,-7.8955040209186595,0.3454560935497284,6.092348738915367,0.6296674609184265,9.675501823425293,59.039161682128906,10.73920059462116,0.65450519323349,-58.0542162035701,0.4500906467437744,31,0.9900794625282288,False,483,174.96379746816808,0.6586849689483643,265.62591552734375,20.07999610900879,50,92.86641330979457,6.594661712646484,14.082058906555176,20.418895721435547,54,120.58521643886495,5.865769386291504,20.55744171142578,19.544660568237305,0,2,0,0,0,1.2199759483337402,0.8742351531982422,0.3388996124267578,0.5353355407714844,359.64848622968475,35.10276267812354,236.0897572694429,11.69054005786154,0.18421631263293906,109657.34844665589,690.7324530188258,5.4099741902692315,0.3100000023841858,0.28999999165534973,0.33000001311302185,0,,,,,,,,,,,,,,,,,,,,,98522365266595965,20.3798007965088,20.0244998931885,19.8959007263184,19.8462009429932,19.767599105835,0.0119120003655553,0.00883499998599291,0.0110910004004836,0.00598599994555116,0.0653790012001991,115000,16892216,115000,16892216,115000,436527104,52,0.15625364,4395976886624116480,98522365266595965,,,,,,,,,,,,,,,,,,,,,,,,,,,,,,,,6.005493449112399,0.017657844430442275,236.52662186655027,-7.8955040209186595,0.29021,0.26072,0.31828,6012.74,7.79639,6232.922541791594,166.73890575783662,154.02363658819922,7.873737398426002,0.0721380534759648,0.07129130691029584,0.5161418088586799,0.04153070082962962,0.03930069089812954,1.7590409579804758,0.06974662257650222,0.06266734088722381,1.4286918211883983
1636042515805110273,4395981048447682432,945876928,2016.0,236.73721464288855,0.4483036994934082,-7.828134904659906,0.24684348702430725,2.9086643964501158,0.5091461539268494,5.712827682495117,39.650115966796875,-39.35474693389423,0.5405941009521484,4.830683049887236,0.3303670287132263,95,1.0311224460601807,False,435,205.66439951211265,3.5985982418060303,57.15125274658203,19.904468536376953,2,1025.5715187071974,426.3857727050781,2.405266761779785,17.811126708984375,2,338.3467508138318,15.813671112060547,21.395837783813477,18.424489974975586,0,0,0,0,0,6.631766319274902,-0.6133632659912109,-2.093341827392578,1.4799785614013672,359.8783227510119,34.99027933242741,236.28206833052158,11.802822986031105,0.0006060519181327708,761.6695254497336,709.5127363036694,1.9279154823887054e-06,-99.0,1e+20,1e+20,999999,,,,,,,,,,,,,,,,,,,,,98602367372606647,,,18.1637992858887,,17.9582004547119,,,,,0.0331309996545315,0,0,4120,0,280,302067712,36,0.13522412,4395981048447682432,98602367372606647,,,,,,,,,,,,,,,,,,,,,,,,,,,,,,,,2.8283143740082086,0.07766391218914229,236.73721464288857,-7.828134904659906,0.42282,0.40871,0.43352,,,7542.491903279997,111.42913735646107,101.31430243140676,6.8966403887723615,0.016042790521348493,0.007737014112712437,0.1999939516964263,3.0727659000584495e-08,2.199319501516861e-08,0.0,0.02181192621998363,0.0,17.86923170444233
1636042515805110273,4396064503956040192,1457398220,2016.0,235.94397793576027,0.16757678985595703,-7.478609854855966,0.1563045084476471,3.0120049670949673,0.22312116622924805,13.499414443969727,8.514130592346191,0.8463207338115801,0.22746197879314423,-8.471963043968357,0.17626743018627167,31,0.9993900656700134,False,433,730.4558518035893,1.2214709520339966,598.0133056640625,18.52838134765625,49,533.7133451615254,9.198683738708496,58.02062225341797,18.52027130126953,50,276.64432997946835,7.074582576751709,39.103981018066406,18.643091201782227,0,2,0,1,0,1.1093862056732178,-0.12281990051269531,-0.00811004638671875,-0.11470985412597656,359.5639786516942,35.81160745578253,235.41886047013466,11.966238801067485,0.04294412714088263,55051.42883628436,646.1690689530951,0.4961227605596975,0.44999998807907104,0.4399999976158142,0.46000000834465027,0,,,,,,,,,,,,,,,,,,,,,99022359440256107,18.4344997406006,18.7036991119385,18.9318008422852,19.1392993927002,19.2805004119873,0.00819099973887205,0.00697200000286102,0.00884300004690886,0.0148069998249412,0.0472249984741211,115000,115000,115000,115000,115000,436527232,52,0.02333937,4396064503956040192,99022359440256107,169648580,18.2839,,18.5469,18.5037,18.9371,,0.0441,,0.0317,0.0161,0.0148,,0,,0,0,0,,0,,0,0,0,,0,0,0,0.28523695,4396064503956040192,169648580,2.8593853601903967,0.13795265153169994,235.9439779357603,-7.478609854855966,0.39739,0.39168,0.40266,23850.47,8.057201,23891.16308990064,2024.966267966618,1908.094194383175,8.00553448007376,0.10274364348619613,0.10329134807373475,0.6358631454750392,0.06314585764012015,0.06038359460715159,0.026225955543773598,0.0057516301283752486,0.004217658160442027,2.607570231255306
1636042515805110273,4396400404759002112,159551005,2016.0,237.3434587143067,0.54201740026474,-7.243099361538879,0.30472511053085327,4.535672565472123,0.6047537326812744,7.500032424926758,45.488704681396484,-8.757846008001593,0.7154900431632996,-44.637677652658574,0.4246997833251953,31,0.9390060305595398,False,413,171.40211598660593,0.7271857261657715,235.7061004638672,20.102327346801758,44,111.25362470931017,6.900864124298096,16.121694564819336,20.22275733947754,40,87.83300994145368,6.205664157867432,14.15368366241455,19.888751983642578,0,0,0,0,0,1.1615179777145386,0.33400535583496094,0.12042999267578125,0.2135753631591797,0.8978380315992317,34.917875646494004,236.74912588477363,12.506388916387515,0.006043230186893098,5171.55629634884,713.3324549378749,0.005687030534849559,0.44999998807907104,0.4099999964237213,0.47999998927116394,0,,,,,,,,,,,,,,,,,,,,,99302373434378755,20.2425003051758,20.117000579834,20.0641002655029,20.0293998718262,19.7985000610352,0.0207529999315739,0.0219250004738569,0.0191290006041527,0.0314310006797314,0.176841005682945,115000,115000,115000,115000,115000,436527104,52,0.11940711,4396400404759002112,99302373434378755,,,,,,,,,,,,,,,,,,,,,,,,,,,,,,,,4.163918929733249,0.03329807971637855,237.34345871430676,-7.243099361538879,0.37799,0.3479,0.40081,10202.11,8.550308,7995.036729280195,326.6928804551171,300.7855275453412,7.928694236757707,0.09340479199631169,0.09318999394146221,0.5530418509166627,0.055630705809348924,0.05226601133766673,1.0150951893593203,0.03080388148286839,0.02573584413713048,2.8527104300514283
1636042515805110273,4396734179553612160,1031689830,2016.0,234.29723441953445,0.10973803699016571,-7.724717905998838,0.0916752964258194,6.069038912024721,0.14337056875228882,42.33113479614258,17.00920295715332,-0.5284366018777141,0.14036206901073456,-17.000991777140886,0.12135080248117447,31,1.0081753730773926,False,184,2008.8774349208618,3.4299960136413574,585.6792602539062,17.429983139038086,15,1478.1100911189453,14.029075622558594,105.3604736328125,17.414276123046875,14,871.4701842527097,16.163028717041016,53.917503356933594,17.39726448059082,0,1,0,0,0,1.1695985794067383,0.017011642456054688,-0.015707015991210938,0.032718658447265625,357.9807321412994,36.85964448801736,233.8561412954136,11.34776421233466,0.0011155516853078853,650.0458831939751,672.5887895063497,3.6196611849890868e-06,0.23999999463558197,0.23000000417232513,0.23999999463558197,0,,,,,,,,,,,,,,,,,,,,,98732342972120812,17.3377990722656,17.5503997802734,17.7677993774414,17.9435997009277,17.9323997497559,0.00322500010952353,0.00272200000472367,0.00632499996572733,0.0179399996995926,0.0157960001379251,115000,115000,115000,115000,16892216,436527104,52,0.04616074,4396734179553612160,98732342972120812,169601865,17.617,17.5472,,,,,0.0351,0.0197,,,,,0,0,,,,,0,0,,,,,0,0,0,0.14165375,4396734179553612160,169601865,6.1023501173571315,0.0823410873147877,234.29723441953445,-7.724717905998838,0.25067,0.24526,0.25603,14417.04,7.818176,15037.976685145433,398.7367368067262,384.7654454264921,7.85951189260196,0.034962454707189394,0.0356919214607494,0.5353777053320818,0.019498690729070622,0.019363691810302175,0.1567549476921049,0.005415547620341021,0.0052117044193470685,4.738164856233252
1636042515805110273,4396755478295106560,202296697,2016.0,234.98913173194,0.4240327775478363,-7.523714620091365,0.33031389117240906,3.0546189642973256,0.5249812602996826,5.8185296058654785,40.20463180541992,-39.71501588890822,0.6091135144233704,-6.255391341882013,0.3948972225189209,31,0.9988569617271423,False,183,217.21784178215526,1.1850377321243286,183.30035400390625,19.845129013061523,23,133.94015117162002,8.981880187988281,14.912261962890625,20.021265029907227,23,105.47784747664316,7.8357014656066895,13.461187362670898,19.689992904663086,0,0,0,0,0,1.102202296257019,0.3312721252441406,0.17613601684570312,0.1551361083984375,358.74172177646625,36.48792696594634,234.4882600093748,11.704243240860661,0.11696783709891034,184776.00863410044,649.0338579287492,1.2633385450821384,0.4000000059604645,0.3700000047683716,0.4099999964237213,0,,,,,,,,,,,,,,,,,,,,,98972349891921993,19.9225006103516,19.910400390625,19.9922008514404,20.0921001434326,19.8815994262695,0.0135479997843504,0.0127959996461868,0.0208000000566244,0.0248680002987385,0.0631730034947395,115000,115000,115000,115000,16892216,436527104,52,0.10891618,4396755478295106560,98972349891921993,,,,,,,,,,,,,,,,,,,,,,,,,,,,,,,,2.4053422190501688,0.22556347200877228,234.98913173194,-7.523714620091365,0.37049,0.35598,0.38363,10084.91,7.846702,9446.72453591118,1148.9849505356342,826.7145943879877,7.333572358631386,0.2555246601431467,0.22171052862930551,0.2965614635605063,0.09776461689839572,0.06447412476402994,0.3159477137730189,0.023046402585493952,0.04221431179654578,1.4568501495729889
1636042515805110273,4397049327072420224,1565385068,2016.0,233.8301049894167,0.32689592242240906,-6.897850305282027,0.282361775636673,5.462186701574004,0.3678570091724396,14.848669052124023,67.82584381103516,-48.0320864033111,0.3867805004119873,-47.888035865832705,0.33137133717536926,95,1.0034867525100708,False,220,383.48272143474037,1.619875431060791,236.73593139648438,19.228002548217773,19,243.32433568999568,14.852669715881348,16.382532119750977,19.373079299926758,17,312.77507730431796,40.60081100463867,7.703665733337402,18.509815216064453,0,0,0,0,0,1.4501290321350098,0.8632640838623047,0.14507675170898438,0.7181873321533203,358.3533978141011,37.75993888362486,233.19532709805128,12.04033325001217,0.0008448141049648267,516.5054480284682,711.740905506956,1.153863202706255e-05,0.27000001072883606,0.25,0.2800000011920929,0,,,,,,,,,,,,,,,,,,,,,99722338301963088,,19.0345993041992,,,,,0.00675400020554662,,,,0,16777496,0,0,0,310452224,37,0.13603984,4397049327072420224,99722338301963088,,,,,,,,,,,,,,,,,,,,,,,,,,,,,,,,5.840393995702584,0.026639187632446708,233.8301049894167,-6.897850305282027,0.26838,0.25417,0.28276,,,6566.440110235539,608.3966596794517,425.19183362298827,7.265839865833527,0.27414578859184946,0.21597993865591114,0.2608397685832686,0.0991222487852223,0.058981975029802874,0.7973767300637731,0.06577920371338064,0.09920500784771902,3.6622936408822166
1636042515805110273,439717961490943104,560172740,2016.0,46.88488455964157,0.23857364058494568,50.37828540905402,0.23545612394809723,4.22538630718041,0.3051703870296478,13.845990180969238,26.340482711791992,6.889704045489881,0.30287879705429077,-25.42347361284178,0.3566440939903259,31,1.0542619228363037,False,349,362.6463447275265,1.0185823440551758,356.03045654296875,19.288658142089844,37,237.48271535729882,6.773965358734131,35.05815505981445,19.39946174621582,38,169.10683369915319,6.036675930023193,28.01323699951172,19.177492141723633,0,1,0,3,0,1.1211737394332886,0.2219696044921875,0.11080360412597656,0.11116600036621094,143.9953440967526,-6.843402100226595,59.28067910740678,31.435392416105113,0.007110216176167138,6656.295083920604,1259.2339097430759,0.00723858902023475,0.4399999976158142,0.4000000059604645,0.4699999988079071,0,,,,,,,,,,,,,,,,,,,,,168450468849114663,19.3162002563477,19.3560009002686,19.4748992919922,19.6119003295898,19.5168991088867,0.0149440001696348,0.0196969993412495,0.0173499993979931,0.0141070000827312,0.0472860001027584,115000,115000,115000,115000,115000,436527104,52,0.0747939,439717961490943104,168450468849114663,,,,,,,,,,,,,,,,,,,,,,,,,,,,,,,,3.822832824782546,0.07301467761434047,46.88488455964157,50.37828540905402,0.38164,0.34799,0.42616,11630.09,8.190421,10563.023626787748,562.4228554087276,486.6308477660077,7.909415154091706,0.08969170880667399,0.09053401195803179,0.5498898570374953,0.05284684824637498,0.05023080541824898,0.4882683354370879,0.01185649153838264,0.014020425964525018,2.532484558329551
1636042515805110273,4397428314991464064,408715081,2016.0,236.6728192911001,0.04874910041689873,-5.955516838677038,0.03171433135867119,11.466716527206513,0.06240595877170563,183.7439422607422,34.678428649902344,-24.641107952995483,0.06460196524858475,-24.401006510866676,0.03952333331108093,31,0.9894844889640808,False,492,6394.766353924435,4.870853424072266,1312.8636474609375,16.172805786132812,47,4656.016670383322,12.841632843017578,362.572021484375,16.168506622314453,47,2587.941716282822,9.26155948638916,279.42828369140625,16.21550941467285,0,16,0,17,0,1.1327948570251465,-0.04700279235839844,-0.004299163818359375,-0.04270362854003906,1.5746350328631546,36.25906189136196,235.78845474419984,13.613608565549654,0.010270443128533998,3224.427426543332,693.2789321082961,0.00020688331476488196,0.03999999910593033,0.03999999910593033,0.03999999910593033,0,,,,,,,,,,,,,,,,,,,,,100852366729023858,16.0928993225098,16.2943992614746,16.5223007202148,16.726900100708,16.880199432373,0.00422400003299117,0.00184299994725734,0.00322400010190904,0.00305099994875491,0.00622199987992644,115000,115000,115000,115000,115000,503635968,60,0.08389858,4397428314991464064,100852366729023858,170163995,16.4777,16.4721,16.0958,16.2723,16.5427,16.8173,0.013,0.009,0.0089,0.0091,0.0185,0.0173,0,0,0,0,0,0,0,0,0,0,0,0,0,0,0,0.12898788,4397428314991464064,170163995,11.452168492014714,0.05210266259808086,236.6728192911001,-5.955516838677038,0.0656,0.06507,0.06614,12919.81,7.895436,12918.2443771981,192.14907182059687,191.43991493163958,7.8821689537006225,0.01819956460829708,0.019091340643047516,0.5417240493838824,0.010393365236049945,0.01072656310315534,0.26821491120213153,0.00487525036751324,0.005008042929320944,1.6303902799056529
1636042515805110273,4397497236327590912,349145796,2016.0,235.62403141456682,0.47878217697143555,-6.291277286593671,0.3407425582408905,3.545201602570547,0.5591942071914673,6.339839458465576,23.24894142150879,-19.46924709730996,0.5711074471473694,-12.706758651086826,0.3987317383289337,31,1.0149084329605103,False,236,193.5559226428892,0.9995439648628235,193.64422607421875,19.97035026550293,27,129.84250058769237,8.044942855834961,16.1396427154541,20.05500030517578,24,108.7499891952348,10.490469932556152,10.36655044555664,19.656822204589844,0,1,0,1,0,1.232679843902588,0.3981781005859375,0.08465003967285156,0.31352806091308594,0.412931207121852,36.832797443038636,234.82349673016847,13.04921086537626,0.005037248557408646,5542.06678828863,673.8620290510848,0.015379165748635504,0.4699999988079071,0.44999998807907104,0.5,0,,,,,,,,,,,,,,,,,,,,,100452356240960927,20.0184001922607,20.013500213623,20.0487995147705,20.0620994567871,19.7318000793457,0.0136820003390312,0.0156580004841089,0.0139070004224777,0.0668380036950111,0.00130700005684048,115000,115000,115000,115000,115000,436527104,52,0.05994907,4397497236327590912,100452356240960927,,,,,,,,,,,,,,,,,,,,,,,,,,,,,,,,3.2306104225477688,0.02565933407021734,235.6240314145668,-6.291277286593671,0.37002,0.35582,0.3847,9890.466,8.073304,7825.036988721999,252.0122087142472,244.21603652433805,7.352753432265185,0.0849507268411207,0.0845944968305945,0.2944731594528394,0.03014631998940631,0.027539552390378863,0.5647029482674626,0.01164839066062806,0.01361570181863847,7.796778929186706
1636042515805110273,4397658490879335424,1744094092,2016.0,236.20648105911562,0.11134903877973557,-5.471888204884462,0.07417665421962738,6.106339605717051,0.13239692151546478,46.121463775634766,119.0194091796875,-6.240840237835336,0.13579939305782318,-118.85567361977955,0.09671410173177719,31,0.9561570882797241,True,595,1495.72918349655,1.6976392269134521,881.064208984375,17.750234603881836,66,1047.993984453468,8.260440826416016,126.86901092529297,17.78764533996582,67,637.5613015221746,9.220105171203613,69.1490249633789,17.736591339111328,0,66,0,67,0,1.1269121170043945,0.05105400085449219,0.037410736083984375,0.013643264770507812,1.6621329109812737,36.92560220209992,235.21029621672008,13.979607653802944,0.009749292062497368,5791.388157856224,716.1972439135291,4.492861146621734e-07,0.41999998688697815,0.4099999964237213,0.41999998688697815,0,,,,,,,,,,,,,,,,,,,,,101432362065264375,17.6937007904053,17.8490009307861,18.0548000335693,18.2397003173828,18.3512001037598,0.00303500005975366,0.00436600018292665,0.00493799988180399,0.00613200012594461,0.0207170005887747,115000,115000,115000,115000,115000,436527104,52,0.25567037,4397658490879335424,101432362065264375,170164979,,,17.6461,17.898,18.0971,18.2922,,,0.0368,0.0442,0.0255,0.0449,,,0,0,0,0,,,0,0,0,0,0,0,0,0.15566018,4397658490879335424,170164979,6.018766399531484,0.015741518800682922,236.20648105911565,-5.471888204884462,0.27987,0.27467,0.28511,15752.1,8.05738,13530.276081120308,445.28822816812317,422.7482457052738,7.936688217623866,0.03952542165544326,0.03890157536684313,0.5730791513805726,0.02341130843765027,0.02225278157731525,0.2532183139411153,0.010041464129898536,0.009607511574351413,2.674193881331117
1636042515805110273,4397676632821836544,1528079871,2016.0,236.77741854289084,0.4308996796607971,-5.269663779015448,0.27706047892570496,3.404815499790328,0.463823139667511,7.340762615203857,30.06999397277832,-26.49253104412983,0.561000645160675,14.224990376298894,0.3837868273258209,95,1.0187768936157227,False,515,231.66236493582477,0.6996068358421326,331.1322326660156,19.77522850036621,58,156.97275622423015,6.208589553833008,25.283159255981445,19.848981857299805,55,118.53403830234427,5.624966621398926,21.072843551635742,19.56328773498535,0,1,0,1,0,1.1892600059509277,0.2856941223144531,0.07375335693359375,0.21194076538085938,2.3113027418584675,36.619637168064834,235.73403953360366,14.305303568436145,0.013253030593954666,12556.083788628892,669.087380758328,0.0553995662725826,0.6000000238418579,0.5899999737739563,0.6399999856948853,0,,,,,,,,,,,,,,,,,,,,,101672367774916806,19.8568992614746,19.8111991882324,19.8598003387451,19.9748992919922,19.9423007965088,0.00881799962371588,0.00955099985003471,0.0102930003777146,0.0271290000528097,0.0634720027446747,115000,115000,115000,115000,115000,436527104,52,0.0995341,4397676632821836544,101672367774916806,170179194,,,,,19.9983,,,,,,0.066,,,,,,0,,,,,,0,,0,0,0,0.1817222,4397676632821836544,170179194,3.7564149331517824,0.023106944123752374,236.77741854289084,-5.269663779015448,0.38945,0.37685,0.40514,11235.93,8.054574,9868.305200432958,347.0403901732352,308.8100165429496,8.058639863298895,0.06873703332344583,0.06645839206690862,0.6346676803024045,0.043420156143690214,0.040428704250392467,0.7079606522638937,0.0115261106655421,0.01105666483435841,2.772854224681527
1636042515805110273,4397748307230568576,1391941818,2016.0,236.10886112340359,0.11895254254341125,-5.150444883161085,0.08038394153118134,5.036155726146822,0.13293321430683136,37.884857177734375,27.165699005126953,-16.564213528003357,0.15381957590579987,-21.531420270706253,0.10485859960317612,31,1.0224480628967285,False,545,1145.8998631601185,1.3277666568756104,863.028076171875,18.039499282836914,56,868.6717538292137,10.630901336669922,81.71195983886719,17.991403579711914,48,589.0179539785266,7.922384738922119,74.34856414794922,17.822574615478516,0,56,0,48,0,1.2720917463302612,0.16882896423339844,-0.048095703125,0.21692466735839844,1.8918061876894658,37.20700558530597,235.03699764594404,14.270348130609449,0.00788257637234737,5634.709584757435,695.5071013115827,0.0006491185520523474,0.47999998927116394,0.46000000834465027,0.49000000953674316,0,,,,,,,,,,,,,,,,,,,,,101812361089309908,17.952299118042,18.0841999053955,18.2078990936279,18.3824996948242,18.3701000213623,0.00317799998447299,0.00569600006565452,0.015930000692606,0.0261029992252588,0.0323019996285439,115000,115000,16892216,16892216,16892216,436527104,52,0.068328716,4397748307230568576,101812361089309908,170171307,,,17.889,18.0019,18.1223,18.1363,,,0.0155,0.0533,0.0167,0.0349,,,0,0,0,0,,,0,0,0,0,0,0,0,0.09934762,4397748307230568576,170171307,5.04496766194197,0.12196958386091009,236.1088611234036,-5.150444883161085,0.32336,0.31726,0.32915,11040.86,7.510121,10750.289423052858,383.36071588896084,336.4727504091479,7.444842072565095,0.05828567302426091,0.058332117651482385,0.3397245572629283,0.02285362937078933,0.02133903933649367,0.25868334021536754,0.006568861609723087,0.008802944719174033,5.319309814295352
1636042515805110273,4397866126773420672,193203810,2016.0,238.7964463195919,0.4704878628253937,-6.371546109573199,0.3714301586151123,3.1874766340010967,0.5021359324455261,6.347836017608643,32.158958435058594,-24.498468394210146,0.707760751247406,-20.8332322266995,0.4803961515426636,95,1.0286543369293213,False,294,251.5219745250878,3.3572614192962646,74.91879272460938,19.68592643737793,10,314.7794100297565,92.0462875366211,3.419794797897339,19.09352684020996,17,324.47084797108926,43.93523025512695,7.385208606719971,18.469955444335938,2,0,0,0,0,2.5415284633636475,0.6235713958740234,-0.5923995971679688,1.2159709930419922,2.8348555511103415,34.36865551400403,238.0021381961901,13.668972848930364,0.001588669046106493,1627.923999308459,692.3240024497447,0.0006548646460777278,-99.0,1e+20,1e+20,999999,,,,,,,,,,,,,,,,,,,,,,,,,,,,,,,,,,,,,,,,,,,,,,,,,,,,,,,,,,,,,,,,,,,,,,,,,3.477645839679448,0.019790095696553073,238.7964463195919,-6.371546109573199,0.44118,0.42699,0.45805,,,7790.134803303565,1562.0515456386565,689.9381055575195,7.20850902553712,0.503805949178644,0.23716206974206333,0.2512196262768059,0.19307173028758334,0.05122566453136282,0.4704326255203584,0.055263035942302474,0.31238315665604577,4.40952508234199
1636042515805110273,4397927248454681472,940550479,2016.0,239.68027528424048,0.4038699269294739,-6.2615331331136534,0.31757375597953796,5.927220974954689,0.5447245240211487,10.881134986877441,25.129985809326172,22.680773943749386,0.5822020173072815,10.821215084401146,0.47313249111175537,31,0.9475733637809753,False,333,240.05234012821842,0.864465594291687,277.688720703125,19.736602783203125,36,139.98124350658617,7.318983554840088,19.125776290893555,19.97336769104004,36,119.1241974989739,8.676701545715332,13.729203224182129,19.55789566040039,0,1,0,0,0,1.0793706178665161,0.41547203063964844,0.23676490783691406,0.17870712280273438,3.6047364544317713,33.7546302388636,238.8629596753213,13.96058959462337,0.0011783691690429188,809.1979420653565,724.7916108404914,0.00014693214872121745,0.49000000953674316,0.47999998927116394,0.5099999904632568,0,,,,,,,,,,,,,,,,,,,,,100482396803956725,19.8798007965088,19.7357997894287,19.7434997558594,19.6404991149902,,0.00924799963831902,0.00977599993348122,0.0173499993979931,0.047155998647213,,115000,115000,115000,16892216,16416,436527104,52,0.060490157,4397927248454681472,100482396803956725,,,,,,,,,,,,,,,,,,,,,,,,,,,,,,,,5.212345753734196,0.07582326701773173,239.68027528424048,-6.261533133113653,0.33952,0.31104,0.36845,9744.427,8.571901,8047.227023294019,376.33120859561495,347.6745101870447,8.064872016787666,0.10490849515293199,0.10424291965132682,0.6337678610023381,0.0670214207900125,0.06341457548454954,1.2068149312742513,0.05586000970271199,0.04871267887444386,2.53073349340846
1636042515805110273,4398028747119936384,45547627,2016.0,239.92161481559666,0.06688309460878372,-5.5619120227732575,0.046291813254356384,7.800777222352862,0.0782913863658905,99.63774108886719,46.908119201660156,26.907464983806474,0.09020119905471802,-38.4234313773685,0.05917408689856529,31,0.9414705038070679,False,324,3182.556258479229,3.296429395675659,965.4556274414062,16.93042755126953,38,2278.1843784926564,9.894495010375977,230.24766540527344,16.944570541381836,36,1346.4568235416982,11.946213722229004,112.70992279052734,16.924915313720703,0,0,0,2,0,1.1389087438583374,0.019655227661132812,0.014142990112304688,0.005512237548828125,4.444543741956989,34.00155426876288,238.9562654421858,14.694703464891083,0.2400299976913065,109202.18630617448,719.6986526615507,0.10001020201761975,0.47999998927116394,0.4699999988079071,0.47999998927116394,0,,,,,,,,,,,,,,,,,,,,,101322399215896220,16.8880996704102,17.0429000854492,17.243200302124,17.4202003479004,17.5464992523193,0.00307000009343028,0.00256599998101592,0.0042590000666678,0.00626400019973516,0.0116349998861551,115000,115000,115000,115000,115000,436527104,52,0.09852662,4398028747119936384,101322399215896220,170378134,17.162,17.275,16.8672,17.0223,17.2615,17.4489,0.0171,0.0403,0.0116,0.0104,0.0064,0.0077,0,0,0,0,0,0,0,0,0,0,0,0,0,0,0,0.10681224,4398028747119936384,170378134,7.867392898869639,0.024591554308141875,239.92161481559663,-5.5619120227732575,0.22132,0.21514,0.22763,18541.48,8.025344,13534.478195687687,304.15022033189234,280.2283470043312,7.795118106774793,0.028773491289808995,0.029269763244518465,0.49846489750630807,0.01518774626708963,0.015287713576740858,0.2017422608861144,0.005755636087914767,0.005708962637348186,4.184423975943307
1636042515805110273,4398887092042907904,1186067048,2016.0,240.41533728401197,0.03562227636575699,-3.7609759768083455,0.026952499523758888,18.606700218059355,0.04365848749876022,426.1874694824219,83.0736083984375,-77.00149151251121,0.05036083608865738,31.176829711942204,0.03448867052793503,31,0.9266807436943054,False,275,11324.478159089085,6.537288665771484,1732.289794921875,15.552321434020996,29,8528.378209938597,31.68645668029785,269.1490173339844,15.51137638092041,28,4627.59912926254,25.63625717163086,180.5099334716797,15.584506034851074,0,0,0,1,0,1.1617292165756226,-0.07312965393066406,-0.04094505310058594,-0.032184600830078125,6.536904346705861,34.71005549369283,239.07207339179698,16.558319637100862,0.006356903336270012,1226.9741963496533,671.3155499616146,9.351680156995525e-06,0.019999999552965164,0.019999999552965164,0.019999999552965164,0,,,,,,,,,,,,,,,,,,,,,103482404154307216,15.4470996856689,15.6770000457764,15.9025001525879,16.0837001800537,15.9970998764038,0.0126459999009967,0.00702100014314055,0.00634799990803003,0.0103529999032617,0.00901199970394373,115000,115000,16892216,115000,16892216,436527104,52,0.19685513,4398887092042907904,103482404154307216,170425222,15.3473,15.4672,,,,,0.0116,0.0111,,,,,0,0,,,,,0,0,,,,,0,0,0,0.246489,4398887092042907904,170425222,18.60423906366856,0.021626539794254607,240.415337284012,-3.7609759768083455,0.04494,0.04489,0.045,13517.13,8.252009,14342.638469317566,200.92072278324122,209.75508436373457,8.290351745010785,0.01564086009943466,0.017120919625256192,0.7902888872982599,0.010588721155866954,0.011477313064853667,0.3704974002075178,0.0055545939581534975,0.005237503163816382,13.551239965848593
1636042515805110273,4398994358847559936,726436123,2016.0,237.28911734032127,0.603209912776947,-5.211919077995325,0.4503546953201294,4.639176711202121,0.7172159552574158,6.468311786651611,30.639854431152344,-10.294191968313626,0.8434562683105469,-28.858798794497247,0.5947458744049072,31,0.9807780981063843,False,401,134.39648787768343,0.7108834385871887,189.0555877685547,20.366397857666016,35,89.49103300391488,7.376399993896484,12.132074356079102,20.45909309387207,36,91.73476297704127,7.411691665649414,12.377034187316895,19.84156036376953,0,0,0,3,0,1.348441481590271,0.6175327301025391,0.09269523620605469,0.5248374938964844,2.7700853420027864,36.26358701972296,236.2334804521552,14.475454987632425,0.06810920164244959,85047.93014365905,647.760618384014,1.738063125457806,0.5899999737739563,0.5199999809265137,0.6299999952316284,0,,,,,,,,,,,,,,,,,,,,,101742372891086125,20.7047996520996,20.3066997528076,20.2161998748779,20.1357002258301,20.0625,0.0183850005269051,0.0142480004578829,0.0144349997863173,0.0363310016691685,0.0499360002577305,115000,115000,115000,115000,115000,436527104,52,0.07434321,4398994358847559936,101742372891086125,,,,,,,,,,,,,,,,,,,,,,,,,,,,,,,,2.9341154260448943,0.15469367458048178,237.2891173403213,-5.211919077995325,0.36122,0.32731,0.38511,7536.234,8.031338,6659.683928886554,296.266545346617,288.07896463615816,7.018867622666362,0.1127127418312952,0.06748438289148151,0.1999940076189317,0.026247082096934993,1.2593405895877652e-07,0.44743019341745116,0.12904619405518425,0.3524135827790191,1.9404254308547781
1636042515805110273,4399486287221485184,836055571,2016.0,238.92974380454913,0.33280688524246216,-4.307059475582951,0.23447677493095398,4.474124276535866,0.37198323011398315,12.027758598327637,24.804006576538086,-24.26111895207663,0.4242840111255646,-5.1610929664909495,0.3048080801963806,31,0.9739181399345398,False,369,263.73984331125985,0.8278201818466187,318.5955810546875,19.634428024291992,38,155.5082539631952,7.557214736938477,20.577455520629883,19.859159469604492,37,138.5936400679226,7.879492282867432,17.58915901184082,19.393537521362305,0,0,0,0,0,1.1151212453842163,0.4656219482421875,0.2247314453125,0.2408905029296875,4.904212252350669,35.553525424911925,237.68232756451704,15.714462937673066,0.07255003926043922,58488.89938732051,603.8338540906509,1.1250893113587823,0.6899999976158142,0.6399999856948853,0.7200000286102295,0,,,,,,,,,,,,,,,,,,,,,102832389297651966,19.7273998260498,19.6758003234863,19.7068004608154,19.7779006958008,19.8257999420166,0.0149419996887445,0.00679400004446507,0.0120080001652241,0.0374700017273426,0.0388090014457703,115000,115000,115000,115000,115000,436527104,52,0.06414011,4399486287221485184,102832389297651966,170398925,,,,,19.767,,,,,,0.0263,,,,,,0,,,,,,0,,0,0,0,0.22225364,4399486287221485184,170398925,4.434744065066426,0.1216265361228348,238.9297438045491,-4.307059475582951,0.38732,0.37283,0.40003,10070.85,8.103181,9257.457942300809,379.94921873197563,363.3392031466901,8.075977972505685,0.08275095688772005,0.08531323396749979,0.6438931660113172,0.05278564680764031,0.052395585340015316,0.8543412991647616,0.021397101087262116,0.020104641221897035,1.3110094622232673
1636042515805110273,4400197705604006784,64057780,2016.0,234.45101565447894,0.2038978487253189,-6.1562037860592165,0.1799013614654541,2.7472141929088862,0.24463199079036713,11.229987144470215,11.97545051574707,-7.203829771876486,0.2655729651451111,-9.566412776857392,0.19995364546775818,31,1.0274990797042847,False,213,549.5358824677439,1.4278184175491333,384.87799072265625,18.837377548217773,23,400.06758531011593,9.974838256835938,40.1076774597168,18.833208084106445,23,212.78542991195152,9.364157676696777,22.723392486572266,18.928041458129883,0,0,0,0,0,1.115219235420227,-0.0948333740234375,-0.004169464111328125,-0.09066390991210938,359.5729627541238,37.79809454627212,233.6275990862414,12.907769273515182,0.019578744589900207,25656.34696616406,681.5014663194959,0.690045861149857,0.4300000071525574,0.41999998688697815,0.4300000071525574,0,,,,,,,,,,,,,,,,,,,,,100612344510113015,18.7310009002686,18.988000869751,19.2492008209229,19.4141998291016,19.5221004486084,0.00400799978524446,0.00812899973243475,0.00815299991518259,0.0147059997543693,0.0508360005915165,115000,115000,115000,115000,115000,436527104,52,0.0075714705,4400197705604006784,100612344510113015,169633681,,,18.6929,,19.2647,19.453,,,0.019,,0.0229,0.0415,,,0,,0,0,,,0,,0,0,0,0,0,0.030887974,4400197705604006784,169633681,2.627248016129902,0.1852148508292829,234.45101565447897,-6.1562037860592165,0.36259,0.356,0.36909,22218.07,8.048539,19624.80884877129,4368.4892646478875,3228.528633542097,7.865904418243694,0.2298950522093044,0.21392621574437598,0.5506618539273687,0.1365214756738259,0.11000266680109566,0.05163924978519786,0.02537448628059079,0.018010843192481717,0.8449471342259565
1636042515805110273,4400249490026208256,1403850312,2016.0,233.69727249122678,0.19040051102638245,-5.948021921461885,0.15817876160144806,2.587593655639463,0.20425498485565186,12.668447494506836,7.03219747543335,-0.7818414181746068,0.3059273660182953,6.988599876452686,0.24077486991882324,95,1.09792959690094,False,150,955.1509700542326,14.145609855651855,67.52278137207031,18.237186431884766,2,4796.309457166984,237.79881286621094,20.16961097717285,16.136274337768555,2,3461.8544373026057,655.1576538085938,5.284002304077148,15.89962387084961,0,2,0,2,0,8.645925521850586,0.2366504669189453,-2.100912094116211,2.3375625610351562,359.13524705994064,38.49570520675457,232.82981869789376,12.930416305301728,0.0009438832724763179,1250.97439910192,688.1859739293554,0.0004296919301018369,-99.0,1e+20,1e+20,999999,,,,,,,,,,,,,,,,,,,,,,,,,,,,,,,,,,,,,,,,,,,,,,,,,,,,,,,,,,,,,,,,,,,,,,,,,2.680350264829356,0.015125338254027065,233.6972724912268,-5.948021921461885,0.34756,0.34214,0.35224,,,,,,,,,,,,,,,
1636042515805110273,4400460527537556352,1661568568,2016.0,233.35550184619427,0.32751181721687317,-5.656862715292897,0.2691729664802551,3.6393686564534202,0.3784646987915039,9.616137504577637,27.17890167236328,-25.44324784481899,0.4612061083316803,9.556875540407336,0.37704554200172424,31,0.9318623542785645,False,194,309.366338898806,1.2998075485229492,238.00933837890625,19.461183547973633,11,226.7065522166695,10.612183570861816,21.362855911254883,19.44988250732422,11,165.82877575518208,6.45672082901001,25.68312644958496,19.198745727539062,0,0,0,0,0,1.2688366174697876,0.25113677978515625,-0.011301040649414062,0.2624378204345703,359.12113448267945,38.94321551863176,232.41871340934284,13.130343779101963,0.0008623192037430337,851.9118425009291,683.0930157504148,2.8986086075102503e-05,0.36000001430511475,0.3499999940395355,0.3700000047683716,0,,,,,,,,,,,,,,,,,,,,,101212333557532229,19.5081005096436,19.4344005584717,20.3148002624512,20.1578006744385,,0.0157880000770092,0.0221730004996061,0.0815230011940002,0.154768005013466,,115000,16696,20528,20536,16416,436363264,52,0.058072716,4400460527537556352,101212333557532229,,,,,,,,,,,,,,,,,,,,,,,,,,,,,,,,3.598125517535616,0.0415516137395798,233.35550184619427,-5.656862715292897,0.31378,0.3053,0.32262,9351.769,7.701903,9384.678887128175,551.195932710385,472.3987284057148,7.664881053313134,0.14243628859779545,0.13901909899679854,0.42230533544876303,0.07077457896752926,0.060934711225220206,0.49679454648939037,0.012064749828581744,0.012091358375634964,2.365428683498022
1636042515805110273,4400632871690353024,1681249219,2016.0,235.00680722017015,0.0815342590212822,-5.496084878588062,0.07199668139219284,6.184201577038736,0.1023329421877861,60.43217086791992,93.94091796875,-82.16218550305564,0.10652868449687958,-45.544174955492664,0.08072593808174133,31,0.9992460012435913,False,222,1951.561226762932,3.035418748855591,642.9298095703125,17.461410522460938,20,1394.5903761416153,13.094639778137207,106.50086212158203,17.47742462158203,21,789.2037886134059,9.645455360412598,81.8213119506836,17.50492286682129,0,1,0,1,0,1.1189985275268555,-0.027498245239257812,0.01601409912109375,-0.04351234436035156,0.6625772991679559,37.81761517425687,234.01960316460372,13.679737593091376,0.0024167665327755076,1470.0522761585737,676.4085081405552,2.7126429651863555e-08,0.3499999940395355,0.3400000035762787,0.3499999940395355,0,,,,,,,,,,,,,,,,,,,,,101402350069405200,17.3812007904053,17.5909004211426,17.7963008880615,18.0046005249023,18.1270999908447,0.00441699987277389,0.00468500005081296,0.00751300016418099,0.00926200021058321,0.0143050001934171,115000,115000,115000,115000,115000,436527104,52,0.22737965,4400632871690353024,101402350069405200,170115552,17.63,17.7865,17.3111,17.5928,17.8269,18.0208,0.0355,0.0625,0.0115,0.0272,0.0087,0.0406,0,0,0,0,3,3,0,0,0,0,0,0,3,0,3,0.12079135,4400632871690353024,170115552,5.9162096709136085,0.041305915347911885,235.0068072201701,-5.496084878588062,0.26206,0.25828,0.26577,16559.9,7.984141,15309.604417351957,386.60465551586094,384.0180406590134,7.880261258996489,0.032076810113249365,0.03279326864104526,0.5470629297925065,0.01797875803528648,0.018280071904031248,0.1525877801575836,0.005414037408271372,0.004955789958930923,3.4309690967928756
1636042515805110273,4400917404683778816,875867634,2016.0,234.3455515574889,0.7378075122833252,-4.794566736755708,0.6307402849197388,6.234217778198241,0.9158495664596558,6.807032585144043,33.31047439575195,-13.253986676796233,1.231231451034546,-30.56009783751862,1.1234582662582397,95,1.0245418548583984,False,167,107.5747173588365,0.9546447396278381,112.68560028076172,20.608091354370117,14,66.26604387686818,11.330428123474121,5.848503112792969,20.785314559936523,14,57.49955687296221,7.872431755065918,7.303913116455078,20.34873390197754,0,0,0,0,0,1.1505082845687866,0.4365806579589844,0.17722320556640625,0.2593574523925781,0.7892403442634763,38.77468526395057,233.18905930253635,14.205203378612962,0.009199719976323743,6953.259294655474,644.2592096359923,0.2157630465774278,-99.0,1e+20,1e+20,999999,,,,,,,,,,,,,,,,,,,,,102242343456177009,20.9748992919922,20.6334991455078,20.4575996398926,20.4269008636475,20.13330078125,0.0359049998223782,0.0217400006949902,0.0182470008730888,0.0388640016317368,0.0874210000038147,115000,115000,115000,115000,115000,436527104,52,0.014237497,4400917404683778816,102242343456177009,,,,,,,,,,,,,,,,,,,,,,,,,,,,,,,,4.718401489508602,0.035720937401504026,234.34555155748888,-4.794566736755708,0.24748,0.2109,0.28197,,,6151.627867952244,224.94254040712985,193.5058375934468,7.898578852305891,0.09924919780794106,0.09368126383722952,0.529554569263319,0.05870393114972339,0.05219919396147338,1.8764244503213288,0.10997328601953127,0.09027348475942953,3.081802227164232
1636042515805110273,4403119107998771456,825761699,2016.0,236.86967561390406,0.4895113706588745,-2.8212476208842774,0.3498274087905884,3.4414627905358297,0.6126748919487,5.617110729217529,16.494482040405273,-13.940909419531454,0.642179012298584,8.815835509384927,0.4652811884880066,31,0.9558743834495544,False,508,173.73107628863085,0.7096283435821533,244.81980895996094,20.08767318725586,51,125.57387030025251,8.310053825378418,15.111078262329102,20.091293334960938,45,95.01047311435093,5.9684648513793945,15.918745994567871,19.803466796875,0,1,0,1,0,1.2696884870529175,0.2878265380859375,0.003620147705078125,0.2842063903808594,4.778809663459726,38.08824480911658,235.25299036368895,16.711209541079068,0.007230761445736013,8906.757133194624,618.4761088551053,0.04610970308792974,0.5,0.49000000953674316,0.5400000214576721,0,,,,,,,,,,,,,,,,,,,,,104612368696794917,20.1704006195068,20.1389007568359,20.2031002044678,20.2423992156982,,0.0092960000038147,0.0102150002494454,0.0125660002231598,0.0185199994593859,,115000,115000,115000,115000,114720,436527104,52,0.037067857,4403119107998771456,104612368696794917,170301169,,,20.1956,20.1867,,,,,0.0172,0.0132,,,,,0,0,,,,,0,0,,,0,0,12,0.03018208,4403119107998771456,170301169,3.128538752763187,0.3939254950761784,236.8696756139041,-2.8212476208842774,0.35933,0.34357,0.38814,9746.962,8.059278,9923.782696186216,2475.6671397523987,1442.609030526035,8.031426759486646,0.37434888071851624,0.3759353909369638,0.6183467484501697,0.243455665349246,0.2039112318579298,0.65327057290207,0.050465174238024324,0.05565558646466995,1.0426198290889692
1636042515805110273,4403274517096777728,782727420,2016.0,237.59510508113982,0.4546051025390625,-2.081901204172536,0.2811473309993744,5.411264154265615,0.45336565375328064,11.935761451721191,15.474846839904785,14.439301303761331,0.6437016725540161,-5.565739218132662,0.36789658665657043,31,0.928071141242981,False,423,241.89785586231153,0.7850250601768494,308.1402893066406,19.728286743164062,33,152.0399234092919,8.514955520629883,17.855632781982422,19.883647918701172,31,149.10981542939643,6.75560998916626,22.071998596191406,19.314130783081055,0,0,0,1,0,1.2449458837509155,0.5695171356201172,0.15536117553710938,0.4141559600830078,6.084400250782903,37.96873585302642,235.81765575188882,17.59484122261874,0.0009534545281412248,714.6655105095136,615.2930099932674,0.00030783794683228216,0.3499999940395355,0.3400000035762787,0.3700000047683716,0,1237655498142384561,20.66383,20.04022,19.82774,19.90921,19.84268,0.07342328,0.01970502,0.02054572,0.03322334,0.1084975,105622104314384,2252074960195600,70369012781073,4503599895969808,70369012646417,70369146998801,0.029338636,4403274517096777728,1237655498142384561,105502375951022212,19.9512996673584,19.7294006347656,19.5958003997803,19.7024993896484,,0.0177159998565912,0.00989300012588501,0.0188299994915724,0.0538359992206097,,115000,115000,115000,16696,16416,436527104,52,0.10984936,4403274517096777728,105502375951022212,,,,,,,,,,,,,,,,,,,,,,,,,,,,,,,,4.769297563945186,0.06538313299345601,237.59510508113985,-2.081901204172536,0.29499,0.27731,0.31285,7342.246,7.888792,7546.795146536544,198.81108726576986,186.19720730716563,7.817492591944335,0.0689762994437908,0.06793786554253778,0.49071651697214647,0.03786087587719955,0.03537214555028889,1.0229117336777538,0.02319504036777542,0.02035231869502896,6.17731762523899
1636042515805110273,4403418518759049216,864523608,2016.0,234.5432664899101,0.3810268044471741,-3.245496901618416,0.27800267934799194,4.750718152677296,0.42039740085601807,11.300541877746582,36.05746078491211,-29.408392034486678,0.44666075706481934,-20.863533119666734,0.3558432161808014,31,1.0729514360427856,False,220,258.45703928897746,1.2118905782699585,213.26763916015625,19.656396865844727,23,136.54502827090735,7.868143558502197,17.35416030883789,20.00035285949707,23,172.67713946106957,9.585944175720215,18.01357650756836,19.154808044433594,0,1,0,3,0,1.1964161396026611,0.8455448150634766,0.34395599365234375,0.5015888214111328,2.4778940411128407,39.626875677792434,233.0032995762644,15.756433687871889,0.004952861208139428,3239.0806087450856,594.2845575051372,0.01577586087648576,0.3700000047683716,0.33000001311302185,0.4000000059604645,0,,,,,,,,,,,,,,,,,,,,,104102345433515916,20.0165996551514,19.6627006530762,19.5074005126953,19.494499206543,19.2856006622314,0.0126529997214675,0.0155560001730919,0.008992999792099,0.00111900002229959,0.0538260005414486,115000,115000,115000,115000,115000,436527104,52,0.08291545,4403418518759049216,104102345433515916,170152262,,,19.9465,19.6846,19.497,,,,0.038,0.0166,0.0196,,,,0,0,0,,,,0,0,0,,0,0,0,0.15255734,4403418518759049216,170152262,5.4491974798424705,0.03220775983391949,234.5432664899101,-3.245496901618416,0.28739,0.27333,0.29857,6278.89,7.21312,6216.0550084923,122.04289826534568,117.26490686781472,7.389340422847805,0.060711926852928144,0.06248203398572638,0.29839858960268406,0.022470644662049954,0.021967159173914896,1.0429507191721834,0.019793230219221414,0.02281526310542148,2.8526739995641974
1636042515805110273,4405014322447701504,1344687047,2016.0,241.49896190241353,0.3500702977180481,-3.209201774601303,0.25756293535232544,2.754037871177011,0.44186699390411377,6.232730388641357,9.587026596069336,3.4092212126718873,0.4420830011367798,-8.96037296633386,0.35912176966667175,31,1.0048401355743408,False,328,275.7007970036398,0.9760653376579285,282.46142578125,19.586271286010742,39,188.46603379858297,7.30288553237915,25.807064056396484,19.65045928955078,34,124.66920112832982,8.775981903076172,14.205726623535156,19.50849723815918,0,1,0,1,0,1.1357792615890503,0.14196205139160156,0.06418800354003906,0.0777740478515625,7.855583046941898,34.17001299813911,240.0630401081444,17.31706858535371,0.08042515964365475,95179.33611855799,722.8817515233886,1.039930118320857,0.5299999713897705,0.5099999904632568,0.550000011920929,0,,,,,,,,,,,,,,,,,,,,,104142414989569407,19.5482006072998,19.6842002868652,19.8946990966797,20.0188999176025,19.9755992889404,0.0113869998604059,0.00924700032919645,0.0100349998101592,0.0462969988584518,0.0612200014293194,115000,115000,115000,115000,115000,436527104,52,0.02638737,4405014322447701504,104142414989569407,170502372,,,,,19.8441,,,,,,0.0753,,,,,,0,,,,,,0,,0,0,0,0.028120328,4405014322447701504,170502372,2.950367365960799,0.19846393758825384,241.4989619024135,-3.209201774601303,0.44044,0.42484,0.45968,15034.59,8.012513,13738.086433648357,2609.4171273166958,1708.7823382390325,8.062458169803305,0.18845552988058856,0.14818701839253023,0.6465907084427279,0.12208750203277818,0.0895118034777318,0.29172067646790356,0.056162399914477745,0.053859113275844694,1.462754798391702
1636042515805110273,4405290093708415104,1234540026,2016.0,244.24796412586122,0.3479008972644806,-2.297137810749131,0.25899890065193176,4.24453772972676,0.422148734331131,10.05460262298584,6.6707048416137695,5.889312373728715,0.4586101770401001,-3.132779032922852,0.3276456594467163,31,1.046911597251892,False,261,262.21617316696774,0.9418655037879944,278.40087890625,19.640718460083008,25,174.30882518451904,11.228748321533203,15.523442268371582,19.73524284362793,26,134.1274337712985,7.096715450286865,18.899930953979492,19.429101943969727,0,1,0,0,0,1.176267147064209,0.3061408996582031,0.09452438354492188,0.21161651611328125,10.645842752928377,32.456708145036565,242.7147826628008,18.73603329998927,0.00138515554112118,987.0489400797732,769.0366850200382,0.0017743250360254704,0.3199999928474426,0.30000001192092896,0.3400000035762787,0,1237668569322947062,20.2869,19.81136,19.6945,19.87914,19.94942,0.05267543,0.01608864,0.01891731,0.03410396,0.1058795,35253360132112,275146375184,268468240,4503599895969808,268468240,402685968,0.046555962,4405290093708415104,1237668569322947062,105242442479863880,19.778600692749,19.7000999450684,19.7073993682861,19.7497005462646,19.5228004455566,0.00972000043839216,0.0140819996595383,0.0127529995515943,0.0142219997942448,0.246508002281189,115000,115000,115000,115000,115000,436527104,52,0.030742694,4405290093708415104,105242442479863880,,,,,,,,,,,,,,,,,,,,,,,,,,,,,,,,4.9402172938351585,0.12094229285916192,244.2479641258612,-2.297137810749131,0.39084,0.38091,0.39989,9549.377,8.119526,9615.833963110385,347.19430816727254,319.50281414595156,8.322315843363771,0.06786916436773538,0.06825842684150096,0.8025440356529365,0.04524990086781966,0.04532145820563416,1.134755761358773,0.029667886902974727,0.02995429240395997,3.9404417256118967
1636042515805110273,4405463232429732864,883018666,2016.0,242.185894875076,0.188492551445961,-2.285384556561367,0.1619967222213745,5.167734624948052,0.25467562675476074,20.29143714904785,7.507716655731201,-2.1609909062905976,0.2523610293865204,7.189988149382778,0.1904459297657013,31,0.9278739094734192,False,413,500.18362969725575,1.0886125564575195,459.4689025878906,18.939542770385742,41,313.6468409227793,7.48317813873291,41.9135856628418,19.097440719604492,39,250.25491890747276,9.162569046020508,27.312746047973633,18.75193977355957,0,3,0,3,0,1.1273894309997559,0.3455009460449219,0.15789794921875,0.18760299682617188,9.246143158090579,34.15295539504434,240.57831742624433,18.358045142578035,0.0014886616207929792,1054.5973665044824,706.0113275556478,4.0679197920485713e-05,0.3400000035762787,0.3400000035762787,0.3499999940395355,0,1237668649316319729,19.65354,19.06763,18.98388,19.06799,19.15837,0.0371759,0.01025174,0.01140577,0.01524309,0.04868877,35253393555472,275179929616,302022672,4503599929393168,302022672,275179929616,0.069697626,4405463232429732864,1237668649316319729,105252421859137964,19.0091991424561,18.9838008880615,19.0401000976563,19.1030006408691,19.029899597168,0.00819300021976233,0.00646100006997585,0.00915099959820509,0.0147829996421933,0.00863500032573938,115000,115000,115000,115000,115000,436527104,52,0.014713422,4405463232429732864,105252421859137964,170642537,,,18.9805,18.9165,,,,,0.012,0.019,,,,,3,3,,,,,0,2,,,3,2,4,0.037271984,4405463232429732864,170642537,5.058375213033103,0.10936044789255765,242.185894875076,-2.285384556561367,0.34936,0.33925,0.35817,9580.655,7.929112,9144.897078709357,223.61647145957068,221.11023367590496,7.778362824466807,0.0577869427810942,0.061020621224078475,0.4757805769359108,0.030646335129462465,0.030614301796479892,0.6063808605443066,0.008218336091378231,0.007946132248460969,3.4842736805709977
1636042515805110273,4405471856730723072,915301982,2016.0,242.50211343255086,0.18249228596687317,-2.3172768799604024,0.12585298717021942,3.9754700676286423,0.23751039803028107,16.738088607788086,36.30813217163086,-23.29107877674298,0.22806470096111298,27.853296723645357,0.14568854868412018,31,0.9579948782920837,False,390,599.1712227252917,1.118394136428833,535.742431640625,18.74349021911621,40,428.2160861104915,6.318024635314941,67.77689361572266,18.759384155273438,39,269.5494239158322,9.610308647155762,28.04794692993164,18.67129898071289,0,2,0,1,0,1.1645511388778687,0.08808517456054688,0.015893936157226562,0.07219123840332031,9.434941003261551,33.876622187202656,240.9114291352924,18.388232918215618,0.0032290875035336708,3271.587283805471,716.1972439135291,0.0003198120598152234,0.38999998569488525,0.3700000047683716,0.4000000059604645,0,1237668649316450549,19.106,18.67676,18.86727,19.00939,19.23804,0.02601857,0.008466836,0.01079931,0.01484601,0.0533107,193583068086288,158604854460432,302022672,4661929603923984,302022672,275179929616,0.0635718,4405471856730723072,1237668649316450549,105212425021789661,18.6814002990723,18.805700302124,18.9965000152588,19.2161998748779,19.1282005310059,0.008627999573946,0.00652900012210011,0.00656699994578958,0.0155029995366931,0.0278750006109476,115000,115000,115000,115000,16892216,436527104,52,0.10039736,4405471856730723072,105212425021789661,170644025,,,,,19.0445,,,,,,0.0177,,,,,,0,,,,,,0,,0,0,2,0.16824651,4405471856730723072,170644025,3.5141720819179145,0.014953554923365902,242.50211343255089,-2.3172768799604024,0.38375,0.37856,0.38856,16215.56,8.149867,14169.615054808055,339.5688406553909,331.255436262114,7.793872839959452,0.03156438136584505,0.03168079846073901,0.4996867954648092,0.01663732075622404,0.01656656427414649,0.17237576674439728,0.0058849920659224675,0.005234553963526428,5.990483098819094
1636042515805110273,4406367000927617024,755155571,2016.0,242.69284785111634,0.3720583915710449,-1.3966662581705986,0.3639228343963623,3.5225028594354764,0.538555920124054,6.54064416885376,40.222084045410156,-32.31057722539453,0.49215641617774963,23.95501268184889,0.4135732054710388,31,0.953052282333374,False,373,230.1387798954566,0.8037329912185669,286.33734130859375,19.782392501831055,31,148.75198093715304,11.00580883026123,13.515769958496094,19.907384872436523,30,121.3958823575717,6.98499059677124,17.379533767700195,19.537385940551758,0,0,0,0,0,1.1738476753234863,0.3699989318847656,0.12499237060546875,0.24500656127929688,10.477753724302866,34.24750781348218,240.9208664889228,19.32833120784274,0.0010670549274223698,1006.08353906522,756.9409093450543,4.624288411575417e-06,0.3400000035762787,0.3199999928474426,0.36000001430511475,0,1237668650390061399,20.53575,19.9433,19.88971,19.95442,20.15781,0.06963734,0.01671729,0.02136287,0.03144861,0.1393809,35253360132624,275280593424,268599312,4503599895838736,268468240,275280592912,0.014568297,4406367000927617024,1237668650390061399,106322426928844407,19.8796005249023,19.8166007995605,19.8180999755859,19.8568000793457,,0.00757399993017316,0.0103160003200173,0.0147029999643564,0.00313599989749491,,115000,115000,115000,115000,114720,436527104,52,0.09973502,4406367000927617024,106322426928844407,,,,,,,,,,,,,,,,,,,,,,,,,,,,,,,,3.7715554724000855,0.09348780415517467,242.69284785111637,-1.3966662581705986,0.35978,0.3507,0.36926,9027.884,7.789086,9112.63217794452,321.56598639755794,295.5970897552743,7.921673161194781,0.08260461666827457,0.08093201793860771,0.5523999584681359,0.04868595347058058,0.04525239677967041,0.7259978985228324,0.015420068882224691,0.014398440683462632,3.6278889581763605
1636042515805110273,440641624277262976,811645148,2016.0,42.34691863154808,0.312459260225296,51.747249144204986,0.31478631496429443,2.593267900366818,0.4635095000267029,5.59485387802124,18.650489807128906,-18.58632107620665,0.48291847109794617,-1.5457819410941291,0.5253437161445618,31,0.980498194694519,False,520,260.1341934191478,0.8535944819450378,304.7514953613281,19.64937400817871,41,187.28680053510615,6.10067081451416,30.699378967285156,19.65727424621582,39,125.2085197303559,9.002326965332031,13.908461570739746,19.50381088256836,0,1,0,1,0,1.2012850046157837,0.15346336364746094,0.007900238037109375,0.14556312561035156,140.81249445458133,-6.982401028387332,56.63960179061156,33.682533078884504,0.0007051345265070659,1075.2965208685798,1372.8705391106892,0.007010075203141208,0.5899999737739563,0.5400000214576721,0.6299999952316284,0,,,,,,,,,,,,,,,,,,,,,170090423469937374,19.5858001708984,19.7273998260498,,,,0.0183400008827448,0.0387299992144108,,,,115000,115000,16416,16416,16416,436527104,52,0.05960771,440641624277262976,170090423469937374,,,,,,,,,,,,,,,,,,,,,,,,,,,,,,,,2.3327768908317066,0.10774531627769621,42.34691863154808,51.747249144204986,0.56877,0.51434,0.63408,20460.75,8.295864,16647.71440017713,6736.980067683191,3864.7718235888206,7.903272108638253,0.3997312450770636,0.3590288847529086,0.562668029441614,0.24969491330201798,0.17798817453504334,0.11630668753402609,0.05165297348742104,0.04047791682482062,1.3665606513369057
1636042515805110273,4406733207018066944,1516628022,2016.0,241.4767904960853,0.05576865002512932,-0.4692397037040574,0.04276031255722046,14.368274957295052,0.06967885047197342,206.20712280273438,140.5493621826172,-84.64099414144252,0.06851198524236679,112.20527310546859,0.04558112099766731,31,0.9787787199020386,False,286,4301.8740761417275,3.76690936088562,1142.016845703125,16.603221893310547,33,2899.197245666229,14.887578964233398,194.7393341064453,16.68284797668457,33,2057.488059074145,11.561736106872559,177.9566650390625,16.46455192565918,0,1,0,0,0,1.1522153615951538,0.21829605102539062,0.07962608337402344,0.1386699676513672,10.566047767439509,35.77500977815116,239.4604149707962,19.996988502543697,0.018494609918892957,4617.4872523333615,687.5493541569879,3.747971466763062e-05,0.019999999552965164,0.019999999552965164,0.019999999552965164,0,1237668569321504963,17.04639,16.62736,16.67478,16.77523,16.90154,0.008219192,0.003820339,0.004108652,0.004956849,0.01022092,144150443583475728,268603408,144115188344324112,148618787971694608,144115188344324112,268468240,0.022805838,4406733207018066944,1237668569321504963,107432414769387101,16.6462001800537,16.6833000183105,16.7945995330811,16.9057998657227,17.0256004333496,0.00593600003048778,0.00195499998517334,0.00296900002285838,0.00548900011926889,0.00456700008362532,115000,115000,115000,115000,115000,436527104,52,0.3048939,4406733207018066944,107432414769387101,170673585,17.0785,17.0129,16.6156,16.6731,16.7949,16.9768,0.0057,0.0277,0.005,0.0095,0.0093,0.0117,0,0,0,0,0,0,0,0,0,0,0,1,0,1,0,0.14591758,4406733207018066944,170673585,14.397797791137666,0.019952474018507693,241.4767904960853,-0.4692397037040574,0.05039,0.05023,0.05055,9355.185,7.981807,9460.91823709006,75.5498941687074,76.59196952841194,7.9914365887148,0.01791966171115611,0.018748253356310585,0.5935405392401385,0.010797609295039035,0.011302215170992613,0.7208026808484508,0.003609190912966742,0.0033417317880479747,2.724802232245649
1636042515805110273,4406959599038953728,586630183,2016.0,246.01671116194478,0.33931881189346313,-1.2211743857693562,0.19300460815429688,3.0379457489477035,0.39610427618026733,7.669560432434082,23.545167922973633,-16.819906523398487,0.4764992892742157,-16.476215307600597,0.3716854155063629,31,1.0241315364837646,False,437,242.6376621546702,0.7347621917724609,330.2261047363281,19.724971771240234,45,169.08943915636064,6.018231391906738,28.096200942993164,19.768251419067383,41,105.18427783660928,6.526881694793701,16.115549087524414,19.693017959594727,0,1,0,0,0,1.1303839683532715,0.07523345947265625,0.04327964782714844,0.03195381164550781,12.861802856849327,31.58861062164227,244.35734420391094,20.108484104923445,0.0011812096947120762,1623.6279721093244,805.3240120449905,0.0001466454605649058,0.28999999165534973,0.28999999165534973,0.30000001192092896,0,1237648702993859283,20.23621,19.69948,19.8257,20.09227,20.36133,0.03905923,0.01337031,0.01789726,0.02983945,0.1365456,193583034531856,158604820906000,268468240,4503874773745680,275146375184,275146375184,0.04868541,4406959599038953728,1237648702993859283,106532460167635101,19.6706008911133,19.8206996917725,20.0121994018555,20.1177997589111,19.8747005462646,0.0170670002698898,0.0106809996068478,0.00694999983534217,0.0223489999771118,0.139822006225586,115000,115000,115000,115000,115000,436527104,52,0.073317714,4406959599038953728,106532460167635101,194179715,,,,,19.5821,,,,,,0.0401,,,,,,0,,,,,,2,,0,2,2,0.23829468,4406959599038953728,194179715,2.741210145411041,0.23157713121632087,246.0167111619448,-1.2211743857693562,0.38558,0.37961,0.39355,13250.14,8.240903,13410.54561634492,1268.1278617767548,1177.6055266030507,8.06658232283175,0.10901105565638503,0.10915116419749094,0.6484309338364899,0.06930686099201777,0.06673839914977853,0.3170593204385673,0.03743051671544739,0.030330979272915948,2.3639075481540264
1636042515805110273,440702612810421632,659699053,2016.0,43.529881091650786,0.6023989915847778,51.93035606962293,0.580241322517395,8.646493146270627,0.9457356929779053,9.142610549926758,129.90838623046875,123.63364180371093,0.9361097812652588,-39.88622355226546,0.8585294485092163,95,1.0021226406097412,False,321,124.25420369723157,0.8375043272972107,148.36245727539062,20.451589584350586,27,61.82595738299084,7.073076248168945,8.74102783203125,20.860614776611328,33,110.6590041494194,6.035950660705566,18.33331871032715,19.637928009033203,0,1,0,2,0,1.3881620168685913,1.222686767578125,0.4090251922607422,0.8136615753173828,141.38726444853432,-6.490515678236459,57.539020354277895,33.59841049506479,0.004624145558800517,1950.8046121042457,1306.6620827844608,7.503696990956394e-08,0.05000000074505806,0.05000000074505806,0.07000000029802322,0,,,,,,,,,,,,,,,,,,,,,170310435295237196,21.2336006164551,20.4197006225586,20.0573997497559,20.0783004760742,19.6170997619629,0.0375629998743534,0.0150149995461106,0.0170840006321669,0.0454909987747669,0.1119240000844,115000,115000,115000,115000,115000,436527104,52,0.38499168,440702612810421632,170310435295237196,,,,,,,,,,,,,,,,,,,,,,,,,,,,,,,,8.486979673124269,0.0388289580434238,43.52988109165079,51.93035606962293,0.05052,0.04111,0.07289,4382.132,7.709145,4541.262414652884,95.36353601187511,95.30289567199725,7.774871434019779,0.08437039480446806,0.08315186834777055,0.4491920681892328,0.04603061443741313,0.04267763566102223,5.37669759868386,0.6433713589995991,0.5480372525521284,3.8980904273287513
1636042515805110273,4407053710363635328,817501591,2016.0,243.99086859674864,0.5788708329200745,-1.785115229999656,0.3809150457382202,6.282440579377346,0.6380175352096558,9.84681510925293,7.220183372497559,-1.5956299680025805,0.7426943778991699,-7.041662446205644,0.50453782081604,31,0.9601444005966187,False,239,154.9078169065713,0.9497701525688171,163.10032653808594,20.212182998657227,23,99.5284696696282,9.669061660766602,10.293498039245605,20.343673706054688,24,124.07117682851026,11.596382141113281,10.699128150939941,19.513717651367188,0,1,0,1,0,1.443436861038208,0.8299560546875,0.13149070739746094,0.6984653472900391,10.975300096102547,32.9580381047659,242.34832190483726,19.192181295707737,0.0016507031959351092,1050.795356801965,769.6733047924059,5.692241061307067e-05,0.23999999463558197,0.23000000417232513,0.25999999046325684,0,1237668650927457004,21.67251,20.64492,20.22226,20.06801,20.13547,0.1684369,0.02787005,0.0262314,0.03357946,0.1120206,35253393555472,275179929616,302022672,4503599929393168,302022672,302022672,0.02269776,4407053710363635328,1237668650927457004,105852439909038309,20.5207004547119,20.110200881958,19.9673004150391,,,0.0537929981946945,0.0101920003071427,0.016075000166893,,,115000,115000,16892216,114720,16416,436527104,52,0.027561877,4407053710363635328,105852439909038309,,,,,,,,,,,,,,,,,,,,,,,,,,,,,,,,5.612498848459439,0.030703923068698517,243.99086859674864,-1.785115229999656,0.30081,0.26672,0.32922,5963.006,7.966194,6154.0231236022755,139.08908060638623,132.41068207031458,7.829456646319965,0.06894588318881834,0.07130713194867067,0.49168441155140996,0.03846251473754825,0.03766955070353595,1.7100646002746802,0.07070340265833908,0.06319639056789028,3.9514984291098774
1636042515805110273,4407209256895302016,949330733,2016.0,244.7354932146608,0.38500142097473145,-0.8697678319017896,0.3041020631790161,2.3402118997282346,0.4498395323753357,5.20232629776001,27.29726791381836,-26.864429747444227,0.5033683180809021,-4.841825302461657,0.4128856062889099,31,1.0023761987686157,False,259,249.9235446935858,1.008548617362976,247.80516052246094,19.692848205566406,28,170.2399925158817,8.012316703796387,21.24728775024414,19.760889053344727,27,100.2005269221676,6.4571452140808105,15.51777458190918,19.74571990966797,0,1,0,0,0,1.0820930004119873,0.015169143676757812,0.06804084777832031,-0.0528717041015625,12.374843859649792,32.85144468606859,242.94800158524345,20.228192312034842,0.0020505509541942023,3104.849061278469,741.9803446944161,0.002589301191626621,0.28999999165534973,0.2800000011920929,0.28999999165534973,0,1237648672921879273,19.61886,19.63829,19.84781,19.97178,20.05389,0.02681706,0.01300449,0.01889874,0.03031851,0.1153584,35253360001552,275146375696,268435472,4503874773712912,275146375184,275280560144,0.058536645,4407209256895302016,1237648672921879273,106952447355036735,19.6441993713379,19.827299118042,19.9818000793457,20.1161003112793,20.0170001983643,0.00942299980670214,0.00876499991863966,0.0148400003090501,0.0327740013599396,0.054016999900341,115000,115000,115000,115000,115000,436527104,52,0.0800498,4407209256895302016,106952447355036735,194151080,,,19.6675,19.8475,,,,,0.0189,0.0141,,,,,3,1,,,,,0,0,,,3,0,12,0.22168417,4407209256895302016,194151080,2.3410719680995076,0.063000911759354,244.73549321466083,-0.8697678319017896,0.36724,0.35987,0.37449,14308.41,7.918723,18506.79980892563,1006.8227218149259,936.7562426214827,8.175281934605103,0.06101338224754649,0.06073509863730919,0.7246182889987627,0.039715611428201125,0.03882536733953934,0.13936499624113918,0.009125596021652499,0.008468175700049846,6.318900042213129
1636042515805110273,4407249840044108288,1669251611,2016.0,244.94904130096015,0.12001083046197891,-0.6268596183569878,0.08867968618869781,6.799216920695147,0.14566458761692047,46.67721176147461,5.8867878913879395,-4.74297328967139,0.13739189505577087,-3.4869003579203155,0.1071283370256424,31,0.9547028541564941,False,274,1253.9349819326033,1.7574576139450073,713.4937133789062,17.941679000854492,29,904.4442638108762,11.426065444946289,79.1562271118164,17.947587966918945,27,563.8887700689436,16.561113357543945,34.04896545410156,17.869911193847656,0,2,0,2,0,1.1709802150726318,0.07767677307128906,0.005908966064453125,0.07176780700683594,12.756105212673368,32.80714373683169,243.12529841242582,20.5056319051786,0.0027320975778339887,1514.3947678720162,756.9409093450543,0.00012155908204066077,0.17000000178813934,0.17000000178813934,0.18000000715255737,0,1237648703530271105,17.97833,17.89265,18.05959,18.17827,18.4006,0.01113544,0.005616794,0.00688889,0.008143329,0.02478708,35255507615760,2305843009482293264,2305843009482162192,2310346609109532688,2305843009482162192,2305843284494286864,0.045694113,4407249840044108288,1237648703530271105,107242449490488257,17.9447002410889,18.06130027771,18.2143001556396,18.3670997619629,18.4531002044678,0.00555500015616417,0.00313100009225309,0.00418299995362759,0.00850700028240681,0.0199239999055862,115000,115000,115000,115000,115000,436527104,52,0.0122940205,4407249840044108288,107242449490488257,194182272,18.113,18.0252,17.9411,18.0293,18.2286,18.3755,0.0377,0.0093,0.013,0.0235,0.0121,0.0138,0,0,3,0,0,0,0,0,0,0,0,0,3,0,3,0.10609262,4407249840044108288,194182272,6.47071137353351,0.04030089203076978,244.94904130096015,-0.6268596183569878,0.25069,0.24349,0.2577,12538.09,8.231672,14751.324517556739,353.945747872056,363.74503577832365,8.259881191351145,0.026984474946321058,0.027779418315340365,0.7712974908492675,0.01801636795000172,0.01814783143587495,0.3267793744146832,0.008977328326066791,0.008516815108309317,9.049920458915121
1636042515805110273,4407411670113357568,1475283548,2016.0,245.6403822979719,0.3269534111022949,-0.723628325941298,0.1924767941236496,2.265643417292248,0.3983697295188904,5.6872878074646,11.002702713012695,2.2083303525851368,0.4455340802669525,10.778809532834796,0.3070294260978699,31,1.062288761138916,False,490,257.7472038321851,0.6901518106460571,373.4645080566406,19.659381866455078,48,183.51123148293678,5.130400657653809,35.76937484741211,19.679386138916016,51,87.63399300341108,4.577340602874756,19.14517593383789,19.89121437072754,0,0,0,0,0,1.0519812107086182,-0.21182823181152344,0.0200042724609375,-0.23183250427246094,13.109409529687792,32.1759171499505,243.8700420419739,20.533113552649876,0.037409385431601605,65373.343579404456,783.0423200121251,1.0719001519238969,0.27000001072883606,0.25999999046325684,0.27000001072883606,0,1237648703530598987,19.71091,19.53634,19.82937,20.02964,20.1309,0.02933013,0.01208503,0.01818297,0.02631768,0.09563436,68987912192,275280592896,268468224,4503599895838720,275146375168,275280592896,0.02763676,4407411670113357568,1237648703530598987,107132456403832082,19.5447998046875,19.8066005706787,20.0660991668701,20.2633991241455,20.5275001525879,0.00841700006276369,0.00858199968934059,0.0108070001006126,0.0266869999468327,0.180671006441116,115000,115000,115000,115000,115000,436527104,52,0.03179648,4407411670113357568,107132456403832082,,,,,,,,,,,,,,,,,,,,,,,,,,,,,,,,2.021553082039741,0.03133923817495778,245.6403822979719,-0.723628325941298,0.3697,0.36322,0.37633,21987.53,8.36968,20211.816049665566,756.6454825115179,740.3628446546609,8.08137569285197,0.04427330208238445,0.04511209305265851,0.6711602839235896,0.027953247901235767,0.027768720536130664,0.07833593161527949,0.004378359459838652,0.004057479043445597,2.5877605626862246
1636042515805110273,4408301621698093312,595682349,2016.0,242.79166260159192,0.34327375888824463,0.399821601946126,0.3111828863620758,3.367701350332773,0.4943946599960327,6.811767578125,19.493560791015625,-16.758889810911274,0.4152285158634186,9.956832913760095,0.36174818873405457,31,1.0445141792297363,False,338,308.61553148712426,1.0150889158248901,304.028076171875,19.463823318481445,35,212.50124198577086,7.284123420715332,29.173206329345703,19.520137786865234,32,137.03521184953706,7.089282989501953,19.329912185668945,19.40581512451172,0,1,0,2,0,1.132595181465149,0.11432266235351562,0.05631446838378906,0.05800819396972656,12.354729589314836,35.17304730376642,240.65244484403343,21.109817842509354,0.0016683247613696196,1996.0299962568106,714.2873845964263,0.0010107642551983598,0.25999999046325684,0.25,0.27000001072883606,0,1237648674531639895,19.99791,19.45246,19.59191,19.76342,19.96867,0.03538669,0.01166286,0.01778125,0.02847896,0.1115699,35253360132112,275146506256,268468240,4503599895838736,275146375184,45036271554297872,0.06810064,4408301621698093312,1237648674531639895,108482427917020227,19.406099319458,19.5121994018555,19.7399997711182,19.850700378418,,0.0103489998728037,0.0108869997784495,0.0185659993439913,0.0261189993470907,,115000,115000,115000,115000,114720,436527104,52,0.0531156,4408301621698093312,108482427917020227,,,,,,,,,,,,,,,,,,,,,,,,,,,,,,,,2.9698037382427347,0.046418452989209213,242.79166260159192,0.399821601946126,0.29701,0.29055,0.30441,11965.41,8.120739,12283.378720443743,424.9814322852162,412.9231517011449,7.94464121470091,0.04025183303528568,0.04272298572900013,0.574322679734665,0.024169188018096643,0.0246806832164973,0.3405026553088565,0.01419331055161327,0.01417949181372724,2.6489716930424216
1636042515805110273,4408366772060301312,855220094,2016.0,243.91169842087854,0.3020385503768921,0.5697607332101535,0.3068409562110901,4.0834282709375564,0.3563513159751892,11.458995819091797,5.346351623535156,-3.5958466215043345,0.38061827421188354,-3.9564329129642632,0.35329359769821167,31,0.9718502759933472,False,496,306.23723985592153,0.7909752726554871,387.16412353515625,19.47222137451172,51,195.20767888033,6.5706305503845215,29.709123611450195,19.612300872802734,50,145.47079424345029,9.577508926391602,15.18879222869873,19.34095573425293,0,2,0,2,0,1.1124658584594727,0.2713451385498047,0.14007949829101562,0.13126564025878906,13.27617241196393,34.33036094243461,241.79739278445433,21.49107494598432,0.0010380975479463979,1073.7211228600852,735.6141469707403,0.0014838007610337427,0.20999999344348907,0.1899999976158142,0.20999999344348907,0,1237648705140425382,19.99979,19.47516,19.54147,19.69521,19.80984,0.03228884,0.01162817,0.01513349,0.02503038,0.08581909,35253360001552,275146375184,268468240,4503599895838736,276856848,402686480,0.061910156,4408366772060301312,1237648705140425382,108682439117024162,19.4626998901367,19.5464992523193,19.6305999755859,19.680700302124,,0.00821600016206503,0.0102040003985167,0.0150389997288585,0.00815900042653084,,115000,115000,115000,115000,16416,436527104,52,0.025612863,4408366772060301312,108682439117024162,,,,,,,,,,,,,,,,,,,,,,,,,,,,,,,,3.463895999334095,0.07135985986642009,243.91169842087857,0.5697607332101535,0.28241,0.27729,0.28689,9516.433,8.003458,10603.965671505175,330.8044495527429,324.2670613713108,7.945858838350571,0.05988661039432941,0.06299666067755272,0.5703209581829829,0.035581275734723916,0.03605078601666245,0.5074103450950185,0.007033208300680327,0.007024968398667619,2.9602740708295796
1636042515805110273,4408489745564451456,91081118,2016.0,244.76624298044504,1.058742880821228,0.393635388508566,0.7720211744308472,9.864601187143966,1.3014370203018188,7.579775810241699,8.875784873962402,3.138022133488315,1.5970653295516968,-8.302551808289698,1.1108919382095337,95,3.193586587905884,False,265,301.6641196861065,3.9954261779785156,75.50236511230469,19.488557815551758,31,184.5476144613274,7.842606544494629,23.531414031982422,19.67327117919922,31,271.18843442093606,10.24638557434082,26.46674156188965,18.664716720581055,0,0,0,0,0,1.510740041732788,1.008554458618164,0.18471336364746094,0.8238410949707031,13.658172548631677,33.517498846987394,242.7348771913336,21.47617816687656,0.3683333867121524,180112.1344651864,735.9324568569241,0.41235268037984163,-99.0,1e+20,1e+20,999999,1237648674532557251,20.86401,19.65927,19.21012,19.03811,18.92207,0.06048471,0.01257657,0.01241668,0.01430664,0.04673167,68988043776,275288982016,276856832,4503599895838720,275146506240,275280592896,0.12985712,4408489745564451456,1237648674532557251,108472447662292816,19.6306991577148,19.2448997497559,19.0930004119873,19.0375995635986,18.9909992218018,0.0090920003131032,0.00822999980300665,0.00706599978730083,0.0101539995521307,0.0190740004181862,115000,115000,115000,115000,115000,436527104,52,0.01748053,4408489745564451456,108472447662292816,,,,,,,,,,,,,,,,,,,,,,,,,,,,,,,,7.331594084550883,0.017348418729272286,244.766242980445,0.393635388508566,0.0837,0.06488,0.13341,,,5569.591557475909,72.11766915797307,70.07852444902073,7.336279354996629,0.051417238218287586,0.051966313013454446,0.2736504437764542,0.018544760729594267,0.017163680250729396,1.2920129932911104,0.031517823737758466,0.03357008180856225,5.415770752675038
1636042515805110273,4408558327598738432,186225065,2016.0,244.32214699082687,0.4827757775783539,0.6584012105933152,0.4111414849758148,5.159472818873005,0.6155897378921509,8.381349563598633,33.02232360839844,23.036075869937292,0.6621543169021606,-23.66036853831342,0.48175132274627686,95,1.0010504722595215,False,440,138.97839826815164,0.6410506963729858,216.79782104492188,20.329998016357422,32,103.71183597836144,8.991861343383789,11.533967018127441,20.29897117614746,31,101.22592094088836,11.00310230255127,9.199761390686035,19.73466682434082,0,1,0,0,0,1.4746015071868896,0.5643043518066406,-0.031026840209960938,0.5953311920166016,13.6359576503837,34.03418467769573,242.2131738117198,21.65479237983068,0.0010858088954635251,834.2826671132315,730.8394986779834,1.358561285616269e-05,0.17000000178813934,0.1599999964237213,0.18000000715255737,0,1237655551279235140,21.3873,20.8963,24.80203,24.3618,21.13717,0.1367676,0.04248425,0.9016675,0.9752383,0.3775231,105622105625360,4503874773844496,70369012748305,9007199398826257,9007199397380369,70369012748305,0.05016375,4408558327598738432,1237655551279235140,,,,,,,,,,,,,,,,,,,,,,,,,,,,,,,,,,,,,,,,,,,,,,,,,,,,,4.643044246902072,0.027239729173868934,244.32214699082687,0.6584012105933152,0.26348,0.24993,0.27347,7394.635,8.350211,6398.48481053122,267.83928478733105,235.850202604297,7.809352042162856,0.13452666925271206,0.1333085356511141,0.4821763403510414,0.07546097896277726,0.06730402687042086,1.5144446027319922,0.1255407355149396,0.09764008827192638,6.15086344888356
1636042515805110273,4408748985491072128,1657629977,2016.0,243.87786322688757,0.19236649572849274,0.7952683930081836,0.1853145956993103,8.882416401024894,0.23413272202014923,37.93752670288086,34.21217346191406,5.967315465132037,0.2571769058704376,33.687740070130324,0.21573422849178314,31,1.015703558921814,False,441,538.7805193757813,0.9414569735527039,572.2837524414062,18.858837127685547,47,328.22034262162225,9.250155448913574,35.48268508911133,19.048128128051758,49,295.4573232498334,6.802174091339111,43.43571853637695,18.571659088134766,0,0,0,0,0,1.1575727462768555,0.4764690399169922,0.18929100036621094,0.28717803955078125,13.483087150472837,34.48153785119402,241.71599835162425,21.7061819136133,0.005122651012203566,2154.617873739514,723.2000614095724,0.00017864638408972977,0.09000000357627869,0.09000000357627869,0.10000000149011612,0,1237648675069034540,19.7391,19.08928,18.88209,18.80192,18.93017,0.02798006,0.009547229,0.01024405,0.01301564,0.04162031,35253360394256,275146375184,268468240,4503599896231952,275146375184,275146375184,0.037866704,4408748985491072128,1237648675069034540,108952438778324689,19.0534992218018,18.8759002685547,18.8243999481201,18.8227996826172,18.8628005981445,0.0108730001375079,0.00471899984404445,0.00539099983870983,0.0213580001145601,0.0224070008844137,115000,115000,115000,115000,115000,436527104,52,0.090287425,4408748985491072128,108952438778324689,,,,,,,,,,,,,,,,,,,,,,,,,,,,,,,,8.53469771971796,0.015878968776658686,243.8778632268876,0.7952683930081836,0.11361,0.10403,0.12398,7589.657,8.266735,7037.806719661293,85.30335659880893,82.85310733930783,8.009078337286113,0.03051655797525399,0.030585516142137337,0.5972929833720455,0.018496657343132994,0.018614796850158877,1.5673627034924968,0.028902455289364637,0.02709358643123383,3.806964836593944
1636042515805110273,4408781837702160768,1003951586,2016.0,244.44448015168953,0.10116560757160187,1.0915660126821343,0.07105134427547455,5.554417827704489,0.11836685985326767,46.92544937133789,15.124815940856934,-6.251019693220128,0.14292973279953003,13.77261076277654,0.0832248255610466,95,1.0178078413009644,False,461,1380.7619654312907,1.897428035736084,727.701904296875,17.83707046508789,57,1282.8011266146732,32.296173095703125,39.71990966796875,17.568143844604492,54,916.8395892874236,40.69198989868164,22.531206130981445,17.342161178588867,0,57,0,54,0,1.5930629968643188,0.225982666015625,-0.26892662048339844,0.49490928649902344,14.155932720758143,34.165341018714564,242.25619519944595,22.10312236703568,0.0013906556889136917,923.8218784409497,735.2958370845565,9.62383629500539e-06,0.15000000596046448,0.15000000596046448,0.15000000596046448,0,1237655551816171548,25.73502,15.30788,15.21517,14.78917,23.48584,9.354939,0.003279009,0.00352476,0.003621772,6.122808,483854104531288,9007199665951032,288230651298484248,4530263053205528,288397777065906200,9007199397511449,0.24648795,4408781837702160768,1237655551816171548,109312444445270313,17.7064990997314,,18.0219993591309,,,0.00638499995693564,,0.0957970023155212,,,280,0,16777496,0,0,310456320,37,0.04493178,4408781837702160768,109312444445270313,,,,,,,,,,,,,,,,,,,,,,,,,,,,,,,,5.380288234132549,0.02338044673600117,244.4444801516895,1.0915660126821345,0.24197,0.2395,0.2443,19538.22,8.374347,10539.115616712981,777.9394789305843,594.2396511941552,7.353756210452389,0.13515789655494181,0.13109100965859444,0.3083012548679366,0.0499018936437472,0.041225419972893085,0.2364539058563956,0.007314013031119476,0.014025923658413292,9.13998776541349
1636042515805110273,4408937418590739328,1502586700,2016.0,244.84082810947424,0.1650954633951187,1.7262700712840962,0.0916045680642128,5.36704891522769,0.25544869899749756,21.01028060913086,61.373634338378906,-38.70319879740717,0.25925183296203613,-47.631769897439796,0.12515679001808167,95,0.9553400874137878,False,669,572.1245524833182,1.077196478843689,531.1236572265625,18.79364013671875,41,531.0843006990884,11.374505043029785,46.69076156616211,18.525632858276367,38,670.3950506265394,23.55717658996582,28.458208084106445,17.68206787109375,0,4,0,3,0,2.1000311374664307,0.8435649871826172,-0.2680072784423828,1.111572265625,15.06023287463902,34.16978763028735,242.55098807244215,22.799985084340566,0.0008714048433672103,538.8875071032962,735.2958370845565,7.10373761485003e-06,-99.0,1e+20,1e+20,999999,,,,,,,,,,,,,,,,,,,,,,,,,,,,,,,,,,,,,,,,,,,,,,,,,,,,,,,,,,,,,,,,,,,,,,,,,5.777970347179657,0.01924977279214826,244.84082810947424,1.7262700712840962,0.22703,0.22268,0.23122,,,7183.116910999548,348.16589885328176,337.6853578776827,7.063899791338299,0.1414493222380191,0.10053419578449585,0.21195941383359168,0.03682066364095668,0.011965517414252252,0.46087817075327364,0.05888316006212635,0.3262462784934417,14.942898222945251
1636042515805110273,4408980780586996096,1375819473,2016.0,244.41684621283508,0.10687851160764694,1.8638486718111806,0.06977750360965729,2.9359837614131687,0.16708588600158691,17.571704864501953,11.35935115814209,-2.800786872263105,0.14951689541339874,-11.008653564936921,0.09271693974733353,31,0.9923995733261108,False,551,1044.3167210290917,1.1881129741668701,878.9708862304688,18.14028549194336,57,810.8771721240357,9.249211311340332,87.66986846923828,18.06615447998047,60,372.8966632647144,7.206702709197998,51.74303436279297,18.318923950195312,0,2,0,2,0,1.133539080619812,-0.25276947021484375,-0.07413101196289062,-0.17863845825195312,14.928601658087173,34.60188936296679,242.07152555124696,22.856824699754604,0.15493086487588695,189970.77602525032,725.7465404990428,0.795930995918346,0.18000000715255737,0.18000000715255737,0.18000000715255737,0,,,,,,,,,,,,,,,,,,,,,110232444168417108,18.0016002655029,18.3316993713379,18.6352996826172,18.86669921875,19.0830993652344,0.00709800003096461,0.00463199988007545,0.00332999997772276,0.0129289999604225,0.015625,115000,115000,115000,115000,115000,1376051200,164,0.016068185,4408980780586996096,110232444168417108,,,,,,,,,,,,,,,,,,,,,,,,,,,,,,,,2.753861782944273,0.15164242640135103,244.41684621283505,1.8638486718111809,0.25239,0.25038,0.25431,23641.04,7.905738,27421.29686577977,6064.826495754896,4545.376392548835,7.973227019122323,0.2641514962814675,0.2284526611506985,0.6261268600675582,0.16235098166347228,0.1250222184088855,0.012850445378515766,0.008461417499077136,0.005454064126608207,0.544952535515765
1636042515805110273,4409595094051329536,1243443793,2016.0,240.42057430995646,0.5851352214813232,-0.9617597938416806,0.39397090673446655,4.854922456152384,0.6817242503166199,7.1215338706970215,52.487693786621094,-35.63516385027589,0.6960585117340088,-38.53690762320366,0.5909458994865417,95,0.968122661113739,False,294,179.30967361631087,0.916435182094574,195.6599578857422,20.05335807800293,14,130.15857574248133,15.285101890563965,8.515388488769531,20.05236053466797,14,118.40977704844475,10.695724487304688,11.070757865905762,19.56442642211914,0,1,0,1,0,1.3862518072128296,0.4879341125488281,-0.0009975433349609375,0.48893165588378906,9.31777034212857,36.35801288376236,238.47008029412396,19.298331511473936,0.0009058377515191425,916.1877381338535,655.0817457662413,3.363339139128987e-08,0.3100000023841858,0.30000001192092896,0.36000001430511475,0,1237668649315402051,20.72348,20.11684,19.96656,19.66343,22.82779,0.08485517,0.02606246,0.03793056,0.03950321,0.8399903,35219000398608,275280593424,268468240,6755399709523984,2252074960195600,9007199397380369,0.06675522,4409595094051329536,1237668649315402051,,,,,,,,,,,,,,,,,,,,,,,,,,,,,,,,,,,,,,,,,,,,,,,,,,,,,3.5207166570186197,0.037417636847780725,240.42057430995644,-0.9617597938416806,0.31114,0.289,0.32709,6998.094,7.849339,7330.643798240646,315.6991050055176,272.2747143364031,7.322907515799464,0.12762854681550717,0.11877164927044603,0.2823240113456479,0.04503683467380537,0.0364107413324779,0.6453697445732514,0.025284207516832247,0.03143273672144187,5.133236560119812
1636042515805110273,4409604508617046656,1795642991,2016.0,240.64048926892912,0.24873386323451996,-0.7622517843067151,0.18614530563354492,4.012831572477001,0.2805243730545044,14.304752349853516,3.297711133956909,-1.8629183283880664,0.3195839822292328,2.7211088559491428,0.22464752197265625,31,1.011964201927185,False,350,388.3597283249127,1.3617312908172607,285.195556640625,19.21428108215332,38,252.1275337923434,10.716078758239746,23.527965545654297,19.334491729736328,32,188.3390886430782,8.304265975952148,22.679800033569336,19.060544967651367,0,0,0,0,0,1.134171724319458,0.27394676208496094,0.12021064758300781,0.15373611450195312,9.67751420500244,36.29357176400077,238.65426580091568,19.539123240160727,0.0015540108101369631,1406.5653012487242,663.039492920836,2.2942567332995458e-05,0.3499999940395355,0.33000001311302185,0.36000001430511475,0,1237648703528370799,19.85025,19.29333,19.27361,19.40218,19.57308,0.03259751,0.01056493,0.01257736,0.01652195,0.06136368,35253393690640,275179929616,302157840,4503599929393168,302022672,275179929616,0.08330227,4409604508617046656,1237648703528370799,107082406405325711,19.2642002105713,19.2931003570557,19.3808002471924,19.4627990722656,19.4568996429443,0.0286790002137423,0.00942500028759241,0.010920999571681,0.0147439995780587,0.0418270006775856,115000,115000,115000,115000,115000,436527104,52,0.015032976,4409604508617046656,107082406405325711,170603964,,,19.2238,,,,,,0.0156,,,,,,3,,,,,,0,,,,3,0,8,0.22338843,4409604508617046656,170603964,3.939738149318018,0.062270132174419034,240.64048926892912,-0.7622517843067151,0.32456,0.31885,0.32981,10283.24,7.891221,10067.227576337149,240.34046619000583,232.86387079538508,7.839749622106333,0.05034671440709548,0.051339857091357466,0.510518511063732,0.02781518404271832,0.02731031735412609,0.5083498572022168,0.005919439160814166,0.005687522846079096,3.1252115426856713
1636042515805110273,4409742119370684672,678361887,2016.0,241.21724724331398,0.22434838116168976,-0.3133174585366594,0.18727600574493408,7.41241465540944,0.2604379951953888,28.461339950561523,57.3585090637207,-35.01129647326644,0.28846803307533264,-45.43355039710414,0.24218787252902985,31,1.026897668838501,False,338,477.8461161185608,1.1554956436157227,413.5421142578125,18.989147186279297,32,275.0218726584537,11.901223182678223,23.108705520629883,19.240123748779297,36,273.93950472660856,10.47274398803711,26.15737533569336,18.653759002685547,0,1,0,0,0,1.1488245725631714,0.58636474609375,0.2509765625,0.33538818359375,10.542447347926759,36.077178662499406,239.15619343524128,20.09696738872703,0.001614439871917006,779.0010587439532,675.1352685958201,5.408368772379173e-05,0.20999999344348907,0.20000000298023224,0.2199999988079071,0,1237648704065503533,19.79018,19.44201,19.2676,19.5362,19.39277,0.02978746,0.01216813,0.01265275,0.01937986,0.05801976,35219033948176,275179929616,302022672,4503599929360400,302022672,301989904,0.11055267,4409742119370684672,1237648704065503533,107622412173504610,19.1569995880127,18.9022006988525,18.8271007537842,18.7770004272461,18.6910991668701,0.0142900003120303,0.00991200003772974,0.00914699956774712,0.0340569987893105,0.0244190003722906,16892216,16892216,115000,16892216,16892216,444915712,53,0.14192681,4409742119370684672,107622412173504610,,,,,,,,,,,,,,,,,,,,,,,,,,,,,,,,7.415933832790952,0.03015830630985122,241.21724724331395,-0.3133174585366594,0.20081,0.18569,0.21489,7264.505,7.906185,7672.477534723339,135.57306175493886,137.41614032994585,8.140738347528703,0.03991207582631162,0.04170625289714458,0.6802553264794526,0.026000901571157753,0.02650882773671992,1.534722301179994,0.03357164903824983,0.03314757159635495,22.460756294551672
1636042515805110273,4409776655203602304,1127202990,2016.0,241.64878949649386,0.2470516562461853,-0.02461059840316195,0.18168939650058746,9.573856811193423,0.2790796756744385,34.30509948730469,37.858375549316406,7.659576349902055,0.3205750584602356,-37.07543062609781,0.21609541773796082,31,0.966307520866394,False,394,317.91490211123113,0.8649399876594543,367.55718994140625,19.431589126586914,42,170.77232327056694,8.752735137939453,19.510738372802734,19.757497787475586,42,202.151274624948,7.061420917510986,28.6275634765625,18.98370361328125,0,0,0,1,0,1.1730296611785889,0.7737941741943359,0.3259086608886719,0.44788551330566406,11.13831085359205,35.88461270303554,239.5442861754019,20.467185205452193,0.0015248073455335406,610.3832586119527,684.6845651813337,5.247434188803494e-05,0.09000000357627869,0.07999999821186066,0.10999999940395355,0,1237668569858310616,20.54532,19.78832,19.42949,19.28324,19.39028,0.06862899,0.01524999,0.01609835,0.01926797,0.06859722,35253393555472,275179929616,302022672,4503599929393168,302022672,302022672,0.05133777,4409776655203602304,1237668569858310616,107972416488140988,19.7028999328613,19.4188003540039,19.2667999267578,19.193000793457,19.0314998626709,0.00782100018113852,0.00780100002884865,0.0149619998410344,0.0150459995493293,0.0844499990344048,115000,115000,115000,115000,16892216,436527104,52,0.025962288,4409776655203602304,107972416488140988,,,,,,,,,,,,,,,,,,,,,,,,,,,,,,,,8.948022197577354,0.03324192008553396,241.6487894964939,-0.0246105984031619,0.09048,0.08321,0.09978,6146.895,8.238644,6179.42556402381,76.92191888328398,74.85679454301317,8.133114513478416,0.0340662220351593,0.0340430227519235,0.6710213020589157,0.022255692966721252,0.02167361331047335,2.873180908868785,0.1736396638997948,0.15534091037792486,4.24083167361286
1636042515805110273,4409837025264008448,778227667,2016.0,241.22698855241364,0.3153613209724426,0.17164796714400637,0.2661037743091583,4.365525208171978,0.37067192792892456,11.777328491210938,24.011425018310547,-3.666071730298472,0.4351467192173004,-23.729906897566337,0.3278365433216095,31,1.0375711917877197,False,341,224.97618782482428,0.8581372499465942,262.1680603027344,19.807025909423828,38,142.54732712372626,7.53695821762085,18.913110733032227,19.953643798828125,36,112.49989960277054,6.267916679382324,17.948532104492188,19.62001609802246,0,0,0,1,0,1.1336631774902344,0.33362770080566406,0.14661788940429688,0.1870098114013672,11.044780564157294,36.34365962131807,239.06073767817742,20.573701083732214,0.0019475883062261038,1886.7204669727096,685.0028750675176,0.0023719555231353265,0.2800000011920929,0.25999999046325684,0.30000001192092896,0,1237668569858113820,20.28418,19.97881,19.85558,19.87871,19.87946,0.05994804,0.01758068,0.02305143,0.03314418,0.1018659,35253393555472,275179896848,302022672,4503874807267344,275179929616,301989904,0.099790595,4409837025264008448,1237668569858113820,108202412270336483,19.9515991210938,19.842399597168,19.8689002990723,19.9309005737305,19.6116008758545,0.00963400024920702,0.00989800039678812,0.0142200002446771,0.0345430001616478,0.067831002175808,115000,115000,115000,115000,115000,436527104,52,0.06625884,4409837025264008448,108202412270336483,,,,,,,,,,,,,,,,,,,,,,,,,,,,,,,,3.7239026595356637,0.10137119617564211,241.22698855241364,0.1716479671440063,0.28848,0.28135,0.295,9507.906,8.277904,8656.884587323271,289.2777000763781,268.36239861923787,7.811468633995068,0.08174279000485818,0.08046001951303072,0.49120551444668686,0.04474767609889613,0.0412948079914105,0.7243670608999018,0.014077609252617362,0.013657318532656393,4.551397290016809
1636042515805110273,4410081834101380736,1242569747,2016.0,240.18857455905504,0.32783272862434387,0.38925458256090784,0.2413097321987152,2.501406358246662,0.34027206897735596,7.351195335388184,25.738433837890625,-9.867012482910368,0.4684653580188751,-23.772022034708346,0.31193840503692627,31,0.9609923362731934,False,325,261.4768573907987,0.9898273348808289,264.16412353515625,19.643783569335938,35,178.17810841433354,8.204113960266113,21.718141555786133,19.711406707763672,36,98.53779248679729,8.01657485961914,12.291757583618164,19.76388931274414,0,0,0,0,0,1.0582807064056396,-0.05248260498046875,0.06762313842773438,-0.12010574340820312,10.534498325002236,37.32285945042579,237.92751780953753,20.570699474246062,0.0020463525783305674,3036.312300595557,647.4423084978303,0.006929195926659277,0.3499999940395355,0.3400000035762787,0.3499999940395355,0,1237651735246471400,20.10941,19.57596,19.74772,19.9798,20.06588,0.0457443,0.0138393,0.01885593,0.03434025,0.14751,35253360136208,275280723984,268603408,4503874773745680,275146375184,275280592912,0.091375366,4410081834101380736,1237651735246471400,108462401886137599,19.5531997680664,19.7534999847412,19.9549007415771,20.1625003814697,20.0729007720947,0.00447200005874038,0.00905700027942657,0.00876499991863966,0.0469679981470108,0.17833599448204,115000,115000,115000,115000,115000,436527104,52,0.055981718,4410081834101380736,108462401886137599,,,,,,,,,,,,,,,,,,,,,,,,,,,,,,,,2.4239668765710536,0.17311512468696605,240.18857455905504,0.3892545825609078,0.31348,0.30595,0.3203,16811.17,8.1479,13706.629366173456,1071.7841589167492,1038.4148227632031,7.892624664574678,0.0999380335825455,0.10646248110310275,0.5495585929644984,0.0579635238701427,0.05798331034636023,0.22720736947231635,0.02324456342831932,0.01970499193887018,1.3160610589520942
1636042515805110273,4410395847751866112,1778634057,2016.0,238.03565326237953,0.2595553994178772,0.2649706825824969,0.222191721200943,8.8788782828687,0.30528509616851807,29.083890914916992,89.14688873291016,-36.90541742238799,0.3603586256504059,-81.14898549557762,0.3172101676464081,95,0.9996823072433472,False,309,346.575951122008,1.002790927886963,345.61138916015625,19.337871551513672,28,214.85050875518652,12.299030303955078,17.46889877319336,19.508201599121094,27,236.93656273695822,18.485925674438477,12.817132949829102,18.811315536499023,0,1,0,0,0,1.3035730123519897,0.6968860626220703,0.17033004760742188,0.5265560150146484,8.828878392571138,39.011815940057446,235.7162641678912,19.980758714211984,0.002138621582260669,902.9775236570282,652.8535765629547,5.455105665032609e-07,0.11999999731779099,0.10000000149011612,0.12999999523162842,0,1237648674529607724,24.63466,19.7779,19.48767,19.02689,22.82689,1.200895,0.0205906,0.01862857,0.0177474,0.9862597,105587779440912,9007199699370288,70369047248913,4503599930441744,302022672,9007199431332113,0.20929009,4410395847751866112,1237648674529607724,108312380356608459,,,18.496000289917,18.5363006591797,,,,0.0383139997720718,0.021297000348568,,0,0,16777496,16777496,0,310452224,37,0.23530865,4410395847751866112,108312380356608459,,,,,,,,,,,,,,,,,,,,,,,,,,,,,,,,8.495430434110036,0.016637889465273004,238.03565326237955,0.2649706825824969,0.10907,0.09751,0.12226,6627.797,8.248104,4957.776378311153,103.28359172318869,104.27105728208153,7.09449714728858,0.07347649948697921,0.041669557567082904,0.19999397988065934,0.015381453142180451,1.209230971188635e-07,1.3405943037242756,0.11610024774819072,0.43649907344877303,14.444692881953843
1636042515805110273,4410674367792465664,689069089,2016.0,237.25656331713193,0.20776696503162384,0.7738347191064299,0.1789601743221283,2.9808345128229203,0.248770073056221,11.982287406921387,2.631415605545044,-2.444093624330131,0.2524685561656952,0.9750665058716641,0.21020683646202087,95,0.975485622882843,False,438,516.4697363890783,1.009589433670044,511.5641174316406,18.904754638671875,3,294.9076654540051,29.780391693115234,9.902746200561523,19.16432762145996,3,201.08123364006423,36.72149658203125,5.4758453369140625,18.989465713500977,0,0,0,0,0,0.9603445529937744,0.17486190795898438,0.25957298278808594,-0.08471107482910156,8.775643515159175,39.94142957424176,234.78518543226872,20.29973191785013,0.0005546575587411578,721.3719191825664,626.7521658958839,3.9826435284358154e-05,0.25999999046325684,0.25999999046325684,0.27000001072883606,0,1237648722329534597,19.05143,18.74985,18.9777,19.41442,19.48199,0.01940956,0.007987105,0.01122596,0.02428675,0.082197,105555565740048,302022672,302022672,4503599929360400,70369046200337,70369046167569,0.014850366,4410674367792465664,1237648722329534597,108922372565929056,18.7551002502441,19.0277996063232,19.2586002349854,,,0.0135129997506738,0.0112880002707243,0.00620000017806888,,,16892216,115000,16696,16416,16416,436527104,52,0.023514135,4410674367792465664,108922372565929056,,,,,,,,,,,,,,,,,,,,,,,,,,,,,,,,2.792888999464917,0.12427256576921161,237.2565633171319,0.7738347191064299,0.26746,0.26303,0.27281,,,17532.93395079985,1141.1533536695351,1044.367013929481,7.93510910362869,0.08184028599585425,0.0819326667048701,0.5819527065340766,0.04828544117902922,0.04590462870880552,0.10134379839054032,0.009689993037749853,0.008758232311762496,3.1106328570367587
1636042515805110273,4410700210613845248,516144581,2016.0,237.3834652966081,1.3520407676696777,0.885883142135367,0.989942729473114,9.355291039866632,1.4401663541793823,6.4959797859191895,10.2727632522583,-9.88169914655656,1.647631287574768,-2.8074352319390816,1.285761833190918,95,1.1904962062835693,False,175,91.31838627649732,1.610836148262024,56.6900520324707,20.78597068786621,19,69.8981046814201,8.252050399780273,8.470392227172852,20.727378845214844,18,98.14592554920239,9.152329444885254,10.723600387573242,19.76821517944336,0,0,0,0,0,1.84019935131073,0.9591636657714844,-0.05859184265136719,1.0177555084228516,8.990778237451185,39.903561330949685,234.88955446855087,20.43787072461892,0.23465165507099006,118182.32804409992,624.8423065787811,0.8137982318069061,-99.0,1e+20,1e+20,999999,1237648705674478024,22.54783,20.99147,20.45464,20.21541,20.19056,0.2740168,0.03197198,0.03070103,0.03791547,0.128191,35253360001040,32785,275146375184,4503874773712912,275146375184,275146342416,0.26251605,4410700210613845248,1237648705674478024,109062373834383487,20.9445991516113,20.5056991577148,20.3565998077393,20.2499008178711,19.8481998443604,0.0318059995770454,0.0295860003679991,0.0133079998195171,0.0562550015747547,0.111013002693653,115000,115000,115000,115000,115000,436527104,52,0.031152977,4410700210613845248,109062373834383487,,,,,,,,,,,,,,,,,,,,,,,,,,,,,,,,7.381989340626581,0.49525876485348636,237.38346529660808,0.885883142135367,0.08822,0.06325,0.14464,,,5332.864238243568,166.3347829174927,170.01575480586962,8.172109008570924,0.09798608659574626,0.10874764887651622,0.6912386176313403,0.06591878929330797,0.07123593949644025,5.873192155732033,0.2757754570294946,0.32892521914264794,3.827733700102285
1636042515805110273,4410816002930519808,1481234680,2016.0,238.60562317543332,0.37533706426620483,0.7852474841692927,0.27261123061180115,4.158606028670513,0.41691502928733826,9.974708557128906,11.143781661987305,-10.738863013009531,0.5027323365211487,2.976690997485536,0.3601466715335846,95,0.9991834759712219,False,396,216.61191369789864,0.7419974207878113,291.9308166503906,19.848161697387695,41,143.06306216020883,7.395252227783203,19.345258712768555,19.949724197387695,41,113.88383287940127,7.388777732849121,15.413081169128418,19.606740951538086,0,2,0,2,0,1.1862084865570068,0.3429832458496094,0.1015625,0.24142074584960938,9.79833921619665,38.848178432991,236.18512980709116,20.614909284561595,0.0035609984435684837,3518.113550472843,635.9831525952138,0.004253222729103389,0.25999999046325684,0.23999999463558197,0.27000001072883606,0,1237648675066675476,20.46511,19.94902,19.90809,19.97378,20.81721,0.05116643,0.01649739,0.02133473,0.03564586,0.2501629,35253360136208,275146510352,268603408,4503874773745680,275146375184,275146375184,0.060219377,4410816002930519808,1237648675066675476,108942386056382789,19.9123001098633,19.8554992675781,19.9181995391846,20.0158996582031,19.9346008300781,0.00831599999219179,0.0124810002744198,0.00987199973315001,0.0199190005660057,0.087727002799511,115000,115000,115000,115000,115000,436527104,52,0.027366102,4410816002930519808,108942386056382789,,,,,,,,,,,,,,,,,,,,,,,,,,,,,,,,3.604634751053943,0.020664188423653012,238.6056231754333,0.7852474841692927,0.26105,0.25357,0.2678,9194.233,8.172899,9318.167776634822,232.58076375634118,222.87455099397994,7.990243957463852,0.05612729138170813,0.057343964149292326,0.5924031892267093,0.034063496019313244,0.033736968413410895,0.7483956179894877,0.011960333525262712,0.011257642098163156,5.237274967115715
1636042515805110273,4411088471359820672,77151726,2016.0,237.74549461620003,0.2666681110858917,1.224288278259147,0.2005220353603363,2.5211779889222026,0.3267570436000824,7.715757369995117,16.92984962463379,-6.974313192995212,0.3511655926704407,15.426561221438226,0.3085867166519165,31,0.9818097949028015,False,500,343.38912787619165,0.8170554041862488,420.27642822265625,19.347900390625,33,243.08535924628524,7.991463661193848,30.418127059936523,19.3741455078125,33,138.28713550585454,7.551815509796143,18.3117733001709,19.39594078063965,0,0,0,0,0,1.110613226890564,-0.021795272827148438,0.0262451171875,-0.04804039001464844,9.623144754794781,39.804202477758935,235.18372722853442,20.84988737511301,0.0009050716807004229,1444.7679245813865,613.3831506761646,0.00035028595868280706,0.30000001192092896,0.28999999165534973,0.30000001192092896,0,1237648675603218733,19.45051,19.2309,19.55544,19.81628,20.06078,0.0272596,0.01078642,0.01685542,0.03249367,0.1572883,105622104309776,275146375184,268468240,4503874773745680,268468240,70369146994705,0.04084781,4411088471359820672,1237648675603218733,109462377455269553,19.2383995056152,19.5042991638184,19.7334995269775,19.8500995635986,,0.00543700018897653,0.0103320004418492,0.00697899982333183,0.0463929995894432,,115000,115000,115000,115000,114720,436527104,52,0.049882263,4411088471359820672,109462377455269553,,,,,,,,,,,,,,,,,,,,,,,,,,,,,,,,2.3731145047141746,0.22724214635291326,237.7454946162001,1.224288278259147,0.26977,0.26331,0.27508,15520.87,7.894152,18200.679092595317,2324.6636927120126,2046.95306959355,8.040618372113954,0.14713425491455112,0.1495353204547234,0.6432108662140901,0.09237946551840448,0.08818467370262761,0.11060283595180892,0.02023956372144925,0.01640424227299858,1.1665585526801987
1636042515805110273,4411768003903203968,978439710,2016.0,242.2536775518805,0.4654025435447693,2.0427595453704055,0.3934229612350464,2.9693725948196743,0.5477322340011597,5.421212196350098,17.31022071838379,-17.303929141208616,0.6306337118148804,-0.4666868896978882,0.4823444187641144,31,1.051709532737732,False,308,162.41058871058854,0.7858321070671082,206.67340087890625,20.160831451416016,30,111.20249770702745,6.30576229095459,17.635059356689453,20.223255157470703,26,78.08766268768034,10.527372360229492,7.417583465576172,20.01643943786621,0,0,0,0,0,1.1655038595199585,0.2068157196044922,0.0624237060546875,0.1443920135498047,13.688171748187768,36.52227873886322,239.7342314601104,22.61393752651736,0.06572933446447468,100365.96089858335,700.9183693767071,1.2225041094421145,0.23999999463558197,0.2199999988079071,0.25999999046325684,0,1237651737394807579,20.35807,20.19333,20.26429,20.41772,20.55581,0.04977939,0.01937381,0.02660405,0.04757037,0.1970627,68987912192,275146342400,275146342400,4503874773712896,275146342400,275280560128,0.037439626,4411768003903203968,1237651737394807579,110452422537011790,20.1620998382568,20.25830078125,20.3875999450684,20.4848003387451,,0.0116670001298189,0.01554000005126,0.0115259997546673,0.0312899984419346,,115000,115000,115000,115000,114720,436527104,52,0.09733149,4411768003903203968,110452422537011790,,,,,,,,,,,,,,,,,,,,,,,,,,,,,,,,2.4149887116360906,0.1989120216182737,242.2536775518805,2.042759545370405,0.25123,0.24323,0.25937,11066.87,8.286549,12971.717196168735,1727.7443702540277,1479.350845427054,8.190100090726075,0.13729781475621117,0.14732670153575533,0.7234745858679125,0.09070530371961938,0.0942021259250877,0.41778242380507435,0.05165205126335454,0.053805907251193,1.8536225236135666
1636042515805110273,4412011687462885248,1627617607,2016.0,243.83003511263226,0.3320211172103882,2.2321246800401675,0.21535149216651917,2.4751487268620087,0.3891371786594391,6.360607147216797,4.007330894470215,0.11397152530415636,0.42662349343299866,4.0057100498056215,0.25585541129112244,31,0.976395845413208,False,362,262.1899163002812,0.785474956035614,333.7979431152344,19.640827178955078,5,188.27916189559386,11.930720329284668,15.781039237976074,19.65153694152832,5,110.1204439414131,20.190616607666016,5.45404052734375,19.643224716186523,0,0,0,0,0,1.138104796409607,0.008312225341796875,0.010709762573242188,-0.0023975372314453125,14.928757215693828,35.29437294536145,241.37052125938592,23.107908513032605,0.0005885350100581742,1197.2815416147228,713.9690747102425,0.00017885756218976573,0.20000000298023224,0.1899999976158142,0.20999999344348907,0,,,,,,,,,,,,,,,,,,,,,110672438300239011,19.4706993103027,19.7021007537842,19.9340991973877,20.1210994720459,,0.0165539998561144,0.0167570002377033,0.023590000346303,0.0867519974708557,,16892216,115000,16892216,16696,16416,444915712,53,0.020827625,4412011687462885248,110672438300239011,,,,,,,,,,,,,,,,,,,,,,,,,,,,,,,,1.9718789221176773,0.21781450769148714,243.83003511263223,2.2321246800401675,0.24752,0.24288,0.25246,14009.92,7.993919,17157.67294662191,7587.409253711503,4460.31425241449,7.86090928057042,0.43189005576691564,0.38904554507744216,0.5419036973946079,0.2670132450379211,0.18511851348842567,0.09563751073370069,0.057096234715693056,0.039492305622496796,0.6722765155409284
1636042515805110273,4412044123059611264,1328594146,2016.0,244.43515544562985,0.22177430987358093,2.527896303955003,0.12857332825660706,3.510700685996361,0.28565114736557007,12.290168762207031,25.305570602416992,-1.6356634178929466,0.307613730430603,-25.252653101060652,0.18227115273475647,31,0.9957045912742615,False,618,344.6056827301866,0.9437411427497864,365.1485290527344,19.34406089782715,68,231.3897671780299,6.712805271148682,34.469905853271484,19.42768096923828,65,149.00603566256174,6.774683952331543,21.994537353515625,19.31488609313965,0,2,0,1,0,1.103858232498169,0.11279487609863281,0.08362007141113281,0.0291748046875,15.626456874776366,34.93756465965622,241.95613678613418,23.512601592105387,0.009114409678574839,10023.838807024551,738.4789359463944,0.00819350772487334,0.15000000596046448,0.15000000596046448,0.1599999964237213,0,,,,,,,,,,,,,,,,,,,,,111032444352033974,19.3090000152588,19.4153995513916,19.6058006286621,19.7411003112793,19.7562999725342,0.0129639999940991,0.0131149999797344,0.011060000397265,0.034510001540184,0.0787839964032173,115000,115000,115000,115000,115000,436527232,52,0.017003214,4412044123059611264,111032444352033974,,,,,,,,,,,,,,,,,,,,,,,,,,,,,,,,3.2342910076006075,0.013670688407951756,244.43515544562985,2.527896303955003,0.22676,0.22395,0.22977,11097.78,8.045093,11494.181923509865,481.12693021967607,413.7117399623803,7.936909635088275,0.057817779198066965,0.058908582935091935,0.5679057270820966,0.03445575451320848,0.033674955251728034,0.40477836725750693,0.010831224797728523,0.01429421068886133,1.6980204367452745
1636042515805110273,4412092776444893440,809282737,2016.0,243.94081357953402,0.25515612959861755,2.5811611214641985,0.20356377959251404,2.6066138025401333,0.3508748710155487,7.428898811340332,18.779321670532227,18.224600809992456,0.30797117948532104,4.5306590056510005,0.24887660145759583,31,0.9459339380264282,False,434,305.0785956296878,0.87412428855896,349.01055908203125,19.476337432861328,39,212.1004162516393,6.8917365074157715,30.77604866027832,19.522188186645508,42,134.522774630037,7.05571174621582,19.065797805786133,19.425905227661133,0,3,0,0,0,1.1361767053604126,0.096282958984375,0.04585075378417969,0.05043220520019531,15.363552459973334,35.38537044934158,241.41637509798826,23.471642966158242,0.001093551623924576,1457.4626167016934,726.7014701575941,0.000643110235237101,0.1899999976158142,0.18000000715255737,0.1899999976158142,0,,,,,,,,,,,,,,,,,,,,,111092439407707863,19.4293994903564,19.6128005981445,19.7791004180908,19.8595008850098,19.5098991394043,0.00800499971956015,0.0100060002878308,0.0116739999502897,0.00521099986508489,0.113990999758244,115000,115000,115000,115000,16793912,436527104,52,0.0546878,4412092776444893440,111092439407707863,,,,,,,,,,,,,,,,,,,,,,,,,,,,,,,,2.655921645381006,0.07371692196535758,243.94081357953405,2.5811611214641985,0.23577,0.23174,0.23989,11498.27,7.726364,11534.422936100445,823.4526224875135,675.9426076072923,7.7223328714266035,0.0866803668889089,0.09800926842095325,0.45685157057454573,0.04525944187896214,0.04649871457228716,0.29952757208562597,0.017553716510497308,0.025761845953772622,3.6209825858432585
1636042515805110273,4413279351353925888,462510117,2016.0,241.17610086906654,0.13140374422073364,3.474230468287805,0.13040421903133392,3.4648237017130814,0.18169035017490387,19.069936752319336,4.5790486335754395,3.433569751683316,0.1653287559747696,3.029568553131747,0.15330801904201508,31,0.9281226992607117,False,319,795.560069453825,1.3234453201293945,601.1280517578125,18.435684204101562,38,570.5597017542475,10.360628128051758,55.06999206542969,18.447790145874023,37,331.5050933339702,7.842047691345215,42.27277374267578,18.446670532226562,0,0,0,0,0,1.1338739395141602,0.0011196136474609375,0.012105941772460938,-0.010986328125,14.479053213125805,38.199315320889234,238.26862885536633,23.794239375244153,0.007809115782700655,8352.636724287435,660.1747039451819,0.0011473218122641828,0.20999999344348907,0.20000000298023224,0.2199999988079071,0,1237655742952243321,18.58801,18.32828,18.58133,18.77785,19.13123,0.01737666,0.007008978,0.009034716,0.01306658,0.05128174,35253360136208,268468240,268468240,4503599895973904,268468240,275146375184,0.04025987,4413279351353925888,1237655742952243321,112162411760939509,18.3456001281738,18.5632991790771,18.8038005828857,19.0053005218506,19.1240997314453,0.00850700028240681,0.00734800007194281,0.00536900013685226,0.022121999412775,0.0402060002088547,115000,115000,115000,115000,115000,436527104,52,0.010966218,4413279351353925888,112162411760939509,,,,,,,,,,,,,,,,,,,,,,,,,,,,,,,,3.347678327181084,0.07003035421992813,241.17610086906652,3.474230468287805,0.20719,0.20435,0.21004,13365.76,7.619422,16166.360807252986,558.3624064679643,537.6384433898093,7.798996036465641,0.04421428224941071,0.0434345148194355,0.5077059041566545,0.023646522507573375,0.022610729950784003,0.10625462685704708,0.00624422301057799,0.00564358269575678,2.8767532373772897
1636042515805110273,4413351919121477632,500989397,2016.0,241.18381788216556,0.2751454710960388,3.613616897650963,0.2584730088710785,3.1822715815830525,0.35035115480422974,9.083090782165527,2.792276382446289,-2.0039117611675596,0.376008540391922,1.944516652712115,0.3336047828197479,31,0.9847176671028137,False,348,274.45109705395527,0.8660565614700317,316.8974304199219,19.591203689575195,39,187.9547806519975,7.027743339538574,26.74468421936035,19.65340805053711,37,111.5471149189609,7.70417594909668,14.47878646850586,19.629249572753906,0,0,0,0,0,1.0912760496139526,0.024158477783203125,0.06220436096191406,-0.03804588317871094,14.634440751656607,38.267065420694266,238.24490579113478,23.93214233195479,0.005954095434555625,7493.328508875598,663.6761126932035,0.01967847488148563,0.20999999344348907,0.20000000298023224,0.23000000417232513,0,1237662267006190003,19.59861,19.55767,19.67537,19.87449,20.01911,0.02938264,0.01239014,0.01601947,0.02482623,0.08870234,68987912704,275297370112,293634048,4503874798911488,275163152896,275297370624,0.053736854,4413351919121477632,1237662267006190003,112332411838116779,19.5417995452881,19.7014007568359,19.8717002868652,20.0196990966797,19.9508991241455,0.016372999176383,0.00858800020068884,0.0102049997076392,0.0288069993257523,0.0793379992246628,115000,115000,115000,115000,115000,436527104,52,0.0039800215,4413351919121477632,112332411838116779,,,,,,,,,,,,,,,,,,,,,,,,,,,,,,,,2.8224951785739587,0.03630188667617122,241.1838178821656,3.613616897650963,0.20815,0.20273,0.21469,13085.2,8.253587,15633.673043412768,607.7688879073594,651.4257142217357,8.264982001571045,0.04270904185597857,0.04877977552201074,0.776025651593289,0.02849948846653949,0.03205466894789655,0.27969643072836625,0.013210024376941076,0.011442629465214793,6.898364273210567
1636042515805110273,4413410502475127680,1301952587,2016.0,241.5650101271747,0.367915540933609,3.9136575574192096,0.3167472779750824,5.660294056016381,0.4730561077594757,11.965375900268555,73.12541198730469,-72.39118656310663,0.4094260036945343,-10.336452936380294,0.31957271695137024,31,0.9512532353401184,False,309,228.31718603560674,0.884506106376648,258.12957763671875,19.791019439697266,34,121.7247288527863,6.519432544708252,18.671062469482422,20.12509536743164,33,147.18639401488537,6.6401896476745605,22.165992736816406,19.32822608947754,0,3,0,4,0,1.1777962446212769,0.7968692779541016,0.334075927734375,0.46279335021972656,15.214532348698194,38.103341271064814,238.58383347184713,24.3049893650843,0.19287416686396636,106162.24817453056,655.0817457662413,1.191957941140557,0.12999999523162842,0.11999999731779099,0.14000000059604645,0,1237655743489245564,20.85145,20.1057,19.74067,19.67992,19.56314,0.07330846,0.01874507,0.01819145,0.02315041,0.08054593,68988043776,275146375680,275146342400,4503874773843968,275146342400,275280560128,0.062657915,4413410502475127680,1237655743489245564,112692415651176899,20.0944995880127,19.7761001586914,19.6753997802734,19.6779003143311,19.5900001525879,0.0119580002501607,0.012024000287056,0.00866100005805492,0.0167430005967617,0.0563590005040169,115000,115000,115000,115000,115000,436527104,52,0.14039448,4413410502475127680,112692415651176899,,,,,,,,,,,,,,,,,,,,,,,,,,,,,,,,6.489257287388391,0.031741244962426175,241.5650101271747,3.9136575574192096,0.16614,0.15863,0.1729,6069.817,7.63028,6424.920331198673,88.17284316607856,84.94869233716145,7.961805290602669,0.03738827319802063,0.03717049076471657,0.5670813272508821,0.02244411233835253,0.02174532227109094,1.8482710843259103,0.04604020012739474,0.044496382785570665,2.45490649035045
1636042515805110273,4414026989195920640,416108440,2016.0,230.31014898381866,0.541724443435669,-3.0991262422383965,0.43441882729530334,3.9403910495184595,0.6125248670578003,6.433030128479004,47.92463302612305,-47.42793891499329,0.7203482389450073,-6.881942686744914,0.5916863679885864,31,1.0162701606750488,False,184,166.82394466833588,1.1020740270614624,151.3727264404297,20.13172149658203,18,102.31000390088418,10.808356285095215,9.465824127197266,20.31374740600586,17,82.2927807497738,5.986563682556152,13.746246337890625,19.959491729736328,0,1,0,0,0,1.1065725088119507,0.35425567626953125,0.18202590942382812,0.17222976684570312,358.9301291223456,42.910554344245696,228.72391693546862,14.835483859073053,0.06105145365800175,52972.86225209596,542.4000460571793,1.5235802584278082,0.36000001430511475,0.3400000035762787,0.4000000059604645,0,,,,,,,,,,,,,,,,,,,,,104282303102301505,20.1558990478516,20.1718997955322,20.2870998382568,20.3418998718262,19.974100112915,0.0557500012218952,0.0151380002498627,0.0365349985659122,0.0538639985024929,0.181833997368813,115000,115000,115000,115000,115000,436527104,52,0.14011502,4414026989195920640,104282303102301505,169319789,,,20.2848,20.2823,,,,,0.0232,0.0384,,,,,0,0,,,,,0,0,,,0,0,0,0.23894173,4414026989195920640,169319789,4.098546634685911,0.09637665891800079,230.31014898381864,-3.0991262422383965,0.24967,0.23225,0.2767,9934.829,8.387938,9139.363774138928,523.392582870234,468.21949280096123,8.347643125903007,0.10886804403641115,0.10951334534840917,0.8180680236299449,0.07236278587665923,0.07256440155356603,1.3614878594058584,0.11536691896362683,0.06649612252467074,2.8759395009542907
1636042515805110273,4414633503003029120,1254847830,2016.0,232.1116120025125,0.24521534144878387,-1.4601361414069303,0.22681602835655212,6.210484598791667,0.31342312693595886,19.815017700195312,58.837154388427734,31.91553606995153,0.3280646800994873,-49.428832393367856,0.28916099667549133,31,0.9931662082672119,False,245,376.152969174825,1.1541868448257446,325.90301513671875,19.24895477294922,25,217.49608024353773,8.190804481506348,26.55368995666504,19.49491310119629,27,202.37412374902482,7.6075439453125,26.601768493652344,18.982507705688477,0,1,0,0,0,1.1162219047546387,0.5124053955078125,0.2459583282470703,0.2664470672607422,2.225544443267204,42.63584729941453,230.08997114841281,16.884802247400657,0.021069181719022487,11792.62980876927,552.5859624150606,0.005915564360673068,0.18000000715255737,0.18000000715255737,0.20000000298023224,0,1237655499213766930,20.08046,19.46824,19.28207,19.24779,19.10827,0.04516929,0.01232779,0.01367251,0.01639617,0.05563325,68987912704,275297370112,293634048,4503600046834176,275305759232,275297370624,0.05917096,4414633503003029120,1237655499213766930,106242321115728328,19.4815006256104,19.2842998504639,19.2255001068115,19.2439002990723,19.2674007415771,0.00804699957370758,0.0088139995932579,0.00811799988150597,0.0102319996803999,0.0190040003508329,115000,115000,115000,115000,115000,436527104,52,0.12951598,4414633503003029120,106242321115728328,169433828,,,19.4108,19.271,19.1855,,,,0.0172,0.0108,0.0238,,,,0,0,0,,,,0,0,0,,0,0,0,0.07904611,4414633503003029120,169433828,6.391875158810477,0.019719630724098037,232.1116120025125,-1.4601361414069305,0.18543,0.17712,0.19388,7691.002,7.983917,7224.326087730312,95.37114485927486,96.08689248029168,7.858713315131906,0.03426375019986416,0.035502735735923,0.5116873015940051,0.019106364539523746,0.0193188095500631,1.195076545770216,0.016328111209052087,0.015305060749874588,3.2559046026562704
1636042515805110273,4415021737982254080,683092778,2016.0,228.37758242813854,0.4055047631263733,-2.3077195127363623,0.25867199897766113,15.594645220210495,0.3532983064651489,44.14016342163086,178.77865600585938,-137.05447805120846,0.5579947829246521,114.79494863251257,0.3597669303417206,95,0.9343310594558716,False,164,338.0965318573739,1.368301272392273,247.09217834472656,19.364765167236328,19,133.07066151990776,10.685340881347656,12.453572273254395,20.028335571289062,18,280.23625712680007,8.343437194824219,33.58762741088867,18.629085540771484,0,0,0,0,0,1.2224524021148682,1.3992500305175781,0.6635704040527344,0.7356796264648438,357.9178377209205,44.86522019029667,226.5792969619858,15.080073454724632,0.00229060505653434,523.0734743018987,538.26201753679,2.7790881239214516e-06,0.019999999552965164,0.019999999552965164,0.019999999552965164,0,1237655498138386658,23.43654,20.37414,19.3357,18.93481,18.77277,0.7058643,0.02399905,0.01379198,0.01390026,0.04094446,35253393690640,9007199422648337,275179896848,4503599929360400,302022672,275179896848,0.07844069,4415021737982254080,1237655498138386658,105232283777390860,20.2105007171631,19.3365993499756,18.9099006652832,18.7096004486084,18.6215991973877,0.0183409992605448,0.00966999959200621,0.0109900003299117,0.0259199999272823,0.0342399999499321,115000,115000,115000,115000,115000,436527104,52,0.024348294,4415021737982254080,105232283777390860,169252491,,,20.0112,,,,,,0.0447,,,,,,1,,,,,,0,,,,1,0,8,0.288042,4415021737982254080,169252491,15.708795015901469,0.05398066663064705,228.3775824281385,-2.3077195127363623,0.04233,0.04177,0.04292,4413.377,7.890926,4209.128037332959,39.91700533584299,44.84131830115348,7.6909142834735835,0.030060266528203705,0.0337293683065214,0.4052044985681576,0.014928032057735852,0.016414200826944392,5.732809961861529,0.18173445528706633,0.20343234083103123,3.417533376710077
1636042515805110273,4415701304886958848,199540761,2016.0,231.01394189981215,0.03678892180323601,-0.506400415297158,0.03347570449113846,15.539932510792257,0.042121522128582,368.9309387207031,48.07281494140625,-46.84533153532206,0.04556130990386009,-10.793992341832915,0.04081020504236221,31,1.0605995655059814,False,225,8894.225923257412,22.977270126342773,387.0880126953125,15.814596176147461,5,6407.714363526962,152.96238708496094,41.890785217285156,15.821784019470215,5,4139.446119690818,140.3128662109375,29.501543045043945,15.70553970336914,0,0,3,0,0,1.185843586921692,0.11624431610107422,0.007187843322753906,0.10905647277832031,2.2583150194607975,44.089649663448526,228.72177364878831,17.52192621660102,0.0006163649252781247,143.30455163445527,565.3183578624122,1.4945349344665266e-09,0.019999999552965164,0.019999999552965164,0.019999999552965164,0,1237648720716169389,16.20261,15.77991,15.99459,16.13254,16.7122,0.005130376,0.003431108,0.003706563,0.003947323,0.01161987,105587744571408,268468240,268599312,4503599895969808,268468240,70369012645905,0.06694029,4415701304886958848,1237648720716169389,107392310139332750,15.6836996078491,15.9556999206543,16.1662006378174,16.2773990631104,,0.0218630004674196,0.00259399996139109,0.0226240009069443,0.00515099987387657,,16892216,115000,16944,16696,16416,436527104,52,0.012661935,4415701304886958848,107392310139332750,,,,,,,,,,,,,,,,,,,,,,,,,,,,,,,,15.456509947040654,0.02417293312270699,231.01394189981207,-0.506400415297158,0.04306,0.04299,0.04313,10249.57,7.753964,13471.229994120147,255.73954378880626,271.85278694418594,8.18179458920233,0.021995114135172855,0.02276635173799768,0.7193202907597684,0.014397003421171783,0.014728122554122924,0.37237923088548064,0.009192359606712552,0.00789252713193539,12.954557399541338
1636042515805110273,4416236281718951424,1062302065,2016.0,233.43096459067854,0.5141286849975586,-0.6619737981740383,0.3255944848060608,2.416401600120539,0.45015445351600647,5.367938995361328,40.78633117675781,-21.375997873446266,0.646158754825592,-34.73602688757463,0.4347207546234131,31,0.9916476011276245,False,195,167.07614474059918,0.8466846346855164,197.329833984375,20.130081176757812,20,108.14363049871469,7.112705707550049,15.204288482666016,20.2535400390625,17,91.0063362907057,10.384881019592285,8.763348579406738,19.850215911865234,0,1,0,0,0,1.1919713020324707,0.4033241271972656,0.1234588623046875,0.2798652648925781,4.193670995358766,42.12245202561327,231.21691503508941,17.989890437717587,0.020372420511705534,26014.81219844658,577.0958236512125,0.6327866719996708,0.2800000011920929,0.27000001072883606,0.28999999165534973,0,1237648703525224809,20.33777,20.17554,20.17642,20.26081,20.43991,0.04473754,0.0180899,0.02232361,0.03140735,0.1230266,193585182019600,158604820906000,268603408,4503874773745680,275146375184,402685968,0.053997066,4416236281718951424,1237648703525224809,107202334310146175,20.1595993041992,20.183500289917,20.2591991424561,20.3446998596191,20.1702003479004,0.0108270002529025,0.0212329998612404,0.0212169997394085,0.0432850010693073,0.165004998445511,115000,115000,115000,115000,16892216,436527104,52,0.11811217,4416236281718951424,107202334310146175,170263940,,,20.134,20.2253,,,,,0.1065,0.0171,,,,,0,0,,,,,0,0,,,0,0,0,0.11297721,4416236281718951424,170263940,2.633160049769871,0.29434142629732285,233.4309645906785,-0.6619737981740383,0.27826,0.26753,0.28947,,,10528.866941515182,1565.15823739215,1093.4215369320063,7.958008520043792,0.23103590702686372,0.2422256850038247,0.5768630536201038,0.14425087592656882,0.1306064150976572,0.5155095879574407,0.026217697464883116,0.03143548644800359,2.208612093372852
1636042515805110273,4417074835429418368,133815967,2016.0,232.85164855350104,0.5958067178726196,-0.19134182660208665,0.5750830769538879,5.651212458260603,0.6601918935775757,8.559954643249512,13.822806358337402,-7.835100765131306,0.8509201407432556,-11.38776440475911,0.8046610951423645,31,1.036880612373352,False,207,149.07026561309164,1.034509301185608,144.09756469726562,20.253889083862305,22,89.76628070665,7.080816745758057,12.677391052246094,20.455759048461914,21,98.94108385136849,11.663182258605957,8.483198165893555,19.75945472717285,0,0,0,1,0,1.2658953666687012,0.6963043212890625,0.20186996459960938,0.4944343566894531,4.200551945182932,42.868813390692964,230.50247463493403,18.299988581551318,0.12792625256561876,100441.94764310453,575.8225841064774,0.6158137757575747,0.14000000059604645,0.12999999523162842,0.1599999964237213,0,1237648721253892688,20.97603,20.48083,20.28075,20.23956,19.99676,0.06584585,0.02131588,0.02467301,0.03378974,0.1109597,35253393686544,275179896848,275179896848,4503874807267344,275180027920,275314147344,0.027889611,4417074835429418368,1237648721253892688,107772328516910816,20.4356002807617,20.2801990509033,20.1786003112793,20.3022994995117,19.9895000457764,0.0134889995679259,0.0108139999210835,0.0219930000603199,0.0439760014414787,0.0665770024061203,115000,115000,115000,115000,115000,436527104,52,0.013616677,4417074835429418368,107772328516910816,169462116,,,20.3794,20.2856,,,,,0.0152,0.0202,,,,,0,0,,,,,0,0,,,0,0,0,0.083380446,4417074835429418368,169462116,5.039435524371522,0.43485591906450866,232.851648553501,-0.1913418266020866,0.18815,0.17294,0.20432,6653.56,8.197854,7176.6082840739755,378.20946391843427,340.29294699630736,8.162264182306629,0.12254629386701232,0.12005341617083509,0.6928921292713863,0.08061241471656155,0.07639314722297008,1.9063771422448597,0.2739487274498573,0.14509501363247956,2.1625194872974274
1636042515805110273,441719248749913728,1270371984,2016.0,50.43467982508874,0.5238516330718994,49.69679620828652,0.5108799934387207,6.909715953926183,0.7468882203102112,9.251338958740234,79.65345001220703,59.31188840931784,0.7433409690856934,-53.16739184246835,0.9226193428039551,31,1.0781084299087524,False,286,147.00745623721937,0.8363200426101685,175.77894592285156,20.269018173217773,29,77.74222553224354,5.349536418914795,14.532516479492188,20.611900329589844,28,103.14563131157374,6.3659467697143555,16.202716827392578,19.71426773071289,0,1,0,1,0,1.2304672002792358,0.8976325988769531,0.3428821563720703,0.5547504425048828,146.3091050106149,-6.229083457067724,61.56430034323198,30.089544840570696,0.00348672913105616,1774.2194257271456,1336.9015219719208,0.00013967760163575922,0.18000000715255737,0.09000000357627869,0.25,0,,,,,,,,,,,,,,,,,,,,,167630504345106927,20.5909996032715,20.0622005462646,19.8187007904053,19.899299621582,19.1366004943848,0.0897900015115738,0.0460049994289875,0.0751760005950928,0.029526999220252,0.126050993800163,115000,115000,115000,115000,16797752,436527104,52,0.2373415,441719248749913728,167630504345106927,,,,,,,,,,,,,,,,,,,,,,,,,,,,,,,,7.024157578764447,0.04948352313184365,50.43467982508874,49.69679620828652,0.13596,0.08486,0.20315,5778.279,8.097713,5544.682365678195,203.1346513114613,194.0475607772387,7.955912755880737,0.11078968060664884,0.11440315731061013,0.5586276793271228,0.06834966808533127,0.06651415571405594,2.753038228601798,0.38719826594578066,0.17644697416811628,2.7395054090411994
1636042515805110273,4417313700034981760,1358479785,2016.0,231.2070270556101,0.328469455242157,0.3134814892198669,0.30366337299346924,2.2503933112164383,0.41889286041259766,5.372241020202637,6.649275779724121,-4.647381413060989,0.3868272006511688,4.755493157172594,0.31228479743003845,31,0.9228065013885498,False,195,319.5763208938922,1.414629340171814,225.90817260742188,19.42593002319336,22,238.1422789763847,15.135825157165527,15.733683586120605,19.39645004272461,21,153.71772809032805,11.732891082763672,13.101436614990234,19.281085968017578,0,0,0,0,0,1.2261860370635986,0.11536407470703125,-0.02947998046875,0.14484405517578125,3.3118244719323338,44.46456334401324,228.69138717595476,18.363740795403675,0.018656194636021153,25421.44354580276,567.5465270656988,0.81843043049825,0.20999999344348907,0.20000000298023224,0.2199999988079071,0,1237648721790042292,19.46563,19.24642,19.53754,19.74863,19.91835,0.02430785,0.00981395,0.01471935,0.02338869,0.09953983,35253360132112,275146375184,268599312,4503599895838736,275146375184,275280592912,0.045839828,4417313700034981760,1237648721790042292,108372312070506716,19.2602996826172,19.5149993896484,19.7472991943359,19.9554996490479,19.9682998657227,0.00653599994257092,0.00576699990779161,0.00828699953854084,0.0360409989953041,0.0218560006469488,115000,115000,115000,115000,115000,436527104,52,0.017176999,4417313700034981760,108372312070506716,,,,,,,,,,,,,,,,,,,,,,,,,,,,,,,,2.524669840539255,0.20386757648404616,231.20702705561013,0.3134814892198669,0.23382,0.22544,0.24335,10704.24,7.380476,16562.71450841953,1734.0505521148298,1564.9790196468057,8.031339905091599,0.11734102171551086,0.12160451959306773,0.6343252732642402,0.07336296202852977,0.07211275734997702,0.15429358140991556,0.0219825831601366,0.018675981281448095,1.7399516024398956
1636042515805110273,4417647779773428608,67736142,2016.0,234.50960710158714,1.0411036014556885,1.0315759937964242,0.525235652923584,6.120191233446433,1.0783798694610596,5.675357341766357,63.766136169433594,-53.72853716111724,0.951660692691803,-34.34187587801459,0.6068403720855713,95,0.9513846039772034,False,258,127.89093196261429,0.8641100525856018,148.00306701660156,20.42026710510254,13,91.24082095179816,16.248332977294922,5.615396022796631,20.438068389892578,12,171.4539622120587,32.01110076904297,5.356078147888184,19.162527084350586,0,0,0,1,0,2.05405330657959,1.2755413055419922,0.017801284790039062,1.2577400207519531,6.893212738556236,42.30799147616713,231.87894294969198,19.89762290289564,0.001401612542087285,814.8223915212311,583.7803312610721,1.0230252037439639e-05,-99.0,1e+20,1e+20,999999,1237648705673167023,20.38663,19.47221,18.37626,16.7443,17.08455,0.2161253,0.07607067,0.04717779,0.01264151,0.06114117,105656464314968,275289047576,2322168834920985,6755674587496472,299559743964811289,70643890749465,0.117194265,4417647779773428608,1237648705673167023,,,,,,,,,,,,,,,,,,,,,,,,,,,,,,,,,,,,,,,,,,,,,,,,,,,,,6.151576123799817,0.01541081715088718,234.50960710158716,1.0315759937964242,0.17667,0.15219,0.19835,,,9927.542734780243,1502.1731031583677,1635.8048236808463,9.027259677919883,0.19567892317312285,0.291180929358708,1.2075282907604665,0.0696255535707786,0.14562352741878604,2.7459972992571338,0.7006680408098576,0.6021544846621381,24.09961858945908
1636042515805110273,4417682242588480896,51195693,2016.0,233.92531674432368,0.23002956807613373,1.0384145021673294,0.1965569406747818,5.108688322430123,0.2827450931072235,18.068178176879883,12.014547348022461,11.743713548827841,0.29595479369163513,2.536638356685868,0.23958644270896912,31,0.959557056427002,False,217,443.8289267396557,1.2839856147766113,345.6650390625,19.06932830810547,22,284.56580250789295,7.5425286293029785,37.72816848754883,19.20308494567871,23,220.9967644682037,10.02584457397461,22.042707443237305,18.886930465698242,0,0,0,0,0,1.139093279838562,0.31615447998046875,0.1337566375732422,0.18239784240722656,6.422942050630042,42.77840053994648,231.27541084438442,19.759811486237307,0.002204234179252907,1647.95319480893,582.507091716337,8.75830899456677e-05,0.11999999731779099,0.11999999731779099,0.12999999523162842,0,1237648705672970535,19.60443,19.13625,19.12965,19.24053,19.50328,0.02834439,0.009741178,0.01183076,0.01750346,0.07435934,35253360136208,275146510352,275146375184,4503874773745680,275154894864,275280592912,0.037866056,4417682242588480896,1237648705672970535,109242339253026550,19.1135005950928,19.1070003509521,19.1912994384766,19.294900894165,19.281400680542,0.00455000018700957,0.00832199957221746,0.0121200000867248,0.0125569999217987,0.0232999995350838,115000,115000,115000,115000,115000,436527104,52,0.028429396,4417682242588480896,109242339253026550,,,,,,,,,,,,,,,,,,,,,,,,,,,,,,,,4.775917032060872,0.04007881800389341,233.9253167443237,1.0384145021673294,0.19068,0.18495,0.19564,8780.105,7.920274,9385.435281011281,177.003060515186,172.87595652273012,7.933995964593651,0.0431342071112466,0.044238620555360875,0.5600868830265164,0.025233980976350545,0.025229571310410037,0.6841676436669202,0.0077647290002925695,0.007728018599158171,4.5419094429362366
1636042515805110273,4418372534027715968,1057847509,2016.0,227.28992411633794,0.07310064882040024,-1.1408669637941808,0.07368624210357666,3.859122840628385,0.0961524024605751,40.13548278808594,19.27142333984375,-16.347391234203865,0.0890277773141861,-10.205417126209957,0.07769080251455307,31,1.0227885246276855,False,196,2753.7152088780854,5.130067348480225,536.779541015625,17.087570190429688,20,2171.691737492963,14.446022033691406,150.3314666748047,16.99654769897461,18,940.1934423494152,9.721046447753906,96.7173080444336,17.314851760864258,0,1,0,0,0,1.1300679445266724,-0.31830406188964844,-0.09102249145507812,-0.2272815704345703,358.073324202529,46.45632901505683,225.1598188314937,15.899999686390439,0.03187200503971902,30433.19754413762,548.7662437808551,0.004459353478311132,0.18000000715255737,0.17000000178813934,0.18000000715255737,0,1237648702985666734,16.60826,16.89513,17.31545,17.59559,17.8537,0.006030841,0.004497345,0.005290989,0.006517316,0.01716341,35255507484688,268468240,268468240,4503599895838736,268468240,275280592912,0.046516445,4418372534027715968,1237648702985666734,106632272899841468,16.9668006896973,17.3022994995117,17.6319007873535,17.8834991455078,18.0442008972168,0.00407199980691075,0.0045779999345541,0.00298299989663064,0.00853800028562546,0.0143560003489256,115000,115000,115000,115000,115000,436527232,52,0.043366227,4418372534027715968,106632272899841468,169259653,16.6706,16.8564,16.9698,17.3018,17.6591,17.9325,0.0105,0.0266,0.008,0.0127,0.0239,0.0401,0,0,0,0,0,0,0,0,0,0,0,0,0,0,0,0.17263995,4418372534027715968,169259653,3.745139046497578,0.035582898054245846,227.28992411633797,-1.1408669637941808,0.18988,0.18688,0.19292,27714.21,7.828527,28637.89738345881,678.6376188476097,673.7870715815152,7.824941697291123,0.03625417325627023,0.03624918471212979,0.5537870195276571,0.018998529054949476,0.01867664689490478,0.010109722575655674,0.0006076355258265893,0.0006521736573744073,4.668665614802834
1636042515805110273,441868232572345088,1073534271,2016.0,51.06357318524014,0.29126548767089844,50.471524105012996,0.3000754415988922,4.324576129554141,0.3869340419769287,11.176520347595215,18.894641876220703,18.87404872237935,0.3878735303878784,0.8819227718822236,0.46958503127098083,31,0.9696667194366455,False,361,237.82355101825704,0.8713250160217285,272.9447021484375,19.746728897094727,41,148.75871889742973,6.183835506439209,24.056060791015625,19.90733528137207,37,119.3063324523713,7.131908416748047,16.72852897644043,19.556236267089844,0,1,0,0,0,1.1271593570709229,0.35109901428222656,0.16060638427734375,0.1904926300048828,146.22020596593256,-5.360055930630529,62.27390494097774,30.712803585838362,0.002277394438236536,2159.626929767674,1327.670535272591,0.0009543258391390801,0.4099999964237213,0.36000001430511475,0.49000000953674316,0,,,,,,,,,,,,,,,,,,,,,168560510635696600,19.7353992462158,19.3512001037598,19.6128997802734,19.6109008789063,,0.0196299999952316,0.0834949985146523,0.00969099998474121,0.051001999527216,,16892216,16892216,16892216,115000,16416,444915712,53,0.023255628,441868232572345088,168560510635696600,,,,,,,,,,,,,,,,,,,,,,,,,,,,,,,,3.781036811839233,0.013516515177489556,51.06357318524014,50.471524105013,0.38955,0.35079,0.44235,9943.38,8.252416,8459.073461882372,431.699268058901,390.2994821968905,7.601774170837496,0.13135456195597417,0.12379060163017552,0.39098528628534046,0.06154476886689719,0.05158218666711234,0.6079975701030478,0.015393027397388681,0.014533485443815941,4.577683403116875
1636042515805110273,4418831438398101376,726809827,2016.0,229.38697166939204,0.3171960115432739,0.1129909899532387,0.2580590844154358,2.8153240261162664,0.33504578471183777,8.402803421020508,21.37236976623535,-11.665185178355012,0.4088279604911804,-17.908145291744898,0.3231205344200134,31,1.0234415531158447,False,190,286.502921301616,1.1497342586517334,249.1905517578125,19.544544219970703,18,209.345169621017,20.08897590637207,10.4208984375,19.53638458251953,18,119.08877715316396,9.178276062011719,12.975069999694824,19.558218002319336,0,0,0,0,0,1.1463546752929688,-0.021833419799804688,-0.008159637451171875,-0.013673782348632812,1.4377852049216724,45.730693695076,226.90332986544178,17.684215649442965,0.1160675300298847,151208.4669910398,551.9493426426931,1.0939506453929169,0.18000000715255737,0.17000000178813934,0.1899999976158142,0,1237648704597197260,19.49681,19.45556,19.67362,19.82138,20.09563,0.02480206,0.01088411,0.01528081,0.02193026,0.09880085,35253360136208,275146375184,268468240,4503599895838736,275146510352,275280592912,0.033443205,4418831438398101376,1237648704597197260,108132293869906122,19.5065002441406,19.7140007019043,19.8927001953125,20.0734996795654,20.0037994384766,0.00581099977716804,0.0127729997038841,0.0113500002771616,0.0324079990386963,0.0780439972877502,115000,115000,115000,115000,115000,436527104,52,0.06390784,4418831438398101376,108132293869906122,304417147,,,,,19.8218,,,,,,0.019,,,,,,0,,,,,,0,,0,0,0,0.2901901,4418831438398101376,304417147,2.7295959249021253,0.053069712937144485,229.38697166939204,0.1129909899532387,0.21444,0.20757,0.22157,13587.9,8.091896,17255.186334622675,768.1251231255665,706.9604997132301,8.297008606044006,0.046811464555986504,0.04649423502351091,0.7994443270697983,0.030669763464505118,0.031020666791035767,0.22092230068630958,0.011092685941714003,0.011107596518787538,5.727139629939194
1636042515805110273,4418844563820002304,228725968,2016.0,230.03458996954575,0.123453289270401,0.19060737583050272,0.1159931942820549,6.286877202419333,0.14387516677379608,43.696746826171875,20.26152801513672,-20.259337803144923,0.15891247987747192,0.2978664706428875,0.13957597315311432,31,1.0456955432891846,False,199,1019.7510412744195,1.9042264223098755,535.5198364257812,18.1661319732666,9,726.893791856187,14.530348777770996,50.025901794433594,18.184864044189453,9,491.0778291708014,20.450712203979492,24.01274871826172,18.02001953125,0,0,0,0,0,1.1943813562393188,0.16484451293945312,0.018732070922851562,0.14611244201660156,2.1209663432537043,45.28773041802592,227.5362227067679,17.93390937027113,0.0008992112851010266,540.7117171567684,557.9972304801851,5.162128935063141e-06,0.10000000149011612,0.10000000149011612,0.10000000149011612,0,1237648704597524530,18.66323,18.16603,18.22955,18.34753,18.53395,0.01547937,0.006265828,0.007308121,0.009568156,0.03080557,105622104178704,268468240,268468240,4503599895838736,268468240,70369012645905,0.028024675,4418844563820002304,1237648704597524530,108222300346519200,18.1665992736816,18.2465991973877,18.3752002716064,18.5013999938965,18.5659008026123,0.00656099990010262,0.00615399982780218,0.0178919993340969,0.00949699990451336,0.0332389995455742,115000,115000,115000,115000,115000,436527104,52,0.057734445,4418844563820002304,108222300346519200,,,,,,,,,,,,,,,,,,,,,,,,,,,,,,,,6.015275322694009,0.06799199270845295,230.03458996954572,0.1906073758305027,0.14179,0.13886,0.1448,10627.17,8.051072,10313.667249184962,190.83887894705913,189.72937338908923,7.890544313019332,0.037491849989551795,0.039052290868457185,0.5386042702171279,0.021350176119101283,0.021690882466823713,0.5086459374920349,0.0048387225764108255,0.004856400085459844,2.436948807412143
1636042515805110273,4419060480413319936,1722059887,2016.0,229.7488472159061,0.2821522653102875,0.47760717246423806,0.26948118209838867,5.341810464545766,0.33296018838882446,16.043392181396484,47.02665710449219,13.935625729834214,0.4029015004634857,-44.91441788869746,0.3768314719200134,31,1.1039551496505737,False,201,336.36014230388145,1.2442622184753418,270.3289794921875,19.3703556060791,24,214.80291515381103,7.2551116943359375,29.607112884521484,19.508441925048828,23,157.82825212607295,7.106884479522705,22.20779800415039,19.25243377685547,0,1,0,1,0,1.1078338623046875,0.2560081481933594,0.13808631896972656,0.11792182922363281,2.171284456054122,45.691178742353706,227.16549860416654,18.13328368049131,0.004276200158733632,3025.739394768454,545.2648350328334,2.225959198794871e-05,0.10000000149011612,0.10000000149011612,0.10999999940395355,0,1237648705134264360,19.74087,19.43342,19.37293,19.49396,19.55585,0.02773246,0.01096044,0.01289674,0.01912493,0.05674466,35253360136208,275146510352,268468240,4503599895838736,275146375184,275280592912,0.057037897,4419060480413319936,1237648705134264360,108572297488273673,19.4344005584717,19.413200378418,19.488000869751,19.640100479126,19.5970993041992,0.00971299968659878,0.00917600002139807,0.00846000015735626,0.021501999348402,0.0288360007107258,115000,115000,115000,115000,115000,436527104,52,0.10992986,4419060480413319936,108572297488273673,,,,,,,,,,,,,,,,,,,,,,,,,,,,,,,,5.0454504821652115,0.02681272570885776,229.7488472159061,0.477607172464238,0.15608,0.14856,0.16294,9425.82,8.353877,9453.422470173819,182.02634328724707,183.6027856116889,8.23718099127554,0.03867748905805435,0.04047789432845761,0.7466162648856343,0.025334678133474675,0.026768578956996913,1.0323199411971529,0.01651786964412727,0.015969123066044144,4.611490533376641
1636042515805110273,4419420639191811328,1159123335,2016.0,227.3133326654565,0.2825600206851959,0.41298475052850814,0.2132224142551422,4.8492846050616984,0.2956140637397766,16.40410614013672,15.675113677978516,14.081216245537037,0.3248683214187622,-6.886837518340438,0.25993067026138306,31,1.0071598291397095,False,215,381.3939199731181,1.2175921201705933,313.2362060546875,19.233932495117188,22,237.54693343189976,8.070053100585938,29.435609817504883,19.399168014526367,25,187.76918182815038,7.391706943511963,25.402681350708008,19.06383514404297,0,0,0,1,0,1.1151622533798218,0.33533287048339844,0.1652355194091797,0.17009735107421875,359.77664503757524,47.48800422217248,224.72659901599414,17.397578319906568,0.0014300653685671528,1032.868115941549,534.1239890164007,2.7525607947819218e-05,0.10000000149011612,0.10000000149011612,0.10999999940395355,0,1237648721788338417,19.78061,19.29751,19.31557,19.3416,19.54638,0.02848805,0.01007221,0.01255281,0.01781438,0.07301406,35253360136208,2305843284360069136,2305843009482297360,2310346883987439632,2305843009482293264,2305843284494286864,0.07535052,4419420639191811328,1237648721788338417,108492273133135992,19.3061008453369,19.2660007476807,19.3278999328613,19.4115009307861,19.4179992675781,0.011009999550879,0.00560300005599856,0.0114519996568561,0.0162819996476173,0.0408490002155304,115000,115000,115000,115000,115000,436527104,52,0.046423916,4419420639191811328,108492273133135992,,,,,,,,,,,,,,,,,,,,,,,,,,,,,,,,4.92993130148894,0.09562175844568309,227.3133326654565,0.4129847505285081,0.14632,0.1411,0.15111,8724.358,7.953405,8897.752981602764,210.27325920528347,200.32743979236147,7.993139722364236,0.054861743744809566,0.05570846101553517,0.5929690480774781,0.03329701197806734,0.0329459582977516,0.8441002969258393,0.015410288676764194,0.014198655076343103,2.9118989215740125
1636042515805110273,4419520664684408448,1676882837,2016.0,225.68051025064116,0.48048916459083557,-0.01599000137163031,0.43571972846984863,7.0935797654198725,0.5686060786247253,12.475384712219238,61.04090118408203,-58.459083380722575,0.6054328680038452,-17.564940009652883,0.5262474417686462,31,1.0722867250442505,False,189,179.89199371094352,1.029695749282837,174.7040252685547,20.049837112426758,19,113.23278277653861,9.727729797363281,11.640206336975098,20.203611373901367,18,127.92915584114067,8.802124977111816,14.533894538879395,19.480472564697266,0,0,0,0,0,1.3405929803848267,0.7231388092041016,0.15377426147460938,0.5693645477294922,357.6549363988658,48.3992992806099,223.2193632217447,16.51913825162326,0.01346469952634417,7784.194623148678,516.9352551624761,0.01360842892379199,0.05999999865889549,0.05999999865889549,0.07000000029802322,0,1237648721250746752,21.32063,20.44336,20.04051,19.9509,19.8472,0.07925643,0.01946452,0.01988714,0.02756859,0.08446456,35253360001552,275280592912,275146375184,4503874773745680,275146375184,275280593424,0.060285524,4419520664684408448,1237648721250746752,107982256806101242,20.3402996063232,20.0547008514404,19.9468002319336,19.9853992462158,19.8335990905762,0.0268300008028746,0.0237290002405643,0.0143459998071194,0.0660249963402748,0.0542460009455681,115000,115000,115000,115000,115000,436527104,52,0.1339244,4419520664684408448,107982256806101242,169227980,,,,20.1031,19.8425,,,,,0.0263,0.033,,,,,0,0,,,,,0,0,,0,0,0,0.18302134,4419520664684408448,169227980,6.189440335848184,0.05140073718495987,225.6805102506412,-0.0159900013716303,0.09382,0.08456,0.1033,5949.665,8.141208,6106.518043490552,79.39143135326412,79.74628304964244,7.982430675808422,0.03817564878852764,0.04120583298414804,0.5777052773020845,0.023474764223861078,0.024421256046675666,2.175072564964407,0.06547195301497677,0.0660968693659858,3.642514367858445
1636042515805110273,4419811549935748096,126224536,2016.0,227.345730212638,0.1950700581073761,0.5971683221233229,0.15556766092777252,6.212838012010904,0.2159353345632553,28.771753311157227,24.152212142944336,-5.1439298514744145,0.24050220847129822,-23.59807867408494,0.17113293707370758,31,1.0668487548828125,False,174,845.7302122555651,1.9871129989624023,425.6075134277344,18.369287490844727,13,624.8303955363064,15.002942085266113,41.64719009399414,18.349136352539062,13,421.57015785025453,17.97916030883789,23.447711944580078,18.185720443725586,0,2,0,0,0,1.2372746467590332,0.16341590881347656,-0.020151138305664062,0.18356704711914062,0.012151055304189062,47.586464771468734,224.70459258049445,17.583407727365028,0.0023105853903908945,1424.210024060931,540.4901867400766,5.698217659335373e-05,0.07000000029802322,0.07000000029802322,0.07999999821186066,0,1237655467524685984,20.26836,21.46032,19.04119,19.5806,22.82691,0.08388833,0.1124027,0.03886816,0.05810852,0.9189221,554222883307792,302153744,97856838336529,4601456465674257,237494815064081,9007199699370288,0.2289524,4419811549935748096,1237655467524685984,108712273457557110,18.0121994018555,18.1259002685547,18.07080078125,18.265100479126,17.7355995178223,0.0100720003247261,0.0181370005011559,0.0105510000139475,0.012105000205338,0.0144100002944469,115000,16892216,115000,16892216,16793904,839180288,100,0.17281422,4419811549935748096,108712273457557110,,,,,,,,,,,,,,,,,,,,,,,,,,,,,,,,5.811967590348313,0.019438521136097967,227.345730212638,0.5971683221233229,0.11861,0.11483,0.12252,10525.19,8.165855,6666.931836413281,21.693127826183627,21.348925789783607,6.906441240933391,0.0014729247859737171,0.0008886941800776427,0.1999939318281302,5.280140963348501e-09,2.5114298973782923e-09,nan,nan,nan,28.68322409957754
1636042515805110273,4420167207586830848,1038720259,2016.0,227.71637128764254,0.1292601376771927,1.5666303579260255,0.11383076757192612,4.875651026185723,0.14020851254463196,34.774288177490234,16.918895721435547,3.436776091566144,0.1771460324525833,-16.56615797008947,0.15658871829509735,31,1.0304816961288452,False,193,1013.2196702865639,1.9934602975845337,508.2718200683594,18.173107147216797,20,737.4253906735042,19.14871597290039,38.51043701171875,18.169246673583984,21,378.69319752643605,11.783347129821777,32.13800048828125,18.30217742919922,0,0,0,0,0,1.101556420326233,-0.13293075561523438,-0.0038604736328125,-0.12907028198242188,1.4612238555571595,47.94495807419529,224.79037596200573,18.61807239027468,0.00769134418755061,5679.003465685583,547.49300423612,0.0018900494884493786,0.07999999821186066,0.07999999821186066,0.07999999821186066,0,1237655468598624306,18.4448,18.05184,18.27889,18.51228,18.72683,0.01550171,0.006153466,0.007529036,0.00991216,0.03202644,68987912704,268468224,268468736,4503599895838720,268468224,275280593408,0.041833818,4420167207586830848,1237655468598624306,109882277163860456,18.0643005371094,18.2740993499756,18.5312004089355,18.7273998260498,18.8390998840332,0.0102430004626513,0.00646399985998869,0.00598700018599629,0.00485600018873811,0.0222960002720356,115000,115000,115000,115000,115000,436527104,52,0.03170894,4420167207586830848,109882277163860456,,,,,,,,,,,,,,,,,,,,,,,,,,,,,,,,4.898220452371625,0.11910820030274771,227.71637128764252,1.5666303579260257,0.1306,0.12865,0.13248,16137.39,8.233064,14140.293876492298,454.538843945993,442.95385050269215,8.062834655536154,0.03862357910016989,0.03938626060083017,0.6476155329687456,0.024066488052466917,0.024535139712818843,0.2705262185087998,0.01027424352996581,0.009649896040859751,1.9585818684460878
1636042515805110273,4420202082721775360,1502058357,2016.0,227.9907090570105,0.23152218759059906,1.83164030966859,0.22151482105255127,3.5760123711021747,0.28997936844825745,12.331954002380371,2.9259631633758545,2.8903716583430423,0.33240216970443726,-0.4549859103683539,0.3470207154750824,31,0.9659828543663025,False,191,427.0802518951102,1.4633049964904785,291.86004638671875,19.111093521118164,20,313.59120284047174,10.898241996765137,28.77447509765625,19.097633361816406,22,191.81602687355132,13.31513500213623,14.405863761901855,19.04068374633789,0,0,0,0,0,1.183401107788086,0.056949615478515625,-0.013460159301757812,0.07040977478027344,2.0276181874524686,47.90779541190038,224.98935093893334,18.9496432120393,0.002763265253435994,2976.6320352423486,548.7662437808551,0.00015680279829005588,0.10000000149011612,0.10000000149011612,0.10999999940395355,0,1237655469135560890,19.59801,18.92714,19.12295,19.16445,19.77411,0.03149389,0.009051247,0.01193148,0.01458717,0.0838528,72092881791352848,275180027920,301989904,4503599929360400,301989904,72057869217824784,0.015724327,4420202082721775360,1237655469135560890,110192279907058419,19.0181999206543,19.1693000793457,19.3169994354248,19.4608993530273,19.4463996887207,0.046925000846386,0.041007999330759,0.00908999983221293,0.0189389996230602,0.0715989992022514,115000,115000,115000,16892216,16892216,436527104,52,0.006901537,4420202082721775360,110192279907058419,,,,,,,,,,,,,,,,,,,,,,,,,,,,,,,,3.2993424186619222,0.017312209688143138,227.9907090570105,1.83164030966859,0.14463,0.141,0.14823,12015.6,8.065783,11014.80818857567,248.56900998623132,244.8262666870396,7.729637598854294,0.03954841734245651,0.04219593053089543,0.4585541041032358,0.019995581083353642,0.020605738315052635,0.34572122537845607,0.005476179802575476,0.00597723620699897,6.98496571370942
1636042515805110273,4420302000841534080,1237614190,2016.0,230.37813778590078,0.22575393319129944,0.211064179446794,0.20186564326286316,9.28306305798945,0.2639380097389221,35.1713752746582,71.18822479248047,-42.08782193440662,0.26338276267051697,-57.414097811834665,0.22679263353347778,31,0.9653503894805908,False,239,414.46088922032595,1.2340017557144165,335.8673400878906,19.143657684326172,10,251.68848666241468,12.3191556930542,20.430660247802734,19.336383819580078,11,290.3033936299731,13.153419494628906,22.07056427001953,18.59076499938965,0,0,0,0,0,1.3077033758163452,0.7456188201904297,0.19272613525390625,0.5528926849365234,2.4565622659802115,45.03782997990912,227.87848960412225,18.045577455402853,0.0008107192978684864,324.2291356564677,574.5493445617421,3.089110320833007e-07,0.05000000074505806,0.05000000074505806,0.05999999865889549,0,1237648704597655804,20.08308,19.42647,19.16661,19.11448,19.18115,0.03453346,0.0110275,0.0121825,0.01561587,0.05572743,35253360136208,275146375184,268468240,4503599895838736,268603408,402685968,0.0665499,4420302000841534080,1237648704597655804,108252303781913825,19.4200000762939,19.1968002319336,19.0900001525879,18.9171009063721,,0.0152879999950528,0.0128349997103214,0.0185790006071329,0.026120999827981,,115000,16892216,16696,16696,16416,436527104,52,0.050457247,4420302000841534080,108252303781913825,,,,,,,,,,,,,,,,,,,,,,,,,,,,,,,,8.96329265904452,0.044362339358743855,230.3781377859008,0.211064179446794,0.07348,0.06904,0.07843,6003.991,7.941384,6574.635142978065,72.9134370357624,70.98102058934,8.124080291393126,0.030331729630985294,0.030266092240102793,0.666743740172264,0.019580098391690726,0.01908404186398993,2.286136181401056,0.09140173493576187,0.08881723655930429,5.909680973918694
1636042515805110273,4420973218330174464,207594169,2016.0,231.97326396143018,0.34109199047088623,2.137833237649013,0.2912482023239136,3.6333503801215303,0.40359219908714294,9.00252914428711,19.510160446166992,-18.187041275530742,0.44206157326698303,-7.062427763618113,0.38446393609046936,31,1.0514698028564453,False,213,234.81163421911813,1.1363147497177124,206.64312744140625,19.760568618774414,22,153.82343566556787,8.777969360351562,17.523805618286133,19.87098503112793,22,107.54914492473733,7.734312057495117,13.905457496643066,19.66887855529785,0,1,0,1,0,1.1131160259246826,0.20210647583007812,0.11041641235351562,0.0916900634765625,5.994537813320411,44.9967118383226,228.96848484091865,20.325044182806337,0.0013717752311977142,1418.2897434868794,566.9099072933312,0.002357115916268504,0.11999999731779099,0.10999999940395355,0.14000000059604645,0,1237655469674201393,20.3828,19.84448,19.87728,19.98171,19.94763,0.05625613,0.01608384,0.01863239,0.02871078,0.09460153,35253393686544,275179929616,302022672,4503599929524240,302022672,302022672,0.040799078,4420973218330174464,1237655469674201393,110562319732805885,19.830099105835,19.8173007965088,19.8397006988525,19.9029006958008,19.854700088501,0.00997699983417988,0.0165229998528957,0.0116990003734827,0.0443090014159679,0.0558970011770725,115000,115000,115000,115000,115000,436527104,52,0.038234007,4420973218330174464,110562319732805885,,,,,,,,,,,,,,,,,,,,,,,,,,,,,,,,3.44631825902287,0.05209231346428433,231.97326396143012,2.137833237649013,0.16842,0.1635,0.17321,10110.72,8.208327,8941.539716140149,241.2046468511926,229.5485679454523,7.826210165512483,0.06676605184969286,0.06482238781265526,0.4998311317358628,0.03663151644618967,0.034041178816377915,0.6793910929928169,0.010558463289937703,0.009583536129342818,4.866128732805695
1636042515805110273,4421694158655153664,677173014,2016.0,228.56633459649234,0.06461941450834274,1.9589372788805386,0.05885753035545349,16.715133090467525,0.07434163242578506,224.8421630859375,64.66218566894531,13.018119521702017,0.07816745340824127,-63.338197720960046,0.07610789686441422,31,1.0536911487579346,False,184,4022.634300421976,3.879246234893799,1036.962890625,16.676090240478516,11,2830.4424117825874,31.53030776977539,89.7689437866211,16.708906173706055,10,1976.8060660925012,79.43714141845703,24.885160446166992,16.507986068725586,0,0,1,2,0,1.1950498819351196,0.20092010498046875,0.03281593322753906,0.1681041717529297,2.7217304289279696,47.54835016610679,225.53603666636982,19.233005824747526,0.003187757346214314,675.8054893167678,539.5352570815252,6.864992897178186e-07,0.009999999776482582,0.009999999776482582,0.009999999776482582,0,1237655469135822936,17.30857,16.71894,16.77529,16.7976,17.48965,0.009572784,0.004224624,0.005031752,0.005312818,0.01599091,35253361447440,268468240,268865552,4503599897280528,269914640,268861456,0.021735778,4421694158655153664,1237655469135822936,110352285662931311,16.665599822998,16.7366008758545,16.8659000396729,16.9974994659424,16.9398002624512,0.00286399992182851,0.00233400007709861,0.00368400011211634,0.00716400006785989,0.0275180004537106,115000,115000,115000,115000,16892216,503635968,60,0.11895926,4421694158655153664,110352285662931311,,,,,,,,,,,,,,,,,,,,,,,,,,,,,,,,16.83196956911756,0.04906937147276647,228.56633459649237,1.9589372788805384,0.03803,0.03794,0.03812,9984.161,8.382494,8904.66342172008,135.57175574387293,118.30144207878766,8.126212764465162,0.03564749431267522,0.031834744595268916,0.6740952195051668,0.023114286769618575,0.020004027788279033,1.0165911721833663,0.016575878678018574,0.015590524460519894,7.938213169782195
1636042515805110273,4421998478562053120,1089949142,2016.0,230.6302620917078,0.37252432107925415,2.7222331589541877,0.32397663593292236,6.673328266374491,0.4355050027370453,15.323195457458496,30.67847442626953,6.8540409381488505,0.563991129398346,-29.903024721362787,0.5526742935180664,31,1.0294626951217651,False,227,218.04313154288602,1.0522876977920532,207.2086639404297,19.84101104736328,21,157.4584524249177,19.79957389831543,7.95261812210083,19.845626831054688,22,130.9928859923698,9.405311584472656,13.927543640136719,19.454776763916016,0,0,0,0,0,1.3229095935821533,0.3908500671386719,0.00461578369140625,0.3862342834472656,5.485377383044268,46.41640220255099,227.42247931159386,20.53239669757169,0.003161571892674122,1911.9173280435584,522.0282133414167,0.000441956693565617,0.05999999865889549,0.05999999865889549,0.05999999865889549,0,1237655470210482482,20.73042,20.10588,19.79667,19.75957,19.71421,0.07205798,0.01823317,0.01857086,0.02531288,0.08291554,52845546176528,17867466768400,268468240,4503599895838736,275146375184,2252075094278160,0.07984678,4421998478562053120,1237655470210482482,111262306302057129,20.0587005615234,19.8181991577148,19.7150001525879,19.7754993438721,19.8209991455078,0.0132619999349117,0.0185320004820824,0.0131230000406504,0.0239320006221533,0.136003002524376,115000,115000,115000,115000,115000,436527104,52,0.069665216,4421998478562053120,111262306302057129,,,,,,,,,,,,,,,,,,,,,,,,,,,,,,,,5.920249007254329,0.052218337743698454,230.63026209170775,2.722233158954188,0.10861,0.10247,0.11435,7022.07,8.33721,6752.335967141336,112.55194970732373,107.2656389456015,8.009949305049432,0.04255533243753362,0.042397378030706534,0.5968462266482828,0.026054393276544685,0.02560291632394296,1.7467299118788153,0.04674547965435627,0.04243353461908628,2.157497894198743
1636042515805110273,4422173129112702080,684744353,2016.0,231.47066037946277,0.4106086492538452,3.634572264294043,0.3760681450366974,5.209220318936239,0.48217329382896423,10.803627014160156,25.41737174987793,25.160112168093725,0.5611721873283386,-3.607147121353594,0.5202869772911072,31,0.8967657685279846,False,181,201.92750035436467,1.2917753458023071,156.31781005859375,19.92437744140625,15,126.15823360926886,12.4052152633667,10.169774055480957,20.086254119873047,15,116.63374288821444,10.783305168151855,10.816140174865723,19.580835342407227,0,4,0,4,0,1.2023720741271973,0.5054187774658203,0.16187667846679688,0.34354209899902344,7.273211359419398,46.297984511879505,228.02684973389717,21.636238565202436,0.16600359704483575,154682.73215472465,526.4845517479898,0.8847446926430828,0.07000000029802322,0.07000000029802322,0.07999999821186066,0,1237651822716125492,20.51183,20.00244,19.87352,19.93736,19.95635,0.06394867,0.01797782,0.02473407,0.03420871,0.1303683,68987912704,275280593408,275146375168,4503874773712896,275146342400,402653184,0.02106059,4422173129112702080,1237651822716125492,112362314706941966,20.0275001525879,19.9349002838135,19.9563007354736,20.010799407959,19.9741992950439,0.0241739992052317,0.0298469997942448,0.013859000056982,0.0300299990922213,0.0904019996523857,115000,115000,115000,115000,115000,436527232,52,0.03507778,4422173129112702080,112362314706941966,,,,,,,,,,,,,,,,,,,,,,,,,,,,,,,,3.880986662592635,0.10272735806908134,231.4706603794628,3.634572264294043,0.12221,0.11628,0.12742,7215.163,8.094168,8080.945167656844,241.9510169593741,235.2305280398141,7.856575640106966,0.07585641467248028,0.07533073436667337,0.5131870208027836,0.042957499699062485,0.04034712647983213,0.9055613738019683,0.02103566640427601,0.01864364985966649,1.8475430124841055
1636042515805110273,4422721480474555136,1746484687,2016.0,237.45793616292653,0.33642637729644775,1.1465041733785175,0.3271700441837311,2.8413142086498904,0.4671393036842346,6.082370281219482,24.6661434173584,-24.497120989056995,0.4720200300216675,-2.882656513663631,0.4608619809150696,31,0.9026363492012024,False,496,227.5694458623322,0.6750034689903259,337.13818359375,19.79458236694336,55,157.36672620839843,5.796432018280029,27.148895263671875,19.84626007080078,49,113.10869690851291,6.185832500457764,18.28512191772461,19.614154815673828,0,1,0,1,0,1.1885401010513306,0.23210525512695312,0.051677703857421875,0.18042755126953125,9.324045345312115,39.994077269019144,234.90328978518454,20.708614359840258,0.0637563099493527,96472.15869414348,629.2986449853541,1.0898356708567902,0.2800000011920929,0.27000001072883606,0.28999999165534973,0,1237648722866471329,20.2363,19.78202,19.88012,19.9896,20.07931,0.04543824,0.01391353,0.01977946,0.0339745,0.1339615,68987912704,275146375168,275146342400,4503874773712896,275146342400,275280593408,0.062145922,4422721480474555136,1237648722866471329,109372374579896220,19.7789001464844,19.8787002563477,20.005500793457,20.1415004730225,20.0730991363525,0.0119610000401735,0.00750399986281991,0.00951300002634525,0.0362409986555576,0.0665609985589981,115000,115000,115000,115000,115000,436527104,52,0.07464486,4422721480474555136,109372374579896220,,,,,,,,,,,,,,,,,,,,,,,,,,,,,,,,2.3577431031115577,0.08736493925245697,237.45793616292656,1.1465041733785175,0.26235,0.25326,0.2709,10437.94,7.843278,10990.29997903293,584.4300326458961,503.6405029819125,7.6460451869045345,0.08374513421411311,0.08949921436813213,0.4202252319553311,0.04033524461017529,0.03971858910367826,0.31220578286174683,0.010751300058003566,0.014028056044233073,2.7905399905545956
1636042515805110273,4423288278717286016,818046044,2016.0,238.73734300084797,0.551254153251648,2.375535236256379,0.48047757148742676,4.552647547163141,0.6918556094169617,6.580343723297119,31.93190574645996,4.130314463293027,0.7525417804718018,-31.663655827398806,0.6339977383613586,95,1.0842804908752441,False,389,150.33805694982087,0.7570984363555908,198.57135009765625,20.244693756103516,13,202.60460797088402,47.066192626953125,4.304673671722412,19.571918487548828,15,307.08021113228176,51.407196044921875,5.97348690032959,18.529766082763672,0,0,0,0,2,3.3902580738067627,1.0421524047851562,-0.6727752685546875,1.7149276733398438,11.586922566153774,39.640509418589865,235.94354357663312,22.19470842731647,0.0012174301906258882,1176.4890700084932,616.5662495380026,0.0030475974859829175,-99.0,1e+20,1e+20,999999,1237654879673712727,24.63468,25.11439,24.80204,24.36181,17.58493,1.887436,1.654402,1.952213,1.794561,0.02391881,316728337109776,9007199397511441,297237575549489425,9007199397773585,9007199397777681,4503599895839248,0.11428262,4423288278717286016,1237654879673712727,,,,,,,,,,,,,,,,,,,,,,,,,,,,,,,,,,,,,,,,,,,,,,,,,,,,,3.706435705570869,0.01931008094398738,238.737343000848,2.375535236256379,0.21092,0.19981,0.22166,,,5697.607842253505,62.22829943420129,52.25025128395919,6.942672170092463,0.01735651362192403,0.007501952201866224,0.19999396037978578,2.9013517560683155e-08,1.8796534551057675e-08,0.0,0.0940379959801332,0.0,27.775558183330837
1636042515805110273,4423971242942896768,1025936028,2016.0,234.23579644446747,0.3372328579425812,2.224590139166532,0.21684296429157257,3.909079902156457,0.4131278693675995,9.46215534210205,18.29018783569336,-12.795661138313701,0.425423264503479,13.069125931601318,0.26795217394828796,31,0.9736896753311157,False,427,257.7626741841165,0.7741057276725769,332.9812316894531,19.659317016601562,45,154.90061677990553,6.710146903991699,23.08453369140625,19.8634090423584,44,122.5990040578825,6.759452819824219,18.137414932250977,19.52667808532715,0,1,0,1,0,1.0765702724456787,0.33673095703125,0.20409202575683594,0.13263893127441406,7.977468984592193,43.23793520591231,231.28106863836777,20.98590306785835,0.0013154481315305968,1284.4407045134722,570.411316041353,0.00017140082904563576,0.14000000059604645,0.12999999523162842,0.1599999964237213,0,1237655469675184283,20.27258,19.75001,19.69169,19.67417,19.77898,0.04980157,0.0150594,0.0182781,0.02416072,0.077578,105622137864208,302120976,302022672,4503599929360400,302022672,70369046167569,0.039951593,4423971242942896768,1237655469675184283,110672342358020012,19.6502990722656,19.6273994445801,19.5970001220703,19.7292995452881,,0.0240240003913641,0.0386330001056194,0.0176570005714893,0.073182001709938,,115000,115000,16892216,16793912,16416,436527104,52,0.11781143,4423971242942896768,110672342358020012,,,,,,,,,,,,,,,,,,,,,,,,,,,,,,,,3.646273051671238,0.040204245292900856,234.23579644446744,2.224590139166532,0.18446,0.17958,0.18962,8854.641,7.936055,8510.27257991285,217.16091483064884,210.22817295807727,7.660911495256451,0.06886800949089178,0.06773625872999745,0.41712752236488904,0.0332614469162249,0.03051589107542052,0.6387493587098564,0.010349532510731119,0.009263717195523102,4.588121614096768
1636042515805110273,4423974885073388544,590633156,2016.0,234.06667982719253,0.23088227212429047,2.2867436429155052,0.16092362999916077,3.273439930495249,0.26787814497947693,12.219883918762207,23.444236755371094,22.55298747071221,0.3015473783016205,-6.402729890369414,0.21275019645690918,31,0.9830219745635986,False,387,390.05988725490784,0.9592225551605225,406.6416931152344,19.20953941345215,43,286.8082374569761,10.710245132446289,26.778867721557617,19.194562911987305,40,149.36065250210314,7.03778600692749,21.222675323486328,19.312305450439453,0,2,0,1,0,1.1182100772857666,-0.11774253845214844,-0.01497650146484375,-0.10276603698730469,7.909360341560553,43.41103696196904,231.08918052330404,21.00392493070069,0.003061170833618132,3573.0850674203966,579.323992854499,0.00010468877857588756,0.1599999964237213,0.15000000596046448,0.17000000178813934,0,1237651737391202624,19.54219,19.11949,19.2829,19.47132,19.64945,0.02955381,0.0102998,0.01362296,0.022346,0.09089197,68987912960,275297370112,293634560,4503599921005056,275305758720,275297371392,0.06626447,4423974885073388544,1237651737391202624,110742340666194556,19.1396007537842,19.2844009399414,19.50119972229,19.6245002746582,19.6816997528076,0.012087999843061,0.0161400008946657,0.0321549996733665,0.0200030002743006,0.0392410010099411,115000,115000,115000,115000,115000,436527104,52,0.08351314,4423974885073388544,110742340666194556,,,,,,,,,,,,,,,,,,,,,,,,,,,,,,,,3.0633622369305287,0.0753825171509356,234.0666798271925,2.286743642915505,0.18914,0.18614,0.19241,16841.16,8.34531,12829.702367170104,498.8616545203786,499.03316673562404,7.89873816083549,0.04829849458648905,0.04872465290687522,0.5505007608568837,0.027727320990009074,0.027453958403965695,0.2804928833717858,0.014761584510873227,0.012201107303526582,3.4006236554366165
1636042515805110273,4424527561464289664,929627698,2016.0,235.2898705630843,0.5790998935699463,3.25920424049828,0.5777793526649475,6.05362021102051,0.6854168176651001,8.832027435302734,15.158764839172363,5.908568302585078,0.7642985582351685,-13.959833730040318,0.7498103976249695,95,0.9854826927185059,False,275,137.5992476576837,0.8096252679824829,169.95423889160156,20.3408260345459,24,78.97315187425103,5.94051456451416,13.293992042541504,20.5948429107666,24,76.61754865867292,6.660940170288086,11.50251293182373,20.03707504272461,0,0,0,1,0,1.1307525634765625,0.5577678680419922,0.2540168762207031,0.30375099182128906,9.968678246983965,42.98130377649724,232.1038184084895,22.24840706110348,0.37433493089493636,198319.38634194006,579.6423027406828,1.12786205546733,0.10999999940395355,0.10000000149011612,0.11999999731779099,0,1237651822717829662,21.46255,20.72857,20.3127,20.18867,20.00677,0.1336626,0.0306246,0.03211436,0.03846307,0.1398582,68987912192,275280592896,275146375168,4503874773745664,275146375168,275280592896,0.00917291,4424527561464289664,1237651822717829662,111912352897851537,20.7227001190186,20.2950992584229,20.2047996520996,20.1392002105713,20.0386009216309,0.0325339995324612,0.0170709993690252,0.0101819997653365,0.0435510016977787,0.0747490003705025,115000,115000,115000,115000,115000,436527104,52,0.030867642,4424527561464289664,111912352897851537,,,,,,,,,,,,,,,,,,,,,,,,,,,,,,,,6.753133763164514,0.016560604557299012,235.2898705630843,3.25920424049828,0.14393,0.13317,0.15364,7074.718,8.506058,6127.54546336702,99.5942258957748,96.26476837054452,8.290495781428927,0.04349102104260005,0.043358974948391804,0.7735557794242915,0.029602651024048687,0.028890053853602993,4.259203668707919,0.1159863268870227,0.12809722598986184,3.1938216605049976
1636042515805110273,4424639368053787776,944375563,2016.0,235.62155857883621,0.37183600664138794,3.9804851258297376,0.2572339177131653,7.277706799231741,0.4195213317871094,17.347644805908203,40.65589904785156,-35.37401420257717,0.43842294812202454,-20.039492265194536,0.33546918630599976,31,0.9457731246948242,False,282,223.7952275979196,0.9137537479400635,244.9185333251953,19.812740325927734,32,148.41356649718304,9.599600791931152,15.460389137268066,19.90985870361328,31,120.09535097142295,9.406782150268555,12.766889572143555,19.54907989501953,0,1,0,0,0,1.1997973918914795,0.36077880859375,0.09711837768554688,0.2636604309082031,11.038742531983027,43.11678239967444,232.2606157197104,23.028715161471155,0.0035976329197505083,2039.6739383426043,571.0479358137205,0.0006203963019571311,0.09000000357627869,0.09000000357627869,0.10000000149011612,0,1237655742949818965,20.61305,19.94779,19.82665,19.76998,19.83117,0.06693942,0.02171741,0.01948966,0.02515056,0.09969376,35253360136208,275146342416,268603408,4503874773843984,275146375184,275146342416,0.026463898,4424639368053787776,1237655742949818965,112772356216267033,20.0312004089355,19.8190994262695,19.806999206543,19.8148994445801,19.8488006591797,0.0276170000433922,0.0132480002939701,0.0120339998975396,0.0342199988663197,0.0469370000064373,115000,115000,115000,115000,115000,436527104,52,0.10583011,4424639368053787776,112772356216267033,,,,,,,,,,,,,,,,,,,,,,,,,,,,,,,,6.5510430407405815,0.2028129709056311,235.6215585788362,3.9804851258297376,0.11536,0.10701,0.12264,8322.852,8.750734,7283.796077772011,177.25111024816306,173.321680117675,8.332554696580619,0.05163743339291926,0.05241330265842592,0.8047303330154085,0.03449592942526436,0.035257057918767765,2.7888629804341316,0.1294655655875765,0.1622280326965786,2.176514658824635
1636042515805110273,44250326496462208,1558396174,2016.0,54.1729245419256,0.6103225946426392,16.973174998512718,0.4616909921169281,3.4572296541017047,0.648306667804718,5.332707405090332,14.850079536437988,-6.556010820579712,0.9334924817085266,-13.324547781058506,0.6592162251472473,31,0.9355527758598328,False,237,146.01383485870545,0.868748664855957,168.07373046875,20.276382446289062,24,108.56068632345556,6.630699157714844,16.372434616088867,20.249361038208008,23,62.454612871521086,7.04894495010376,8.860136032104492,20.258983612060547,0,0,0,0,0,1.1712267398834229,-0.009622573852539062,-0.027021408081054688,0.017398834228515625,170.00121912754446,-30.414219687047208,55.92298382126302,-2.328536300020333,0.11090794307583245,99744.52177569008,613.7014605623484,1.206028574867176,0.33000001311302185,0.28999999165534973,0.3799999952316284,0,1237666275289465016,20.50433,20.22251,20.39264,20.5858,20.47807,0.05734381,0.01930241,0.02740731,0.04345741,0.1626582,35253360001040,275146342416,268435472,4503874773712912,275146342416,275280560144,0.065347105,44250326496462208,1237666275289465016,128360541729158349,20.194299697876,20.3694000244141,20.5830001831055,20.6868991851807,20.528600692749,0.0171540006995201,0.0159850008785725,0.0132569996640086,0.0770789980888367,0.195011004805565,115000,115000,115000,115000,115000,436527104,52,0.04535507,44250326496462208,128360541729158349,,,,,,,,,,,,,,,,,,,,,,,,,,,,,,,,3.768620474454522,0.40638573703076897,54.1729245419256,16.973174998512718,0.53391,0.45827,0.58469,18053.84,8.969311,16809.662266236668,2644.4466268013202,2443.6442578727965,8.915934325533925,0.12654514492031588,0.12527798322484607,1.161727042555245,0.055467096394218984,0.06363514826622807,0.7744583160856306,0.18305347777750813,0.13164191689311155,1.596482817599236
1636042515805110273,4425988713638720256,1378507927,2016.0,237.16819993292765,0.12835624814033508,4.030477628278818,0.11891494691371918,5.2104015542257525,0.16814252734184265,30.988006591796875,40.22554397583008,20.41400831886317,0.16161414980888367,-34.66067845071242,0.15381070971488953,31,0.9897434115409851,False,302,1015.5524207531714,1.6344807147979736,621.330322265625,18.170610427856445,33,727.4132369627063,11.043201446533203,65.86978149414062,18.18408966064453,30,426.2417224566077,12.904136657714844,33.031402587890625,18.173755645751953,0,0,0,1,0,1.135987639427185,0.010334014892578125,0.013479232788085938,-0.0031452178955078125,12.258070500291685,41.86194831234363,233.8777699713753,23.446899768107382,0.0011634680582214738,788.6248907878502,574.2310346755584,7.088998542200468e-06,0.15000000596046448,0.15000000596046448,0.15000000596046448,0,1237662267004420211,18.57251,18.09221,18.26258,18.45525,18.71267,0.01647423,0.006578762,0.008402484,0.01141915,0.03829625,35253360136720,268599312,268603408,4503599895969808,268468240,275280593424,0.044636197,4425988713638720256,1237662267004420211,112832371681737150,18.1235008239746,18.2569007873535,18.4290008544922,18.5317001342773,18.5870990753174,0.00456199981272221,0.00561900017783046,0.00513199996203184,0.0203830003738403,0.0515209995210171,115000,115000,115000,115000,16892216,436527104,52,0.10509254,4425988713638720256,112832371681737150,,,,,,,,,,,,,,,,,,,,,,,,,,,,,,,,5.262593441394717,0.037269376665303,237.16819993292765,4.030477628278818,0.15491,0.15264,0.15716,12985.19,8.035615,12008.48638799716,301.9089250172965,284.71561928610754,7.94893800353146,0.03049965006985289,0.03205048688720957,0.5759957074916305,0.018273243330794386,0.01860830896984289,0.3648427201097687,0.00913739034634703,0.01042169713158192,4.670710979536619
1636042515805110273,4426460262387977856,1170561195,2016.0,237.59997054073358,0.29016825556755066,5.64431945700993,0.2553391456604004,3.9501215563569927,0.37031999230384827,10.666778564453125,32.47316360473633,-19.836381802510033,0.38381150364875793,-25.71039224620013,0.3647572100162506,31,1.0590299367904663,False,556,291.6171275142944,0.7179903984069824,406.15740966796875,19.525333404541016,64,189.0063419518064,6.047801971435547,31.252071380615234,19.64735221862793,62,116.11675526877755,5.64586067199707,20.56670570373535,19.58565902709961,0,1,0,0,0,1.046314001083374,0.06169319152832031,0.12201881408691406,-0.06032562255859375,14.402167922711822,42.37210534557505,233.92005012958043,25.11665661550791,0.0038465466412529645,4139.387634673332,612.4282210176133,0.017852743904190164,0.12999999523162842,0.11999999731779099,0.14000000059604645,0,1237662269152035195,19.98639,19.52563,19.61932,19.74202,20.05563,0.03614762,0.01185563,0.01535429,0.02441624,0.106991,35253360001040,275280592912,268468240,4503599895838736,275146375184,275280592912,0.046850998,4426460262387977856,1237662269152035195,114772375999923740,19.5263996124268,19.6100997924805,19.724100112915,19.8973999023438,20.1093997955322,0.0128199998289347,0.00605600001290441,0.0070219999179244,0.0250220000743866,0.146017998456955,115000,115000,115000,115000,115000,436527104,52,0.08732977,4426460262387977856,114772375999923740,,,,,,,,,,,,,,,,,,,,,,,,,,,,,,,,3.381323311880202,0.1356205019321028,237.5999705407336,5.64431945700993,0.14466,0.14051,0.14948,11880.21,8.438747,11083.72839188478,512.5549901162085,457.204588346156,8.127578630419737,0.07054012882676908,0.07554507859324566,0.6800546458451266,0.04576553934421579,0.0474408093904225,0.5753924954806952,0.013128501128118475,0.013974643475128667,2.0484423689056057
1636042515805110273,4426465313272664576,647155911,2016.0,237.50156610839235,0.3381272852420807,5.74205966178357,0.3121545612812042,3.010597339971215,0.4917055368423462,6.122764587402344,22.465229034423828,-13.409331906939311,0.42947450280189514,-18.02432658221319,0.4407912492752075,31,1.0350114107131958,False,504,249.44407293960518,0.7432796359062195,335.5992431640625,19.694934844970703,56,171.19947500066613,6.32349157333374,27.073566436767578,19.754785537719727,56,136.33863827890363,6.633547306060791,20.552900314331055,19.411348342895508,0,1,0,3,0,1.2328940629959106,0.34343719482421875,0.05985069274902344,0.2835865020751953,14.444203639958662,42.506934586592685,233.7894638514163,25.188553165435447,0.0014832180844994052,1470.023446118016,595.8761069360562,0.00020644959150643993,0.15000000596046448,0.14000000059604645,0.17000000178813934,0,1237662263252942905,20.33329,19.81587,19.81141,19.87397,20.07766,0.04722124,0.01562578,0.02058912,0.02611095,0.1057395,35253360398864,275280592912,268468240,4503599895838736,288230376420577808,275280592912,0.06415698,4426465313272664576,1237662263252942905,114892375015841000,19.7574005126953,19.7035999298096,19.680700302124,19.7429008483887,,0.0184160005301237,0.00806900020688772,0.014809999614954,0.020856000483036,,115000,115000,16892216,115000,16416,436527104,52,0.08498076,4426465313272664576,114892375015841000,,,,,,,,,,,,,,,,,,,,,,,,,,,,,,,,3.589726491886043,0.028504505393325805,237.50156610839235,5.74205966178357,0.15544,0.1483,0.16416,8674.85,7.535979,8298.150595828745,198.41866611696423,181.7391064483636,7.624398137295141,0.0641484451225045,0.06091579840705741,0.4001172259687109,0.029673015203799502,0.02669984864679803,0.654331882274745,0.009502451194855488,0.009301530359268506,4.987374876318453
1636042515805110273,44269018194785920,1567279638,2016.0,53.78240658876995,0.8814018964767456,16.858518203862157,0.7144231796264648,7.459319866996222,0.9599136710166931,7.770823955535889,47.876338958740234,31.218994512813744,1.4710936546325684,-36.2976322882727,1.1262236833572388,31,1.0602867603302002,False,211,105.49801649156731,0.7918099164962769,133.23654174804688,20.629255294799805,15,48.75306827933563,8.265520095825195,5.898366451263428,21.11853790283203,13,66.48842955878993,9.06574535369873,7.3340277671813965,20.191030502319336,0,1,0,2,0,1.0923570394515991,0.9275074005126953,0.48928260803222656,0.43822479248046875,169.77348818220636,-30.752307173891065,55.53257694259501,-2.352531129594658,0.000921373119106799,733.9083348394663,609.5634320419591,2.59817852298773e-07,-99.0,1e+20,1e+20,999999,1237673284126966204,21.85157,20.95745,20.57662,20.63108,20.69287,0.1679561,0.03304955,0.03649881,0.05100117,0.2149465,105622104178704,45036271562686480,275154763792,4503599895838736,268468240,70369146863633,0.016689444,44269018194785920,1237673284126966204,128230537823200856,20.8582000732422,20.5851993560791,20.5020008087158,20.2749996185303,,0.0512299984693527,0.0224610008299351,0.0398549996316433,0.0868209972977638,,16892216,115000,115000,115000,114720,436527104,52,0.11623643,44269018194785920,128230537823200856,,,,,,,,,,,,,,,,,,,,,,,,,,,,,,,,4.694377733483268,0.251921311098501,53.78240658876995,16.858518203862157,0.11894,0.08081,0.20243,,,6289.069476772389,256.5716010337146,232.43886395696063,8.04022079945669,0.11399745462875899,0.11277206558114994,0.6133990241434043,0.07247425215931702,0.06791304540881615,2.196527214417004,0.2757140599002659,0.1790164736160209,2.682845474754104
1636042515805110273,4426908760055818496,460119099,2016.0,239.3176291989786,0.47645026445388794,6.222470394942612,0.4152044653892517,4.268643445474809,0.5694328546524048,7.496306896209717,22.93764305114746,3.8097299583596413,0.6325671672821045,-22.619049460023437,0.5464440584182739,31,0.9739904403686523,False,346,130.02920379493185,0.7152614593505859,181.79254150390625,20.402265548706055,33,95.89869427225962,9.093072891235352,10.546345710754395,20.384010314941406,29,38.83633202731018,5.6934332847595215,6.821249961853027,20.774799346923828,0,2,0,0,0,1.0361905097961426,-0.3907890319824219,-0.018255233764648438,-0.37253379821777344,16.26010528716728,41.21682960419057,235.6154295306408,26.073370081052044,0.0011621408660823407,1502.9884324493876,623.8873769202297,0.011605344737447587,0.10999999940395355,0.10000000149011612,0.11999999731779099,0,1237662197751873972,20.67187,20.3842,20.51276,20.68649,21.17222,0.05801257,0.02234878,0.03123887,0.05321873,0.2466678,35253360132624,275280723984,268435472,4503599895805968,268468752,275146473488,0.045807034,4426908760055818496,1237662197751873972,115462393176017441,20.4242992401123,20.536600112915,20.485200881958,20.5914001464844,,0.0382589995861053,0.0254679992794991,0.0197659991681576,0.129737004637718,,115000,115000,115000,115000,16416,436527104,52,0.058454532,4426908760055818496,115462393176017441,,,,,,,,,,,,,,,,,,,,,,,,,,,,,,,,2.7773277564392993,0.08667461691048037,239.31762919897864,6.222470394942612,0.13802,0.13175,0.14444,,,12253.664770693895,849.9793031269346,749.6904030589012,8.545229737236435,0.06971366500459375,0.0845979153550438,0.9514509530339268,0.04425275964545028,0.05525352237551717,0.8633166022190774,0.030873140998874837,0.04974296008884138,4.847513259226
1636042515805110273,4427016443472744704,294032176,2016.0,239.14563947295503,0.7585508227348328,6.813612665860144,0.6373273134231567,4.775875282686534,0.9513424038887024,5.020143508911133,23.825183868408203,-9.949745295456282,1.038855791091919,21.648139852574353,0.8830829858779907,31,1.0216362476348877,False,321,112.68402239840627,0.7988613247871399,141.05580139160156,20.557710647583008,24,63.71948191440737,10.639410018920898,5.989005088806152,20.827861785888672,23,70.61940930982091,6.503823280334473,10.858138084411621,20.125585556030273,0,0,0,0,0,1.1921733617782593,0.7022762298583984,0.27015113830566406,0.4321250915527344,16.821229067603458,41.665958095213895,235.27994757113075,26.610269624941207,0.0035055340511600014,3186.874938860018,608.6085023834078,0.00886831384828505,-99.0,1e+20,1e+20,999999,1237662264864146067,21.33697,20.78276,20.59346,20.45795,20.51281,0.1091917,0.02722774,0.03009011,0.04118257,0.1632564,68987912192,275280592896,275146375168,4503874773745664,275146375168,275280592896,0.0223895,4427016443472744704,1237662264864146067,116172391457066776,20.7497997283936,20.5443000793457,20.4768009185791,20.4568004608154,20.2276992797852,0.0645759999752045,0.017875000834465,0.0179110001772642,0.0681999996304512,0.19200100004673,115000,115000,115000,115000,115000,436527104,52,0.06936315,4427016443472744704,116172391457066776,,,,,,,,,,,,,,,,,,,,,,,,,,,,,,,,3.9244664935607663,0.07239895071814553,239.14563947295505,6.813612665860144,0.1237,0.11373,0.13337,,,6941.467279260069,206.03955828480503,185.6450056846652,7.948754000120436,0.07711328714128918,0.0740230714692407,0.5612988091418073,0.046351635584012785,0.04251623310770025,1.4845813057629398,0.058257802929787106,0.053220296779344034,2.0908781103580005
1636042515805110273,4427107020039299968,1550444636,2016.0,233.79115417040256,0.05013516917824745,3.1875618248169935,0.03989935666322708,3.83460418693142,0.057478051632642746,66.7142333984375,21.041332244873047,17.41288491018372,0.06575796008110046,-11.812245276381375,0.05199955776333809,31,1.1211897134780884,False,343,8201.987724316223,6.425364971160889,1276.50146484375,15.902568817138672,34,6864.060241818019,18.7694034576416,365.70477294921875,15.747089385986328,33,2605.059954237231,9.776163101196289,266.4705810546875,16.208351135253906,0,1,0,3,0,1.1544909477233887,-0.4612617492675781,-0.15547943115234375,-0.3057823181152344,8.69645047962682,44.16227733866004,230.55968080881095,21.806541685839697,0.14957906873976404,140427.70028216764,585.3718806919911,1.0614908118826585,0.11999999731779099,0.11999999731779099,0.12999999523162842,0,1237654880208421099,24.64697,15.63384,16.14664,16.50876,16.85587,1.108328,0.003175961,0.003530021,0.004304854,0.01058581,35259802587408,299490474874536209,268468240,4503599895838736,268603408,268468240,0.059635565,4427107020039299968,1237654880208421099,111822337911525575,15.7242002487183,16.1762008666992,16.5419998168945,16.8309993743896,17.0048999786377,0.00321800005622208,0.00614200020208955,0.002553999889642,0.00602299999445677,0.0090319998562336,115000,115000,115000,115000,115000,503635968,60,0.0076588294,4427107020039299968,111822337911525575,,,,,,,,,,,,,,,,,,,,,,,,,,,,,,,,3.8270988428858157,0.05698896185088737,233.79115417040256,3.187561824816993,0.16135,0.16069,0.16201,52004.48,7.785056,52052.272781277614,481.8003446826042,461.54204977909103,7.7719925268779555,0.07740991601100333,0.07319619487861129,0.587940388105854,0.03210481683745525,0.029144342796343037,0.0017368737910374466,8.55544920603747e-05,0.00015543835068904934,nan
1636042515805110273,4427201264505469056,1104477074,2016.0,233.88114122492897,0.3793632686138153,3.2345395793782226,0.3428965210914612,3.0648623424140475,0.4934372007846832,6.211251258850098,15.087861061096191,8.266938800825601,0.5155349969863892,-12.621461102773809,0.4765983819961548,31,0.9875941276550293,False,365,241.25567294009895,0.8486074805259705,284.29595947265625,19.731172561645508,38,162.95422733968462,8.382102966308594,19.440732955932617,19.808378219604492,38,107.6268052671226,6.722589015960693,16.00972557067871,19.668094635009766,0,1,0,0,0,1.1215530633926392,0.14028358459472656,0.07720565795898438,0.06307792663574219,8.822541554716,44.1165506708499,230.64052998925405,21.87471257018494,0.07806431006498879,161116.28668327225,582.8254016025207,1.0499524962621436,0.15000000596046448,0.12999999523162842,0.1599999964237213,0,1237654880208421233,20.13457,19.74923,19.79043,19.93267,20.18228,0.04737093,0.01566222,0.02023958,0.0289631,0.1333911,69055021640,275213484104,275213484104,4503874840854600,275213484104,469795400,0.014363202,4427201264505469056,1237654880208421233,111882338811332004,19.7271995544434,19.8166007995605,19.9391002655029,20.1711006164551,20.0133991241455,0.0115679996088147,0.0129490001127124,0.00906299985945225,0.0196739993989468,0.0408149994909763,115000,115000,115000,115000,115000,436527104,52,0.12953576,4427201264505469056,111882338811332004,,,,,,,,,,,,,,,,,,,,,,,,,,,,,,,,1.7218764648847986,0.044101400964935526,233.88114122492897,3.2345395793782226,0.16978,0.1643,0.17584,10910.18,8.076875,10451.563696235098,396.22006113088355,337.5323110559948,7.084285092244895,0.0621560933101204,0.0615751762282688,0.23690850793948448,0.01616641927732504,0.014550775625024215,0.12205389730498337,0.014277483789764178,0.021522209724055164,4.782867106806893
1636042515805110273,4427401654795772672,1064662851,2016.0,232.62071831249781,0.29484713077545166,3.553297753920738,0.28822800517082214,7.539924403349042,0.35778507590293884,21.07389259338379,65.62591552734375,-2.1107265957427765,0.44585826992988586,-65.59196634823529,0.44635283946990967,95,0.9589146971702576,False,178,353.10220840922625,1.3930702209472656,253.4705047607422,19.317615509033203,3,1256.5585792594613,61.548561096191406,20.415725708007812,17.590585708618164,3,886.0717455256734,386.23541259765625,2.294123411178589,17.379222869873047,1,0,0,0,1,6.068017482757568,0.2113628387451172,-1.727029800415039,1.9383926391601562,8.152209674949,45.32397300773946,229.24202172920607,21.86015196943553,0.0008028276942377937,349.36008022430246,569.7746962689853,2.927163058859837e-06,-99.0,1e+20,1e+20,999999,,,,,,,,,,,,,,,,,,,,,,,,,,,,,,,,,,,,,,,,,,,,,,,,,,,,,,,,,,,,,,,,,,,,,,,,,8.243561254555592,0.01648606334388768,232.62071831249784,3.553297753920738,0.0997,0.09302,0.1056,,,13430.17939709552,665.4836673883165,1182.8404820189971,9.24745963359149,0.03494761459773166,0.08615685595223077,1.28521054478365,0.011111660615359842,0.026874759780170843,1.709049540998004,0.26241580631723727,0.11708272780790896,15.162920996363459
1636042515805110273,4428364174146593152,162983374,2016.0,232.79371188217564,0.07095348089933395,4.810541455500774,0.06114666536450386,5.256437182832119,0.07957854866981506,66.0534439086914,21.510082244873047,0.44385834538884184,0.09109429270029068,-21.505502694028607,0.07934915274381638,31,0.979275643825531,False,236,2257.9680888824796,2.5167648792266846,897.1708374023438,17.303071975708008,11,1731.6143066374805,16.37926483154297,105.71990203857422,17.242414474487305,11,977.5046428564243,20.69802474975586,47.226951599121094,17.272598266601562,0,0,0,0,0,1.1998039484024048,-0.030183792114257812,-0.060657501220703125,0.030473709106445312,9.760678804300161,45.911181885002414,229.06733249069205,23.11887293314159,0.0008571309710519811,586.8783442565292,544.6282152604658,4.243172828884659e-06,0.07000000029802322,0.07000000029802322,0.07000000029802322,0,1237655743485444120,17.08549,17.1654,17.48593,17.86816,18.18865,0.008151266,0.004722402,0.005865898,0.008598979,0.02678039,193617394270224,268468240,268468240,4503599895838736,158329942999056,268468240,0.041290667,4428364174146593152,1237655743485444120,113772327937083119,17.2140998840332,17.4715995788574,17.7411994934082,17.9157009124756,17.9878005981445,0.00508400006219745,0.00358100002631545,0.00468500005081296,0.0084629999473691,0.04678900167346,115000,115000,115000,115000,16892216,436527104,52,0.052372657,4428364174146593152,113772327937083119,,,,,,,,,,,,,,,,,,,,,,,,,,,,,,,,5.219094593386776,0.03342081563432798,232.79371188217564,4.810541455500774,0.11425,0.1134,0.11506,13843.89,7.59331,21388.448727852265,598.2880491154101,579.7619144164346,8.08687958445606,0.033195169855945394,0.03345756386038978,0.6768002789039771,0.021085315948139893,0.020632453207608425,0.06081734486600966,0.0025355283799295136,0.0025084333519581337,10.963395333559808
1636042515805110273,4428478038023870848,817805141,2016.0,231.17248539428448,0.36947014927864075,4.631307475469716,0.33154210448265076,2.1346701471215646,0.42196473479270935,5.058882713317871,6.389099597930908,-1.8492233789570285,0.44389522075653076,6.115632940489312,0.4288141429424286,31,0.954190194606781,False,196,222.84320590205073,1.077508807182312,206.8133544921875,19.817367553710938,23,155.69146414184146,8.894161224365234,17.504907608032227,19.857879638671875,22,85.72615251920442,11.245237350463867,7.6233296394348145,19.915111541748047,0,1,0,0,0,1.083351969718933,-0.057231903076171875,0.0405120849609375,-0.09774398803710938,8.191009350903542,47.1261990742425,227.42913654910546,22.516658780791797,0.09224595469737942,155567.56502092705,532.214129699298,1.090852995154144,0.14000000059604645,0.12999999523162842,0.14000000059604645,0,1237662267001798887,19.78026,19.64496,19.98778,20.25031,20.50615,0.03203276,0.01301302,0.01939575,0.03079237,0.1445271,68987912704,275280592896,268468224,4503874773745664,275280593408,275280593408,0.033794694,4428478038023870848,1237662267001798887,113552311724768000,19.6770992279053,19.9524002075195,20.2329006195068,20.4895000457764,20.2198009490967,0.00679000001400709,0.0196540001779795,0.0136700002476573,0.0391549989581108,0.215828001499176,115000,115000,115000,115000,115000,436527104,52,0.019588303,4428478038023870848,113552311724768000,,,,,,,,,,,,,,,,,,,,,,,,,,,,,,,,2.7183688236635843,0.3151944593002466,231.1724853942845,4.631307475469716,0.13861,0.13286,0.14483,13253.17,7.853685,18297.192222637488,3014.088376312109,2524.6116091010626,8.571183542006978,0.148984567242902,0.14970527652481458,0.9739084020534461,0.09026690017083783,0.09690537086270434,0.30174631922723305,0.0566661063048568,0.0473733813254682,1.3363963410728181
1636042515805110273,4428802050356783104,92265826,2016.0,232.99701742921138,0.6041418313980103,5.162779138766345,0.4936118721961975,6.857312150951765,0.6858435869216919,9.998361587524414,57.08015823364258,-32.11062159594266,0.8347874283790588,-47.19165851715691,0.7508321404457092,95,1.0017480850219727,False,292,134.8771458432228,0.8696647882461548,155.09095764160156,20.362520217895508,28,81.84626322132993,7.908468246459961,10.34919261932373,20.556045532226562,28,90.33020221286135,9.186690330505371,9.832725524902344,19.858312606811523,0,0,0,2,0,1.2765429019927979,0.6977329254150391,0.1935253143310547,0.5042076110839844,10.342862535658375,45.94452445622653,229.179989177121,23.511796297328935,0.0044308568642881995,3005.234790206595,545.2648350328334,0.023107371489618302,0.05000000074505806,0.05000000074505806,0.05999999865889549,0,1237655744022381143,21.54707,20.68739,20.33953,20.13021,20.0866,0.1391617,0.02597767,0.02625809,0.03317153,0.1238833,68987912192,275280592896,275146375168,4503874773745664,275146375168,275280592896,0.12275657,4428802050356783104,1237655744022381143,114192329970095947,20.7057991027832,20.3341007232666,20.2171993255615,20.1713008880615,20.0692005157471,0.0246239993721247,0.0356190018355846,0.0226140003651381,0.030044000595808,0.080815002322197,115000,115000,115000,115000,115000,436527232,52,0.13747853,4428802050356783104,114192329970095947,,,,,,,,,,,,,,,,,,,,,,,,,,,,,,,,5.266595716086419,0.040423801370677886,232.99701742921135,5.162779138766345,0.09475,0.0868,0.10185,6280.752,8.445582,6062.117667832991,89.39000289357318,87.62968257743341,7.9062610523872205,0.04466495366030454,0.047044663934097564,0.5333533643278927,0.026152561775594108,0.02656663248532576,1.9753694188696231,0.06234674209150448,0.06000164141798736,2.8532882611971906
1636042515805110273,4429267075057774208,1573908601,2016.0,233.7303633075503,0.15529277920722961,6.895704156405974,0.1744992733001709,5.462603937594652,0.20156767964363098,27.10059356689453,10.144237518310547,8.53413014735117,0.19595608115196228,5.4839923615300386,0.22031888365745544,31,1.0700360536575317,False,219,891.2112732435819,1.8735142946243286,475.6896057128906,18.312416076660156,12,664.5629177923697,19.692546844482422,33.746925354003906,18.282201766967773,11,507.8492126513268,16.168703079223633,31.40939712524414,17.983558654785156,0,0,0,0,0,1.3155266046524048,0.2986431121826172,-0.030214309692382812,0.328857421875,13.008534850626209,46.29235084531719,229.45701567532947,25.37492696966565,0.000852346092998363,556.1255672648992,569.7746962689853,6.985256802593698e-07,0.05999999865889549,0.05999999865889549,0.05999999865889549,0,1237662238024401196,18.76606,18.29206,18.4465,18.71139,18.65132,0.02152781,0.007486552,0.01028717,0.01344431,0.05337133,105656497602576,275179929616,302022672,4503599929393168,302022672,2322168859885585,0.09669259,4429267075057774208,1237662238024401196,116272337303225291,18.281099319458,18.3822002410889,18.4197006225586,18.5764007568359,,0.00472200009971857,0.0122530004009604,0.00640599988400936,0.0345919989049435,,115000,115000,16793912,16793912,16416,436527104,52,0.054533385,4429267075057774208,116272337303225291,,,,,,,,,,,,,,,,,,,,,,,,,,,,,,,,5.473484036189147,0.033939861200056085,233.73036330755036,6.895704156405974,0.09509,0.0932,0.09698,8260.009,7.406469,10420.670323781873,221.60631065774578,222.03219012248337,7.901017019106859,0.042254481677631794,0.045706215509057735,0.5447219021670897,0.0242376156500701,0.025535396568448054,0.5011760612806674,0.004564735951004484,0.004846242805951972,10.148766575087214
1636042515805110273,4429628715597909504,994135826,2016.0,235.78709672541794,0.37458306550979614,6.025334296544786,0.2485845685005188,2.0734050031817897,0.38044604659080505,5.449932098388672,24.012815475463867,14.588947210910444,0.4340612590312958,-19.07296210849566,0.3121705949306488,31,0.999715268611908,False,262,254.77398531345145,1.0785059928894043,236.22862243652344,19.671979904174805,27,174.5788668305352,6.39556360244751,27.2968692779541,19.733562469482422,27,90.47454541526199,6.1028547286987305,14.824954986572266,19.856578826904297,0,0,0,0,0,1.0403472185134888,-0.123016357421875,0.06158256530761719,-0.1845989227294922,13.524836614612232,44.10106161013518,231.88606742594862,25.05148899151063,0.0011412714981608768,1981.5604703732497,576.1408939926612,0.0019430704192641237,0.15000000596046448,0.14000000059604645,0.15000000596046448,0,1237662263252156769,19.49248,19.59329,19.87843,20.12252,20.49678,0.02779943,0.01262419,0.01847066,0.02902233,0.1457391,35253360132112,275146506256,268468240,4503874773745680,275146375184,275280592912,0.0036526413,4429628715597909504,1237662263252156769,115232357871110818,19.5919990539551,19.8236999511719,20.0541000366211,20.2677001953125,,0.00882699992507696,0.018733000382781,0.0139499995857477,0.0303930006921291,,115000,115000,115000,115000,114720,436527104,52,0.007880884,4429628715597909504,115232357871110818,,,,,,,,,,,,,,,,,,,,,,,,,,,,,,,,2.2332923693060005,0.2998738569961954,235.78709672541797,6.025334296544786,0.15136,0.14634,0.15802,14801.63,7.846799,21320.147321826258,4447.685022718575,3748.6932259423556,8.406761135402038,0.20661434871182394,0.20836083501220237,0.8745865988985588,0.1324796097012091,0.1371067972641482,0.13967890166523933,0.03733335843267979,0.02652662681290907,1.099061634673397
1636042515805110273,4430151602095242752,627087611,2016.0,237.0937908043763,0.3846030533313751,6.96850027107736,0.3048486113548279,2.5659798022724094,0.4093013107776642,6.269170761108398,23.64187240600586,-22.521482225803226,0.4677433371543884,7.191727151618188,0.40468844771385193,95,1.0218483209609985,False,210,383.5414861831889,2.4989047050476074,153.4838409423828,19.22783660888672,6,1777.0786370383887,391.7667236328125,4.536063194274902,17.214275360107422,6,1696.1755121532403,83.88520812988281,20.220197677612305,16.674219131469727,3,0,0,0,0,9.055746078491211,0.5400562286376953,-2.013561248779297,2.553617477416992,15.58307325631278,43.49421823076855,233.02771970761628,26.28288873961528,0.0007221203711703403,821.523946866359,576.1408939926612,4.9677446750225984e-05,-99.0,1e+20,1e+20,999999,,,,,,,,,,,,,,,,,,,,,,,,,,,,,,,,,,,,,,,,,,,,,,,,,,,,,,,,,,,,,,,,,,,,,,,,,3.133739180739032,0.016159330786773278,237.09379080437637,6.96850027107736,0.13786,0.13304,0.14245,,,,,,,,,,,,,,,
1636042515805110273,4430508458043237120,529123070,2016.0,234.39645322470278,0.21571290493011475,6.6466917849604465,0.18053340911865234,2.099980145347565,0.26364272832870483,7.965250015258789,14.637368202209473,-14.609475353570108,0.2923668324947357,-0.9032091709989323,0.259205162525177,31,0.9878836870193481,False,291,394.556741094805,1.096053123474121,359.9795837402344,19.197093963623047,22,322.0936333655662,11.388672828674316,28.28192901611328,19.068586349487305,20,144.6909779679301,10.999361991882324,13.154488563537598,19.346792221069336,0,0,1,0,0,1.1830607652664185,-0.27820587158203125,-0.1285076141357422,-0.14969825744628906,13.218051347113722,45.600764290335796,230.23520903259157,25.305218374523058,0.0008894938315815373,1710.7778981352747,579.323992854499,0.00020982429305197134,0.14000000059604645,0.14000000059604645,0.15000000596046448,0,1237662263788372162,18.96267,19.04116,19.36396,19.61096,19.74146,0.02152397,0.009329539,0.01339839,0.02006717,0.08661067,35253393691152,302022672,302022672,4503599929393168,302157840,275314147856,0.01132211,4430508458043237120,1237662263788372162,115972343964716512,19.0632991790771,19.3689994812012,19.6366004943848,19.8320999145508,19.6762008666992,0.00776800001040101,0.00762500008568168,0.00896400026977062,0.017255999147892,0.0814879983663559,16892216,115000,115000,115000,16892216,436527104,52,0.03728405,4430508458043237120,115972343964716512,,,,,,,,,,,,,,,,,,,,,,,,,,,,,,,,1.9400876328264132,0.1570427235611301,234.39645322470275,6.646691784960447,0.13421,0.13055,0.13892,26823.12,8.301268,20702.17233369542,2417.4503877920506,2244.27646738162,7.837844853358477,0.13617460756903466,0.14508067442120343,0.5391276400409365,0.07762686251782813,0.07393418593455431,0.03766762040453146,0.011985037284187976,0.008841921748518451,2.5087649692528946
1636042515805110273,4430737431342363520,1362519586,2016.0,234.4229777944465,0.3671838939189911,7.002240787678159,0.42524996399879456,6.262368098272655,0.4780692160129547,13.099291801452637,82.1219482421875,-79.93896396458038,0.5740334391593933,-18.808953504978255,0.6198248863220215,95,1.1081299781799316,False,178,355.29640505198773,5.570226669311523,63.784908294677734,19.310890197753906,8,1098.5379652390313,240.84873962402344,4.5611114501953125,17.73650360107422,9,1522.4766566355725,204.1051788330078,7.459274768829346,16.791519165039062,0,8,0,9,0,7.376980304718018,0.9449844360351562,-1.5743865966796875,2.5193710327148438,13.668260348830419,45.768654647083885,230.1624046183708,25.6556313210267,0.0011743479939593125,761.0829457236059,570.7296259275367,2.326281757094007e-08,-99.0,1e+20,1e+20,999999,1237662264325242999,24.63471,18.49891,16.11202,15.50734,22.82694,7.409509,0.02956867,0.004820323,0.004508443,4.463083,387028362854672,297237575549485329,70643890946065,288301019775270929,70643891994641,13510799293579568,0.39528042,4430737431342363520,1237662264325242999,,,,,,,,,,,,,,,,,,,,,,,,,,,,,,,,,,,,,,,,,,,,,,,,,,,,,5.526396185102898,0.016082332701909858,234.4229777944465,7.002240787678159,0.08999,0.08551,0.09431,,,8632.744766859483,7773.3319584292985,2365.830623195816,8.171743475596767,0.8481641570606335,0.8927713908660975,0.7025855985938692,0.504541891045506,0.4394107581295984,1.0240775478937716,0.3357514621217512,0.2087884601523221,7.463743309245757
1636042515805110273,4430788524271666432,625339574,2016.0,233.75426550340234,0.2714134454727173,7.173790725497921,0.20497941970825195,3.1467129753057623,0.3106168210506439,10.13053035736084,18.151790618896484,-17.31203107608801,0.3569037616252899,5.457203487208564,0.2767461836338043,95,1.0029717683792114,False,269,408.3580042663296,1.4927093982696533,273.5683288574219,19.15976333618164,5,872.2459304197223,231.5960693359375,3.76623797416687,17.9869441986084,6,463.9260930323939,161.82644653320312,2.8668124675750732,18.08177375793457,0,0,0,0,1,3.2720603942871094,-0.09482955932617188,-1.1728191375732422,1.0779895782470703,13.36704895732924,46.42146999478549,229.40207152264693,25.649583208076212,0.0009766830110105745,1159.098187060712,567.228217179515,0.0003063595378233739,-99.0,1e+20,1e+20,999999,1237662264324980764,20.45344,17.34774,16.74532,16.85223,17.32928,0.2520146,0.008499741,0.006182254,0.009554538,0.04460808,105587744837648,268484624,70643890950161,4574243518316561,70643890946065,70643890950161,0.11194189,4430788524271666432,1237662264324980764,,,,,,,,,,,,,,,,,,,,,,,,,,,,,,,,,,,,,,,,,,,,,,,,,,,,,3.006355304335762,0.014194226887878882,233.75426550340237,7.173790725497921,0.11328,0.11029,0.11639,,,8233.87662162966,641.1644900718438,409.90794988089965,6.9855879829043435,0.2048965948204371,0.08038003178790554,0.2026922141414798,0.04969546160918187,0.0026982881974058903,0.22793915657364006,0.08707100286483949,0.22793915657364006,4.401660199362718
1636042515805110273,4431276295116429568,840038121,2016.0,235.69197260812888,0.5422451496124268,8.114413084719763,0.35250288248062134,3.6397884682811643,0.5773983597755432,6.303773403167725,35.18171310424805,-17.982741387092762,0.6085389256477356,-30.238617937890943,0.4619324803352356,31,1.1026835441589355,False,238,182.32553460142117,0.9102147221565247,200.3104705810547,20.035247802734375,22,126.38189151322358,9.019204139709473,14.012532234191895,20.08432960510254,22,86.03518654751322,8.933708190917969,9.630400657653809,19.911205291748047,0,1,0,0,0,1.1650429964065552,0.1731243133544922,0.04908180236816406,0.12404251098632812,15.959096254948758,45.275257344910194,231.20459971506222,27.0510888236435,0.18403690282472876,182025.09732162944,551.9493426426931,0.8297818324617519,0.09000000357627869,0.07999999821186066,0.10000000149011612,0,1237662199360848330,20.66946,20.14438,20.19356,20.27312,20.67496,0.06087176,0.01740307,0.02245038,0.03161077,0.1828196,35253393555472,275179929616,302022672,4503874807300112,275179929616,302022672,0.00873436,4431276295116429568,1237662199360848330,117732356919887837,20.0358009338379,20.070499420166,20.1488990783691,20.2891998291016,20.1390991210938,0.0267389994114637,0.0154849998652935,0.0184080004692078,0.0435359999537468,0.0846320018172264,115000,115000,115000,115000,115000,436527104,52,0.10096914,4431276295116429568,117732356919887837,,,,,,,,,,,,,,,,,,,,,,,,,,,,,,,,4.15178595422548,0.4055623723708319,235.69197260812885,8.114413084719763,0.10844,0.10353,0.11347,10222.88,8.414313,9361.552091086352,832.7286694039431,726.7658276343918,8.428073704706748,0.15532842102186173,0.16069531132761483,0.871153547472719,0.1010142155729693,0.10659233162181925,1.5191620877728453,0.2073363294389825,0.158635313422264,2.7130235812289842
1636042515805110273,4432503766708340096,879471861,2016.0,248.52153199974813,0.3286985456943512,2.6947614475225383,0.14883632957935333,2.793701548910238,0.38638046383857727,7.230442047119141,21.210712432861328,-7.6094457226489105,0.4159959554672241,-19.798753045927256,0.3655849099159241,95,0.9909887313842773,False,481,316.17583924303057,0.8769333958625793,360.5471496582031,19.437545776367188,53,198.5482144818607,5.956768989562988,33.33152770996094,19.5938777923584,51,177.1888628561297,7.157340049743652,24.756244659423828,19.12680435180664,0,0,0,0,0,1.1883801221847534,0.4670734405517578,0.15633201599121094,0.3107414245605469,18.31673371384195,31.527066814500646,246.32348271816954,24.385862594645033,0.11710324650974895,102797.3927483005,856.5719037205807,0.9059029633310569,0.17000000178813934,0.1599999964237213,0.17000000178813934,0,,,,,,,,,,,,,,,,,,,,,111232485215454155,19.4843006134033,19.3917007446289,19.4528007507324,19.4710998535156,19.6236000061035,0.00644899997860193,0.00778200011700392,0.00794200040400028,0.0157590005546808,0.172085002064705,115000,115000,115000,115000,115000,436527104,52,0.06487728,4432503766708340096,111232485215454155,,,,,,,,,,,,,,,,,,,,,,,,,,,,,,,,3.728923009831743,0.19869236882572217,248.52153199974816,2.6947614475225383,0.25588,0.25131,0.26069,,,8439.072804676112,559.4726597689478,474.0567469085827,7.459469083038654,0.1659450890093659,0.15738157984996715,0.3342426859639005,0.0690698748612073,0.054934557080180024,0.5216706256404025,0.017391177071193642,0.02057074204731124,0.970922232543915
1636042515805110273,4432527955963416064,1693128004,2016.0,248.9624253101911,0.059197429567575455,2.4544653151275293,0.03128877282142639,5.295990646579387,0.07503721117973328,70.57818603515625,12.797870635986328,4.035062175467778,0.08048368245363235,-12.145113299804327,0.064128577709198,31,0.9679773449897766,False,559,2772.094615821892,2.1216862201690674,1306.5526123046875,17.080347061157227,57,2201.5159814931644,12.424285888671875,177.19456481933594,16.98173713684082,56,973.6503146763425,8.236660957336426,118.2093505859375,17.276887893676758,0,3,0,1,0,1.145403265953064,-0.2951507568359375,-0.09860992431640625,-0.19654083251953125,18.335494993240367,31.02558949425799,246.84238803198616,24.218292391812913,0.012256829387646679,8540.210127674183,879.8085254119975,0.001113962259239986,0.11999999731779099,0.11999999731779099,0.11999999731779099,0,,,,,,,,,,,,,,,,,,,,,110942489624045834,16.9302005767822,17.2900009155273,17.5970993041992,17.8526000976563,18.0506992340088,0.00291000003926456,0.00457300012931228,0.00309800007380545,0.00276799988932908,0.015510999597609,115000,115000,115000,115000,115000,436527104,52,0.0246158,4432527955963416064,110942489624045834,,,,,,,,,,,,,,,,,,,,,,,,,,,,,,,,5.157346721303148,0.03436336768573577,248.9624253101911,2.4544653151275293,0.23852,0.23717,0.2398,24481.21,8.123059,29094.516945133233,1669.9823439786524,1391.7234202668296,8.24939231607718,0.07369988493256763,0.06516271920405359,0.7888019853073422,0.0476869857340132,0.04163045102372409,0.01774105493036571,0.001226699041931907,0.0011544504007010292,1.8439186585967087
1636042515805110273,4432583378218484864,496448886,2016.0,249.12554346330998,0.25572100281715393,2.9807965764656497,0.14267897605895996,7.658574215659226,0.2998190224170685,25.543991088867188,180.73455810546875,-8.271883189087648,0.47527652978897095,-180.54515747660784,0.3305480480194092,31,0.9613177180290222,False,516,329.0361895408484,0.7694518566131592,427.6241455078125,19.394258499145508,58,185.94208465154958,5.5780487060546875,33.33460998535156,19.665098190307617,59,206.49580470103768,5.4347686767578125,37.99532699584961,18.960617065429688,0,1,0,2,0,1.1926891803741455,0.7044811248779297,0.2708396911621094,0.4336414337158203,18.96214869048848,31.15040585477239,246.92881324575595,24.763623938688017,0.0011745509324620265,569.4856309840844,883.3099341600191,2.6816339469404842e-11,0.07999999821186066,0.07999999821186066,0.09000000357627869,0,,,,,,,,,,,,,,,,,,,,,111572491255527766,19.6543998718262,19.3917007446289,19.2786998748779,19.2150993347168,19.0247993469238,0.0146829998120666,0.0138609996065497,0.0130099998787045,0.0125810001045465,0.0358840003609657,115000,115000,115000,115000,16696,436527104,52,0.45209104,4432583378218484864,111572491255527766,,,,,,,,,,,,,,,,,,,,,,,,,,,,,,,,7.3808500881334345,0.049749261582147354,249.12554346330995,2.9807965764656497,0.15451,0.14041,0.16775,6314.026,7.94982,6167.646474235973,126.55721333506972,115.31195575712081,7.749461154491361,0.058213410156970014,0.057372819623607185,0.4505115455702362,0.03030996011317333,0.02886244816566136,1.541016408501364,0.03765128592059819,0.03282304081432841,4.618257779185138
1636042515805110273,443274817182425216,444051734,2016.0,52.29385970868494,0.04902099072933197,52.7405271380336,0.05051080137491226,6.819008465397915,0.0725673958659172,93.96794128417969,90.20648956298828,-77.23610761954275,0.0695500522851944,-46.60251656596449,0.07448418438434601,31,1.0328270196914673,False,365,2757.165952623297,3.186011791229248,865.3972778320312,17.086210250854492,40,2027.888162777258,10.716774940490723,189.22560119628906,17.070932388305664,40,1097.7086908128438,11.269484519958496,97.40540313720703,17.146677017211914,0,0,0,0,0,1.1336266994476318,-0.07574462890625,-0.015277862548828125,-0.060466766357421875,145.5824248918823,-3.051976625424581,63.90621169328624,32.66292118703099,0.0011239734982571982,591.5493876959237,1206.7127785227506,9.164085474426874e-09,0.11999999731779099,0.10999999940395355,0.11999999731779099,0,,,,,,,,,,,,,,,,,,,,,171280522939899396,17.0163993835449,17.2322998046875,17.468900680542,17.6697006225586,17.7611999511719,0.00413599982857704,0.00444799987599254,0.00950300041586161,0.0204900000244379,0.0128220003098249,115000,115000,115000,115000,115000,436527232,52,0.17515315,443274817182425216,171280522939899396,,,,,,,,,,,,,,,,,,,,,,,,,,,,,,,,6.799289938596286,0.036075682284671486,52.29385970868494,52.7405271380336,0.14066,0.13409,0.14737,14421.03,7.82936,14020.555536717506,652.4973394465469,554.2445454243807,7.791150778558274,0.05685595580788405,0.051365701952551746,0.49783278932594677,0.030513791434602422,0.026531063200674332,0.17798307610544306,0.010740402826139417,0.010756230984154985,2.0823171559330884
1636042515805110273,443279451454247552,1195489114,2016.0,52.613928068627516,0.3162713944911957,52.85306515152991,0.29621422290802,4.151970054078366,0.463775634765625,8.952540397644043,31.624719619750977,22.401803083905843,0.4400022029876709,-22.32223301763394,0.42327001690864563,31,1.031235933303833,False,346,213.87108495639967,0.7890047430992126,271.06439208984375,19.86198616027832,25,139.71733284575873,7.056487083435059,19.799842834472656,19.97541618347168,23,111.26916471366587,7.406613349914551,15.022947311401367,19.6319580078125,0,0,0,0,0,1.1735410690307617,0.3434581756591797,0.11343002319335938,0.2300281524658203,145.6779119274129,-2.8494330961351397,64.16492807291876,32.714949812954636,0.0009793233805705053,768.0110931639229,1222.3099629457563,4.539812997512656e-05,0.5899999737739563,0.4699999988079071,0.6600000262260437,0,,,,,,,,,,,,,,,,,,,,,171420526138684393,20.0683002471924,19.8216991424561,19.8908996582031,19.8064994812012,,0.0139969997107983,0.0230589993298054,0.0088510001078248,0.0146049996837974,,115000,115000,115000,115000,16416,436527104,52,0.06495683,443279451454247552,171420526138684393,,,,,,,,,,,,,,,,,,,,,,,,,,,,,,,,4.516424908596266,0.12236731220995462,52.61392806862752,52.85306515152991,0.50019,0.43991,0.56981,10874.79,8.341874,8610.56113605171,545.679895116984,480.8127977947297,8.007278708186659,0.1344205565509622,0.1360010855310474,0.6006739163441999,0.0838437704402355,0.07926112150446418,0.933793618475083,0.04241793445704578,0.03421268301369407,2.080453866663925
1636042515805110273,4432834444826809088,1526717686,2016.0,246.57141917755033,0.12335295230150223,2.1790006428007396,0.07052892446517944,19.81175206569985,0.1536310315132141,128.9567108154297,492.1405334472656,53.360422625217424,0.135195791721344,-489.23918946210136,0.12331078946590424,95,0.9467978477478027,False,245,1545.8989231864716,2.0771355628967285,744.2455444335938,17.714414596557617,19,837.2325605770678,46.55500030517578,17.98373031616211,18.03142738342285,20,1519.6376121681324,111.33853149414062,13.648802757263184,16.79354476928711,1,0,3,0,0,1.5245952606201172,1.2378826141357422,0.3170127868652344,0.9208698272705078,16.61210682891331,32.93529394191882,244.31472528120486,23.553366525861268,0.0027252305405912804,495.8813165527312,762.0338675239949,1.4213196483788134e-14,0.019999999552965164,0.019999999552965164,0.019999999552965164,0,,,,,,,,,,,,,,,,,,,,,110612465713666088,18.1063995361328,17.5310001373291,17.2763996124268,17.1207008361816,16.9265995025635,0.0121360002085567,0.00867999996989965,0.0148440003395081,0.0590660013258457,0.03940299898386,115000,115000,16793912,16793912,115000,436527104,52,0.11300911,4432834444826809088,110612465713666088,,,,,,,,,,,,,,,,,,,,,,,,,,,,,,,,19.759879449058843,0.07762117350371844,246.57141917755035,2.17900064280074,0.04225,0.04209,0.04242,5101.599,7.585576,4870.184712594224,66.01585836802678,62.713337213401246,7.162123305659157,0.06572869899319045,0.051099570558056584,0.21109207785361855,0.019598289877888697,0.011098100591466514,1.6590027693198885,0.031925551890615855,0.12366517815236522,6.847071046615868
1636042515805110273,4433061352243909248,878116516,2016.0,245.270303220215,0.30709558725357056,2.5817703366249813,0.2118752896785736,2.1633505605245142,0.4053301215171814,5.337255954742432,9.120416641235352,-4.655400647825055,0.40168026089668274,-7.84278338752004,0.281678706407547,31,1.0524356365203857,False,502,240.90118323944418,0.7930353879928589,303.7710266113281,19.732769012451172,49,161.44415241115905,7.112936019897461,22.6972599029541,19.8184871673584,47,104.21185278320863,7.258064270019531,14.358078002929688,19.703102111816406,0,1,0,0,0,1.1027592420578003,0.11538505554199219,0.08571815490722656,0.029666900634765625,16.213028861160936,34.25503168316495,242.84024026407735,23.71946788010268,0.052847376129391666,137492.75487187493,725.7465404990428,1.0669358047691766,0.1599999964237213,0.15000000596046448,0.1599999964237213,0,,,,,,,,,,,,,,,,,,,,,111092452702868609,19.7052993774414,19.8076000213623,19.9960994720459,20.1534996032715,20.0646991729736,0.0152399996295571,0.0174579992890358,0.0162680000066757,0.0244079995900393,0.0858649984002113,115000,115000,115000,115000,115000,436527104,52,0.024776852,4433061352243909248,111092452702868609,,,,,,,,,,,,,,,,,,,,,,,,,,,,,,,,1.5092826675420028,0.17416099632489457,245.270303220215,2.5817703366249813,0.24099,0.23637,0.24694,10926.57,7.576712,12369.024284363011,3376.390555449838,1600.5761594202286,7.1110126999686045,0.3105151869685887,0.18692485768170997,0.2528754960122633,0.09979649856771822,0.04414251809928371,0.04927836050059274,0.019949317529382796,0.02730936404184293,1.2675982388179219
1636042515805110273,4433337643196072576,559687532,2016.0,247.45246534094588,0.27989646792411804,3.046051768911452,0.20815816521644592,2.130702107048806,0.35177335143089294,6.057031154632568,12.431062698364258,-12.399590261980993,0.43786144256591797,-0.8840131859536492,0.364735871553421,95,1.0297355651855469,False,326,310.816302035056,1.0399888753890991,298.8650207519531,19.45610809326172,6,200.32088648271082,73.53522491455078,2.724148750305176,19.584226608276367,8,132.09555177007897,34.686676025390625,3.8082504272460938,19.445674896240234,0,0,0,0,2,1.0694948434829712,0.1385517120361328,0.12811851501464844,0.010433197021484375,18.03462290530857,32.62538382484501,245.10299150269842,24.557504712165954,0.0009410225595894809,1580.3893319462247,806.9155614759094,8.310684352275596e-05,0.1599999964237213,0.15000000596046448,0.1599999964237213,0,,,,,,,,,,,,,,,,,,,,,111652474524795696,,,,17.49880027771,17.035400390625,,,,0.00783099979162216,0.0153280002996325,0,0,0,16777496,16777496,310456320,37,0.0690866,4433337643196072576,111652474524795696,,,,,,,,,,,,,,,,,,,,,,,,,,,,,,,,2.1185926287424532,0.013792996564321008,247.45246534094588,3.046051768911452,0.24269,0.23847,0.2482,,,9241.054465446523,87.04429541940954,81.4253559162662,6.8567568246955455,0.007814934237154958,0.00400021474544765,0.19999393126331466,2.7540644209622656e-08,1.3937428627874837e-08,0.0,0.0,0.0,38.05324825153347
1636042515805110273,4433378806161595904,187678422,2016.0,248.2612233082497,0.09030136466026306,3.1915549812263415,0.05853564292192459,22.01179904725075,0.11429056525230408,192.59506225585938,415.2672424316406,-369.4117075510945,0.1297743022441864,-189.6888924992055,0.10767927020788193,31,0.9969109296798706,False,388,1437.1000255173108,1.5198190212249756,945.5731201171875,17.793649673461914,41,702.9666265593482,10.82631778717041,64.9312744140625,18.22120475769043,40,951.6414584042799,18.439043045043945,51.61013412475586,17.301712036132812,0,1,0,0,0,1.151352047920227,0.9194927215576172,0.4275550842285156,0.49193763732910156,18.666538647072056,32.00239173366823,245.9532356714367,24.83427846276301,0.0017745097715229448,288.6676394349708,829.1972535087747,5.121084605438648e-11,0.019999999552965164,0.019999999552965164,0.019999999552965164,0,,,,,,,,,,,,,,,,,,,,,111832482618850755,18.4475002288818,17.7569007873535,17.6564998626709,17.6236991882324,,0.0276050008833408,0.0282990001142025,0.0081369997933507,0.00567300012335181,,4120,280,280,280,0,302063616,36,0.029490622,4433378806161595904,111832482618850755,,,,,,,,,,,,,,,,,,,,,,,,,,,,,,,,22.07806282985145,0.01629403172573268,248.2612233082497,3.191554981226341,0.03988,0.03977,0.03999,5416.161,8.014806,5527.326010893874,66.54746203335162,67.56319706469458,8.103921097669797,0.038561541057452686,0.039997972326638376,0.6491159175199532,0.02480382832566297,0.02595183920950417,4.152663327341289,0.1588272328688758,0.19904181200935467,3.0756626713844817
1636042515805110273,4433472986206102784,268440503,2016.0,247.7744338325586,0.5301285982131958,3.699092140428937,0.37218278646469116,3.9431940947562607,0.6336224675178528,6.223255157470703,45.83036422729492,5.52424510597336,0.6818804144859314,-45.49621048670948,0.5478686094284058,31,0.9679004549980164,False,284,130.40733591340646,0.7412073016166687,175.9390869140625,20.399112701416016,31,89.33946688189015,7.796502113342285,11.458916664123535,20.460933685302734,31,72.65793163978006,6.137031555175781,11.839262962341309,20.094688415527344,0,1,0,1,0,1.2422415018081665,0.3662452697753906,0.06182098388671875,0.3044242858886719,18.896865190209716,32.67754525929954,245.33212060946224,25.255055746588948,0.022433178108691318,21203.157039452344,796.4113352318443,0.2239891962133763,0.11999999731779099,0.10999999940395355,0.14000000059604645,0,,,,,,,,,,,,,,,,,,,,,112432477743999439,20.5513000488281,20.388500213623,20.3677997589111,20.4190998077393,20.3111000061035,0.0258009992539883,0.0123140001669526,0.0114909997209907,0.0186049994081259,0.0737970024347305,115000,115000,115000,115000,115000,436527104,52,0.11660419,4433472986206102784,112432477743999439,,,,,,,,,,,,,,,,,,,,,,,,,,,,,,,,3.7697192729599474,0.015904249112292244,247.7744338325586,3.699092140428937,0.21046,0.20382,0.21715,8131.161,8.259428,7661.270909557078,223.78189021703474,211.41661151777498,7.976479908580134,0.06589157114506161,0.06845712374597923,0.5796165869045291,0.039987340997388654,0.039895953058791234,1.2041682699383098,0.031021238015292774,0.02979513620797203,2.2171204337362314
1636042515805110273,4434117845479674240,1509907691,2016.0,250.01692705650976,0.20629951357841492,3.500564453359211,0.12575875222682953,3.1995909274777365,0.2535296678543091,12.620183944702148,32.80328369140625,0.6565101656692303,0.3079089820384979,-32.79671182872398,0.23906731605529785,31,1.0318231582641602,False,434,411.30884231876416,0.9818344116210938,418.91876220703125,19.151947021484375,46,247.34569069545145,6.854215145111084,36.08665466308594,19.355281829833984,45,206.56515017821914,6.174127101898193,33.45657730102539,18.96025276184082,0,1,0,1,0,1.10357666015625,0.39502906799316406,0.20333480834960938,0.1916942596435547,20.00414528186807,30.637881092148774,247.81189183348565,25.41367938389647,0.019622246614853046,21049.060987202545,868.0310596231972,0.062331027053781324,0.18000000715255737,0.17000000178813934,0.1899999976158142,0,,,,,,,,,,,,,,,,,,,,,112202500169171191,19.2245998382568,19.1912994384766,19.2952995300293,19.4057006835938,19.4862003326416,0.00454099988564849,0.00886400043964386,0.00714700017124414,0.0119709996506572,0.0153149999678135,115000,115000,115000,115000,115000,436527104,52,0.079303265,4434117845479674240,112202500169171191,,,,,,,,,,,,,,,,,,,,,,,,,,,,,,,,3.2761451911000155,0.12939892693015087,250.01692705650973,3.500564453359211,0.25218,0.24897,0.25535,8536.369,7.205411,9314.964076463297,395.02483168447,374.2011707811889,7.358316280639647,0.10051517088815753,0.10042921960835827,0.3035871718329479,0.03616137986650947,0.032305229141234404,0.35187940974441095,0.00936892405364026,0.01135480311864323,0.9639612375413998
1636042515805110273,4434130150563029760,1044036650,2016.0,249.78469950383845,0.2762128412723541,3.5614530704912575,0.16147087514400482,2.655031915259043,0.33743101358413696,7.868369102478027,3.7125864028930664,2.6669438023692633,0.42147815227508545,2.5827715270966043,0.2969587743282318,31,1.003921389579773,False,453,299.7776909084994,0.8378444314002991,357.7963562011719,19.49536895751953,46,228.32684175451047,7.6955108642578125,29.670133590698242,19.442150115966797,47,115.79591674331179,4.547516345977783,25.463550567626953,19.58866310119629,0,3,0,3,0,1.1479265689849854,-0.1465129852294922,-0.053218841552734375,-0.09329414367675781,19.932232146615338,30.86942639726311,247.54799860892814,25.438784475860512,0.030557468001875476,41392.18966604008,877.2620463225271,1.0801116598927447,0.1899999976158142,0.1899999976158142,0.20000000298023224,0,,,,,,,,,,,,,,,,,,,,,112272497847244249,19.3518009185791,19.6550998687744,19.9351997375488,20.096700668335,20.2528991699219,0.00703899981454015,0.0124989999458194,0.0140589997172356,0.0237489994615316,0.0936340019106865,115000,115000,115000,115000,115000,436527104,52,0.007873658,4434130150563029760,112272497847244249,,,,,,,,,,,,,,,,,,,,,,,,,,,,,,,,2.6425539769010777,0.2207900077045124,249.78469950383848,3.561453070491257,0.2545,0.24965,0.25897,18226.68,8.316183,21158.90521040797,7145.260312017523,4663.957664425656,8.431627343873036,0.2954277155968832,0.2522653571442177,0.8909050732484194,0.18288371018292948,0.16746229944380908,0.1499592662544484,0.05738747355500812,0.041582649760088075,0.6355482371039629
1636042515805110273,4434214877381891968,584288521,2016.0,249.63963944532438,0.2044854611158371,4.130622372013316,0.13264350593090057,1.572589019985022,0.257739782333374,6.101459980010986,37.5194206237793,-35.67355063565143,0.30450665950775146,11.623454094287956,0.2517130970954895,31,1.022703766822815,False,443,383.04782621812984,0.8633401989936829,443.68121337890625,19.22923469543457,50,284.1094141916523,6.544137477874756,43.41434097290039,19.2048282623291,47,122.52813814910967,6.002251625061035,20.4136962890625,19.527305603027344,0,0,0,0,0,1.061584234237671,-0.3224773406982422,-0.02440643310546875,-0.29807090759277344,20.427046605285554,31.275977667622243,247.29255628204115,25.979090127647915,0.0028296065487234743,5168.444915995164,860.70993224097,0.00028407088109409106,0.20999999344348907,0.20999999344348907,0.20999999344348907,0,,,,,,,,,,,,,,,,,,,,,112952496396617250,19.0960006713867,19.4099006652832,19.7315006256104,19.9080009460449,19.9902000427246,0.0117600001394749,0.014189999550581,0.00718700001016259,0.0194930005818605,0.0618490017950535,115000,115000,115000,115000,115000,436527104,52,0.008515253,4434214877381891968,112952496396617250,,,,,,,,,,,,,,,,,,,,,,,,,,,,,,,,1.865776922547362,0.11722075753173851,249.6396394453244,4.130622372013316,0.25787,0.25231,0.26685,25673.16,7.830208,23476.719813553304,6347.748009462499,4512.147127352528,7.934649739434924,0.3068318906470182,0.25839420273901137,0.5963657333612519,0.18868304766118937,0.1371278462102536,0.02455554281116417,0.0185944543712762,0.010016913109031434,1.5200667496095654
1636042515805110273,4434321907965921280,293750183,2016.0,250.30195705744205,0.3952774405479431,4.219210507832141,0.26281309127807617,4.358187442999509,0.49733465909957886,8.76308822631836,9.675538063049316,-7.016651159211126,0.6130375266075134,-6.662029414208954,0.5263482928276062,31,1.0204769372940063,False,342,182.32746367093225,0.754155158996582,241.76385498046875,20.035236358642578,35,104.47289129408117,6.770340919494629,15.430964469909668,20.291032791137695,35,99.90678593503901,7.108898162841797,14.053765296936035,19.7489070892334,0,0,0,0,0,1.1209484338760376,0.5421257019042969,0.2557964324951172,0.2863292694091797,20.894489190802897,30.743360582913272,248.00448894936102,26.166841838016072,0.20813041472323704,128566.86289289393,847.3409170212508,0.7596082098084957,0.15000000596046448,0.14000000059604645,0.1599999964237213,0,1237662197756789797,20.64729,20.17197,20.12078,20.13975,20.2178,0.05899468,0.02092121,0.02219996,0.03045102,0.1138874,35253360001040,275288981520,275146375184,4503874773745680,275146375184,275280592912,0.031320676,4434321907965921280,1237662197756789797,113062503020233576,20.1562004089355,20.0799007415771,20.1347999572754,20.1485004425049,20.1418991088867,0.0244379993528128,0.0127140004187822,0.0180510003119707,0.0259310007095337,0.0700690001249313,115000,115000,115000,115000,115000,436527104,52,0.0125013925,4434321907965921280,113062503020233576,,,,,,,,,,,,,,,,,,,,,,,,,,,,,,,,5.785597599289851,0.01717995321780691,250.30195705744205,4.219210507832141,0.22573,0.21868,0.23164,7330.316,7.88814,8588.996126782768,196.04049808814125,191.44009140575145,8.600797037490866,0.04040741065774078,0.03951011201492882,0.9810456916885472,0.025360058394834906,0.024830444422540787,2.854147667403734,0.02717963196970352,0.02669410511164605,2.8624461543108195
1636042515805110273,4434749725365419520,1480491823,2016.0,250.88136804145648,0.0421065017580986,4.945677898152144,0.031126737594604492,14.10116717082714,0.054943736642599106,256.64739990234375,32.48031234741211,-32.35118626935141,0.05864529684185982,-2.893345899873167,0.05201311782002449,31,0.9375259876251221,False,370,4450.050029656507,3.620844602584839,1229.0087890625,16.56645393371582,43,3154.09517898093,9.132181167602539,345.3824462890625,16.591354370117188,43,1976.6916846794998,7.523036956787109,262.7518310546875,16.50804901123047,0,18,0,19,0,1.1529728174209595,0.08330535888671875,0.024900436401367188,0.05840492248535156,21.95860970686236,30.5898916880823,248.52311529793215,26.970686534793003,0.007153803641148481,1826.191728610316,837.4733105495533,0.00013290151560505216,0.029999999329447746,0.029999999329447746,0.029999999329447746,0,1237662198830727194,16.68829,16.55675,16.67834,16.8376,17.02201,0.007017704,0.004108727,0.005145058,0.005740232,0.01138035,35253393686544,302022672,302153744,4503599929393168,302022672,302022672,0.06395189,4434749725365419520,1237662198830727194,113932508813525267,16.581600189209,16.6818008422852,16.8405990600586,17.0053997039795,17.1229000091553,0.00196500006131828,0.00212100008502603,0.00310300011187792,0.00283299991860986,0.00467600021511316,115000,115000,115000,115000,115000,503635968,60,0.07250899,4434749725365419520,113932508813525267,,,,,,,,,,,,,,,,,,,,,,,,,,,,,,,,14.057973487477287,0.02112917524455104,250.8813680414565,4.945677898152144,0.05055,0.05043,0.05068,10883.36,8.23828,11112.551159387474,94.98913860733228,94.97699172737703,8.251412835668493,0.013164278293759324,0.013570554198585327,0.7592282007820739,0.008618542523513462,0.008795981565587252,0.6894384207845181,0.002603139454376957,0.002675910205813148,7.745399848740447
1636042515805110273,4435378435561709824,226156089,2016.0,249.22168137829945,0.21446900069713593,5.15126778691133,0.1375855803489685,2.3026131569517196,0.26491105556488037,8.692023277282715,17.922849655151367,-7.263568263201866,0.29019999504089355,-16.38502631580385,0.24991223216056824,31,1.0001418590545654,False,475,354.95069967844813,0.824554443359375,430.47576904296875,19.311946868896484,51,272.3593013230836,6.53264856338501,41.6920166015625,19.250686645507812,51,130.44850439317258,7.219971179962158,18.067731857299805,19.45929718017578,0,0,0,0,0,1.1348274946212769,-0.20861053466796875,-0.061260223388671875,-0.14735031127929688,21.235751826769278,32.13732933221551,246.65500544852034,26.922194571524372,0.1744527108013153,184215.0891082103,816.1465481752393,0.7970030164832718,0.20999999344348907,0.20000000298023224,0.20999999344348907,0,1237662198829941630,19.36672,19.19139,19.45501,19.69586,20.04711,0.02627889,0.01064787,0.0144776,0.02141831,0.09851835,68987912448,275146375168,268468224,4503874773745664,275280592896,275280594176,0.03542638,4435378435561709824,1237662198829941630,114182492217192022,19.2124996185303,19.452299118042,19.7481002807617,19.9503993988037,20.0575008392334,0.0150039996951818,0.0133100003004074,0.024380000308156,0.0294090006500483,0.0439639985561371,115000,115000,115000,115000,115000,436527104,52,0.045228474,4435378435561709824,114182492217192022,,,,,,,,,,,,,,,,,,,,,,,,,,,,,,,,2.8429433029352844,0.18738149820633365,249.22168137829945,5.15126778691133,0.22372,0.21954,0.22776,22828.71,8.254442,18527.837573967787,1587.5230295645779,1454.0404836890848,8.307725140648433,0.08915402130714156,0.09058311027995636,0.8080787670994791,0.058912465275964054,0.059788634354392634,0.1808264092712244,0.0189024955717407,0.017009870336987892,1.0022196051288765
1636042515805110273,4435598234807569536,430089471,2016.0,250.4406131930385,0.062887042760849,5.592955858060313,0.04053782671689987,18.0336029925592,0.07766549289226532,232.19581604003906,184.98068237304688,3.1731474191480573,0.08750690519809723,-184.9534627395336,0.0750286877155304,31,0.9960663318634033,False,402,2386.813144920963,1.94844651222229,1224.982666015625,17.242820739746094,46,1431.917749968488,10.280193328857422,139.2889862060547,17.448747634887695,45,1392.70869894198,7.954996109008789,175.07345581054688,16.88824462890625,0,4,0,2,0,1.1834300756454468,0.5605030059814453,0.20592689514160156,0.35457611083984375,22.376334318416816,31.28503305199627,247.92694595453682,27.545781604847384,0.11444435723447943,22846.221368748116,830.4704930535099,0.004110220945825103,0.019999999552965164,0.019999999552965164,0.019999999552965164,0,,,,,,,,,,,,,,,,,,,,,114712504406052381,17.4577007293701,17.2591991424561,17.2329998016357,17.2642002105713,17.2772006988525,0.00377999991178513,0.00323499995283782,0.0028570001013577,0.00548999989405274,0.00681999977678061,115000,115000,115000,115000,115000,436527104,52,0.36110267,4435598234807569536,114712504406052381,,,,,,,,,,,,,,,,,,,,,,,,,,,,,,,,17.962947450647306,0.06366553359442498,250.44061319303847,5.592955858060313,0.04357,0.04348,0.04366,6840.001,7.997502,6912.502843328165,62.971599619690096,61.71791967589343,8.000496683430487,0.022346521511696693,0.022544507022555393,0.5917009334533938,0.013616729353663759,0.013662481925035719,1.6209285192122924,0.01848846997518594,0.01857647198502632,0.8793671910289909
1636042515805110273,4435693484300174336,877503636,2016.0,251.38859360734173,0.366567462682724,6.256011255132868,0.2742653489112854,2.8578946598032617,0.47534632682800293,6.012237071990967,12.6539306640625,-7.372415355457954,0.5588393807411194,-10.284428074632318,0.5049028992652893,95,0.9756037592887878,False,350,183.66998929857039,0.8429295420646667,217.89483642578125,20.027271270751953,22,140.45523318928448,15.040842056274414,9.338255882263184,19.969697952270508,19,117.9364027223006,10.133395195007324,11.638389587402344,19.568775177001953,0,1,0,2,0,1.4068255424499512,0.4009227752685547,-0.05757331848144531,0.45849609375,23.578242355399894,30.76739714635596,248.87218068399287,28.34043160593384,0.0008351591680248234,1272.5094009694803,804.369082386439,0.0009201224690824625,0.23000000417232513,0.20999999344348907,0.25,0,,,,,,,,,,,,,,,,,,,,,,,,,,,,,,,,,,,,,,,,,,,,,,,,,,,,,,,,,,,,,,,,,,,,,,,,,2.326613149348799,0.034975199448558196,251.3885936073417,6.256011255132868,0.23239,0.22281,0.24177,,,8472.0692341565,1198.7635418578157,633.3589841958837,7.168186103742195,0.34923426235524513,0.19960348535460692,0.24444882742055035,0.11717796336310066,0.04445484789331064,0.3418510068616556,0.04090993297905998,0.1934182387216395,2.4054275400895255
1636042515805110273,4436335113756385152,68316816,2016.0,243.93513402031175,0.1233791783452034,3.209891445659851,0.08186352998018265,3.8434438807573,0.16111619770526886,23.855106353759766,17.20991325378418,-5.684120343949238,0.16956916451454163,-16.244134717840822,0.11915094405412674,31,0.947573184967041,False,558,670.558897934819,1.075510859489441,623.4794311523438,18.621274948120117,56,475.6529965040604,7.916189670562744,60.08610534667969,18.64531707763672,59,269.5377878491295,9.5945463180542,28.092811584472656,18.67134666442871,0,17,0,21,0,1.1112980842590332,-0.026029586791992188,0.024042129516601562,-0.05007171630859375,16.017607984206705,35.72030133892889,241.2790780452965,24.087718123690376,0.002305501145061669,2100.695916364785,730.8394986779834,9.14601361126928e-05,0.14000000059604645,0.14000000059604645,0.15000000596046448,0,1237655742953423078,18.97186,18.51098,18.69229,18.95671,19.14115,0.02145746,0.007590867,0.009458107,0.01438922,0.0549527,193583034535952,268468240,268603408,4661929570369552,268468240,275280592912,0.07985619,4436335113756385152,1237655742953423078,111852439351382370,18.5324993133545,18.7411994934082,18.975700378418,19.1718006134033,19.3796005249023,0.0066940002143383,0.00472899992018938,0.0053630000911653,0.00903999991714954,0.0365019999444485,115000,115000,115000,115000,115000,436527104,52,0.040557005,4436335113756385152,111852439351382370,,,,,,,,,,,,,,,,,,,,,,,,,,,,,,,,3.905090751343186,0.04312655198825221,243.93513402031175,3.209891445659851,0.20576,0.20398,0.20746,13211.92,7.91083,14218.21712547381,331.09961852225206,319.77591574778126,8.004455869327682,0.030497228834738266,0.029411462831197,0.6132382312319347,0.018530168927372026,0.01750613992297445,0.24254102235785924,0.006439543409089615,0.006269900672397022,2.5040589454697373
1636042515805110273,4436401054393209856,1803325509,2016.0,243.64539223754414,0.29578453302383423,3.424297984817783,0.21511046588420868,2.7130114465471173,0.4046616554260254,6.704394817352295,2.4680404663085938,-0.27970123157871934,0.4197239279747009,2.452140075732812,0.29578253626823425,31,1.1678518056869507,False,473,270.96546021234764,0.7220034599304199,375.296630859375,19.60508155822754,50,180.68014685025108,8.69288158416748,20.784839630126953,19.696266174316406,52,122.27822159707483,6.245835781097412,19.577560424804688,19.529521942138672,0,0,0,0,0,1.1180700063705444,0.16674423217773438,0.09118461608886719,0.07555961608886719,16.057022422471576,36.07893756690571,240.92272209283144,24.242414468874237,0.11222552505271484,185998.08494712555,708.2394967589343,0.9168551146622793,0.18000000715255737,0.17000000178813934,0.18000000715255737,0,1237662267007238798,20.11788,19.60983,19.66757,19.76507,20.13317,0.04105764,0.01284157,0.01624891,0.02269002,0.09936529,69055021640,275364479560,335577160,4503874840854600,275213484104,275347701832,0.009267512,4436401054393209856,1237662267007238798,112102436454079588,19.6079006195068,19.6828002929688,19.8265991210938,19.9568004608154,19.9734001159668,0.0134230004623532,0.00918599963188171,0.0120999999344349,0.0311590004712343,0.0556849986314774,115000,115000,115000,115000,115000,436527104,52,0.008037399,4436401054393209856,112102436454079588,,,,,,,,,,,,,,,,,,,,,,,,,,,,,,,,2.2550573311478592,0.1815018821234901,243.64539223754412,3.424297984817783,0.21349,0.20879,0.21818,10682.64,7.742506,11019.459773937475,908.3184965180408,782.8098916198378,7.482614356361255,0.11708620990380947,0.13768431452234875,0.35477538185721064,0.049071046769989635,0.05088192104583278,0.24919153885884354,0.015587325269937558,0.023762023583199288,1.5490719486422309
1636042515805110273,4436633390645052032,494545985,2016.0,245.9490992165617,0.3895566463470459,3.9387787864635775,0.2680702805519104,5.424467787395495,0.5405609607696533,10.034886360168457,19.098535537719727,-10.129741532757283,0.5616148710250854,-16.190812397397888,0.3599732220172882,31,1.0288349390029907,False,465,176.19106643679962,0.673008143901825,261.79632568359375,20.072406768798828,46,99.72646052824825,5.718815326690674,17.43830680847168,20.341516494750977,46,103.17688927469116,5.529717922210693,18.65861701965332,19.713939666748047,0,0,0,0,0,1.1516097784042358,0.6275768280029297,0.26910972595214844,0.35846710205078125,18.04404871769251,34.371401030463645,243.3034918145025,25.176483976354728,0.007762226251933116,4354.356031756483,726.0648503852266,0.07032101095796191,0.10000000149011612,0.09000000357627869,0.10000000149011612,0,,,,,,,,,,,,,,,,,,,,,112722459491277037,20.309700012207,20.1436004638672,20.0387992858887,20.0389995574951,19.9654006958008,0.0238320007920265,0.0112779997289181,0.0149720003828406,0.0302189998328686,0.0774400010704994,115000,115000,115000,115000,115000,436527104,52,0.051059525,4436633390645052032,112722459491277037,,,,,,,,,,,,,,,,,,,,,,,,,,,,,,,,6.37539891168915,0.016535650583695653,245.9490992165617,3.9387787864635775,0.17569,0.16754,0.18299,6747.223,8.070582,6965.034157041859,179.4062682711974,174.17773066401787,8.349713005828354,0.053078243408721804,0.05456299015464161,0.815284894912994,0.0359152889100407,0.036547337341760966,3.3062104391573834,0.10555923153171243,0.13612085900215343,1.8172714954237277
1636042515805110273,4436637994850072192,1423288648,2016.0,246.20218081493582,0.20110148191452026,4.0216674554863765,0.1357259750366211,3.7389200520762484,0.24711015820503235,15.130579948425293,26.361560821533203,-26.20777847679612,0.28182655572891235,2.843280413528329,0.21509715914726257,31,1.0090057849884033,False,363,431.6644306358092,1.060144305229187,407.1751708984375,19.09950065612793,38,273.80115267927386,7.4704179763793945,36.65138244628906,19.244953155517578,40,188.4428371980211,6.902568817138672,27.300392150878906,19.059946060180664,0,0,0,0,0,1.0708410739898682,0.18500709533691406,0.14545249938964844,0.039554595947265625,18.285131128991424,34.195523582338566,243.56179363236166,25.30306856068078,0.004613791294726679,4090.7435085953807,725.428230612859,0.0008592664075360306,0.11999999731779099,0.10999999940395355,0.11999999731779099,0,,,,,,,,,,,,,,,,,,,,,112822462022366444,19.0520992279053,19.1839008331299,19.3246002197266,19.4962005615234,19.5512008666992,0.0166859999299049,0.0069369999691844,0.010669999755919,0.0145309995859861,0.0449910014867783,115000,115000,115000,115000,115000,436527104,52,0.09599358,4436637994850072192,112822462022366444,,,,,,,,,,,,,,,,,,,,,,,,,,,,,,,,4.018151803777693,0.019755906265818617,246.2021808149358,4.0216674554863765,0.1946,0.19198,0.19714,10198.64,7.820116,10840.689545378209,330.92595268288096,303.2712356958091,8.02181365874857,0.05098626695084185,0.05150784902046546,0.6151040328899597,0.03171608914237034,0.030984636628100914,0.52887196314367,0.0075875048660590805,0.008376317753292395,2.6699584706001867
1636042515805110273,443671500361839360,1230029699,2016.0,56.037386458190944,0.30735287070274353,52.23359190699695,0.22461551427841187,8.292225712671929,0.4227168560028076,19.616500854492188,94.54216003417969,84.63730485730537,0.4203730523586273,-42.12774321213179,0.3209471106529236,31,1.105872631072998,False,369,290.6186648147409,0.8127382397651672,357.57965087890625,19.5290584564209,24,176.35573523675208,9.68760871887207,18.20425796508789,19.72256851196289,25,196.99610179911514,7.663515090942383,25.705711364746094,19.011751174926758,0,0,0,1,0,1.2846795320510864,0.7108173370361328,0.1935100555419922,0.5173072814941406,147.7262231740557,-2.121537969008851,66.32896950808673,31.54895972399542,0.0012088871149379657,540.2749675725308,1301.56912460552,2.8303819875443324e-07,0.05999999865889549,0.05000000074505806,0.07000000029802322,0,,,,,,,,,,,,,,,,,,,,,170680560372211082,19.8558006286621,19.5139999389648,19.4137001037598,19.3616008758545,,0.0240870006382465,0.0351000018417835,0.00674099987372756,0.0133830001577735,,16892216,16892472,16696,115000,16416,436527104,52,0.1913948,443671500361839360,170680560372211082,,,,,,,,,,,,,,,,,,,,,,,,,,,,,,,,8.146841749313586,0.28849912156327095,56.037386458190944,52.23359190699695,0.06063,0.05251,0.0736,6028.981,8.051568,6127.996474703658,225.02032511457855,206.42489114937234,8.053789886632444,0.09885658320439461,0.09944468009763519,0.621016807585788,0.06319763716825288,0.060829998878917046,2.4354657672593993,0.3316510571412894,0.18613373532541777,1.146069274095299
1636042515805110273,4436784229896676736,1395889378,2016.0,246.78364294954167,0.37917330861091614,4.7345438158498645,0.2595268785953522,2.51305717940151,0.4361020624637604,5.762543678283691,3.29445743560791,-3.2446562792875837,0.5299746990203857,0.5706626405719671,0.4319041669368744,31,1.0174901485443115,False,282,203.8232607992408,0.8696720004081726,234.3679656982422,19.91423225402832,31,129.9046461212107,5.921538829803467,21.937650680541992,20.054479598999023,29,73.82973529973478,6.127091884613037,12.049718856811523,20.077316284179688,0,2,0,1,0,0.9995639324188232,-0.022836685180664062,0.14024734497070312,-0.1630840301513672,19.381180768906596,34.05045902810959,244.05587243473664,26.10689241612349,0.07447860818607246,166129.87113238013,757.259219231238,0.8406649393578278,0.1599999964237213,0.15000000596046448,0.17000000178813934,0,1237662197755216347,20.20947,19.80236,20.02135,20.23679,20.36659,0.0428617,0.01603642,0.0227781,0.03635842,0.1384865,68987912704,275280593408,275146375168,4503874773712896,275146342400,275280592896,0.031299163,4436784229896676736,1237662197755216347,113682467836471937,19.8075008392334,20.0198993682861,20.2856006622314,20.4529991149902,20.6152000427246,0.00849100016057491,0.0114879999309778,0.0181200001388788,0.0340639986097813,0.0511780008673668,115000,115000,115000,115000,115000,436527104,52,0.014731278,4436784229896676736,113682467836471937,,,,,,,,,,,,,,,,,,,,,,,,,,,,,,,,1.710520384335846,0.1572541705381688,246.78364294954167,4.7345438158498645,0.20088,0.19495,0.20653,12758.52,8.127311,14510.8763536179,1563.8621509881687,1402.8178543525846,7.687905769528952,0.13735565419816886,0.13784525992998198,0.45067602957595276,0.06977781079286527,0.06261412908841157,0.13331559709267846,0.024167953296958394,0.019968468723176355,1.2461500961488627
1636042515805110273,443717439338181376,1768823959,2016.0,55.760382288813446,0.46859803795814514,52.30879078026752,0.35530367493629456,4.481052522394034,0.624818742275238,7.171763896942139,19.47368621826172,4.46362842726665,0.5833916068077087,-18.955222173657717,0.5173905491828918,31,1.0687206983566284,False,334,155.7457614557194,0.6956254243850708,223.8931427001953,20.20632553100586,32,83.79367631949388,8.129379272460938,10.307512283325195,20.530513763427734,35,102.62816501908854,7.9346747398376465,12.934136390686035,19.719728469848633,0,1,0,0,0,1.1969624757766724,0.8107852935791016,0.324188232421875,0.48659706115722656,147.5457907755778,-2.1648586536397647,66.16000599104633,31.665921326253073,0.1725591468070739,143840.97888500264,1307.617012443012,1.1466202477831455,0.6100000143051147,0.5199999809265137,0.7200000286102295,0,,,,,,,,,,,,,,,,,,,,,170770557604211248,20.4058990478516,20.2842998504639,20.2397003173828,20.0842990875244,20.4638996124268,0.0208669994026423,0.0312239993363619,0.0280009992420673,0.038136001676321,0.200268998742104,115000,115000,115000,115000,115000,436527104,52,0.010845221,443717439338181376,170770557604211248,,,,,,,,,,,,,,,,,,,,,,,,,,,,,,,,4.322970570118918,0.2612794835464145,55.760382288813446,52.30879078026752,0.44734,0.35706,0.52104,6887.793,7.630919,7932.568624052808,699.6632325609262,608.7925814250257,8.033111169184114,0.18606518146144246,0.19157236440956193,0.6142892035485832,0.11850838966544486,0.11127888675640674,1.193563186226771,0.0980358754640065,0.07807235791303402,2.0491665224072713
1636042515805110273,4437514241196261120,279027572,2016.0,242.76166828271027,0.5482043623924255,4.896437102234486,0.5270317792892456,7.845493749440493,0.6352869868278503,12.349526405334473,30.771154403686523,-13.581063259662177,0.7980974316596985,27.611930588824677,0.7016248106956482,31,0.979509174823761,False,299,121.23841380619565,0.7165673971176147,169.1933135986328,20.4782657623291,30,70.11799550986913,5.310702800750732,13.203147888183594,20.723968505859375,27,81.08229856187351,6.758916854858398,11.996344566345215,19.9755802154541,0,0,0,0,0,1.2471319437026978,0.7483882904052734,0.24570274353027344,0.502685546875,17.06290274348873,37.594193687466806,239.64955603851226,25.511273439659004,0.0938668796958871,39944.448909710794,679.9099168885768,1.1998160579001893,0.07000000029802322,0.07000000029802322,0.07999999821186066,0,1237655745100317494,21.87742,20.9814,20.43183,20.19925,20.05998,0.1825456,0.0353127,0.03222663,0.0397585,0.1222477,68987912192,275280592896,275146375168,4503874773745664,275146375168,275280592896,0.085767604,4437514241196261120,1237655745100317494,113872427617086112,21.0231990814209,20.4775009155273,20.2756004333496,20.1427001953125,19.8964996337891,0.0245370008051395,0.0146909998729825,0.0192889999598265,0.0372800007462502,0.157802000641823,115000,115000,115000,115000,115000,436527104,52,0.08319119,4437514241196261120,113872427617086112,,,,,,,,,,,,,,,,,,,,,,,,,,,,,,,,8.423460380237858,0.018661509875332657,242.76166828271027,4.896437102234486,0.10808,0.0935,0.1221,6159.27,8.628322,5450.304660368629,83.78682363560165,82.18010330185643,8.379870059637117,0.04387842420872623,0.04485999711598865,0.8303447634395421,0.02996366980248888,0.03021608808047649,7.066923097742854,0.16229704924759503,0.1855188369402443,3.9893202325518837
1636042515805110273,4437842960812987520,1159777337,2016.0,244.85336279335556,0.06751897931098938,5.535446175497789,0.044443629682064056,13.935231050254131,0.08359847217798233,166.69241333007812,42.04436492919922,-34.63094817552965,0.10661833733320236,-23.841686062657605,0.07720018178224564,31,0.9667884707450867,False,319,2824.606745668626,2.3171768188476562,1218.986328125,17.059972763061523,26,1894.0020329922886,24.543432235717773,77.16940307617188,17.145092010498047,28,1528.7524119431484,35.312503814697266,43.29209899902344,16.787052154541016,0,1,1,2,0,1.2117631435394287,0.35803985595703125,0.08511924743652344,0.2729206085205078,19.06471167236894,36.11696962044176,241.78414586803822,26.54493925752229,0.005104483256823137,1302.4807136315608,691.3690727911934,1.4703571919727109e-05,0.029999999329447746,0.029999999329447746,0.029999999329447746,0,1237662264329830531,18.40805,17.81767,17.54439,17.79735,22.8269,0.01915321,0.007164476,0.007003366,0.009473584,0.7387217,72092813073449232,72057594340081680,72057594357907472,4503599930966032,72057594340999184,9007199699370288,0.10163751,4437842960812987520,1237662264329830531,114642448534363040,17.0974006652832,16.8390007019043,17.0377006530762,17.0244007110596,16.6835994720459,0.00789199955761433,0.0577370002865791,0.0374540016055107,0.00793899968266487,0.025645999237895,16892216,16892216,16892216,16892216,16892216,444915712,53,0.09717242,4437842960812987520,114642448534363040,,,,,,,,,,,,,,,,,,,,,,,,,,,,,,,,14.06476620366305,0.019876808021890516,244.8533627933556,5.535446175497789,0.04808,0.04789,0.04826,8303.331,7.955167,6634.766422742645,56.355624065395205,53.05649444253049,7.49326594259578,0.027953501392555147,0.027702500460135226,0.3388278402780256,0.011368391971837422,0.0108516187002618,0.9909401987660867,0.010180831914570976,0.010315441483088494,40.479515224416744
1636042515805110273,4438162300221692416,1252742258,2016.0,244.5541749127189,0.11957260221242905,6.116323902560014,0.09325873106718063,6.352601004022554,0.16387152671813965,38.76573944091797,80.0051498413086,29.140665088169083,0.1596704125404358,-74.50936230420649,0.13112877309322357,95,1.435056209564209,False,265,5319.886030292875,31.648818969726562,168.0911407470703,16.37261199951172,2,60672.821749333,5945.66650390625,10.204545021057129,13.381056785583496,2,27178.67174468582,1503.4678955078125,18.077320098876953,13.662324905395508,0,2,0,2,0,16.513792037963867,-0.2812681198120117,-2.9915552139282227,2.710287094116211,19.50931979653486,36.662783886731916,241.33285129342912,27.058508149158055,0.0010608863065566887,569.3553414189541,667.8141412135928,6.24972910076817e-07,-99.0,1e+20,1e+20,999999,,,,,,,,,,,,,,,,,,,,,,,,,,,,,,,,,,,,,,,,,,,,,,,,,,,,,,,,,,,,,,,,,,,,,,,,,6.6672225134573235,0.022168258482705476,244.55417491271888,6.116323902560014,0.12344,0.12101,0.12581,,,11672.374783925963,4258.010719999342,1040.407911376542,6.992852828259963,0.43289454304489183,0.12563025545421436,0.2256534835231781,0.12788349894942685,0.02565949822957525,0.026217184775485763,0.030916480111537102,0.018458462155730118,18.87785152850286
1636042515805110273,4438653541403499776,1316370933,2016.0,246.53641357116135,0.0657406598329544,5.877619915817913,0.0508040152490139,11.921668400241558,0.08765414357185364,136.00804138183594,43.32416915893555,-18.86460588299691,0.08533904701471329,-39.00141565748491,0.06237437203526497,31,1.0369954109191895,False,538,1862.6334433077939,1.5717393159866333,1185.077880859375,17.512048721313477,56,1261.6663432213077,9.751653671264648,129.37973022460938,17.586181640625,55,902.8637981935068,8.744918823242188,103.24439239501953,17.35883903503418,0,5,0,4,0,1.1620805263519287,0.2273426055908203,0.07413291931152344,0.15320968627929688,20.44146456692634,34.826726738118246,243.5592427824208,27.18865184186435,0.002570876664625279,782.7806305916275,772.8564036542438,1.554610733968233e-05,0.03999999910593033,0.03999999910593033,0.03999999910593033,0,1237661949744382075,18.00933,17.54983,17.59738,17.66783,17.86231,0.01343,0.005029466,0.0056956,0.006800241,0.02124373,52845579730960,302022672,302022672,4503599929393168,17592488198160,275179929616,0.041200478,4438653541403499776,1237661949744382075,115052465364203728,17.5508995056152,17.5893001556396,17.6902008056641,17.8162002563477,17.8812007904053,0.00568899977952242,0.0050849998369813,0.00492200022563338,0.00824899971485138,0.0139239998534322,115000,115000,115000,115000,115000,436527104,52,0.106925264,4438653541403499776,115052465364203728,,,,,,,,,,,,,,,,,,,,,,,,,,,,,,,,11.814868353783814,0.0530467723588161,246.53641357116132,5.877619915817913,0.05451,0.05416,0.05485,9371.833,8.301989,9452.922439201564,114.3326580835801,111.73342352913096,8.299243462078572,0.024271285761091832,0.024185543608034266,0.7869490984674287,0.016304979822454158,0.016138871492584417,1.1429582419454372,0.011042632337545877,0.011499079519390998,2.960233835061389
1636042515805110273,4438695868301221760,380532959,2016.0,247.06001084493337,0.2465609312057495,6.2591664662272715,0.18897266685962677,5.29885323466359,0.33444076776504517,15.843921661376953,22.42188835144043,1.9522855486084967,0.32088786363601685,-22.33673412501495,0.23489344120025635,31,1.022365927696228,False,490,283.9638066747947,0.7826842665672302,362.8076171875,19.554208755493164,47,179.87157001960833,5.246033191680908,34.28715896606445,19.701135635375977,47,139.21966376960384,6.735597610473633,20.66923713684082,19.388643264770508,0,2,0,1,0,1.1237038373947144,0.31249237060546875,0.1469268798828125,0.16556549072265625,21.154059298408903,34.5558559161114,244.06071480648365,27.656127499943906,0.004303479201214703,3135.9233086474705,768.4000652476707,0.0007661203762116097,0.10000000149011612,0.10000000149011612,0.10999999940395355,0,1237662635841814614,20.18919,19.69046,19.5664,19.53385,19.63225,0.04171422,0.01374817,0.01476518,0.01868439,0.06172167,35253360398864,275146375696,268468752,4503874774110224,275146735632,275146375696,0.030203314,4438695868301221760,1237662635841814614,115512470600301521,19.6763000488281,19.5604000091553,19.6100006103516,19.6816005706787,19.6977005004883,0.0119540002197027,0.0165040008723736,0.0078959995880723,0.021526999771595,0.0275289993733168,115000,115000,115000,115000,115000,436527104,52,0.042948402,4438695868301221760,115512470600301521,,,,,,,,,,,,,,,,,,,,,,,,,,,,,,,,4.902205897964895,0.013764037651286387,247.06001084493337,6.259166466227272,0.14702,0.1424,0.15154,8681.649,8.285042,8169.128135056907,135.40122505575255,134.28891227587974,7.994826729009392,0.03949937710333007,0.04109561115955973,0.5919508570260454,0.023901511200024705,0.024491952057214328,1.048938930438272,0.017864743571226027,0.016238615428451064,2.4681875144376946
1636042515805110273,4438822655736145408,196120465,2016.0,247.07305903752294,0.19793091714382172,6.765853120866269,0.15510399639606476,12.301815226006958,0.28002119064331055,43.931732177734375,46.55484390258789,16.02704974982469,0.2679811120033264,-43.70912075918379,0.19925600290298462,31,0.9693780541419983,False,521,407.7028749327453,0.7907876372337341,515.5655517578125,19.16150665283203,38,206.12832053708678,6.102310657501221,33.77873229980469,19.553197860717773,39,290.7117580597395,6.481149673461914,44.8549690246582,18.5892391204834,0,0,0,1,0,1.218632698059082,0.963958740234375,0.3916912078857422,0.5722675323486328,21.70239817009527,34.787217036275116,243.97459135546168,28.15723331014041,0.0009724323122150722,288.6923820651371,741.6620348082323,2.0548380427164916e-05,0.03999999910593033,0.029999999329447746,0.03999999910593033,0,1237662533827691056,21.2245,19.76216,19.19629,18.94215,18.91354,0.110865,0.01564509,0.01341704,0.01353436,0.04036585,35253393686544,275179929616,302153744,4503599929524240,302022672,302022672,0.05433568,4438822655736145408,1237662533827691056,116112470730439607,19.6348991394043,19.1441993713379,18.9305000305176,18.8255996704102,18.7980003356934,0.01016900036484,0.00961500033736229,0.00521699991077185,0.00849900022149086,0.0248290002346039,115000,115000,115000,115000,115000,436527104,52,0.13260591,4438822655736145408,116112470730439607,,,,,,,,,,,,,,,,,,,,,,,,,,,,,,,,12.102649545790152,0.1153987907899726,247.07305903752297,6.765853120866269,0.05235,0.05143,0.05336,5395.956,8.063336,5282.061948971454,43.437852808425305,44.45950751075634,7.957857070540168,0.03009726818785996,0.03146144807637974,0.5572202963518758,0.018208645407060464,0.01884572641348914,3.566665799323763,0.15401691878650547,0.1243166761521679,3.22064034377474
1636042515805110273,4439127980667256704,1386405532,2016.0,249.47001812485678,0.3209860622882843,7.492383508226709,0.23147082328796387,5.633597029039051,0.3882941007614136,14.50858211517334,36.320884704589844,17.677345440823988,0.4779995381832123,-31.728822199982883,0.44721555709838867,31,1.0564054250717163,False,385,215.6072528185927,0.7507839798927307,287.1761474609375,19.853208541870117,38,123.97662626092287,5.86482048034668,21.1390323638916,20.105192184448242,36,121.98111136971346,6.607040882110596,18.462291717529297,19.532163619995117,0,0,0,0,0,1.1407674551010132,0.573028564453125,0.251983642578125,0.321044921875,23.8215973597176,33.02881060083352,246.50905982575688,29.27276180250541,0.0017127414177762212,1151.824347676338,770.6282344509573,5.845699838064429e-05,0.11999999731779099,0.10999999940395355,0.11999999731779099,0,,,,,,,,,,,,,,,,,,,,,116992494699691370,20.0618000030518,19.8656005859375,19.8451995849609,19.7903003692627,19.8241004943848,0.00922800041735172,0.00652700010687113,0.0149529995396733,0.0156289990991354,0.0251790005713701,115000,115000,115000,115000,115000,436527104,52,0.09125267,4439127980667256704,116992494699691370,,,,,,,,,,,,,,,,,,,,,,,,,,,,,,,,5.3204403635816035,0.07621758783964057,249.4700181248568,7.492383508226709,0.14626,0.13909,0.15245,7021.229,8.065538,6964.211134616055,171.54512965562662,164.36121865605855,7.932259591682372,0.05937860309666387,0.06144779391285571,0.5520193782812095,0.034978746846502595,0.03522996328669725,1.4418834490328405,0.03822582906100136,0.037253502530516736,1.7152453151833595
1636042515805110273,4439438004289304832,279315264,2016.0,246.1232234133123,0.1840030550956726,6.287111959492497,0.13418103754520416,3.057368278825068,0.2395097315311432,12.765110969543457,33.80660629272461,-33.77216434473115,0.2295251190662384,1.5256527619856464,0.1704372763633728,31,0.8874595761299133,False,493,450.9009013095241,0.9673155546188354,466.1363220214844,19.05216407775879,50,317.8067652484618,5.290505409240723,60.0711555480957,19.083133697509766,46,170.01954342991047,5.675355911254883,29.95751190185547,19.171648025512695,0,2,0,3,0,1.081892490386963,-0.08851432800292969,0.030969619750976562,-0.11948394775390625,20.6351399210687,35.38474845695166,243.02130057533756,27.517597186004853,0.0014991324608247122,1765.203392848361,752.1662610522974,0.0001417159455022192,0.15000000596046448,0.14000000059604645,0.1599999964237213,0,1237662199365435784,19.34429,18.95521,19.1645,19.39826,19.54069,0.02640611,0.009333245,0.01200748,0.01657321,0.07014967,35253360001552,275280592912,268468240,4503599895838736,275146375184,275280593424,0.00959014,4439438004289304832,1237662199365435784,115542461232964988,18.9699993133545,19.1636009216309,19.4008007049561,19.5604000091553,19.6615009307861,0.0129239996895194,0.0120179997757077,0.00876399967819452,0.0343529991805553,0.0622989982366562,115000,115000,115000,115000,115000,436527104,52,0.07865437,4439438004289304832,115542461232964988,,,,,,,,,,,,,,,,,,,,,,,,,,,,,,,,2.946733826217019,0.1874672507742607,246.12322341331236,6.287111959492497,0.16873,0.16534,0.17223,14434.45,7.971711,13925.025178261056,1020.4546560219314,965.9035207400011,7.866613519199416,0.0945707035401675,0.0970893680902769,0.5363424090575586,0.05390566480258474,0.05218911443369495,0.20683622689822762,0.020075411722503073,0.016913848406559018,1.286400340605552
1636042515805110273,4439532527930024576,1024881044,2016.0,246.10882628689214,0.3703484535217285,6.7315935265459945,0.27531030774116516,3.6891861480343726,0.5034880042076111,7.327256679534912,27.58473014831543,-21.169664532723143,0.5326865911483765,17.685097076215857,0.368903785943985,31,0.9402086138725281,False,476,158.4778818757474,0.6535793542861938,242.4768829345703,20.18744468688965,49,96.80273581179613,7.090206623077393,13.653020858764648,20.373823165893555,46,79.1825977198898,6.153682708740234,12.867513656616211,20.00132179260254,0,1,0,2,0,1.110472559928894,0.3725013732910156,0.18637847900390625,0.18612289428710938,21.104917218224912,35.61166787338831,242.91403283990044,27.952055724822518,0.0012741338910523157,1498.1327102471623,725.1099207266752,9.805324109047643e-05,0.11999999731779099,0.10999999940395355,0.15000000596046448,0,1237662636378227256,20.83023,20.39004,20.28942,20.35269,20.38788,0.06643824,0.02103356,0.02314211,0.03235532,0.1148624,35253393686544,275180060688,275179929616,4503874807300112,275179929616,275179929616,0.052349936,4439532527930024576,1237662636378227256,116072461088578360,20.346700668335,20.1788005828857,20.1543006896973,20.1783008575439,19.9643993377686,0.0249249991029501,0.0481869988143444,0.0172019992023706,0.030817000195384,0.148966997861862,115000,115000,115000,115000,115000,436527104,52,0.059643414,4439532527930024576,116072461088578360,,,,,,,,,,,,,,,,,,,,,,,,,,,,,,,,3.0494401085562775,0.1022382193257168,246.1088262868921,6.7315935265459945,0.15555,0.1492,0.16222,8561.191,8.143472,7930.295411197158,273.12361416424574,254.2327653624052,7.631622421473054,0.09271040167746136,0.09103438288077736,0.40184316658712743,0.04402854191042965,0.03965351980462811,0.7390494087069504,0.016415987032039725,0.015408343854757423,3.9383041273924118
1636042515805110273,4439708209274739968,701192023,2016.0,245.4421221829747,0.10181728005409241,6.720160448242298,0.08073392510414124,4.485908658292876,0.1391618847846985,32.23518371582031,8.451302528381348,8.425152963767232,0.12992547452449799,-0.6643122849518605,0.10631408542394638,31,1.0236732959747314,False,404,1091.6402862535047,1.473594069480896,740.8012084960938,18.0921688079834,6,851.4432925540174,33.87001419067383,25.13855743408203,18.013153076171875,7,510.6378454927983,33.452510833740234,15.264559745788574,17.97761344909668,0,0,0,0,0,1.2477381229400635,0.03553962707519531,-0.07901573181152344,0.11455535888671875,20.69901801483647,36.18649094543073,242.1802049769325,27.81855752378214,0.0007056277998714294,560.0907025483984,696.7803408563178,2.098502505117646e-06,0.10000000149011612,0.10000000149011612,0.10000000149011612,0,1237662199901978730,18.21315,18.03553,18.22657,18.57202,18.76446,0.01316245,0.006352613,0.008062314,0.01291212,0.03853641,193583034531856,268599312,158329942999056,4503599895838736,268468240,402685968,0.01694409,4439708209274739968,1237662199901978730,116062454421204693,17.9937000274658,18.2332000732422,18.4871006011963,18.0303001403809,,0.00703100021928549,0.0105600003153086,0.0110250003635883,0.0198589991778135,,115000,16696,16696,16793912,16416,436527104,52,0.002241215,4439708209274739968,116062454421204693,,,,,,,,,,,,,,,,,,,,,,,,,,,,,,,,4.4897013556652485,0.038201206269712955,245.44212218297477,6.720160448242298,0.14232,0.1408,0.14392,12182.08,7.710656,15704.70735627168,431.3393525030406,418.2910724125468,8.00194455590664,0.0344014159750099,0.03438679999452887,0.6152066206444469,0.02089247345099099,0.020402358562658374,0.17491053508467905,0.005969172168881903,0.005574014045064912,14.936079556886101
1636042515805110273,4439714634542741888,1589536808,2016.0,245.59600336759,0.1539720594882965,6.821476920372279,0.12585122883319855,5.554459234738937,0.22780665755271912,24.382339477539062,18.850873947143555,-18.074195684921825,0.18565621972084045,-5.355267688337383,0.1522287130355835,31,0.9570437669754028,False,397,627.5265701128656,1.1405608654022217,550.1912231445312,18.693286895751953,41,440.80970490587754,10.116430282592773,43.57364273071289,18.727914810180664,39,280.54903362930474,9.639799118041992,29.10320281982422,18.62787437438965,0,17,0,16,0,1.1495269536972046,0.10004043579101562,0.03462791442871094,0.06541252136230469,20.9001421494197,36.10142281375833,242.32867466238037,27.94659295973835,0.277065561492107,179573.92055978702,709.8310461898532,1.03108420239617,0.09000000357627869,0.09000000357627869,0.09000000357627869,0,1237662199902044503,19.03835,18.66581,18.7881,18.9519,19.1447,0.02022827,0.008196303,0.009690465,0.01375746,0.04224949,35253360132112,275146375184,268468240,4503599895838736,268468240,275146506256,0.025111265,4439714634542741888,1237662199902044503,116182455960556275,18.6735000610352,18.7681999206543,18.9395008087158,19.096399307251,19.2327995300293,0.00984600000083447,0.00840399973094463,0.00526499981060624,0.00800999999046326,0.0244260001927614,115000,115000,115000,115000,115000,436527104,52,0.044188336,4439714634542741888,116182455960556275,,,,,,,,,,,,,,,,,,,,,,,,,,,,,,,,5.449157689021336,0.2192780506497847,245.59600336759,6.821476920372279,0.12962,0.12663,0.13262,11059.47,8.297237,11545.241225870413,525.925578989938,466.6556983637656,8.313598268360675,0.058850839760415496,0.06049032356823503,0.8006966090368921,0.039029870770471264,0.04040117274638533,0.6859780223376601,0.017558097081555424,0.020011145900046712,0.8636400405711709
1636042515805110273,4439980991237586432,1514722311,2016.0,246.15707608295367,0.6719485521316528,8.234227549445361,0.5149398446083069,5.57229719604346,0.951572060585022,5.8558855056762695,63.1005973815918,-17.24435173074841,0.8769831657409668,-60.698579405603134,0.5997369289398193,95,1.0184197425842285,False,286,137.61107400034993,0.9698532819747925,141.8885498046875,20.34073257446289,17,149.74530635185113,23.795074462890625,6.293121814727783,19.90015983581543,15,161.23517652781769,26.983219146728516,5.975387096405029,19.229246139526367,0,0,0,0,0,2.2598507404327393,0.6709136962890625,-0.44057273864746094,1.1114864349365234,22.768402972563276,36.27999487755818,242.65330782895964,29.43795515083688,0.001404750663321813,1080.1570676291524,716.8338636858966,2.0502809001113953e-06,-99.0,1e+20,1e+20,999999,1237668349223370936,24.98019,18.16053,16.6843,15.79645,23.43149,6.945547,0.02917544,0.009195086,0.005188387,4.668167,387097081286928,9007199397515537,290552819587911697,4574243518320657,268865552,9007199397380369,0.039473705,4439980991237586432,1237668349223370936,,,,,,,,,,,,,,,,,,,,,,,,,,,,,,,,,,,,,,,,,,,,,,,,,,,,,4.674041289546678,0.09721448681497243,246.1570760829537,8.234227549445361,0.11843,0.1056,0.12967,,,7629.461102954163,4270.2867879490495,1862.2693674451994,8.293876323899546,0.7529916799168834,0.8032852133697039,0.7796589431542864,0.4360870073247147,0.44778120268147403,1.7962116702763322,0.6899074277730461,0.430262817718861,4.008771574505474
1636042515805110273,4440124271344824064,1349945626,2016.0,247.40219241878842,0.2750990390777588,8.24410061962569,0.20703120529651642,2.8786103532554383,0.38118091225624084,7.551821708679199,26.220285415649414,15.268348212229327,0.4028299152851105,-21.31621256541241,0.26520293951034546,31,0.9508609771728516,False,479,244.82381438180641,0.7695633769035339,318.1333923339844,19.715232849121094,49,166.9840125519684,5.859759330749512,28.496736526489258,19.7818546295166,47,97.59787500335963,5.4467692375183105,17.918489456176758,19.774293899536133,0,0,0,0,0,1.0807032585144043,0.00756072998046875,0.06662178039550781,-0.05906105041503906,23.482758201334416,35.19262553481328,244.04463208519513,29.669824354672645,0.0011802119122078293,1703.943986766636,704.4197781247287,0.005808004176285853,0.17000000178813934,0.1599999964237213,0.18000000715255737,0,1237662638526104108,20.08366,19.6667,19.78662,19.92336,20.11051,0.04174913,0.01290642,0.0165877,0.02600649,0.09963547,35253360136208,275146375184,268603408,4503599895838736,268468240,275146506256,0.037982255,4440124271344824064,1237662638526104108,117892474021773475,19.6634998321533,19.80419921875,19.989200592041,20.1501998901367,20.1525993347168,0.0198090001940727,0.0104010002687573,0.0150039996951818,0.0470370016992092,0.0509710013866425,115000,115000,115000,115000,115000,436527232,52,0.012502661,4440124271344824064,117892474021773475,,,,,,,,,,,,,,,,,,,,,,,,,,,,,,,,2.6460912408248203,0.2522390836633229,247.4021924187884,8.24410061962569,0.16281,0.15677,0.16901,13174.56,8.218008,11922.033660535106,1240.1581087811355,1092.3605564016125,7.970595873612986,0.11816252629500035,0.1526601993062231,0.5882798585118463,0.07269002726877627,0.08656169562606908,0.3825798048284126,0.03068411214925698,0.042672183614013925,1.209969009832196
1636042515805110273,4440676638498789248,801302564,2016.0,253.044596913827,0.060428012162446976,5.728464210287414,0.044759511947631836,7.062261208289682,0.08481628447771072,83.26538848876953,30.258255004882812,-30.255899562779216,0.08218277990818024,0.3775457545477101,0.05878737196326256,31,1.0231066942214966,False,547,2307.300514197257,1.8185232877731323,1268.7769775390625,17.279605865478516,60,1665.0359963003193,8.062671661376953,206.51168823242188,17.284982681274414,59,904.2754367126594,8.262617111206055,109.4417724609375,17.35714340209961,0,1,0,1,0,1.1135573387145996,-0.07216072082519531,0.0053768157958984375,-0.07753753662109375,23.930917907584753,29.06524665282917,250.8055108611605,28.04494192449572,0.007740690866737414,3976.6455624148084,867.0761299646458,0.0002683272151876932,0.10999999940395355,0.10999999940395355,0.10999999940395355,0,1237662200442191940,17.60831,17.20408,17.43044,17.65395,17.90067,0.01065537,0.004661518,0.00542311,0.006829074,0.01900798,35253394735120,302022672,302022672,4503874807300112,275180978192,275179929616,0.056700457,4440676638498789248,1237662200442191940,114872530446204634,17.1868000030518,17.417200088501,17.6404991149902,17.8533000946045,18.0170001983643,0.00391300022602081,0.00452399998903275,0.00514099979773164,0.00810700003057718,0.0159670002758503,115000,115000,115000,115000,115000,436527104,52,0.07235974,4440676638498789248,114872530446204634,,,,,,,,,,,,,,,,,,,,,,,,,,,,,,,,6.974956767746623,0.017134970058567005,253.044596913827,5.728464210287414,0.15983,0.15601,0.16371,14157.34,8.002936,14355.594191563483,282.64408501146863,275.60241354151367,7.995092320632585,0.024208002402060558,0.024432519456417445,0.6081753213590851,0.014587489243313656,0.014591452882357747,0.23169840857678328,0.005494404117504514,0.0051689041415879655,1.8554386109823986
1636042515805110273,4441216640441255040,1496380370,2016.0,254.1307223078805,0.16152749955654144,6.7728777969227565,0.14660993218421936,9.009748912049774,0.23142631351947784,38.931392669677734,125.41499328613281,-103.05327572010958,0.2295309454202652,-71.47686692826818,0.18373988568782806,31,1.0095596313476562,False,343,526.9722978745762,1.1036006212234497,477.5027160644531,18.882898330688477,2,279.234300042458,15.408699035644531,18.12186050415039,19.22361946105957,2,341.2717853018566,59.50739669799805,5.734947204589844,18.415143966674805,0,0,0,0,0,1.1774928569793701,0.8084754943847656,0.34072113037109375,0.4677543640136719,25.558434738562134,28.592412793037532,251.87313407163762,29.219000819599227,0.0005514653785439826,221.63405607995733,849.8873961107212,1.225114690238915e-07,0.07000000029802322,0.05999999865889549,0.07000000029802322,0,,,,,,,,,,,,,,,,,,,,,,,,,,,,,,,,,,,,,,,,,,,,,,,,,,,,,,,,,,,,,,,,,,,,,,,,,8.914754816112415,0.06547971215041178,254.1307223078805,6.7728777969227565,0.08287,0.07887,0.08749,5749.879,7.574986,5903.6693199575775,541.2677932890265,397.7538999935523,7.593909574390258,0.2947569500064864,0.2771422088116644,0.37572683372084026,0.14937210371334164,0.10923133018642334,1.448680164796655,0.20554624568795044,0.14808546909622544,0.2507143947193347
1636042515805110273,4441319960176301184,1254026021,2016.0,255.5426878673703,0.3639053702354431,7.3521089668424935,0.2750163972377777,5.2844926337381075,0.46346980333328247,11.402021408081055,48.835880279541016,41.26403296343415,0.4440707862377167,26.119391555854897,0.3618652820587158,31,0.9732635617256165,False,394,199.2511363911589,0.7549866437911987,263.9134521484375,19.938865661621094,41,119.24845908773837,7.42622184753418,16.057756423950195,20.147409439086914,41,129.49640924262152,8.152889251708984,15.883499145507812,19.46725082397461,0,1,0,1,0,1.248398780822754,0.6801586151123047,0.2085437774658203,0.4716148376464844,26.865639109077183,27.607837315514065,253.39330382502044,29.96172242966223,0.0021907664399637683,1507.8366492698515,925.0085292500958,4.581254180953844e-06,0.2199999988079071,0.20999999344348907,0.23000000417232513,0,,,,,,,,,,,,,,,,,,,,,116822555426162949,20.0681991577148,19.7978000640869,19.6938991546631,19.7436008453369,19.3386001586914,0.0171789992600679,0.0200420003384352,0.0111530004069209,0.0728219971060753,0.0540300011634827,115000,16892216,115000,16892216,16892216,444915712,53,0.08227574,4441319960176301184,116822555426162949,,,,,,,,,,,,,,,,,,,,,,,,,,,,,,,,5.204114225300745,0.012641111742811791,255.5426878673703,7.352108966842493,0.226,0.21074,0.23852,6648.102,7.812765,6318.205746528227,178.43694901380513,169.42491907366002,7.535683703533547,0.08530184107033811,0.08653672036782467,0.3542488823592568,0.03713002332858589,0.034873217993242,1.1614885488360454,0.02759157073929064,0.02728072860746744,6.069601191008292
1636042515805110273,4441343908912938880,1237929939,2016.0,254.824832311419,0.28716135025024414,7.171852173182087,0.24590401351451874,3.19456404190456,0.3772895038127899,8.467143058776855,14.8548002243042,-7.705369110460496,0.401699036359787,12.700093980976748,0.3214779198169708,95,0.9325124025344849,False,294,241.45597651401064,0.8969600200653076,269.1936950683594,19.73027229309082,8,220.1854778433013,16.121057510375977,13.658252716064453,19.481571197509766,9,191.53841306142803,20.95125961303711,9.142095565795898,19.042255401611328,0,0,0,0,0,1.7051717042922974,0.4393157958984375,-0.2487010955810547,0.6880168914794922,26.319127241700585,28.161221247917037,252.60246726480472,29.69921282933714,0.0006696793856751066,1131.9758121192133,886.8113429080408,0.001917387257903951,0.30000001192092896,0.25999999046325684,0.3199999928474426,0,,,,,,,,,,,,,,,,,,,,,,,,,,,,,,,,,,,,,,,,,,,,,,,,,,,,,,,,,,,,,,,,,,,,,,,,,2.100465948073906,0.03393373257967918,254.82483231141896,7.171852173182087,0.27172,0.26038,0.28339,,,12943.09140736928,8781.34083616779,3173.5884748355184,7.6150996663065555,0.6546992262284306,0.4883235621876345,0.41399316230635363,0.37548441290272594,0.1718201649560635,0.15245379392340722,0.057550991493668296,0.06895821361930045,4.834928593582138
1636042515805110273,4441388061177970816,376205889,2016.0,255.37283091425797,0.1067686527967453,7.653230605279443,0.08352167159318924,3.8946421870723387,0.1452731490135193,26.809097290039062,23.98752784729004,-2.9178828668725267,0.1388196498155594,-23.80939922115575,0.11392136663198471,31,0.8995111584663391,False,424,828.8560730248283,1.2047199010849,688.0072631835938,18.39116859436035,47,595.9078477263008,7.305276393890381,81.57225036621094,18.40059471130371,45,324.33064867440453,10.769425392150879,30.115873336791992,18.47042465209961,0,1,0,2,0,1.1102513074874878,-0.06982994079589844,0.009426116943359375,-0.07925605773925781,27.08372394368739,27.893817144572385,253.15976728684467,30.241388587776715,0.022230685885153107,20179.27822136403,923.4169798191767,0.0037701746464727823,0.25,0.23999999463558197,0.25,0,,,,,,,,,,,,,,,,,,,,,117182553728344383,18.3106994628906,18.5139999389648,18.7518005371094,18.9528999328613,19.1511001586914,0.00772600015625358,0.00365399988368154,0.00740299979224801,0.014550999738276,0.015620999969542,115000,115000,115000,115000,115000,436527104,52,0.057652008,4441388061177970816,117182553728344383,,,,,,,,,,,,,,,,,,,,,,,,,,,,,,,,3.9129318436910046,0.08050178667738556,255.372830914258,7.653230605279443,0.25212,0.24892,0.25529,16149.66,7.961231,16349.255136955127,1284.1127499581871,1136.8389433664834,7.998336023424024,0.08630651525881028,0.08484334816390238,0.6146279189784922,0.053141580737538385,0.050106010566161485,0.15124704410187367,0.015343060982005913,0.014780046103724048,0.8682806946022616
1636042515805110273,4441471688484165376,439107384,2016.0,253.5164753270037,0.33044740557670593,7.127857234053377,0.24018876254558563,2.887955200574067,0.4442921578884125,6.500126361846924,5.892422199249268,-4.807716749483897,0.5306112170219421,3.40683123074656,0.35966527462005615,31,1.0048096179962158,False,412,195.45405077604136,0.6995308995246887,279.4073181152344,19.959754943847656,46,136.04114126292086,6.760075569152832,20.124204635620117,20.004365921020508,45,78.77038773039419,6.684077739715576,11.784780502319336,20.006988525390625,0,0,0,0,0,1.0990384817123413,-0.0026226043701171875,0.04461097717285156,-0.04723358154296875,25.600366638587275,29.29699574070194,251.12746038598513,29.493573515969572,0.13350974277740463,180812.50303042468,842.8845786146777,1.1151244638612763,0.28999999165534973,0.27000001072883606,0.3100000023841858,0,,,,,,,,,,,,,,,,,,,,,116552535164723942,19.985200881958,20.0755004882813,20.1756992340088,20.2682991027832,20.0844993591309,0.0156410001218319,0.0223260000348091,0.010789000429213,0.0383369997143745,0.206786006689072,115000,115000,115000,115000,115000,436527104,52,0.008915725,4441471688484165376,116552535164723942,,,,,,,,,,,,,,,,,,,,,,,,,,,,,,,,2.727899930249903,0.26993951515675213,253.5164753270037,7.127857234053377,0.25791,0.24521,0.26994,15126.32,8.450029,11436.062955326042,2746.1668380881947,1713.0621966478357,8.081759676469684,0.2449323884701613,0.30432601450992625,0.6532772889300619,0.15967209156510254,0.1758679459940729,0.48909272470409865,0.04087137642183375,0.08852421507685554,1.512352624954916
1636042515805110273,4441858269902732800,46470757,2016.0,252.80611739451388,0.19582964479923248,7.079551667973603,0.14123816788196564,2.4695520432013107,0.25418293476104736,9.715648651123047,4.657420635223389,-4.608892339718391,0.2870064377784729,0.6705790690313307,0.19741500914096832,31,1.025712251663208,False,466,384.0051797969873,0.7946840524673462,483.2174377441406,19.226524353027344,50,289.9450840172706,7.639459133148193,37.95361328125,19.18275260925293,48,140.01906296967186,5.878471851348877,23.81895637512207,19.382427215576172,0,0,0,0,0,1.1196831464767456,-0.1996746063232422,-0.04377174377441406,-0.15590286254882812,25.179919425953866,29.901627070249848,250.33261777145117,29.352440926540627,0.0010331832827591367,1506.127327088564,832.6986622567964,0.017535589539362923,0.2800000011920929,0.27000001072883606,0.28999999165534973,0,,,,,,,,,,,,,,,,,,,,,116492528060975967,19.1005001068115,19.3740005493164,19.6415996551514,19.8297996520996,19.8474006652832,0.0104459999129176,0.0158610008656979,0.012699999846518,0.027284000068903,0.100388996303082,115000,115000,115000,115000,115000,436527104,52,0.017430162,4441858269902732800,116492528060975967,,,,,,,,,,,,,,,,,,,,,,,,,,,,,,,,2.5659061151693354,0.21515496085045885,252.80611739451385,7.079551667973603,0.25577,0.2497,0.26229,23658.44,8.303926,19507.493010418577,6370.176754513854,4292.034529545519,8.142529840342348,0.3066208164069497,0.28717281128648864,0.7067587147666503,0.20019624074354792,0.17287141058007716,0.10613327115110985,0.044360963540963166,0.03247118382848327,1.0256906494457354
1636042515805110273,4441901769330690048,1299074906,2016.0,252.26774444576276,0.17169657349586487,7.208166356939539,0.14058564603328705,2.708101978669167,0.2549181282520294,10.623418807983398,23.112268447875977,-21.137819269700238,0.23989127576351166,-9.347169066065666,0.18038317561149597,31,1.0345464944839478,False,507,439.7977589751734,0.8240959048271179,533.6730346679688,19.079235076904297,55,303.80889729835894,4.766327857971191,63.74066162109375,19.132041931152344,52,163.68591899920182,6.171004772186279,26.52500343322754,19.212867736816406,0,0,0,1,0,1.0629768371582031,-0.0808258056640625,0.052806854248046875,-0.13363265991210938,25.028688865979046,30.435302938878984,249.7051404956422,29.406665423057095,0.002877699846234056,3825.4539629758115,835.2451413462668,0.0036693507335468388,0.25999999046325684,0.25,0.25999999046325684,0,,,,,,,,,,,,,,,,,,,,,116652522677680322,18.9818992614746,19.2318000793457,19.4461002349854,19.6660003662109,19.6324005126953,0.00799299962818623,0.00926600024104118,0.00902100000530481,0.0223050005733967,0.107538998126984,115000,115000,115000,115000,115000,436527232,52,0.0076864352,4441901769330690048,116652522677680322,,,,,,,,,,,,,,,,,,,,,,,,,,,,,,,,2.665233056786969,0.22207135902468986,252.2677444457628,7.208166356939539,0.23745,0.23128,0.24298,14935.84,7.786751,15808.958992247073,4268.4640866394075,2774.2710689719006,7.872421348596275,0.2711328881761048,0.24521447826555143,0.5439396036881838,0.16472917794301134,0.12483956406712032,0.1330374976713659,0.04619627748672672,0.03823859985886438,1.089775029869048
1636042515805110273,4442158715747435520,61146416,2016.0,251.86168701800094,0.13878118991851807,7.8871889121380665,0.10068369656801224,4.395635741805179,0.18354083597660065,23.94908905029297,6.174018383026123,-0.6094034399994743,0.1774308830499649,-6.1438695309912115,0.13013513386249542,31,1.00306236743927,False,534,630.6945491647358,0.9714300036430359,649.243408203125,18.68781852722168,49,436.9282975407264,6.962339878082275,62.75595474243164,18.737516403198242,48,280.40724416019685,7.635737419128418,36.72300720214844,18.628421783447266,0,0,0,1,0,1.137373924255371,0.10909461975097656,0.0496978759765625,0.05939674377441406,25.518014705416935,31.103388044944836,249.13601648696718,30.022126098884115,0.0009657649202315556,772.2436388549181,811.6902097686663,2.1672213463591504e-05,0.1899999976158142,0.1899999976158142,0.1899999976158142,0,,,,,,,,,,,,,,,,,,,,,117462518616835112,18.6494007110596,18.7698993682861,18.919900894165,19.0877990722656,19.1296997070313,0.00887199956923723,0.00314199994318187,0.00687899999320507,0.0132050001993775,0.0564640015363693,115000,115000,115000,115000,115000,436527104,52,0.013615645,4442158715747435520,117462518616835112,,,,,,,,,,,,,,,,,,,,,,,,,,,,,,,,4.44227893378877,0.07910295115269923,251.86168701800096,7.887188912138066,0.18813,0.18522,0.19076,11469.55,7.960214,11184.042867661254,449.32034006340473,412.8301768797155,7.929910346418498,0.06202763998146654,0.06422057151019622,0.5630000977553415,0.03682483812444737,0.03642262378902883,0.43121201617840826,0.010033613883760395,0.011944048634386695,1.3425215653061875
1636042515805110273,4442381156399208320,1327527111,2016.0,253.94573162084845,0.35298436880111694,7.887606189225448,0.3071422576904297,2.7101899437612826,0.4934994876384735,5.491778373718262,11.162734031677246,-2.964392148486783,0.4637361466884613,-10.761923769497711,0.3849862217903137,31,1.10697340965271,False,364,182.4996537852246,0.764005184173584,238.8722686767578,20.034212112426758,43,116.25878137952105,7.5106520652771,15.479186058044434,20.174978256225586,37,95.21649861167855,7.510621547698975,12.677578926086426,19.801115036010742,0,1,0,1,0,1.1587707996368408,0.37386322021484375,0.14076614379882812,0.23309707641601562,26.59794022173073,29.262151785618908,251.50164704773525,30.301723479402664,0.18268428860324454,148778.03001153475,833.0169721429802,1.1182192738900658,0.30000001192092896,0.2800000011920929,0.3199999928474426,0,,,,,,,,,,,,,,,,,,,,,117462539457405606,20.2112007141113,20.0666999816895,20.0452995300293,20.0877990722656,20.068000793457,0.0130570000037551,0.0108920000493526,0.00891700014472008,0.034536000341177,0.0444100014865398,115000,115000,115000,115000,115000,436527104,52,0.048736442,4442381156399208320,117462539457405606,,,,,,,,,,,,,,,,,,,,,,,,,,,,,,,,3.329692802010519,0.39299072389872813,253.94573162084845,7.887606189225448,0.25633,0.24243,0.27093,9051.273,7.623079,8057.44015794458,1056.9165991591944,805.6556794399721,7.628434376912223,0.3020669371875089,0.27762666258259117,0.4010597005011634,0.15612334888311058,0.10998859198405964,0.7065804315791663,0.05119370928941569,0.04474234297613777,0.5921037603021329
1636042515805110273,4442672771792923008,1457914357,2016.0,253.32329867391712,0.12074532359838486,8.697743210778187,0.09099645167589188,3.667621344462187,0.15944331884384155,23.002666473388672,8.798844337463379,7.477495275245187,0.16545046865940094,-4.637533938388286,0.12889012694358826,31,0.988178014755249,False,412,768.14446253931,1.1915658712387085,644.6513061523438,18.473758697509766,41,561.797251155079,12.28438949584961,45.73261642456055,18.4645938873291,39,329.0419555614831,9.938624382019043,33.10739517211914,18.45476722717285,0,0,0,0,0,1.159728765487671,0.00982666015625,-0.009164810180664062,0.018991470336914062,27.11494846217691,30.175432387255615,250.66898132000148,31.024697873470405,0.0009922402750124565,1008.6785212867837,791.9549968252712,5.092338527713749e-05,0.23000000417232513,0.2199999988079071,0.23000000417232513,0,,,,,,,,,,,,,,,,,,,,,118432533232837830,18.3852996826172,18.6173992156982,18.8281002044678,19.0368995666504,18.9638996124268,0.00612800009548664,0.00482100015506148,0.00864799972623587,0.00122600002214313,0.0387790016829968,115000,115000,115000,16696,16793912,436527104,52,0.025743192,4442672771792923008,118432533232837830,,,,,,,,,,,,,,,,,,,,,,,,,,,,,,,,3.514959992188341,0.04121519459632852,253.32329867391715,8.697743210778187,0.20782,0.20487,0.21128,13485.67,7.711543,13225.442334488169,715.8540042787372,613.6461800985453,7.630454750507434,0.06944449369894112,0.06436203820565112,0.4212704015198386,0.03297943068734144,0.028575492786068746,0.1696271285590623,0.013149631434286102,0.013486720123937868,4.164788092525865
1636042515805110273,4442759182240840064,533539327,2016.0,252.75446089996728,0.12385565042495728,9.124007790067315,0.10316265374422073,4.325118920237955,0.17373144626617432,24.895429611206055,68.72757720947266,-67.85302468627293,0.18600015342235565,-10.92918411649946,0.15174643695354462,31,1.0430264472961426,False,434,790.6466639748068,1.2757982015609741,619.72705078125,18.442411422729492,50,535.1164757442415,7.984850883483887,67.01646423339844,18.51742172241211,47,372.048003723535,7.550852298736572,49.27231979370117,18.32139778137207,0,2,0,1,0,1.1473702192306519,0.19602394104003906,0.07501029968261719,0.12101364135742188,27.269261390654947,30.8681390029951,249.95046730731744,31.37078448712161,0.01171482444890324,10211.999831180769,779.5409112641033,0.0001686863215157161,0.20000000298023224,0.1899999976158142,0.20000000298023224,0,1237667782863683644,18.94645,18.45894,18.52678,18.63958,18.81986,0.02289503,0.006958622,0.00877446,0.01155639,0.04651474,35253360136212,275146506260,268603412,4503599895838740,268599316,275280723988,0.06746454,4442759182240840064,1237667782863683644,118942527545449377,18.4655990600586,18.5345993041992,18.6679000854492,18.8138008117676,18.9083995819092,0.00934999994933605,0.00388600002042949,0.00621900008991361,0.0114470003172755,0.0174170006066561,115000,115000,115000,115000,115000,436527104,52,0.14056146,4442759182240840064,118942527545449377,,,,,,,,,,,,,,,,,,,,,,,,,,,,,,,,4.0991603331698965,0.012785413981290513,252.75446089996728,9.124007790067315,0.18407,0.18137,0.18658,10265.73,7.580498,10289.848850013379,215.7291811091709,205.3369666664039,7.471234387458425,0.04166747677550475,0.043101367631721565,0.3471111078309205,0.016496362242574447,0.016350115146748945,0.30550435594377245,0.003799857699658793,0.004019974136224458,1.8919849817018344
1636042515805110273,4442918856239480704,1475694606,2016.0,256.1956406469064,0.8568652868270874,8.086747540123637,0.6687271595001221,9.733878052458342,1.1418217420578003,8.524866104125977,2.178525447845459,1.6093740070907407,1.2358322143554688,-1.4682943391267507,1.1306053400039673,95,2.8794567584991455,False,329,136.06254134117745,1.8540109395980835,73.3882064819336,20.35301971435547,30,129.4610609691437,7.22133731842041,17.927574157714844,20.058195114135742,32,224.35488490089205,9.203790664672852,24.37635612487793,18.870555877685547,0,30,0,32,0,2.6003921031951904,1.1876392364501953,-0.29482460021972656,1.4824638366699219,27.93278988382384,27.358687958268845,254.04261214083172,30.764514663888015,0.14036671866602993,63537.75173250961,939.3324741283664,0.7437312980539806,-99.0,1e+20,1e+20,999999,,,,,,,,,,,,,,,,,,,,,117702561957134654,20.2462005615234,19.8868999481201,19.4759006500244,19.1627998352051,19.080099105835,0.0276619996875525,0.0163369998335838,0.0226540006697178,0.0209909994155169,0.0384359993040562,115000,16892216,16892216,16892216,16892216,444915712,53,0.80933034,4442918856239480704,117702561957134654,,,,,,,,,,,,,,,,,,,,,,,,,,,,,,,,7.911526751288155,0.07903615399340902,256.1956406469064,8.086747540123637,0.06953,0.06073,0.08597,,,4389.470206861284,108.76158011872758,91.22677159144132,7.063509261619886,0.044271491165660315,0.03911917611599236,0.19999389776067444,9.958621885464147e-08,4.1232243619404585e-08,1.146226549463558,0.6118659724108166,0.6211300114967125,17.344265323879178
1636042515805110273,4443124563697927680,1345918215,2016.0,255.56292037067684,0.13238905370235443,8.269993789375565,0.10667850077152252,6.564153187410127,0.17987780272960663,36.49229049682617,23.390365600585938,-16.642121552651876,0.18317392468452454,16.436209464518544,0.14193828403949738,31,0.9891728162765503,False,379,677.7238554376418,1.1681119203567505,580.1874389648438,18.6097354888916,46,455.196194276769,10.207032203674316,44.59633255004883,18.69304656982422,44,303.8271404958704,7.616535186767578,39.890464782714844,18.54132843017578,0,2,0,1,0,1.1199595928192139,0.1517181396484375,0.08331108093261719,0.06840705871582031,27.803536502899878,28.001113972673405,253.29389583990027,30.87581542264334,0.003721813401602444,2064.462046791698,915.7775425507658,9.138724804643236e-05,0.15000000596046448,0.12999999523162842,0.1599999964237213,0,,,,,,,,,,,,,,,,,,,,,117922555629444502,18.6690998077393,18.699800491333,18.8006000518799,18.9150009155273,19.0020999908447,0.00871900003403425,0.00385900004766881,0.0041899997740984,0.00926799979060888,0.0420649982988834,115000,115000,115000,115000,115000,436527104,52,0.04470883,4443124563697927680,117922555629444502,,,,,,,,,,,,,,,,,,,,,,,,,,,,,,,,6.441310452542286,0.036664078103799944,255.56292037067684,8.269993789375565,0.16002,0.15107,0.16876,10950.2,8.419409,10055.501108575114,290.6435687742123,266.90981302677574,8.244204593525412,0.0516499197255591,0.05091320013402445,0.7525264891303307,0.03403924403895564,0.03372643860340163,0.8866305232204148,0.013958600322656611,0.013350348879786256,1.811980289573512
1636042515805110273,4443264201674491264,1128963743,2016.0,256.1385960197525,0.14998997747898102,8.823794905841641,0.12783251702785492,2.682264402244439,0.21380582451820374,12.545329093933105,58.90409851074219,-50.405236804426735,0.20763826370239258,-30.479580378639696,0.17597045004367828,31,0.9942644238471985,False,414,497.553557516452,0.9620161652565002,517.19873046875,18.945266723632812,45,351.9367612859957,7.4718017578125,47.101993560791016,18.972379684448242,44,197.32036130664116,6.491805553436279,30.39529800415039,19.009965896606445,0,1,0,1,0,1.1039155721664429,-0.037586212158203125,0.027112960815429688,-0.06469917297363281,28.65015677214971,27.735356550134444,253.881441320246,31.49072997078049,0.001141608868448249,1449.9983885862323,896.0423296073708,2.814920896407784e-06,0.2800000011920929,0.2800000011920929,0.28999999165534973,0,,,,,,,,,,,,,,,,,,,,,118582561386859090,18.8419990539551,19.0823001861572,19.3253002166748,19.5706005096436,19.6452007293701,0.00668600015342236,0.00495600001886487,0.0109059996902943,0.027326000854373,0.035656001418829,115000,115000,115000,115000,115000,436527104,52,0.10079881,4443264201674491264,118582561386859090,,,,,,,,,,,,,,,,,,,,,,,,,,,,,,,,2.743281998106848,0.14924458433648008,256.1385960197525,8.823794905841641,0.26915,0.26392,0.27477,15472.26,7.711123,16860.238011630325,3025.424777664877,2265.9496704378143,7.878253782179007,0.19270575855730243,0.17146006082389498,0.549743141724393,0.11472990155647278,0.09042005957281896,0.10506995273368658,0.02993089059468007,0.02428879194693935,0.7054530189329767
1636042515805110273,4443282450992036736,1471541825,2016.0,255.99664523024987,0.3267970085144043,9.036894357367226,0.265239953994751,6.343899743394021,0.43194249272346497,14.686908721923828,37.15172576904297,-20.514992409076786,0.4623669385910034,30.973952892420993,0.3895110487937927,31,0.9966336488723755,False,353,194.40091004001246,0.7830058932304382,248.27516174316406,19.965621948242188,33,106.14360728566399,7.124865531921387,14.897629737854004,20.273807525634766,37,116.39497806915902,8.068352699279785,14.426114082336426,19.583059310913086,0,2,0,1,0,1.1447404623031616,0.6907482147216797,0.3081855773925781,0.38256263732910156,28.797070447960255,27.95490393860232,253.68973548171942,31.68671141211016,0.0014718211372599375,797.2350047856244,884.5831737047544,7.107361158535682e-06,0.1599999964237213,0.12999999523162842,0.18000000715255737,0,,,,,,,,,,,,,,,,,,,,,118842559966384722,20.2408008575439,19.9456996917725,19.7761001586914,19.6777992248535,19.5592002868652,0.0279070008546114,0.00870299991220236,0.00941300019621849,0.059044998139143,0.0245479997247458,115000,115000,115000,115000,115000,436527104,52,0.06515854,4443282450992036736,118842559966384722,,,,,,,,,,,,,,,,,,,,,,,,,,,,,,,,6.594638211930524,0.04059708821157879,255.9966452302499,9.036894357367226,0.16178,0.14095,0.18027,6559.951,8.125483,5806.704658243609,131.17361858716413,129.10010463320396,7.7881231809501426,0.06977598610034708,0.07266121658349878,0.46753086364951335,0.038254145137626705,0.037531696793035974,1.8739348171860566,0.07685319122172718,0.06533982209894362,4.3740702357264265
1636042515805110273,4443329210300500992,430061443,2016.0,255.9317512203428,0.28081080317497253,9.036153361537265,0.23729711771011353,2.6240302101232262,0.3917343020439148,6.698494911193848,3.3152658939361572,-0.15095827010077636,0.3945853114128113,3.311827193053488,0.3561256229877472,31,1.0389866828918457,False,407,199.98126758133048,0.7462977766990662,267.9644470214844,19.934892654418945,44,133.41382794612718,7.116299152374268,18.747642517089844,20.02553939819336,42,96.85423704590454,5.48865270614624,17.646268844604492,19.7825984954834,0,1,0,0,0,1.151448130607605,0.24294090270996094,0.09064674377441406,0.15229415893554688,28.764504240720992,28.01218250971274,253.61500731509722,31.678709654165278,0.06222606795894706,98293.47717350452,880.1268352981813,0.9352553958413007,0.27000001072883606,0.25999999046325684,0.28999999165534973,0,,,,,,,,,,,,,,,,,,,,,118842559317413874,19.9029006958008,20.0252990722656,20.1578006744385,20.3710994720459,20.3045997619629,0.00857099983841181,0.0148029997944832,0.017671000212431,0.0379600003361702,0.12474399805069,115000,115000,115000,115000,115000,436527104,52,0.017196806,4443329210300500992,118842559317413874,,,,,,,,,,,,,,,,,,,,,,,,,,,,,,,,2.3765126082233405,0.2224962988582648,255.9317512203428,9.036153361537265,0.26294,0.25342,0.27346,10106.86,7.756428,11730.245136695468,2348.407629988833,1502.4790004491315,7.875444925702784,0.2212385674900439,0.23177330008285857,0.5348570099403922,0.13263049155793172,0.11851152659859004,0.3511520013873795,0.03657891744275876,0.0675059722510154,1.0334993073004322
1636042515805110273,4443751388405140992,1425768025,2016.0,256.6227282438407,0.5001681447029114,9.640196300854592,0.3777870237827301,3.681823457996247,0.6917393803596497,5.322558403015137,9.636033058166504,3.8473396007070133,0.693931519985199,-8.834653903112528,0.6321704983711243,31,1.0563098192214966,False,323,140.7086173885316,0.7700057625770569,182.73709106445312,20.316564559936523,39,84.51184921845915,7.0071892738342285,12.060734748840332,20.52124786376953,37,68.83117920186841,6.159934997558594,11.174010276794434,20.153432846069336,0,0,0,0,0,1.0897912979125977,0.3678150177001953,0.2046833038330078,0.1631317138671875,29.715320859177634,27.661719119814123,254.33487155331932,32.354878107930276,0.18707092607854892,167234.85451016465,898.9071185830248,1.0777229369295604,0.23000000417232513,0.20999999344348907,0.25,0,1237668571472265869,20.79122,20.39904,20.36885,20.41064,20.41803,0.07811621,0.02386992,0.02995429,0.04085593,0.1414971,35253360136208,275146477584,275146375184,4503874773843984,275146473488,275146375184,0.033790834,4443751388405140992,1237668571472265869,119562566227698739,20.4419002532959,20.324499130249,20.415599822998,20.3556003570557,20.4953994750977,0.0205780006945133,0.0176139995455742,0.0207609999924898,0.0230139996856451,0.151341006159782,115000,115000,115000,115000,115000,436527104,52,0.039894924,4443751388405140992,119562566227698739,,,,,,,,,,,,,,,,,,,,,,,,,,,,,,,,3.976551600783924,0.2210826764023138,256.6227282438407,9.640196300854592,0.23308,0.21785,0.24998,9146.115,8.309091,8890.578998489844,531.9731511405171,456.20211000082963,8.342014747988063,0.11379183710750773,0.11090518075323885,0.813907614370827,0.07557300900570518,0.07361895454733602,1.458237969552234,0.1544659056526425,0.08540490385760191,1.7196471798233521
1636042515805110273,4443762658399947008,287195166,2016.0,256.9473673760799,0.22021855413913727,9.87869248459133,0.18421883881092072,2.1595713890268784,0.3080395460128784,7.010695457458496,2.072283983230591,-1.7941100428108925,0.3129223883152008,-1.0370774194765027,0.25502559542655945,31,1.020988941192627,False,425,299.056189140088,0.8588975667953491,348.18609619140625,19.497983932495117,48,221.19737747664806,8.773091316223145,25.213163375854492,19.476593017578125,47,132.82173858910585,5.927259922027588,22.40862464904785,19.439722061157227,0,2,0,2,0,1.1837879419326782,0.03687095642089844,-0.021390914916992188,0.058261871337890625,30.113917907444968,27.47626010373053,254.68148979077586,32.62647624506315,0.001718181049109995,2618.833911387937,907.1831756238034,0.0025671165624936683,0.2800000011920929,0.27000001072883606,0.30000001192092896,0,1237668572009267805,19.47952,19.42867,19.59028,19.80346,20.31656,0.03146294,0.01264715,0.01770891,0.02703232,0.1260362,35253360132112,2305843284360069136,2305843009482293264,2310346609109532688,2305843009490550800,2305843284360069136,0.080034316,4443762658399947008,1237668572009267805,119852569473674886,19.4277000427246,19.621000289917,19.8125,19.8946990966797,19.8560009002686,0.00971100013703108,0.00692000007256866,0.0110820000991225,0.0171639993786812,0.0826419964432716,115000,115000,115000,115000,16696,436527104,52,0.007333303,4443762658399947008,119852569473674886,,,,,,,,,,,,,,,,,,,,,,,,,,,,,,,,2.3212764654871783,0.0453828118506307,256.9473673760799,9.87869248459133,0.27252,0.26308,0.28528,12611.29,7.5382,17345.43463982601,781.0442084930219,773.2028036507472,8.00695097585081,0.05311133027928072,0.05662520583352748,0.6216735666792403,0.03255844969900834,0.03361591940854558,0.12347500117698387,0.007758061098126601,0.007245656956255772,6.163457773965519
1636042515805110273,4443810487155825408,1485793021,2016.0,257.16718182250133,0.6557299494743347,9.932699282402412,0.6005379557609558,6.61762831236936,1.065201759338379,6.212558269500732,42.69131088256836,-34.57326580479933,0.8907772302627563,-25.04470542453954,0.7826193571090698,95,0.9493987560272217,False,246,103.99088402096504,0.7973809838294983,130.41555786132812,20.644878387451172,27,50.615434941561844,5.468428134918213,9.255938529968262,21.077835083007812,25,92.29223226020025,7.516674995422363,12.278331756591797,19.83498191833496,0,0,0,0,0,1.3742326498031616,1.2428531646728516,0.4329566955566406,0.8098964691162109,30.273882593500545,27.30411992230341,254.93047452685,32.703096025059054,0.06330437432415277,31935.342140298377,912.9127535751117,0.10943466321941772,0.14000000059604645,0.09000000357627869,0.18000000715255737,0,1237668572009334309,23.53403,21.44368,20.58821,20.33385,20.37924,0.7276602,0.05299958,0.03492324,0.03836222,0.1348921,68987912704,18014398643724289,275146342400,4503874773712896,275146342400,275146375680,0.05445002,4443810487155825408,1237668572009334309,119912571672799789,21.2824993133545,20.618200302124,20.3400993347168,20.2872009277344,20.0435009002686,0.0225600004196167,0.0275059994310141,0.0180380009114742,0.0175819993019104,0.237223997712135,115000,115000,115000,115000,115000,436527104,52,0.03367704,4443810487155825408,119912571672799789,,,,,,,,,,,,,,,,,,,,,,,,,,,,,,,,7.097813123272671,0.014007860137187413,257.16718182250133,9.932699282402412,0.14072,0.09781,0.18612,4696.04,7.604429,4960.888948981914,86.15443638917895,86.8153340064282,7.921595044066944,0.06435024793692712,0.06410794539264852,0.5327616897359432,0.03878977838782072,0.037106848336352916,5.120881887650347,0.35118172950457627,0.3484934771679171,3.2029306836530864
1636042515805110273,4443937072725877504,39120948,2016.0,254.68566731132307,0.31581997871398926,8.628945812793226,0.22519154846668243,14.356547585343762,0.3935491740703583,36.479679107666016,90.93080139160156,51.41527493639427,0.3669021427631378,-74.99919685828998,0.3021388649940491,31,9.071268081665039,False,289,6084.589842071847,10.207417488098145,596.0949096679688,16.226789474487305,22,5272.0031050649395,122.72935485839844,42.95633316040039,16.03360366821289,21,4887.94860130291,248.0057373046875,19.709014892578125,15.525078773498535,12,0,11,0,0,1.6697841882705688,0.5085248947143555,-0.19318580627441406,0.7017107009887695,27.731323158288365,28.9380085471923,252.2388609919062,31.128830222728933,0.0008917858127559065,244.72602292639908,863.2564113304403,1.3833501759609139e-05,0.029999999329447746,0.029999999329447746,0.03999999910593033,0,,,,,,,,,,,,,,,,,,,,,118352546855915333,16.0990009307861,,,,,0.104246996343136,,,,,16696,0,16416,114720,16416,436285440,52,0.27776602,4443937072725877504,118352546855915333,,,,,,,,,,,,,,,,,,,,,,,,,,,,,,,,13.089290312765568,0.015904580126960957,254.6856673113231,8.628945812793226,0.04804,0.04732,0.04884,,,9048.50284304628,694.5055952721141,566.2971612168822,7.3245115646153085,0.20313041913253205,0.18190791753138846,0.29151002899926726,0.07458282552341705,0.053341074704685826,0.3674114507836094,0.01457839565186031,0.0415108795321138,8.903106453945115
1636042515805110273,4444328288413184512,218654102,2016.0,253.87718751800944,0.2834843397140503,9.877299596756334,0.23667499423027039,5.004776536642737,0.3686205744743347,13.577040672302246,11.546435356140137,4.042151306052217,0.3795311450958252,-10.815784288270846,0.3106178939342499,31,0.9907205104827881,False,326,253.52835782773766,0.8946266174316406,283.39013671875,19.67730140686035,37,161.5607941947617,9.412522315979004,17.164453506469727,19.81770133972168,37,122.17320214796008,9.676994323730469,12.625118255615234,19.53045654296875,0,0,0,0,0,1.1191411018371582,0.2872447967529297,0.14039993286132812,0.14684486389160156,28.618676296219277,30.202726672648094,251.12268889651588,32.26605604598299,0.005691055746480233,4403.498532873822,832.6986622567964,0.01673040096010518,0.17000000178813934,0.17000000178813934,0.1899999976158142,0,,,,,,,,,,,,,,,,,,,,,119852538771693277,19.8131999969482,19.7024002075195,19.7073001861572,19.80299949646,19.9102993011475,0.0105860000476241,0.00625600013881922,0.00936300028115511,0.0214409995824099,0.0302450004965067,115000,115000,115000,115000,115000,436527104,52,0.023491394,4444328288413184512,119852538771693277,,,,,,,,,,,,,,,,,,,,,,,,,,,,,,,,4.621501093474669,0.054870518947152044,253.87718751800944,9.877299596756334,0.17507,0.16725,0.18179,9435.122,8.419218,8463.259778639598,243.27200800836908,231.90161187169724,8.06612637884314,0.06040603895723606,0.06158417612803113,0.635654154385111,0.03817282019586987,0.03765526488718929,1.0603893270741356,0.02386556989835209,0.02244183472539274,1.651003648609715
1636042515805110273,4444527403100051200,736979157,2016.0,256.4057467518862,0.5147399306297302,9.998137893442284,0.4505244493484497,6.8311670189505955,0.7021386623382568,9.729085922241211,95.39471435546875,69.29667460554278,0.979155957698822,-65.56006333743711,0.7355834245681763,95,0.975238561630249,False,298,120.45297873148795,0.7404271960258484,162.6803741455078,20.485322952270508,24,61.17628809521297,5.1302876472473145,11.92453384399414,20.87208366394043,23,112.60838959947101,8.935452461242676,12.60242748260498,19.618968963623047,0,0,0,0,0,1.4427595138549805,1.2531147003173828,0.3867607116699219,0.8663539886474609,29.975965177975397,28.00915303960147,254.03614516586853,32.68712556752818,0.0009480850531896906,509.4095424384941,904.955006420517,8.573752925365378e-09,0.11999999731779099,0.09000000357627869,0.15000000596046448,0,1237668704616448524,22.06975,21.49902,20.37143,20.04128,20.0052,0.2129043,0.05905745,0.02987465,0.03613433,0.1183334,105622104310288,275288990224,70369012645905,4503599904227856,268599312,70369146864145,0.009077483,4444527403100051200,1237668704616448524,,,,,,,,,,,,,,,,,,,,,,,,,,,,,,,,,,,,,,,,,,,,,,,,,,,,,6.656034472067136,0.039259657229370026,256.4057467518862,9.998137893442284,0.1284,0.10187,0.15985,4792.724,7.630229,4499.381512898872,93.11565398778203,106.46406630544334,7.18302082313139,0.11036597711238905,0.07395342264387317,0.21253844393535568,0.033983945105284546,0.012544529926672654,2.2377323490183594,0.17920627219824015,0.3967957780424549,5.011418740296504
1636042515805110273,4444799708319571968,692021787,2016.0,255.21999786341186,0.400630921125412,10.622123155604278,0.3481954038143158,3.700530456016659,0.5287637114524841,6.998457908630371,8.626752853393555,4.312798597074539,0.5507156252861023,7.4713205369829465,0.4857111871242523,31,0.9636162519454956,False,354,155.6514080171247,0.7224332690238953,215.45437622070312,20.20698356628418,33,99.17121586599755,7.712443828582764,12.858597755432129,20.347578048706055,34,86.43639087269426,5.029340744018555,17.186426162719727,19.90615463256836,0,0,0,0,0,1.1924569606781006,0.4414234161376953,0.140594482421875,0.3008289337158203,30.04840389506242,29.33061616513541,252.5692856268814,33.171379307161956,0.07775949848054062,131064.70907706716,851.1606356554563,1.0126966337381582,0.18000000715255737,0.17000000178813934,0.20000000298023224,0,1237668572008416262,21.0539,20.36059,20.19322,20.13562,20.19285,0.1027996,0.02503665,0.0277682,0.0350555,0.1290017,68987912192,268468224,275146375168,4503874773712896,275146342400,275280592896,0.05117678,4444799708319571968,1237668572008416262,120742552199817041,20.3470993041992,20.2334003448486,20.2604007720947,20.3313007354736,20.0298004150391,0.0207429993897676,0.0114590004086494,0.0226179994642735,0.0240700002759695,0.212922006845474,115000,115000,115000,115000,115000,436527104,52,0.018592862,4444799708319571968,120742552199817041,,,,,,,,,,,,,,,,,,,,,,,,,,,,,,,,2.1059742328498183,0.03633949616179711,255.21999786341183,10.622123155604278,0.20147,0.19259,0.21183,7901.603,7.931605,8023.66788685215,193.5323341792464,175.20658149655992,7.027311841750846,0.06475669670396034,0.050210348453700426,0.20951599244381824,0.015207441305808617,0.009522032740251013,0.29181317193186906,0.0282567534778585,0.08063509970581573,2.9622590570752534
1636042515805110273,4444876291881128320,647511728,2016.0,254.82435546373037,0.5662702322006226,11.048802982202858,0.4522706866264343,5.008310291808648,0.6934698224067688,7.222102642059326,51.188377380371094,39.87420672969229,0.8572489023208618,-32.09824767966859,0.6365081667900085,31,1.0285388231277466,False,289,122.17672742882628,0.76865553855896,158.9486083984375,20.46989631652832,25,77.7413519126265,5.552440166473389,14.00129508972168,20.61191177368164,25,65.76527567915416,7.1859636306762695,9.151907920837402,20.202903747558594,0,1,0,0,0,1.1745823621749878,0.4090080261230469,0.1420154571533203,0.26699256896972656,30.302520571344953,29.86375180174234,252.0447026348982,33.546985757818945,0.010616551208989302,8634.896090207441,831.4254227120613,0.013895997375983748,0.15000000596046448,0.12999999523162842,0.1599999964237213,0,1237668705152467999,21.43191,20.84215,20.5376,20.57019,20.67498,0.1241072,0.0310209,0.03217888,0.04224843,0.1730775,35253360136464,275280594192,275146510352,4503599895805968,275146342416,275146342416,0.054398723,4444876291881128320,1237668705152467999,121252548242819142,20.7374992370605,20.4573993682861,20.4022998809814,20.4016990661621,20.3628005981445,0.0164749994874001,0.0203820001333952,0.0141070000827312,0.0487230010330677,0.273007988929749,115000,115000,115000,115000,115000,436527104,52,0.14884698,4444876291881128320,121252548242819142,,,,,,,,,,,,,,,,,,,,,,,,,,,,,,,,4.385859944725175,0.048388790267533954,254.8243554637304,11.048802982202858,0.16895,0.15227,0.18186,8226.635,8.619724,6943.225994958797,165.47407699608175,158.35011674088037,8.081513309925295,0.05991510315185877,0.06020066044153083,0.641189422079123,0.038059275977456064,0.037333214982393836,1.8150099842106096,0.06744992635651181,0.06432743267610586,4.177617046465233
1636042515805110273,4444927900206272384,1442555835,2016.0,256.11888081736635,0.27342602610588074,11.153886431530424,0.2533579170703888,2.353934472625357,0.39863646030426025,5.904965400695801,18.857566833496094,0.9574371584362381,0.3656417429447174,-18.833245271947707,0.3306387960910797,31,1.0181872844696045,False,389,228.25720064612304,0.7886194586753845,289.43896484375,19.791305541992188,45,148.550581052347,5.426435947418213,27.375349044799805,19.908855438232422,41,90.6058441274189,7.458219528198242,12.148454666137695,19.855005264282227,0,0,0,0,0,1.0477497577667236,0.05385017395019531,0.11754989624023438,-0.06369972229003906,31.027624059455967,28.756972784754076,253.54501544024095,33.80362512525059,0.004098968071769666,7663.57789846218,872.4873980297702,0.0536552972641081,0.20999999344348907,0.20000000298023224,0.23000000417232513,0,1237668573082420003,20.27208,19.75921,19.89452,20.15594,20.27028,0.05970861,0.01457762,0.02108656,0.03436723,0.1496453,68987912192,268435456,275146375168,4503874773712896,275146342400,45036271554265088,0.057624042,4444927900206272384,1237668573082420003,121382561188895175,19.7259006500244,19.9458999633789,20.1287002563477,20.256799697876,20.3433990478516,0.0170329995453358,0.0140899997204542,0.00949000008404255,0.0210890006273985,0.280418992042542,115000,115000,115000,115000,115000,436527104,52,0.050971404,4444927900206272384,121382561188895175,,,,,,,,,,,,,,,,,,,,,,,,,,,,,,,,2.1137272334803754,0.2745055311080587,256.11888081736635,11.153886431530424,0.2323,0.22284,0.24501,11363.74,7.751605,12954.38520388514,1832.6173341714239,1585.021084532682,7.769155266579809,0.18125196387221987,0.1777758268971823,0.4839216151196388,0.0995542784359914,0.08501889341524244,0.22465014102527447,0.043123383026228757,0.03285471434316187,0.6055356394861967
1636042515805110273,4446494085800777984,1769250391,2016.0,248.21983320588333,0.24279721081256866,9.517175092926255,0.17838752269744873,8.610876000938104,0.34266534447669983,25.129112243652344,15.476114273071289,-10.490273453293014,0.32364076375961304,11.378237588666556,0.27826374769210815,31,1.0104382038116455,False,683,272.70524975396887,0.6661686301231384,409.3636779785156,19.598133087158203,70,130.15401403664038,5.344072341918945,24.35483741760254,20.052398681640625,71,182.93687409378018,5.389129161834717,33.945533752441406,19.09214210510254,0,1,0,1,0,1.1480926275253296,0.9602565765380859,0.4542655944824219,0.5059909820556641,25.31805752866856,35.05145871740067,244.70973429548428,31.06410525039948,0.006140392177621963,2598.5821383213124,740.3887952634972,0.00016203704179648033,0.07000000029802322,0.05999999865889549,0.07000000029802322,0,1237668311096230170,22.12308,20.15559,19.53657,19.3191,19.26241,0.2132434,0.01893675,0.01567884,0.01842305,0.06254115,35253360398864,268468240,276857360,4503599904227856,268865552,275280592912,0.004662972,4446494085800777984,1237668311096230170,119422482198551078,20.0774002075195,19.5198001861572,19.3222999572754,19.2556991577148,19.0284996032715,0.0238770004361868,0.0070219999179244,0.0145990001037717,0.0151570001617074,0.0592090003192425,16892216,115000,115000,16892216,16892216,436527104,52,0.04187258,4446494085800777984,119422482198551078,,,,,,,,,,,,,,,,,,,,,,,,,,,,,,,,8.475201169838426,0.013568229784095496,248.21983320588336,9.517175092926257,0.07306,0.06921,0.07743,5542.925,7.887673,5208.7927698449275,48.984656151367744,55.157794440538964,7.60549967045338,0.0388388005041751,0.043304548151170685,0.3733261487246087,0.018383777974437188,0.019433306666252315,2.090575791796158,0.02502241824374085,0.029425351034635838,6.181306820904974
1636042515805110273,4446863869601988096,1743104927,2016.0,250.46743301656852,0.11758477985858917,10.570784023422553,0.09009064733982086,21.458694257092468,0.16127729415893555,133.0546417236328,437.1849060058594,-321.14052490613483,0.1605079025030136,-296.6469276763642,0.12040907889604568,31,1.0593957901000977,False,451,843.1454161616276,0.9701189994812012,869.115478515625,18.372610092163086,49,372.77918321241214,7.991621017456055,46.64625549316406,18.909914016723633,50,656.1685916389214,7.078603744506836,92.69746398925781,17.70535659790039,0,0,0,0,0,1.2203681468963623,1.2045574188232422,0.5373039245605469,0.6672534942626953,27.64167670439335,33.52728906606525,247.07275929488048,32.468484777941576,0.0039936066280889995,672.6069714255045,755.9859796865029,2.7878931672920376e-09,0.019999999552965164,0.019999999552965164,0.019999999552965164,0,1237668336328245500,21.04897,19.263,18.4136,18.08069,18.05543,0.08761603,0.01119737,0.008527382,0.00862041,0.021439,72092847431614480,275179896848,302022672,4503599929360400,302022672,72057869217824784,0.07505782,4446863869601988096,1237668336328245500,120682504679085956,19.0650997161865,18.3351001739502,18.0330009460449,17.9069004058838,17.7551002502441,0.00820299983024597,0.00734499981626868,0.00488700019195676,0.0111910002306104,0.0153949996456504,280,115000,280,280,16777496,1376051200,164,0.008695716,4446863869601988096,120682504679085956,,,,,,,,,,,,,,,,,,,,,,,,,,,,,,,,21.361828188126978,0.020233373716646883,250.46743301656852,10.570784023422553,0.03696,0.03682,0.0371,4802.794,7.966181,4700.761477142217,30.999053729456136,32.15210028800357,7.880776970715623,0.02392857362383438,0.024688768633081892,0.5076239418023172,0.013759861144064578,0.014015051336619844,5.969151331552446,0.09856902741665774,0.14274067010204394,7.419637426943958
1636042515805110273,4446890665906313088,928106076,2016.0,251.02522061081015,0.281569242477417,10.437142826594403,0.21345438063144684,9.754200387098715,0.3701346218585968,26.35311508178711,100.86408996582031,68.91683296774305,0.423056960105896,-73.64804595994913,0.32987213134765625,31,0.9608409404754639,False,419,244.83751872985275,0.6797811985015869,360.1710510253906,19.715171813964844,46,114.71821788822314,7.047888278961182,16.276962280273438,20.18946075439453,45,186.91077258520053,6.53978157043457,28.580583572387695,19.068809509277344,0,0,0,0,0,1.2319557666778564,1.1206512451171875,0.4742889404296875,0.6463623046875,27.78158464428109,32.97505953201314,247.73935925836454,32.42171113602352,0.008318086722276562,3029.885763686531,770.3099245647735,2.0469215458082785e-05,0.05000000074505806,0.05000000074505806,0.05000000074505806,0,1237668336328507620,22.29187,20.41918,19.70138,19.42885,19.33442,0.2277419,0.0225555,0.01679654,0.01749496,0.05615016,35253393686544,275179896848,275179929616,4503874807267344,275179896848,275179896848,0.027891748,4446890665906313088,1237668336328507620,120522510251325195,20.2840003967285,19.6774005889893,19.4207000732422,19.3307991027832,19.3013000488281,0.0213159993290901,0.00601200014352798,0.0101070003584027,0.0150060001760721,0.0415860004723072,115000,115000,115000,115000,115000,436527104,52,0.17184171,4446890665906313088,120522510251325195,,,,,,,,,,,,,,,,,,,,,,,,,,,,,,,,9.872035282729831,0.011993511530746605,251.02522061081012,10.437142826594403,0.06231,0.05978,0.06525,4992.865,7.806446,4980.83536347432,43.32666141703157,47.156486431175836,7.8072688671399035,0.03504711470697508,0.036850901941251735,0.46924151945466847,0.01948972389068704,0.019583211692763447,3.6117092512740876,0.10924704739392554,0.0976988430922594,2.143094728226532
1636042515805110273,4447111809479473408,1652092738,2016.0,249.15474080602536,0.23214367032051086,10.724080004028036,0.17425581812858582,4.275827079919894,0.31783220171928406,13.453096389770508,27.008747100830078,-24.336697582618065,0.2612408697605133,11.71313828455622,0.20697879791259766,95,0.9982395172119141,False,740,293.33508506853246,0.6472960710525513,453.1698913574219,19.518957138061523,73,194.4800067195367,4.966039180755615,39.16199493408203,19.61635398864746,72,154.9653013124973,5.040627956390381,30.743253707885742,19.272310256958008,0,2,0,2,0,1.1912837028503418,0.3440437316894531,0.0973968505859375,0.24664688110351562,27.133497534436408,34.756495381291536,245.534945534311,32.409894738659034,0.0008828936178781103,746.4341029314745,736.8873865154754,3.609360569924946e-05,0.12999999523162842,0.11999999731779099,0.14000000059604645,0,1237668335790850231,20.26172,19.67416,19.53671,19.57761,19.82577,0.05081176,0.01431961,0.01553638,0.01974563,0.08425883,35287754997852,275180978204,302022684,4503599929917468,303595548,303071260,0.028818907,4447111809479473408,1237668335790850231,120862491547489342,19.6308002471924,19.5704002380371,19.5860004425049,19.5998001098633,,0.0146719999611378,0.00905799958854914,0.0130580002442002,0.0359550006687641,,115000,115000,115000,115256,16416,436527104,52,0.068827435,4447111809479473408,120862491547489342,,,,,,,,,,,,,,,,,,,,,,,,,,,,,,,,4.217306274663241,0.08747310663647241,249.15474080602536,10.724080004028036,0.13494,0.13095,0.13927,8639.414,7.91852,8276.575092267618,298.88078801141273,281.36650260907936,7.7677199261088266,0.09012292215545603,0.09093057938195592,0.4674805056135226,0.047915313441695084,0.044942013797352076,0.7707648844999878,0.01674077961390874,0.01481580887273315,1.4116128836990256
1636042515805110273,4447152865064276736,389039261,2016.0,249.34957142650987,0.10294107347726822,11.174130568814611,0.0761743113398552,15.063436644231244,0.14153391122817993,106.42987060546875,167.55276489257812,47.739684238503095,0.11435767263174057,-160.60775184597532,0.08488506823778152,31,1.0023101568222046,False,803,775.689818679551,0.770307719707489,1006.9869384765625,18.463146209716797,91,383.00192515615475,6.060901165008545,63.19224166870117,18.880538940429688,89,541.8692258624104,6.440881252288818,84.12966918945312,17.913158416748047,0,8,0,4,0,1.1923208236694336,0.9673805236816406,0.4173927307128906,0.54998779296875,27.728215005491855,34.77790490045782,245.66946681813235,32.8856105556699,0.016449495602415723,3913.6336685872684,727.3380899299617,4.5549518200618585e-05,0.029999999329447746,0.029999999329447746,0.029999999329447746,0,1237668336327721455,20.18658,18.96984,18.44675,18.24249,18.17261,0.04582947,0.009349467,0.008399211,0.009071911,0.02360781,35253360001040,275146375184,268468240,4503599895838736,268468240,275146375184,0.029443417,4447152865064276736,1237668336327721455,121402493494889768,18.9134998321533,18.4365997314453,18.2562007904053,18.1959991455078,18.1777000427246,0.00747000006958842,0.00515000009909272,0.00476300017908216,0.00765600008890033,0.00744100008159876,115000,115000,115000,115000,115000,436527104,52,0.37667367,4447152865064276736,121402493494889768,,,,,,,,,,,,,,,,,,,,,,,,,,,,,,,,15.08726815184026,0.01468463948936724,249.3495714265099,11.174130568814611,0.04313,0.04291,0.04335,5393.873,7.876874,5441.01919583978,34.24992858245332,32.45876540937934,7.901590139877802,0.02196590450389646,0.02113548165365753,0.5262419615452192,0.012948136156827217,0.012181585449919874,2.676009978090519,0.037260160485857785,0.03720259607580623,2.7567149712124444
1636042515805110273,4447268627324661376,1026925616,2016.0,249.8981836071375,0.3712940812110901,11.637802397117897,0.26173144578933716,2.4948175223584252,0.4622299075126648,5.39735221862793,6.393314838409424,-6.2988362226677355,0.3931748867034912,1.0950508866767714,0.30935028195381165,95,0.9885907173156738,False,711,164.6739538126715,0.5660499930381775,290.9176940917969,20.14580535888672,78,119.6427954530147,4.839144229888916,24.723957061767578,20.14382553100586,67,77.97081445365663,4.71350622177124,16.5419979095459,20.018064498901367,0,1,0,1,0,1.2000294923782349,0.1257610321044922,-0.001979827880859375,0.12774085998535156,28.516485380396144,34.488896718843364,246.21137260946725,33.43186137049454,0.03592035033389177,43328.731932127565,740.707105149681,0.8446597011646227,0.1599999964237213,0.15000000596046448,0.17000000178813934,0,1237665566622483200,20.24642,19.94093,20.14186,20.37959,20.50127,0.05179156,0.01587685,0.02202009,0.03245153,0.159326,35255507485200,275305725968,268468240,4503874773746192,275280592912,275280592912,0.055491418,4447268627324661376,1237665566622483200,121962498981435915,20.0321006774902,20.2308006286621,20.4179000854492,20.6040000915527,,0.0166970007121563,0.0109900003299117,0.0255520008504391,0.0379859991371632,,115000,115000,115000,115000,114720,436527104,52,0.020810416,4447268627324661376,121962498981435915,,,,,,,,,,,,,,,,,,,,,,,,,,,,,,,,2.8788611716525163,0.18181262718440744,249.89818360713747,11.637802397117897,0.15711,0.15082,0.16422,11104.36,8.075062,14139.113843951567,1358.8851742747302,1231.6989354600428,8.52249674259108,0.09057804756205101,0.08324270928032718,0.9392862264484583,0.05782788354483981,0.05491697596333811,0.5681497755578168,0.06609103307287056,0.054351568967559216,1.7453845169042839
1636042515805110273,4447663760014329344,1195707126,2016.0,252.13168089365766,0.3463378846645355,10.721546823565577,0.2713959515094757,3.4746561431886134,0.4455926716327667,7.797830581665039,29.843372344970703,29.478153184281993,0.4835777282714844,-4.654611338298375,0.3990230858325958,31,1.029778003692627,False,449,159.20498218415713,0.709659218788147,224.3400421142578,20.182476043701172,42,100.11547545729535,5.768067359924316,17.356849670410156,20.337289810180664,42,82.70819343974479,7.296786308288574,11.334879875183105,19.954023361206055,0,0,0,0,0,1.148353934288025,0.3832664489746094,0.1548137664794922,0.2284526824951172,28.64226983112271,32.116277656189105,248.96616220681673,32.86528807675873,0.01145544470567831,11334.499858448346,780.8141508088386,0.030274297881902404,0.1599999964237213,0.1599999964237213,0.17000000178813934,0,,,,,,,,,,,,,,,,,,,,,120862521316886367,20.1403007507324,20.1837005615234,20.3071994781494,20.4353008270264,19.8285999298096,0.0178779996931553,0.0144440000876784,0.0216850005090237,0.036251999437809,0.167623996734619,115000,115000,115000,115000,115000,436527104,52,0.070132814,4447663760014329344,120862521316886367,,,,,,,,,,,,,,,,,,,,,,,,,,,,,,,,3.570460677566584,0.08564117837079374,252.13168089365763,10.721546823565577,0.17137,0.16496,0.17779,8423.184,7.989246,9732.535029282037,487.95309352650474,460.66291459347303,8.322704800832492,0.08988313929608616,0.09691466241723745,0.8030391271684634,0.05963547507011058,0.0644718264495936,1.0965017282783167,0.035057685102210634,0.036108069287298594,3.3197764730245933
1636042515805110273,4448181943525961088,1073270818,2016.0,253.7458834040447,0.2565222680568695,11.933192776985326,0.1999269425868988,2.222320971996627,0.3118375539779663,7.126534461975098,5.258264541625977,-2.8790001400833574,0.3518410921096802,-4.400080219459012,0.28985244035720825,95,1.0686826705932617,False,358,298.1016244066851,0.85194993019104,349.90509033203125,19.501455307006836,41,212.31567812068405,6.047481536865234,35.108116149902344,19.521087646484375,39,116.27374036230859,6.238996505737305,18.63661003112793,19.584192276000977,0,0,0,0,0,1.1022731065750122,-0.06310462951660156,0.019632339477539062,-0.08273696899414062,30.718520749318476,31.194418187679222,250.64354129682002,34.28667221284454,0.0034000491325692724,4963.21455712526,819.0113371508934,0.0051964190441110125,0.17000000178813934,0.17000000178813934,0.18000000715255737,0,1237668572544500213,19.71588,19.37764,19.6459,19.91579,20.30717,0.03766961,0.01203746,0.01748623,0.02963799,0.1506179,35253360136208,275146375184,268468240,4503599895973904,275146506256,275146375184,0.114235006,4448181943525961088,1237668572544500213,122322537459020340,19.364200592041,19.619800567627,19.8796005249023,20.0660991668701,20.0580997467041,0.00879599992185831,0.0066550001502037,0.0189260002225637,0.0403800010681152,0.0706090033054352,115000,115000,115000,115000,115000,436527104,52,0.012351635,4448181943525961088,122322537459020340,,,,,,,,,,,,,,,,,,,,,,,,,,,,,,,,2.4254911171860942,0.031974918865594094,253.74588340404472,11.933192776985326,0.1959,0.19015,0.20283,14297.19,7.767979,15714.363274765596,549.4708026713015,508.53030748772653,8.0307450611589,0.042462787924195666,0.04185829868941582,0.6318889592656425,0.02647481921195438,0.025176549038609886,0.18410064158515926,0.007396292828554973,0.007395203530924432,3.1979413680823296
1636042515805110273,4448685343756180736,17450180,2016.0,252.40290128866897,0.22883889079093933,12.278737412827242,0.18367889523506165,2.626905135433697,0.3015916347503662,8.710139274597168,5.115231513977051,-3.2902791313417072,0.31296801567077637,-3.9165874903330375,0.2513017952442169,31,1.0311139822006226,False,384,327.30635158462024,0.8467442989349365,386.546875,19.399980545043945,43,251.09827798081082,5.463373184204102,45.96030044555664,19.338932037353516,42,123.66126405000003,6.368044376373291,19.41903305053711,19.517311096191406,0,0,0,0,0,1.1449809074401855,-0.17837905883789062,-0.06104850769042969,-0.11733055114746094,30.445700141034862,32.532320170485185,249.00974733570186,34.44457848244648,0.12894824139597344,176715.0487331411,783.9972496706764,0.9252815474871262,0.15000000596046448,0.15000000596046448,0.1599999964237213,0,1237668705151287666,19.50981,19.25735,19.55501,19.82816,20.16105,0.03344355,0.01110373,0.01616612,0.02504216,0.112469,35253395259412,275179929620,302514196,4503599930933268,275181469716,275181502484,0.08964778,4448685343756180736,1237668705151287666,122732524029235026,19.25830078125,19.5365009307861,19.7884006500244,19.9489994049072,19.7301006317139,0.0143670001998544,0.00934700015932322,0.0179379992187023,0.0250739995390177,0.0760219991207123,115000,115000,16892216,115000,16892216,436527104,52,0.014510022,4448685343756180736,122732524029235026,,,,,,,,,,,,,,,,,,,,,,,,,,,,,,,,2.318348337855031,0.2331990301730395,252.40290128866897,12.278737412827242,0.1715,0.1673,0.17603,19910.74,8.359805,15289.937495504526,5090.136048402188,3072.375851049119,7.847629501008916,0.3360887116383786,0.28417732556150277,0.5301373969554022,0.2028467899370644,0.13997257234466798,0.1457534807835309,0.05670289479890714,0.04957271560766838,1.9529834550135259
1636042515805110273,4449047632842081792,711653124,2016.0,253.23755830457984,0.2858935594558716,12.544643463715094,0.24059896171092987,2.1305573860298312,0.3890273869037628,5.476625919342041,4.469368934631348,-4.286372236481136,0.4411928951740265,1.2658092367201268,0.3826504945755005,31,0.9728543162345886,False,447,210.55860455041406,0.7327734231948853,287.3447570800781,19.878934860229492,47,123.49518455840884,5.524858474731445,22.352642059326172,20.109416961669922,49,124.24354885627041,5.5225677490234375,22.49742317199707,19.512210845947266,0,2,0,1,0,1.1765785217285156,0.5972061157226562,0.2304821014404297,0.36672401428222656,31.130020833440962,31.899879341596204,249.94416173816978,34.82415723246088,0.15548038705179543,182340.04574701813,782.7240101259413,0.7516557222368627,0.17000000178813934,0.1599999964237213,0.17000000178813934,0,,,,,,,,,,,,,,,,,,,,,,,,,,,,,,,,,,,,,,,,,,,,,,,,,,,,,,,,,,,,,,,,,,,,,,,,,3.026601846348087,0.028838830747072768,253.23755830457984,12.544643463715094,0.1872,0.18011,0.19552,,,,,,,,,,,,,,,
1636042515805110273,4449057326579614592,546650659,2016.0,253.557634308017,0.11286706477403641,12.728810752407545,0.1007688045501709,16.25339729205444,0.15783824026584625,102.97502899169922,152.446533203125,-121.430908278977,0.1575145572423935,-92.16550273671388,0.1399586945772171,31,0.9397508502006531,False,379,748.4454031330317,1.1547651290893555,648.136474609375,18.50196647644043,38,368.578177761048,8.201767921447754,44.93886947631836,18.922218322753906,40,526.6497444181982,8.640945434570312,60.94816207885742,17.944089889526367,0,1,0,2,0,1.19611656665802,0.9781284332275391,0.42025184631347656,0.5578765869140625,31.478540175144587,31.690791910493203,250.29031918273378,35.04984678932131,0.03000640610894388,6719.585470491599,813.600069085769,0.0013961239640095772,0.029999999329447746,0.029999999329447746,0.029999999329447746,0,1237668706225422840,20.44126,19.03092,18.48006,18.26649,18.2689,0.06009297,0.009477352,0.008554399,0.009056771,0.02720892,35253360136208,275146342416,268468240,4503599895805968,268468240,275146510352,0.04299992,4449057326579614592,1237668706225422840,123272535578495276,18.9542007446289,18.4631004333496,18.2807006835938,18.211799621582,18.19580078125,0.00981399975717068,0.00545400008559227,0.00338799995370209,0.00547200022265315,0.00997800007462502,115000,115000,115000,115000,115000,436527104,52,0.28615344,4449057326579614592,123272535578495276,,,,,,,,,,,,,,,,,,,,,,,,,,,,,,,,16.11332793243495,0.10392977142400311,253.557634308017,12.728810752407544,0.04155,0.04135,0.04175,5370.696,8.014259,5356.838610802465,35.070306791518306,32.606057078060076,7.986454307196816,0.023285800887320462,0.02198869077293164,0.5748302246717537,0.014543694496204518,0.013289584077756378,3.5328112061511385,0.12100355641579918,0.1141146265698838,4.0683315813621
1636042515805110273,4449260663216980608,462484499,2016.0,253.693817584607,0.33193063735961914,13.520448263198556,0.29435595870018005,6.899333416121236,0.4407428205013275,15.653876304626465,46.138484954833984,-45.53523414935385,0.4354281425476074,7.436542474437209,0.4179268479347229,31,0.9829527139663696,False,396,194.28980937633563,0.732674777507782,265.1788024902344,19.96624183654785,42,122.51268284029379,6.934408664703369,17.6673583984375,20.11808967590332,44,175.69006597283655,10.203696250915527,17.218276977539062,19.136028289794922,0,20,0,21,0,1.5348347425460815,0.9820613861083984,0.15184783935546875,0.8302135467529297,32.392955964624015,31.891282929270243,250.31779994506095,35.85220465735372,0.00138837023101406,794.9508477093026,806.5972515897256,0.00013379605007610585,0.07999999821186066,0.07000000029802322,0.07999999821186066,0,1237668707299098682,21.14521,20.66626,20.38727,19.53437,22.8269,0.1149895,0.03156524,0.04509298,0.02188845,0.6669832,193548675060496,2410404634591248,268468240,4503599904227856,275146772496,9007199397380369,0.13450305,4449260663216980608,1237668707299098682,124222536938935038,20.1814002990723,19.7751007080078,19.676700592041,,18.9941997528076,0.0193160008639097,0.0268740002065897,0.00187899998854846,,0.0776100009679794,115000,16892216,16793912,16416,16797752,436527104,52,0.10757434,4449260663216980608,124222536938935038,,,,,,,,,,,,,,,,,,,,,,,,,,,,,,,,6.249195203023486,0.015682130461862204,253.69381758460696,13.520448263198556,0.09427,0.08527,0.10464,5466.505,7.761722,5556.576203833313,106.9812062459996,110.70496939948498,7.63514265903552,0.07713831425768358,0.08436947221558189,0.39095025202531475,0.0372650447537588,0.03804804468012196,1.750146548607812,0.07141053639128181,0.059162290841713316,14.656611165538946
1636042515805110273,4449422811115675648,312326417,2016.0,253.12147065591336,0.20901741087436676,13.46971950785492,0.1828092783689499,4.433096016029675,0.28489401936531067,15.56050968170166,41.4323844909668,37.21758273373722,0.2933390438556671,-18.20698100871957,0.2550308406352997,95,0.9213860630989075,False,358,354.01705480015886,0.9442995190620422,374.89910888671875,19.31480598449707,40,270.4446046087174,10.13877010345459,26.674301147460938,19.258346557617188,39,202.94413033550904,11.266273498535156,18.0134220123291,18.979454040527344,0,0,0,1,0,1.3371919393539429,0.27889251708984375,-0.05645942687988281,0.33535194396972656,32.073243994204404,32.3801814241255,249.64722690786002,35.72404388244752,0.0016104107325483302,1244.7143224588074,790.3634473943523,5.928278512799507e-05,0.11999999731779099,0.10999999940395355,0.12999999523162842,0,1237665101154680932,19.73788,25.63156,16.51247,15.91648,22.44144,0.1334786,4.89878,0.006194567,0.005310604,4.001898,35287720136976,268603408,9007199666213168,4503874774138896,275146768400,9007199397380369,0.05505283,4449422811115675648,1237665101154680932,124162531214094208,19.2383995056152,19.2569999694824,19.3871002197266,19.4097995758057,,0.0165860000997782,0.0194109994918108,0.00480799982324243,0.0373760014772415,,16892216,16892216,16793912,16793912,16416,444915712,53,0.10376043,4449422811115675648,124162531214094208,,,,,,,,,,,,,,,,,,,,,,,,,,,,,,,,4.637459686044904,0.014593389704642346,253.12147065591336,13.46971950785492,0.14474,0.13974,0.14936,9388.459,8.036708,9423.218723492642,303.31183747280556,290.57254035163896,8.031569621231895,0.07061445331354044,0.072721798279483,0.6172298702287679,0.04385819509061473,0.043808582851853406,0.7675422699264235,0.0157737783324291,0.014601846389944773,4.74866017508755
1636042515805110273,4450121138440539776,147724377,2016.0,243.27603315648287,0.6070986986160278,6.079192955581284,0.36611050367355347,3.8580691320775036,0.7109842300415039,5.426377773284912,23.279998779296875,19.782868635407656,0.967134416103363,12.27177326305663,0.6073772311210632,31,1.054502248764038,True,353,135.1314171744987,0.6758394837379456,199.94602966308594,20.360475540161133,40,82.47646723743739,7.148505687713623,11.537581443786621,20.54771614074707,37,71.57124222956314,5.8346076011657715,12.26667594909668,20.11104965209961,0,40,0,37,0,1.139984369277954,0.43666648864746094,0.1872406005859375,0.24942588806152344,18.679414608433053,37.74893179099662,239.94338924192166,26.772812471165906,0.008616867561536063,8311.070891966981,659.856394058998,0.38719873040733205,0.10000000149011612,0.09000000357627869,0.12999999523162842,0,1237662238565466801,21.2088,20.52647,20.4326,20.42866,20.23864,0.1086718,0.02449042,0.02965683,0.04187495,0.1214162,68987912192,275146342400,275146342400,4503874773712896,275146342400,275280592896,0.019282697,4450121138440539776,1237662238565466801,115292432760505497,20.5035991668701,20.3943996429443,20.4216995239258,20.4172992706299,19.7082004547119,0.0156159996986389,0.0327420011162758,0.0184460002928972,0.0611779987812042,0.203582003712654,115000,115000,115000,115000,115000,436527104,52,0.06907061,4450121138440539776,115292432760505497,,,,,,,,,,,,,,,,,,,,,,,,,,,,,,,,3.695252504188142,0.04996596312167962,243.27603315648287,6.079192955581284,0.15044,0.14302,0.15795,7933.522,8.158541,7826.0466063638205,225.3419890358191,207.25662809026653,8.035001922958099,0.06916401375047165,0.06736561735895474,0.6149385220789616,0.04323340527297326,0.040655293222150335,1.2392843667692681,0.04114480256512132,0.03660329042853472,3.720255246499899
1636042515805110273,4450123371823227008,188671008,2016.0,243.39535560213903,0.09518561512231827,6.156623216367559,0.0680118054151535,4.855333911875312,0.13466379046440125,36.05522918701172,46.13279342651367,-40.34366553536325,0.12606734037399292,-22.374609579183094,0.09607172757387161,31,0.9748227000236511,False,455,1113.5149392644598,1.287732481956482,864.7098388671875,18.070627212524414,50,760.6688197639025,11.05821704864502,68.78765869140625,18.13555335998535,49,503.2617489526391,7.023458957672119,71.65440368652344,17.993410110473633,0,1,0,2,0,1.1350817680358887,0.14214324951171875,0.0649261474609375,0.07721710205078125,18.83887946424212,37.68443925617417,240.05629371941686,26.872409848287646,0.006945455255911676,5149.72592515778,649.0338579287492,0.00041068622210544537,0.09000000357627869,0.09000000357627869,0.09000000357627869,0,1237662264866046026,18.60362,18.0255,18.09343,18.25495,18.37638,0.01790698,0.006092238,0.007260636,0.009519308,0.02776886,35255507485200,268468240,268468240,4503599895838736,268468240,275280593424,0.028984953,4450123371823227008,1237662264866046026,115382433954228467,18.0583000183105,18.1438007354736,18.2994003295898,18.4659004211426,18.5522003173828,0.00574199995025992,0.00372499995864928,0.00484299985691905,0.00993700046092272,0.0195860005915165,115000,115000,115000,115000,115000,436527104,52,0.117491685,4450123371823227008,115382433954228467,,,,,,,,,,,,,,,,,,,,,,,,,,,,,,,,4.656155746511398,0.09767078225804994,243.39535560213903,6.156623216367559,0.13912,0.13769,0.14056,10378.47,7.583193,10419.965533587278,235.45916925843994,226.94515790771402,7.442577900968317,0.043484990160199466,0.04599405328826833,0.33742884257426287,0.016814697367451226,0.01688350944449346,0.2835804044765976,0.004237508362684439,0.004478017900045594,2.268381279913233
1636042515805110273,4450343205429610112,854551184,2016.0,243.88109680408812,0.07140888273715973,7.19741764384533,0.0591578409075737,5.010134570585705,0.1006660908460617,49.769832611083984,8.858489036560059,8.806407450548933,0.09257029742002487,-0.959174703229011,0.07699963450431824,31,1.0676581859588623,False,385,2162.7748223654166,2.0522477626800537,1053.8565673828125,17.349838256835938,44,1675.226612444329,17.310501098632812,96.7751693725586,17.278358459472656,44,792.0973602160672,10.318635940551758,76.76376342773438,17.50094985961914,0,0,0,1,0,1.1408140659332275,-0.22259140014648438,-0.07147979736328125,-0.15111160278320312,20.284931084688957,37.77374816829402,240.35562375220644,27.98839418839896,0.002455580692609228,1730.7804592011971,671.3155499616146,1.9888652887360278e-05,0.07999999821186066,0.07999999821186066,0.09000000357627869,0,1237661950816878770,17.29222,17.19295,17.48792,17.80697,18.17634,0.008667504,0.004556295,0.005452591,0.007752929,0.02303863,35259836137488,302022672,302022672,4503599929393168,302022672,302022672,0.012005938,4450343205429610112,1237661950816878770,116632438810797385,17.2071990966797,17.5046005249023,17.7896003723145,18.0249996185303,18.1502990722656,0.00373500003479421,0.00222399993799627,0.00606299983337522,0.00735800014808774,0.0278319995850325,115000,115000,115000,115000,16892216,436527232,52,0.013422294,4450343205429610112,116632438810797385,,,,,,,,,,,,,,,,,,,,,,,,,,,,,,,,5.066798613672953,0.01759567414439551,243.8810968040881,7.19741764384533,0.12609,0.12506,0.1271,19215.03,7.942363,19746.818799299384,468.787759414281,448.32837946715154,7.972586129864709,0.028479013538531106,0.028217670589667065,0.6078946249664916,0.016945641935876554,0.01657692932964505,0.06513813917049896,0.0027348580988321436,0.0024987980525280756,4.416559105031493
1636042515805110273,4451259098616684160,1323285260,2016.0,241.9945136068246,0.4903056025505066,7.462519808378227,0.3123375177383423,8.261461326184035,0.5773311257362366,14.309745788574219,40.05237579345703,5.381856068531711,0.6443999409675598,-39.68914659792793,0.5071620941162109,95,0.9803663492202759,False,486,140.80833687425303,0.6112401485443115,230.36500549316406,20.3157958984375,34,51.58274675222821,5.654421329498291,9.122550964355469,21.057281494140625,45,102.32909805421201,7.044589996337891,14.525912284851074,19.722898483276367,0,0,0,0,1,1.0930591821670532,1.3343830108642578,0.741485595703125,0.5928974151611328,19.417377610488703,39.53802008217528,238.22125831719535,27.86462957423282,0.018178724436578773,8083.08129378208,635.66484270903,0.09433122939281217,0.05000000074505806,0.05000000074505806,0.05999999865889549,0,1237662199900406006,21.02499,25.14136,24.81156,24.54933,22.84618,0.4068081,2.851434,3.246762,3.459514,2.910278,316728338158352,275146506768,9007199667261744,13510799294628144,9007199667261744,9007474544120112,0.120801,4451259098616684160,1237662199900406006,116952419944725651,20.2509002685547,19.5200996398926,19.7509994506836,19.6329002380371,19.1182994842529,0.0390739999711514,0.0588259994983673,0.0482060015201569,0.0327370017766953,0.102385997772217,16892216,115000,16892216,16892216,16793912,444915712,53,0.13423873,4451259098616684160,116952419944725651,,,,,,,,,,,,,,,,,,,,,,,,,,,,,,,,8.067142992665053,0.015510094240160026,241.9945136068246,7.462519808378227,0.0786,0.07143,0.08662,4685.328,7.768386,5084.555998718481,126.51576165029292,123.54988987929391,7.859999702152915,0.0886646045345234,0.0936057500653229,0.49922737179382914,0.05191253443841115,0.051458911650968,3.5641846526504883,0.31893296691895356,0.19249391116330283,14.243416419607126
1636042515805110273,4451326168825910272,667984653,2016.0,241.68869877048724,0.24728521704673767,7.727335172801893,0.1675609052181244,2.9790901530653406,0.2961234748363495,10.060297012329102,40.38111877441406,10.662786560725294,0.308857262134552,-38.94791105475371,0.2323683351278305,95,1.0581687688827515,False,442,323.10010048660365,0.8900216817855835,363.02496337890625,19.414024353027344,48,247.1273122334034,8.444586753845215,29.264583587646484,19.35624122619629,45,187.166588287726,10.526298522949219,17.780855178833008,19.067325592041016,0,2,0,1,0,1.3441466093063354,0.28891563415527344,-0.05778312683105469,0.3466987609863281,19.525964578813458,39.931775199484036,237.82218308475052,28.05897208030729,0.001636056135277286,1814.7358558122078,630.5718845300894,5.4646943303505916e-05,0.11999999731779099,0.10000000149011612,0.12999999523162842,0,1237662636376260761,19.62596,18.29946,20.50749,18.71563,17.89475,0.2107838,0.03745068,0.3014934,0.09404489,0.1682843,35287720132880,402817040,268599312,13510799293579568,9007199666209072,2251800082153488,0.049751922,4451326168825910272,1237662636376260761,117272416886803338,19.2847995758057,19.2861003875732,19.5403003692627,19.4419002532959,,0.00355500006116927,0.0209149997681379,0.0246210005134344,0.0,,115000,16892216,16892216,16892216,16416,444915712,53,0.07240056,4451326168825910272,117272416886803338,,,,,,,,,,,,,,,,,,,,,,,,,,,,,,,,3.206586293560436,0.015179150875105126,241.68869877048724,7.727335172801893,0.13418,0.13143,0.13722,9574.42,7.579744,11985.109562321,737.7619726827252,610.4615516458216,7.981365884738592,0.07171548204855327,0.07849025378516572,0.5945764292317389,0.043891539397046375,0.04582908346029413,0.383335111177857,0.01573038702272217,0.023736762750005636,17.45754431443469
1636042515805110273,4451387977698542464,443515165,2016.0,242.57129579147832,0.31822702288627625,7.891761451348851,0.2194468379020691,2.9216238602039115,0.4378211498260498,6.673099040985107,20.858253479003906,8.381553403594932,0.44804513454437256,-19.100164378889687,0.34277644753456116,95,0.9825916886329651,False,446,209.34575290871703,0.6660184264183044,314.32427978515625,19.88520622253418,2,150.40771874633947,0.3304888606071472,455.1067810058594,19.895366668701172,2,97.1898638368863,21.227006912231445,4.57859468460083,19.77884292602539,0,0,0,0,0,1.1827207803726196,0.11652374267578125,0.010160446166992188,0.10636329650878906,20.26169459490938,39.2460808260736,238.7529171761296,28.404240293421143,0.00066200014647759,827.6386114330526,665.5859720103064,4.883089630207085e-05,-99.0,1e+20,1e+20,999999,1237661951353159955,19.90065,19.8287,20.02013,20.43406,21.50599,0.04361895,0.01583839,0.02366195,0.0462979,0.3979773,105622104178704,275146375184,268468240,4503599895838736,268468240,70369146863633,0.036986712,4451387977698542464,1237661951353159955,117472425712880650,19.8314990997314,19.9992008209229,20.1326007843018,,,0.018138999119401,0.0157290007919073,0.0321570001542568,,,16892216,115000,115000,16416,16416,436527104,52,0.10622192,4451387977698542464,117472425712880650,,,,,,,,,,,,,,,,,,,,,,,,,,,,,,,,2.862228393062699,0.1611773018212241,242.57129579147832,7.891761451348851,0.13551,0.13117,0.14052,,,18619.745447765185,1638.0738399509282,1583.178404440936,8.708573780879659,0.08161669359771828,0.08508273385926834,1.0558952613193362,0.04602980091245956,0.051110151434857753,0.3705201292587127,0.03648266055377747,0.0331542517696074,4.344648950281104
1636042515805110273,4451757417900676096,458740607,2016.0,241.3354434471143,0.05562160909175873,8.951440899647514,0.038615815341472626,6.151550194644771,0.0692962035536766,88.77182006835938,27.348899841308594,-17.89863098761369,0.07105693966150284,-20.678522610351305,0.054718852043151855,31,1.0554776191711426,False,485,3124.529687045402,2.4710769653320312,1264.4404296875,16.95040512084961,51,2423.9852656617336,17.293500900268555,140.16741943359375,16.877216339111328,42,1246.3399486370981,23.69085121154785,52.608489990234375,17.008804321289062,0,13,0,6,0,1.1746808290481567,-0.13158798217773438,-0.07318878173828125,-0.058399200439453125,20.715088982442307,40.82625966671408,237.13200793341096,29.178596405123166,0.0005737740912043579,335.78312181113046,650.943717245852,1.580196376270756e-05,0.05999999865889549,0.05999999865889549,0.05999999865889549,0,1237668330963599374,16.87246,16.77703,17.07988,17.24445,17.63871,0.00716791,0.004016062,0.004876683,0.006060557,0.01925938,105624251662352,268468240,268468240,4503599895838736,2251800082153488,70369012645905,0.029889306,4451757417900676096,1237668330963599374,118742413354842230,16.7880001068115,17.0641002655029,17.4230003356934,17.6830005645752,17.846700668335,0.00238499999977648,0.0074579999782145,0.00341599993407726,0.02398999966681,0.00691800005733967,115000,16892216,115000,16688,16696,436527104,52,0.0535766,4451757417900676096,118742413354842230,,,,,,,,,,,,,,,,,,,,,,,,,,,,,,,,6.011200681230388,0.05327064162677576,241.3354434471143,8.951440899647514,0.09197,0.09127,0.09268,16556.94,7.79234,18742.795207814226,491.43682069307397,455.47479506643504,7.892961859658193,0.0319342361531012,0.030840900912201263,0.5623947848283398,0.018249672218375812,0.017174136372970605,0.06839607390204983,0.003130674347513032,0.003026024460229426,5.351881095630043
1636042515805110273,4451796553642958848,811760026,2016.0,241.56889250927802,0.35055944323539734,9.300637517937336,0.22766736149787903,3.691345885075227,0.44232118129730225,8.345396995544434,16.863094329833984,-11.404199021115232,0.4743615686893463,12.422085922043918,0.3697616457939148,31,0.9797542095184326,False,411,210.98866654402389,0.6895474195480347,305.98138427734375,19.876718521118164,42,122.54159071759474,5.722842693328857,21.4127140045166,20.117834091186523,44,121.52866381795252,8.662347793579102,14.029529571533203,19.53619956970215,0,2,0,2,0,1.156793236732483,0.581634521484375,0.24111557006835938,0.3405189514160156,21.265508265725714,40.78761985033481,237.30272599468185,29.569663310879513,0.2402062067971279,193250.4848942403,653.808506221506,0.9039643549632558,0.09000000357627869,0.07999999821186066,0.10999999940395355,0,1237668331500470701,20.43514,20.03947,19.95099,19.97747,20.07474,0.05263183,0.01757603,0.02089372,0.03336889,0.1170403,35253360001040,2305843284494286864,2305843009482162192,2310346883987406864,2305843284360069136,2305843284360069136,0.038716067,4451796553642958848,1237668331500470701,119162415689301219,20.0426998138428,19.923999786377,19.9244003295898,20.0382995605469,19.8623008728027,0.0144159998744726,0.0101370001211762,0.0109299998730421,0.0306039992719889,0.0235149990767241,115000,115000,115000,115000,115000,436527104,52,0.059496973,4451796553642958848,119162415689301219,,,,,,,,,,,,,,,,,,,,,,,,,,,,,,,,4.3102618571677604,0.18262704647655897,241.568892509278,9.300637517937336,0.11241,0.10851,0.11646,6807.405,7.378599,7897.643294274623,266.0475259819841,247.94356210309616,7.970564784022982,0.08059172262622827,0.07936615237207967,0.5767308950724084,0.048873795308250756,0.045848394425673344,1.1064027339584785,0.038316273498746334,0.0328778585093259,3.097956557337726
1636042515805110273,4452350157748449408,1614166665,2016.0,244.8195192501493,0.2633861005306244,9.30298071231193,0.10782086104154587,6.928207886167001,0.24539658427238464,28.232698440551758,39.40052032470703,-36.544725695258805,0.28223034739494324,14.726981202099038,0.14675651490688324,95,1.0492490530014038,False,146,1905.443125119056,8.409314155578613,226.58721923828125,17.487377166748047,5,5157.065144402174,759.9951782226562,6.7856550216674805,16.05753517150879,5,4923.371200473051,984.4625244140625,5.001075267791748,15.51723861694336,4,1,4,1,0,5.290337085723877,0.5402965545654297,-1.4298419952392578,1.9701385498046875,23.191650126123218,37.94605709126755,240.9227878706747,30.235686443411026,0.0011395636127854276,573.7323437806423,681.5014663194959,1.6512577566198405e-06,-99.0,1e+20,1e+20,999999,,,,,,,,,,,,,,,,,,,,,,,,,,,,,,,,,,,,,,,,,,,,,,,,,,,,,,,,,,,,,,,,,,,,,,,,,7.1203524150629995,0.017904845559277672,244.8195192501493,9.30298071231193,0.08892,0.08595,0.09186,,,23812.458213412192,11257.931805505159,11552.877579140786,8.71549031553699,0.38162705406517006,0.7202056784972015,1.0634590439311489,0.18064809054338227,0.46011999533163506,0.18211056250585245,0.15949419241489543,0.058495274575843026,6.448955832820446
1636042515805110273,4452540957372574592,1078558340,2016.0,246.9007737946927,0.6713270545005798,9.42266020936142,0.5570270419120789,4.8152950619277295,0.8225793838500977,5.8538970947265625,25.535037994384766,-13.66343594445913,0.9062756896018982,-21.57194279498583,0.7531269788742065,31,1.0531549453735352,False,282,98.97242699940104,0.8157631754875183,121.324951171875,20.69858169555664,12,60.79527217688274,7.550747394561768,8.051556587219238,20.878868103027344,11,58.800424605799385,8.16971206665039,7.197368144989014,20.324443817138672,0,0,0,0,0,1.2083739042282104,0.5544242858886719,0.18028640747070312,0.37413787841796875,24.495304585775695,36.17144977610122,243.2368017803226,30.740853376087443,0.0007617731773754359,712.7393774763913,718.7437230029993,0.000688601519951711,0.10999999940395355,0.09000000357627869,0.11999999731779099,0,1237668310558835245,21.68864,20.56781,20.21943,23.27356,22.82703,0.1966574,0.03221174,0.03473907,0.6832512,1.035627,105656463917328,45106365420568593,2251800082153488,6755399709523984,9007199665815856,9007199397380369,0.059749223,4452540957372574592,1237668310558835245,,,,,,,,,,,,,,,,,,,,,,,,,,,,,,,,,,,,,,,,,,,,,,,,,,,,,3.811246273096228,0.05745156155585436,246.90077379469275,9.42266020936142,0.12236,0.11205,0.13283,7078.802,8.42102,7358.9818265145595,426.8433651974601,374.34860277478765,8.042458758418395,0.14435585292205566,0.14413879041006883,0.6181712500518073,0.09184564871641032,0.08539069638251873,1.4699249184890748,0.13084566424717314,0.1064020531817782,8.816506598244501
1636042515805110273,4452824523997881344,139581967,2016.0,245.9720717388543,0.18346305191516876,10.003011322256487,0.15719588100910187,2.9383214348464315,0.238772451877594,12.305948257446289,8.20275592803955,-5.9201257430731005,0.25675168633461,5.677791171552297,0.2334469109773636,31,0.9578484892845154,False,331,440.66309276081694,1.0607861280441284,415.41180419921875,19.07710075378418,39,329.65409067610835,8.773131370544434,37.57542037963867,19.04339599609375,36,155.33536288512403,8.57894515991211,18.10658073425293,19.26972007751465,0,1,0,1,0,1.1005901098251343,-0.22632408142089844,-0.03370475769042969,-0.19261932373046875,24.628835569840863,37.25000407099726,242.06258270959506,31.141426551248706,0.10084551880277395,123554.8512101299,684.6845651813337,1.0606294641375233,0.1599999964237213,0.15000000596046448,0.17000000178813934,0,1237668271917301827,19.04834,18.9371,19.2252,19.55406,19.6953,0.02211278,0.008960216,0.01215302,0.01913033,0.07253913,68987912704,275146375168,268468224,4503599895838720,275146375168,275280593408,0.048122585,4452824523997881344,1237668271917301827,120002459721024121,18.9491004943848,19.2443008422852,19.5231990814209,19.7378997802734,19.7954006195068,0.0105090001598001,0.00635300017893314,0.00791299995034933,0.0261979997158051,0.0454210005700588,115000,115000,115000,115000,115000,436527104,52,0.0031058646,4452824523997881344,120002459721024121,,,,,,,,,,,,,,,,,,,,,,,,,,,,,,,,2.878158645827346,0.21166900318472734,245.9720717388543,10.003011322256487,0.13741,0.13417,0.14092,20515.36,8.345985,18492.515196446286,1769.6631534342378,1596.621331744147,8.218496367880576,0.10111745434836017,0.10269248877786907,0.7517254089205434,0.06647019957569933,0.06639048771360345,0.1526984921739603,0.018704843469818294,0.01664293942687936,1.2778595215418542
1636042515805110273,4453192894755425408,77599244,2016.0,244.17344412438968,0.5840224027633667,9.906662335633811,0.37077707052230835,3.5845047031827066,0.7027203440666199,5.100897789001465,11.959367752075195,8.77103952554906,0.6832606792449951,-8.129903964744422,0.5148613452911377,95,1.0049562454223633,False,344,155.34769034038345,0.8798738121986389,176.55677795410156,20.209104537963867,19,113.23446646462214,5.26959753036499,21.488256454467773,20.203596115112305,22,124.23692484954059,11.306077003479004,10.988508224487305,19.51226806640625,0,0,0,0,0,1.5286444425582886,0.6913280487060547,-0.0055084228515625,0.6968364715576172,23.506580915427516,38.78822861648022,240.059268514437,30.700746921568612,0.000768059775045602,645.9760012370497,642.9859700912572,0.00036164481526018623,0.10999999940395355,0.09000000357627869,0.14000000059604645,0,1237668271379710353,21.01967,20.44126,20.22206,20.15252,20.02318,0.08069854,0.02226187,0.02424622,0.03358613,0.1072142,105622104310288,275280593424,268599312,4503599895969808,2251800082154000,2322168826331153,0.059190243,4453192894755425408,1237668271379710353,119882441734398575,20.369800567627,,,20.0039005279541,,0.030094999819994,,,0.0972530022263527,,115000,16416,16416,20536,16416,436285440,52,0.042922694,4453192894755425408,119882441734398575,,,,,,,,,,,,,,,,,,,,,,,,,,,,,,,,4.238010074782477,0.05442163074838207,244.17344412438968,9.906662335633811,0.1192,0.11149,0.12774,8412.409,8.0769,7053.429811234449,185.19104270885873,177.61609712934478,7.848729470513773,0.07476284122844756,0.07622850190062991,0.5057548018312206,0.042120835550851554,0.040634031720825414,1.2524934815417708,0.044544948079481284,0.039350199928201324,4.265286249312079
1636042515805110273,4453493542464099584,589457269,2016.0,243.22423589764992,0.43153509497642517,10.64967817111483,0.38998156785964966,3.9154289657654986,0.608519434928894,6.434352874755859,23.30689239501953,-21.891167486212925,0.5697060227394104,7.999253011792749,0.5093032717704773,31,1.0503814220428467,False,333,153.77367051568422,0.740452229976654,207.6753387451172,20.22016143798828,35,110.85971741182938,7.672883033752441,14.448247909545898,20.226608276367188,33,62.552121493170866,5.942873477935791,10.525568008422852,20.25728988647461,0,0,0,0,0,1.1277083158493042,-0.030681610107421875,0.00644683837890625,-0.037128448486328125,23.820161938025542,39.956823467655745,238.8151528355401,31.23591291414276,0.11812392421424361,84094.97575460008,644.2592096359923,0.7945751176828205,0.09000000357627869,0.07999999821186066,0.11999999731779099,0,1237668271916057051,20.43994,20.26625,20.24249,20.35484,20.25101,0.05249123,0.01823977,0.02250804,0.03363795,0.1235886,68987912704,275146342400,275146375168,4503874773712896,275146342400,275280593408,0.044590965,4453493542464099584,1237668271916057051,120782432242800108,20.2873992919922,20.2859992980957,20.3474006652832,20.5991992950439,20.4738006591797,0.0194910001009703,0.0137940002605319,0.01511500030756,0.0703940019011498,0.130615994334221,115000,115000,115000,115000,115000,436527104,52,0.057213865,4453493542464099584,120782432242800108,,,,,,,,,,,,,,,,,,,,,,,,,,,,,,,,5.018260766611226,0.016200609805331858,243.22423589764992,10.64967817111483,0.10708,0.10106,0.11362,13718.94,8.96759,10082.696380034711,339.4939732426283,314.5259318127428,8.84557827366461,0.051183681296148364,0.05028590956600709,1.1226669154097815,0.026772381712358184,0.026160620828215464,2.5540631545058634,0.076375176254452,0.07677139764143348,4.347114231108377
1636042515805110273,445369249395861760,1537303455,2016.0,55.90403141437584,0.5843294262886047,54.95335693318445,0.743601381778717,6.985048635201812,0.9175559878349304,7.612667560577393,63.45421600341797,62.0248612380378,0.8186089396476746,-13.392309731199305,1.2117459774017334,95,1.1163930892944336,False,228,136.34230583549262,0.9534401297569275,143.00038146972656,20.35079002380371,17,73.8629504436488,6.868762969970703,10.753457069396973,20.6674747467041,21,105.1501298285471,11.761566162109375,8.940147399902344,19.693370819091797,0,0,0,1,0,1.3129680156707764,0.9741039276123047,0.3166847229003906,0.6574192047119141,146.00838776728455,-0.011140859580915432,67.09672236818307,34.19239228876501,0.0030746728682938492,1333.2215762209205,1235.9972880516593,0.0007415851929562213,-99.0,1e+20,1e+20,999999,,,,,,,,,,,,,,,,,,,,,173940559039114803,20.6152992248535,19.7465000152588,19.6284999847412,19.423900604248,19.2665996551514,0.00700900005176663,0.0731400027871132,0.0418719984591007,0.0518429987132549,0.0972400009632111,16892216,115000,115000,16892216,16793912,444915712,53,0.19972275,445369249395861760,173940559039114803,,,,,,,,,,,,,,,,,,,,,,,,,,,,,,,,8.222974671820886,0.18117822726120889,55.90403141437584,54.95335693318445,0.11594,0.06886,0.22072,,,4644.345135205752,181.709442617479,162.91246214346302,7.446816160857892,0.1721933039884318,0.16569647208316063,0.30100774769393546,0.07331006680910823,0.05931981539717762,2.8221549571139954,0.2791814737784786,0.28436670226514416,6.2382485715113
1636042515805110273,4453746571874680064,810458568,2016.0,245.53249532977665,0.061504095792770386,10.97952539404132,0.06168977543711662,10.089213039919855,0.08608683943748474,117.19808959960938,91.48925018310547,-46.212358195954025,0.08265139162540436,-78.96012416122747,0.08721841871738434,31,1.019972562789917,False,318,2099.210849457892,2.194716453552246,956.4838256835938,17.382226943969727,26,1435.487508866505,18.870695114135742,76.06967163085938,17.446043014526367,26,1055.5183305800415,16.044212341308594,65.7881088256836,17.189231872558594,0,0,0,0,0,1.1866391897201538,0.25681114196777344,0.06381607055664062,0.1929950714111328,25.493046306200085,38.06997738713923,241.34482146071628,32.01693384215252,0.0023694764866267946,857.8221211325998,660.8113237175495,3.5220058925893055e-06,0.05000000074505806,0.05000000074505806,0.05000000074505806,0,1237668365853589659,18.38191,18.34296,18.13977,19.35767,17.81461,0.01830613,0.02128735,0.01978498,0.04184433,0.01792114,72611816921759760,302022672,72154351363588113,13748293697175569,297475069953605649,302022672,0.060989805,4453746571874680064,1237668365853589659,,,,,,,,,,,,,,,,,,,,,,,,,,,,,,,,,,,,,,,,,,,,,,,,,,,,,9.920554719666386,0.015989157845864563,245.53249532977665,10.97952539404132,0.05543,0.05498,0.05589,9027.62,7.880572,7901.992848311716,76.1775399769931,85.44171067649404,7.559401887256642,0.02759675780980686,0.03138926428942934,0.3708265715720567,0.01180376273303363,0.013056067717357955,0.6905961852936549,0.006441124050416525,0.006524671113060765,16.54809709175906
1636042515805110273,4454261791853593600,430760843,2016.0,239.94796314768752,0.8124019503593445,8.468313967355352,0.7485306859016418,6.992643710722435,0.9684702157974243,7.2202982902526855,14.14885425567627,-11.858639079533454,1.3523492813110352,7.717690417732969,0.9713484644889832,31,0.9782474637031555,False,211,105.44779122222872,0.8558411002159119,123.20954132080078,20.62977409362793,22,74.99856327905766,10.466049194335938,7.165890693664551,20.650909423828125,22,52.441273946015144,6.103910446166992,8.591423034667969,20.448713302612305,0,1,0,1,0,1.2085586786270142,0.2021961212158203,0.021135330200195312,0.181060791015625,19.274978595401517,41.798059825957836,235.72896246664016,28.40240422145297,0.17911571610246657,153773.9727385749,608.9268122695916,1.1378563099156278,0.05999999865889549,0.05000000074505806,0.07000000029802322,0,1237661951351980616,21.0289,20.7421,20.64312,20.66541,21.00153,0.09932815,0.02974956,0.03400436,0.050249,0.2524081,17661174088192,275280593408,275146375168,4503874782134272,17867332550656,9007199389007873,0.05724839,4454261791853593600,1237661951351980616,118162399479802440,20.7056007385254,20.6714992523193,20.6980991363525,20.8026008605957,,0.0311849992722273,0.018325999379158,0.014546999707818,0.0422750003635883,,115000,115000,115000,115000,114720,436527104,52,0.01922984,4454261791853593600,118162399479802440,,,,,,,,,,,,,,,,,,,,,,,,,,,,,,,,4.19188653400151,0.11108085627929282,239.94796314768752,8.468313967355352,0.08507,0.07456,0.09463,,,8726.707594697487,400.2503358768554,344.7255305040544,8.616163169407313,0.07867730920011162,0.07448156896580116,0.9909430354358082,0.04783285755867217,0.047229101252165395,2.7869256656423724,0.04739053684969763,0.05188972181177709,1.5921524176834103
1636042515805110273,4454702592937620224,821497517,2016.0,240.30437165865501,0.2798042595386505,8.895614190540687,0.23381587862968445,2.469951901216617,0.34889617562294006,7.07933235168457,12.847421646118164,-2.602898491877688,0.3134705722332001,-12.58098382388522,0.2615859806537628,31,1.0373481512069702,False,367,309.0746342610706,0.9842014312744141,314.03594970703125,19.462207794189453,39,218.80425831129506,6.977718830108643,31.357563018798828,19.4884033203125,38,121.33808433663833,7.672361850738525,15.814958572387695,19.53790283203125,0,1,0,1,0,1.1005184650421143,-0.04949951171875,0.026195526123046875,-0.07569503784179688,20.004385218152475,41.69530804780467,236.0101455310538,28.898216548915187,0.0015375861809260565,2053.703652270533,621.3408978307594,0.0002724299532414335,0.14000000059604645,0.12999999523162842,0.15000000596046448,0,1237662637449282068,19.84779,19.36596,19.5701,19.76401,20.00367,0.03482203,0.01071567,0.01438064,0.01951264,0.08793313,35253360001040,275146342416,268468240,4503874773712912,268468240,275146342416,0.072690465,4454702592937620224,1237662637449282068,118672403043645241,19.4058990478516,19.5522003173828,19.7080001831055,19.8558006286621,20.0263996124268,0.0192079991102219,0.0113270003348589,0.012563000433147,0.0335530005395412,0.120635002851486,115000,115000,115000,115000,115000,436527104,52,0.027058383,4454702592937620224,118672403043645241,,,,,,,,,,,,,,,,,,,,,,,,,,,,,,,,2.6536671453726717,0.04577790795365368,240.304371658655,8.895614190540687,0.12414,0.12034,0.12849,13595.64,7.858327,12144.363025869075,433.597880241914,444.40383413721247,7.83915608909685,0.044543543278233955,0.04783142621519687,0.5168369096308005,0.024760998806747758,0.025717003683940476,0.3031049754240427,0.013531657518878082,0.013220398996246052,2.850307039641393
1636042515805110273,4454777398385626368,208989926,2016.0,241.25431142832605,0.18082115054130554,9.276832120144354,0.11467669159173965,8.05344244934167,0.24442702531814575,32.94824981689453,20.307031631469727,-18.690052618910663,0.24616409838199615,-7.940874004270694,0.17884716391563416,31,0.9820176362991333,False,536,460.2693978951945,0.7746630311012268,594.1543579101562,19.029836654663086,59,289.03729782236303,5.745344161987305,50.30809020996094,19.1861572265625,57,240.03709123733032,7.237485885620117,33.165809631347656,18.797199249267578,0,0,0,0,0,1.1494885683059692,0.3889579772949219,0.15632057189941406,0.2326374053955078,21.044719773235318,41.0505185829861,236.96056571933352,29.478523393583924,0.006377310944926228,3047.7377607834815,651.2620271320358,0.025479946474509442,0.05000000074505806,0.05000000074505806,0.05000000074505806,0,1237662637986545784,24.63497,19.4876,19.36498,19.04866,22.8219,0.6248369,0.01356537,0.01397216,0.01504325,0.4943781,72092847399375632,9007474543747376,72057594315182608,76561193934164496,286691344,9007474543853872,0.16156444,4454777398385626368,1237662637986545784,119132412543852679,19.047700881958,18.9976997375488,19.0191993713379,19.0718994140625,19.0240001678467,0.050135001540184,0.0124960001558065,0.0114630004391074,0.0283630006015301,0.0615319982171059,16892216,115000,16892216,16892216,115000,444915712,53,0.04344089,4454777398385626368,119132412543852679,,,,,,,,,,,,,,,,,,,,,,,,,,,,,,,,7.50649551617362,0.021085279907891743,241.254311428326,9.276832120144354,0.07102,0.06863,0.0735,7912.971,8.353421,7636.400045380642,181.1093902794637,175.09664426592553,8.14061719834515,0.05161198125654032,0.05309789907842166,0.6800516840680726,0.033543926246576206,0.033625705331030264,1.5532511823928588,0.03945331569188282,0.03880639067363645,4.072060790888795
1636042515805110273,4454984239712479104,1660411347,2016.0,239.62209794388085,0.41437003016471863,9.501854713856368,0.3317085802555084,2.4976118759690404,0.4853939116001129,5.145535945892334,10.574034690856934,-6.963035493579685,0.5393962860107422,7.9577848673196545,0.3899814486503601,31,1.0426757335662842,False,323,186.60994911187777,0.8412079215049744,221.83570861816406,20.01003074645996,35,127.19431572790972,8.13983154296875,15.626160621643066,20.077373504638672,30,87.37927420093868,8.91028118133545,9.806567192077637,19.89437484741211,0,1,0,1,0,1.1498507261276245,0.1829986572265625,0.06734275817871094,0.11565589904785156,20.290526726063057,42.576275083518354,235.1013567111072,29.33500350572428,0.0885682061943408,138117.33077159832,595.5577970498724,0.9945408037012654,0.14000000059604645,0.11999999731779099,0.15000000596046448,0,1237662637985825136,20.36494,19.9278,20.10667,20.36927,20.61326,0.04237543,0.01474674,0.01958744,0.03366929,0.1226078,68988043776,275289112576,276856832,4503874773745664,275146375680,275288982016,0.0047577107,4454984239712479104,1237662637985825136,119402396221352702,19.9456005096436,20.1271991729736,20.3323001861572,20.4638996124268,,0.0170469991862774,0.0113610001280904,0.0155020002275705,0.0544800013303757,,115000,115000,115000,115000,114720,436527104,52,0.0350854,4454984239712479104,119402396221352702,,,,,,,,,,,,,,,,,,,,,,,,,,,,,,,,2.275060290761824,0.05361872076098911,239.62209794388087,9.501854713856368,0.11742,0.1123,0.12369,10218.03,7.835618,12843.359770023133,618.1460893776184,584.7388525418282,8.080010733817886,0.05626665709489842,0.05410807182258992,0.655092900026942,0.035879099992580654,0.03388387146305105,0.3653274788808607,0.0209085571032524,0.01872543927431114,2.0882550564214504
1636042515805110273,4455393945235480960,480487908,2016.0,238.58728142374744,0.19962629675865173,9.744014290125762,0.18284663558006287,2.45527397088956,0.2674073874950409,9.18177318572998,31.547096252441406,-2.6574088527129627,0.2369302660226822,-31.434972639369615,0.19299021363258362,31,1.0263736248016357,False,376,432.6480155716669,1.0333658456802368,418.678466796875,19.097030639648438,10,311.1248384819143,11.775382041931152,26.421634674072266,19.106204986572266,11,189.54885345793252,11.728744506835938,16.161052703857422,19.053592681884766,0,0,0,0,0,1.1572309732437134,0.0526123046875,0.009174346923828125,0.043437957763671875,19.91926851181795,43.589212739712224,233.8985404802869,29.33139390718157,0.0006416144604285698,939.6248949755021,574.5493445617421,9.033970980081574e-06,0.14000000059604645,0.12999999523162842,0.15000000596046448,0,1237662637985366449,19.34766,18.97132,19.25652,19.47679,19.73507,0.02481206,0.009227298,0.01211694,0.01997005,0.06610723,35253360001040,275288981520,268468240,4503599895838736,276856848,268468240,0.106258795,4455393945235480960,1237662637985366449,119692385872613391,18.863000869751,19.2308006286621,19.5114002227783,19.6256999969482,,0.0194429997354746,0.00765400007367134,0.0257590003311634,0.0574100017547607,,16892216,115000,16696,20536,16416,436527104,52,0.092863545,4455393945235480960,119692385872613391,,,,,,,,,,,,,,,,,,,,,,,,,,,,,,,,2.425476406007461,0.12045892030755288,238.5872814237474,9.744014290125762,0.11395,0.11098,0.11723,11686.5,7.453257,14836.476237974644,895.3924658992055,811.9474541606596,7.717613594093834,0.08196283641663538,0.08010053547170948,0.46492660998218327,0.04188621354141353,0.03812399184475368,0.12852144589939976,0.011823853486081254,0.011326868650808591,1.8738739655028813
1636042515805110273,445589529680001280,167573401,2016.0,55.662470790109005,0.13535965979099274,55.49953289970258,0.13777068257331848,7.25502787728424,0.19133548438549042,37.9178352355957,78.9009780883789,24.260532315238052,0.19260545074939728,-75.07856629285169,0.21653234958648682,95,0.9889821410179138,False,266,894.4076583366822,1.8604105710983276,480.7582092285156,18.308528900146484,31,894.0793975282444,38.930118560791016,22.966264724731445,17.960102081298828,30,763.3456229814682,49.95156478881836,15.281716346740723,17.541091918945312,0,1,0,0,0,1.853097915649414,0.4190101623535156,-0.34842681884765625,0.7674369812011719,145.56776486420614,0.3397743183597619,67.1156410029676,34.755459392978395,0.0014308399070834838,692.3824847216297,1301.887434491704,6.999967741277396e-06,-99.0,1e+20,1e+20,999999,,,,,,,,,,,,,,,,,,,,,,,,,,,,,,,,,,,,,,,,,,,,,,,,,,,,,,,,,,,,,,,,,,,,,,,,,7.344265199165384,0.0909308303576159,55.662470790109005,55.49953289970258,0.09523,0.08502,0.10732,,,8456.22753092739,1276.5811200613553,915.8810806226138,7.743876880489499,0.3479620962360874,0.32354014347644977,0.4562074591112121,0.1986034012163449,0.14046498283170128,0.7096115258205113,0.05500817587089446,0.04406455773661666,7.508615492213983
1636042515805110273,4456375950850743296,550612504,2016.0,242.27663184374532,0.529076337814331,10.313344253075456,0.4101252257823944,4.585911613365656,0.688835859298706,6.6574811935424805,13.241476058959961,13.239343520533623,0.6918270587921143,0.23765767119817394,0.5746142864227295,31,0.9754877686500549,False,296,130.12144767498208,0.7633638978004456,170.45794677734375,20.4014949798584,25,90.06301598227076,10.432572364807129,8.632867813110352,20.45217514038086,23,82.65620824291041,10.373242378234863,7.9682135581970215,19.9547061920166,0,0,0,0,0,1.3273693323135376,0.4974689483642578,0.05068016052246094,0.4467887878417969,22.87543830620688,40.636670368708515,237.83651910965781,30.709329346958715,0.0032909826547107652,3109.05788438097,657.9465347418953,0.03090718413868902,0.07999999821186066,0.07000000029802322,0.09000000357627869,0,,,,,,,,,,,,,,,,,,,,,120372422766526513,20.1483001708984,19.8199005126953,19.9256992340088,,,0.0461569987237453,0.0271920002996922,0.0365770012140274,,,16892216,16892216,115000,114720,16416,444915712,53,0.08054207,4456375950850743296,120372422766526513,,,,,,,,,,,,,,,,,,,,,,,,,,,,,,,,3.7841243934606665,0.015677452814078036,242.27663184374532,10.313344253075456,0.09951,0.09363,0.10585,7184.917,8.21379,6550.099311161708,324.9467779889028,286.2736241878938,7.428246251941057,0.15001661956698964,0.14174401038015905,0.31405112318896605,0.06023831061644974,0.048918945328867536,0.957507941208837,0.03570592181892773,0.042554908727176044,12.548738145720513
1636042515805110273,4457038028652308864,177040653,2016.0,243.7123316213354,0.4601922333240509,11.709920033093768,0.4171619415283203,3.4782899478918883,0.6616030335426331,5.257367134094238,5.550531387329102,-5.306130114463328,0.6110082268714905,-1.6289197676476341,0.5848031640052795,95,0.968634843826294,False,333,139.51880081828364,0.7909198999404907,176.40066528320312,20.32578468322754,34,98.32718157083379,6.942043781280518,14.164011001586914,20.356857299804688,34,62.526385343136084,6.401383876800537,9.767635345458984,20.25773811340332,0,0,0,0,0,1.1529167890548706,0.09911918640136719,0.031072616577148438,0.06804656982421875,25.337491984843695,39.99445632197762,239.10529379964336,32.37283463103179,0.0075510793892862955,6459.768361563295,623.5690670340459,0.16599506040554635,0.10999999940395355,0.09000000357627869,0.14000000059604645,0,1237668312167875096,20.68607,20.43366,20.44528,20.5952,20.33152,0.07569904,0.02292643,0.02988284,0.05171834,0.1516896,68988960768,275146375168,275146342400,4503874774761472,275147390976,275146342400,0.04576027,4457038028652308864,1237668312167875096,122052437123432417,20.3854007720947,20.3684997558594,20.4965000152588,20.5375995635986,20.6587009429932,0.0271829999983311,0.0198780000209808,0.0232209991663694,0.0546730011701584,0.066770002245903,115000,115000,115000,115000,115000,436527232,52,0.014465037,4457038028652308864,122052437123432417,,,,,,,,,,,,,,,,,,,,,,,,,,,,,,,,4.1284690788823575,0.1936747872728266,243.7123316213354,11.709920033093768,0.10848,0.10142,0.11628,11347.07,8.675428,9623.051167380141,516.4105903030159,461.531857134476,8.618208860684689,0.08637501085769195,0.08811686462716573,0.9933640121359018,0.05239347602004263,0.05616857984736323,2.1702163932536687,0.05644146084117052,0.07181690755808168,2.5156083109954683
1636042515805110273,4457170451083163392,1179395847,2016.0,242.72258665920188,0.0286682341247797,11.731249426688038,0.02754698134958744,11.651854442390986,0.04046378284692764,287.9576110839844,38.80220031738281,36.57065226826664,0.0365607850253582,-12.969121820178557,0.03652602806687355,31,1.0384753942489624,False,368,14677.595440881101,8.845192909240723,1659.38671875,15.270730018615723,24,11602.477365874618,21.50543212890625,539.5137939453125,15.177165031433105,23,5399.069943960916,22.404653549194336,240.97984313964844,15.417098045349121,0,0,0,0,0,1.1583333015441895,-0.23993301391601562,-0.09356498718261719,-0.14636802673339844,24.808773729347603,40.87632272973549,237.97972330773229,32.188223112554134,0.0008589476911719377,265.82897216952495,612.7465309037971,1.2555641814096311e-07,0.03999999910593033,0.03999999910593033,0.03999999910593033,0,1237668272989470901,15.07857,15.0601,15.47004,15.79729,16.13287,0.004679818,0.003802979,0.004256839,0.004815512,0.008046549,35253360136208,268599312,268468240,4503599895973904,268468240,268599312,0.0905582,4457170451083163392,1237668272989470901,122072427225108007,15.1201000213623,15.4696998596191,15.8052997589111,16.0426998138428,16.1905994415283,0.00254300003871322,0.00152199994772673,0.003713000100106,0.00694799982011318,0.0091540003195405,115000,115000,16892216,115000,16892216,436527232,52,0.030482585,4457170451083163392,122072427225108007,,,,,,,,,,,,,,,,,,,,,,,,,,,,,,,,11.599484254413214,0.021065488854913415,242.72258665920188,11.731249426688038,0.04663,0.04651,0.04674,19119.86,7.785258,20173.10653104751,316.92120509969754,315.3036023735549,7.848802653112804,0.019687794865313357,0.020131287669603815,0.5434893597809494,0.010790385172384398,0.010986866590169342,0.04342084294835329,0.0016423106277343377,0.001486753479734912,6.5494162384478996
1636042515805110273,4457806101945927168,1301305776,2016.0,239.5580669703841,0.28047871589660645,12.090015054075838,0.1990780085325241,5.290445802050266,0.33566901087760925,15.760899543762207,19.73943328857422,4.084226289773956,0.3555225431919098,-19.312284760620415,0.2741592228412628,95,0.9396578073501587,False,524,242.67242869093485,0.6669871807098389,363.8337097167969,19.724815368652344,56,146.49548302659238,6.561478137969971,22.326597213745117,19.923980712890625,54,147.33096256449784,9.423781394958496,15.633954048156738,19.327159881591797,0,0,0,1,0,1.2107945680618286,0.5968208312988281,0.19916534423828125,0.3976554870605469,23.408105980623386,43.816626127332306,234.3269009511836,31.836639224647993,0.002632701859811235,1842.1203824449808,564.0451183176771,8.190892604373051e-05,0.07000000029802322,0.07000000029802322,0.07000000029802322,0,1237668311092363446,20.38214,22.81884,20.87353,19.7213,19.24326,0.07792436,0.2120942,0.06128872,0.0344355,0.1094859,72233550526943320,275297370136,140737908215832,4644337535586328,72057869209862168,275297370136,0.11067577,4457806101945927168,1237668311092363446,122502395580868531,19.734899520874,19.6847991943359,19.6187992095947,19.6368999481201,19.5181007385254,0.0198160000145435,0.0155980000272393,0.0148299997672439,0.0317719988524914,0.0258130002766848,115000,115000,115000,16892216,16892216,436527104,52,0.03427675,4457806101945927168,122502395580868531,,,,,,,,,,,,,,,,,,,,,,,,,,,,,,,,5.126418633477775,0.012880736647758774,239.5580669703841,12.090015054075838,0.08003,0.07743,0.08264,6811.663,7.818276,6863.7784471906225,125.22687544880773,123.14354880060273,7.7023062503036135,0.04978266146082788,0.05030481794851305,0.43034663464831946,0.0249088342043704,0.023910852454026577,1.1314067840686082,0.01638610865164747,0.015389729683243925,6.980394430563194
1636042515805110273,4457837815983682304,732928797,2016.0,240.02231057011778,0.08781351894140244,12.377370893490154,0.05498683080077171,4.528978938490212,0.12104352563619614,37.41611862182617,12.768420219421387,7.031238990929168,0.08719314634799957,10.658059757852795,0.06830121576786041,31,0.9549108743667603,False,385,2196.295270744109,2.3705501556396484,926.4918212890625,17.333139419555664,42,1677.56058389853,12.480697631835938,134.4123992919922,17.276845932006836,39,803.3589721730777,10.564175605773926,76.04559326171875,17.485620498657227,0,1,0,0,0,1.1295928955078125,-0.20877456665039062,-0.056293487548828125,-0.1524810791015625,24.04007301680138,43.534666983443934,234.7669204047884,32.22298489543295,0.0030816045179722267,2342.821437872118,569.4563863828015,8.6383684505986e-05,0.07999999821186066,0.07999999821186066,0.07999999821186066,0,1237668365314293974,17.37113,17.16649,17.49457,17.76768,18.05092,0.008958823,0.004674002,0.005836966,0.007387857,0.021413,35253360132624,268468240,268468240,4503599895838736,419594768,275146375184,0.07097772,4457837815983682304,1237668365314293974,122852400223313313,17.2101001739502,17.4983005523682,17.7800998687744,17.99880027771,18.2045993804932,0.00323199992999434,0.00319300009869039,0.00361000001430511,0.00637499988079071,0.0210410002619028,115000,115000,115000,16892216,115000,436527104,52,0.018342178,4457837815983682304,122852400223313313,,,,,,,,,,,,,,,,,,,,,,,,,,,,,,,,4.6313905616811395,0.07499876874165634,240.0223105701178,12.377370893490154,0.08581,0.08486,0.08678,18190.75,7.710996,17738.15126048922,503.1790550503465,504.6937001462247,7.722479783776076,0.036382036283512775,0.036524354692497596,0.47587026950988376,0.01837530514418345,0.017778329043902585,0.061678681046646616,0.003999650991580658,0.003782245922937008,1.0493875124470378
1636042515805110273,4458124822880966656,1599149177,2016.0,241.76034866286417,0.6491422653198242,12.8839346369928,0.523625373840332,4.6291161586346785,0.8452284932136536,5.476762771606445,31.13817596435547,-27.2837792996096,0.8311603665351868,-15.006045908061123,0.7017524838447571,95,1.0994831323623657,False,352,104.81832252900449,0.7549993991851807,138.8323211669922,20.636274337768555,2,121.98246165295134,237.60598754882812,0.5133812427520752,20.122798919677734,2,208.23516102334207,30.952980041503906,6.7274675369262695,18.951509475708008,0,0,0,0,0,3.1503806114196777,1.1712894439697266,-0.5134754180908203,1.6847648620605469,25.658821255996024,42.22087961921651,236.5893207565068,33.10580101902356,0.0005599327579626114,421.3966128335597,589.5099092123803,1.3039796538596719e-05,-99.0,1e+20,1e+20,999999,1237667782858637709,24.64731,23.54522,22.47046,20.2709,18.70705,0.9583578,0.2772688,0.1764779,0.0408252,0.04521545,105622137733392,9007199430902033,70369155219729,4574243551445009,301989904,436240400,0.20104529,4458124822880966656,1237667782858637709,,,,,,,,,,,,,,,,,,,,,,,,,,,,,,,,,,,,,,,,,,,,,,,,,,,,,4.735571259951785,0.08004807314869787,241.7603486628642,12.8839346369928,0.08692,0.0801,0.09428,,,3963.6567820845994,36.77044183177259,44.40155748514826,6.996847830288831,0.006597799846882246,0.0035468669178086998,0.19999396682179427,1.683149156161967e-08,1.0092349567170089e-08,0.0,0.0,0.0,25.876780354470945
1636042515805110273,44581764827781632,251056854,2016.0,56.390545157083665,0.06442812830209732,17.74902095679489,0.053393010050058365,9.042041232459013,0.07137932628393173,126.6759033203125,37.469482421875,33.711197171447225,0.09211741387844086,-16.355959739449197,0.06762372702360153,31,1.047122597694397,False,259,3016.009335757712,7.303416728973389,412.95867919921875,16.988784790039062,26,2282.4521602080526,35.631813049316406,64.05657958984375,16.942537307739258,27,1571.6574342508559,31.539260864257812,49.83177947998047,16.756999969482422,0,1,0,1,0,1.2778838872909546,0.18553733825683594,-0.04624748229980469,0.23178482055664062,171.1482062245231,-28.393450857021,58.16196460465916,-2.0527392551659105,0.0008467735475469444,337.44511908672143,614.0197704485322,1.2297001271761826e-07,0.07000000029802322,0.07000000029802322,0.07000000029802322,0,,,,,,,,,,,,,,,,,,,,,129290563904949363,16.9438991546631,17.0450000762939,17.2705001831055,17.3796005249023,17.5578994750977,0.00582899991422892,0.0186459999531507,0.00799600034952164,0.00491800019517541,0.0,115000,115000,16892216,16793912,20536,436527104,52,0.09151331,44581764827781632,129290563904949363,,,,,,,,,,,,,,,,,,,,,,,,,,,,,,,,8.989510905983712,0.020631647883134915,56.39054515708367,17.74902095679489,0.07266,0.07118,0.07422,9535.627,7.586742,10532.008242670297,272.69289703609866,247.32480187991678,7.729613302898809,0.04921332289393998,0.0491334373378125,0.45678191643317,0.024923625478587397,0.02396239042920456,0.3919610449799126,0.00454074576860497,0.004843159232366612,6.326495191903255
1636042515805110273,4458279682220239872,293847512,2016.0,242.46519985952114,0.2732187509536743,13.735720768975032,0.20420630276203156,2.431418925957973,0.31969496607780457,7.605434417724609,21.863981246948242,-13.51044651242147,0.3375772535800934,17.190156876946908,0.268180787563324,31,0.9940099120140076,False,339,275.89610498200307,0.9079791307449341,303.8573303222656,19.58550262451172,38,210.3835613419271,7.893612384796143,26.652379989624023,19.53101348876953,37,113.77919536956202,6.763241291046143,16.82317543029785,19.607738494873047,0,0,0,0,0,1.1749449968338013,-0.07672500610351562,-0.0544891357421875,-0.022235870361328125,27.087763659801773,41.953517952398194,237.1635878972459,34.089276773266626,0.001849110282767577,2615.743963992529,585.0535708058072,0.0028661824353730927,0.12999999523162842,0.11999999731779099,0.12999999523162842,0,1237668367999435164,19.49182,19.47958,19.72869,19.97144,20.41369,0.0313416,0.01167653,0.01623362,0.02895054,0.1605973,35253360132112,275146506256,268468240,4503874773745680,275146375184,275280723984,0.04330512,4458279682220239872,1237668367999435164,124482424652123347,19.5112991333008,19.7289009094238,19.9409008026123,20.0676002502441,20.2040996551514,0.00883300043642521,0.010402999818325,0.00742299994453788,0.0299149993807077,0.168700993061066,115000,115000,115000,115000,115000,436527104,52,0.037266072,4458279682220239872,124482424652123347,,,,,,,,,,,,,,,,,,,,,,,,,,,,,,,,2.503541952979944,0.10138840349039539,242.46519985952116,13.735720768975032,0.10872,0.10483,0.11319,15156.68,8.066086,17727.291733539772,1142.1665781377487,1062.583501927984,8.297546296847596,0.06869021437959866,0.07096269511876052,0.8005044279790355,0.04537561336128537,0.0468774352321909,0.20353795053406426,0.01509644224819534,0.014026918957912138,3.3712194437797827
