System_Name,source_id_spur,fidelity_v1_spur,solution_id,source_id,random_index,ref_epoch,ra,ra_error,dec,dec_error,parallax,parallax_error,parallax_over_error,pm,pmra,pmra_error,pmdec,pmdec_error,ra_dec_corr,ra_parallax_corr,ra_pmra_corr,ra_pmdec_corr,dec_parallax_corr,dec_pmra_corr,dec_pmdec_corr,parallax_pmra_corr,parallax_pmdec_corr,pmra_pmdec_corr,astrometric_n_obs_al,astrometric_n_obs_ac,astrometric_n_good_obs_al,astrometric_n_bad_obs_al,astrometric_gof_al,astrometric_chi2_al,astrometric_excess_noise,astrometric_excess_noise_sig,astrometric_params_solved,astrometric_primary_flag,nu_eff_used_in_astrometry,pseudocolour,pseudocolour_error,ra_pseudocolour_corr,dec_pseudocolour_corr,parallax_pseudocolour_corr,pmra_pseudocolour_corr,pmdec_pseudocolour_corr,astrometric_matched_transits,visibility_periods_used,astrometric_sigma5d_max,matched_transits,new_matched_transits,matched_transits_removed,ipd_gof_harmonic_amplitude,ipd_gof_harmonic_phase,ipd_frac_multi_peak,ipd_frac_odd_win,ruwe,scan_direction_strength_k1,scan_direction_strength_k2,scan_direction_strength_k3,scan_direction_strength_k4,scan_direction_mean_k1,scan_direction_mean_k2,scan_direction_mean_k3,scan_direction_mean_k4,duplicated_source,phot_g_n_obs,phot_g_mean_flux,phot_g_mean_flux_error,phot_g_mean_flux_over_error,phot_g_mean_mag,phot_bp_n_obs,phot_bp_mean_flux,phot_bp_mean_flux_error,phot_bp_mean_flux_over_error,phot_bp_mean_mag,phot_rp_n_obs,phot_rp_mean_flux,phot_rp_mean_flux_error,phot_rp_mean_flux_over_error,phot_rp_mean_mag,phot_bp_n_contaminated_transits,phot_bp_n_blended_transits,phot_rp_n_contaminated_transits,phot_rp_n_blended_transits,phot_proc_mode,phot_bp_rp_excess_factor,bp_rp,bp_g,g_rp,dr2_radial_velocity,dr2_radial_velocity_error,dr2_rv_nb_transits,dr2_rv_template_teff,dr2_rv_template_logg,dr2_rv_template_fe_h,l,b,ecl_lon,ecl_lat,dr2_source_id,source_id_sdss,ra_sdss,dec_sdss,parallax_sdss,parallax_error_sdss,phot_g_mean_mag_sdss,phot_bp_mean_mag_sdss,phot_rp_mean_mag_sdss,objid_sdss,u_sdss,g_sdss,r_sdss,i_sdss,z_sdss,err_u_sdss,err_g_sdss,err_r_sdss,err_i_sdss,err_z_sdss,flags_sdss,flags_u_sdss,flags_g_sdss,flags_r_sdss,flags_i_sdss,flags_z_sdss,angular_distance_sdss,source_id_xmatch_sdss,original_ext_source_id_xmatch_sdss,source_id_pstarr,ra_pstarr,dec_pstarr,parallax_pstarr,parallax_error_pstarr,phot_g_mean_mag_pstarr,phot_bp_mean_mag_pstarr,phot_rp_mean_mag_pstarr,obj_id_pstarr,g_mean_psf_mag_pstarr,r_mean_psf_mag_pstarr,i_mean_psf_mag_pstarr,z_mean_psf_mag_pstarr,y_mean_psf_mag_pstarr,g_mean_psf_mag_error_pstarr,r_mean_psf_mag_error_pstarr,i_mean_psf_mag_error_pstarr,z_mean_psf_mag_error_pstarr,y_mean_psf_mag_error_pstarr,g_flags_pstarr,r_flags_pstarr,i_flags_pstarr,z_flags_pstarr,y_flags_pstarr,obj_info_flag_pstarr,quality_flag_pstarr,angular_distance_pstarr,source_id_xmatch_pstarr,original_ext_source_id_xmatch_pstarr,source_id_tmass,ra_tmass,dec_tmass,parallax_tmass,parallax_error_tmass,phot_g_mean_mag_tmass,phot_bp_mean_mag_tmass,phot_rp_mean_mag_tmass,designation_tmass,j_m_tmass,h_m_tmass,ks_m_tmass,j_msigcom_tmass,h_msigcom_tmass,ks_msigcom_tmass,ph_qual_tmass,angular_distance_tmass,source_id_xmatch_tmass,original_ext_source_id_tmass,source_id_smap,ra_smap,dec_smap,parallax_smap,parallax_error_smap,phot_g_mean_mag_smap,phot_bp_mean_mag_smap,phot_rp_mean_mag_smap,object_id_smap,u_psf_smap,v_psf_smap,g_psf_smap,r_psf_smap,i_psf_smap,z_psf_smap,e_u_psf_smap,e_v_psf_smap,e_g_psf_smap,e_r_psf_smap,e_i_psf_smap,e_z_psf_smap,u_flags_smap,v_flags_smap,g_flags_smap,r_flags_smap,i_flags_smap,z_flags_smap,u_nimaflags_smap,v_nimaflags_smap,g_nimaflags_smap,r_nimaflags_smap,i_nimaflags_smap,z_nimaflags_smap,flags_smap,nimaflags_smap,flags_psf_smap,angular_distance_smap,source_id_xmatch_smap,original_ext_source_id_xmatch_smap,source_id_apass,ra_apass,dec_apass,phot_g_mean_mag_apass,phot_bp_mean_mag_apass,phot_rp_mean_mag_apass,vmag_apass,e_vmag_apass,bmag_apass,e_bmag_apass,g_mag_apass,e_g_mag_apass,r_mag_apass,e_r_mag_apass,i_mag_apass,e_i_mag_apass,angular_distance_apass,min_sep,wtd_par,e_wtd_par,TeffH,e_TeffH_lower,e_TeffH_upper,LoggH,e_LoggH_lower,e_LoggH_upper,MassH,e_MassH_lower,e_MassH_upper,cool_ageH,e_cool_ageH_lower,e_cool_ageH_upper,Chi2H,init_mass_error_lower_Cummings2018,init_mass_Cummings2018,init_mass_error_upper_Cummings2018,mslife_error_lower_Cummings2018,mslife_Cummings2018,mslife_error_upper_Cummings2018,tot_age_error_lower_Cummings2018,tot_age_Cummings2018,tot_age_error_upper_Cummings2018,ifmr_flag_Cummings2018,init_mass_error_lower_MESA_IFMR,init_mass_MESA_IFMR,init_mass_error_upper_MESA_IFMR,mslife_error_lower_MESA_IFMR,mslife_MESA_IFMR,mslife_error_upper_MESA_IFMR,tot_age_error_lower_MESA_IFMR,tot_age_MESA_IFMR,tot_age_error_upper_MESA_IFMR,ifmr_flag_MESA_IFMR,spectype,mag_u,mag_g,mag_r,mag_i,mag_z,flux_error_u,flux_error_g,flux_error_r,flux_error_i,flux_error_z,P_DA,P_DB,P_DC,P_DO,P_DQ,P_DZ,teff,logg,M,teff_err,logg_err,M_err,u_corr,u_corr_err,comp,logCHe,logL,logL_err,SpecTypeBest,TeffBest,eTeffBest,loggBest,eloggBest,Source,SourceADS,TeffHe,e_TeffHe_lower,e_TeffHe_upper,LoggHe,e_LoggHe_lower,e_LoggHe_upper,MassHe,e_MassHe_lower,e_MassHe_upper,cool_ageHe,e_cool_ageHe_lower,e_cool_ageHe_upper,Chi2He,Teffmixed,e_Teffmixed_lower,e_Teffmixed_upper,Loggmixed,e_Loggmixed_lower,e_Loggmixed_upper,Massmixed,e_Massmixed_lower,e_Massmixed_upper,cool_agemixed,e_cool_agemixed_lower,e_cool_agemixed_upper,He_init_mass_error_lower_MESA_IFMR,He_init_mass_MESA_IFMR,He_init_mass_error_upper_MESA_IFMR,He_mslife_error_lower_MESA_IFMR,He_mslife_MESA_IFMR,He_mslife_error_upper_MESA_IFMR,He_tot_age_error_lower_MESA_IFMR,He_tot_age_MESA_IFMR,He_tot_age_error_upper_MESA_IFMR,He_ifmr_flag_MESA_IFMR,mixed_init_mass_error_lower_MESA_IFMR,mixed_init_mass_MESA_IFMR,mixed_init_mass_error_upper_MESA_IFMR,mixed_mslife_error_lower_MESA_IFMR,mixed_mslife_MESA_IFMR,mixed_mslife_error_upper_MESA_IFMR,mixed_tot_age_error_lower_MESA_IFMR,mixed_tot_age_MESA_IFMR,mixed_tot_age_error_upper_MESA_IFMR,mixed_ifmr_flag_MESA_IFMR
WDWD eDR3 1013776353903292928A,1013776353903292928,1.0,1636042515805110273,1013776353903292928,1061690373,2016.0,132.469801475201,0.052202433,47.21340227259625,0.039988734,6.571394516577822,0.068093024,96.506134,118.05385,-83.77953586192734,0.06529565,-83.17271822462126,0.05177744,-0.06912351,-0.1768201,-0.085191935,0.19145894,0.022679606,0.12971415,-0.15062784,0.4561606,-0.21853364,-0.09657604,303,0,302,1,-0.57505274,323.35928,0.0,0.0,31,false,1.8207341,1e+20,1e+20,1e+20,1e+20,1e+20,1e+20,1e+20,35,19,0.09508862,74,10,0,0.030906782,151.66977,0,0,0.97538507,0.15015379,0.21821594,0.077312045,0.499034,-154.60437,14.074846,18.025171,-19.67544,false,629,3377.510866728798,2.239263,1508.3136,16.865875,61,2612.553931736529,7.6710687,340.57236,16.79588,61,1264.438623099778,6.569039,192.48457,16.99315,0,2,0,1,0,1.1478846,-0.19727135,-0.06999588,-0.12727547,1e+20,1e+20,0,1e+20,1e+20,1e+20,172.67257608738956,39.297315695434676,121.3915043315603,28.295754097861956,1013776353903292928,1.0137763539032929e+18,132.469801475201,47.21340227259625,6.571394516577822,0.068093024,16.865875,16.79588,16.99315,1.2376551089005527e+18,16.59134,16.68902,17.0505,17.30348,17.58016,0.006069599,0.003804696,0.004574079,0.0057143,0.01434158,35255507619856.0,268603408.0,268468240.0,4503599895838736.0,268468240.0,402817040.0,0.037282903,1.0137763539032929e+18,1.2376551089005527e+18,1.0137763539032929e+18,132.469801475201,47.21340227259625,6.571394516577822,0.068093024,16.865875,16.79588,16.99315,1.6465132470030688e+17,16.7558002471924,17.0333995819092,17.3199005126953,17.5618000030518,17.7215003967285,0.00279799988493323,0.0051150000654161,0.00332099990919232,0.00382500002160668,0.0145049998536706,115000,115000,115000,115000,115000,436527104,52,0.22837178,1.0137763539032929e+18,1.6465132470030688e+17,0.0,0.0,0.0,0.0,0.0,0.0,0.0,0.0,0.0,0.0,0.0,0.0,0.0,0.0,0.0,0.0,0.0,0.0,0.0,0.0,0.0,0.0,0.0,0.0,0.0,0.0,0.0,0,0.0,0.0,0.0,0.0,0.0,0.0,0.0,0.0,0.0,0.0,0.0,0.0,0,0,0,0,0,0,0,0,0,0,0,0,0,0,0,0.0,0.0,0,1.0137763539032929e+18,132.46981861767304,47.21341380387274,16.888765,16.73883,16.991045,16.472,0.129,16.596,0.082,16.416,0.0,16.499,0.0,0.0,0.0,1.5976294741406336,4.363717840060371,6.536225587943508,0.057438697802344334,19872.262018306457,509.0498192906307,517.9874110672063,8.070365953532043,0.038,0.038,0.6639793803441902,0.019054203817858432,0.018999511499798588,0.08207659602627795,0.0032780382817924002,0.002923150849470463,6.001343889858527,0.23817754772322997,2.187242254302378,0.23749389374748242,0.2844842602078731,1.1328259588369207,0.2562026715851965,0.2845031455731162,1.2149025548631986,0.25621934692423365,0,0.3019068111442462,2.594435617438607,0.21277081435483325,0.14619570615980493,0.7006245593681659,0.2908890732320379,0.14623245205678842,0.7827011553944438,0.2909037602656292,0,DB,16.5983,16.7112,17.0418,17.305,17.5593,1.1481560519059523e-31,2.2569217756128636e-32,2.3667372611816835e-32,2.4295215729650918e-32,3.4938118801610606e-32,0.0,1.0,0.0,0.0,0.0,0.0,17090,7.994,0.589,0,0.012,0.009,0.0238,0.0536,Pure He,0.0,-1.8979,1746.2816,DB,16990.0,390.0,7.84,0.07,Baxter2014,2014MNRAS.440.3184B,17486.624875323705,718.0593884910413,619.0277852697654,8.009643251943944,0.05401226948453974,0.05367715950469609,0.5998509642198142,0.03184633873220166,0.03197347529426031,0.12019979141969495,0.004580246189797341,0.0045341471503349134,2.1414038750511293,17438.83734201738,686.935388069167,644.4897426163916,8.01436376538643,0.05178216936838709,0.05441185861760278,0.6023653462459047,0.03135627870928781,0.03232895102566824,0.12316303024282765,0.004402218412434489,0.004609525919870475,0.3162319336835099,1.186211303688832,0.8700629941683675,4.960906579328007,6.299119523060677,12.355616565881505,4.960908693724877,6.419319314480371,12.355617397830667,01,0.32564144913511506,1.221723704014497,0.8877024132111642,4.449404865196528,5.696406971882045,11.089200034766419,4.449407042962184,5.819570002124872,11.089200992803438,01
WDWD eDR3 1063981734158309248A,1063981734158309248,1.0,1636042515805110273,1063981734158309248,98397852,2016.0,141.97989073824428,0.13637154,62.17437045291867,0.16934083,9.047096662472045,0.25246271,35.835377,160.7055,-155.66691953463916,0.20183033,-39.92578167371913,0.22205448,0.27426973,-0.23530816,-0.4222792,-0.011808119,-0.07047912,-0.042970926,-0.24770112,0.24965304,0.06359224,0.031066628,724,0,720,4,0.17617574,757.2206,0.0,0.0,31,false,1.5227996,1e+20,1e+20,1e+20,1e+20,1e+20,1e+20,1e+20,83,29,0.31320038,87,37,0,0.015792068,75.713585,0,0,1.0041956,0.1491462,0.39400935,0.31347892,0.27628338,72.15437,-69.167465,-24.426207,9.010552,false,735,313.9107409608661,0.6052716,518.6279,19.44535,75,163.86858269212075,5.7072563,28.712322,19.802303,77,205.90889758800517,5.631115,36.566277,18.963707,0,1,0,0,0,1.1779702,0.83859634,0.35695267,0.48164368,1e+20,1e+20,0,1e+20,1e+20,1e+20,151.95171090374558,41.711201332982455,120.85332811776412,44.18931093609739,1063981734158309248,1.0639817341583092e+18,141.97989073824428,62.17437045291867,9.047096662472045,0.25246271,19.44535,19.802303,18.963707,1.237663546371146e+18,21.19731,19.89587,19.40048,19.22308,19.29816,0.1120501,0.01674885,0.01595171,0.01870281,0.07025574,35253360132112.0,2252074960060432.0,275146375184.0,4503599895937040.0,275146375184.0,275280592912.0,0.10815104,1.0639817341583092e+18,1.237663546371146e+18,1.0639817341583092e+18,141.97989073824428,62.17437045291867,9.047096662472045,0.25246271,19.44535,19.802303,18.963707,1.8261141980351e+17,19.8409004211426,19.4039001464844,19.2684001922607,19.2264003753662,19.0524997711182,0.0143799996003509,0.0134079996496439,0.0081190001219511,0.0218649990856647,0.0603250004351139,115000,115000,115000,115000,115000,436527104,52,0.3362519,1.0639817341583092e+18,1.8261141980351e+17,0.0,0.0,0.0,0.0,0.0,0.0,0.0,0.0,0.0,0.0,0.0,0.0,0.0,0.0,0.0,0.0,0.0,0.0,0.0,0.0,0.0,0.0,0.0,0.0,0.0,0.0,0.0,0,0.0,0.0,0.0,0.0,0.0,0.0,0.0,0.0,0.0,0.0,0.0,0.0,0,0,0,0,0,0,0,0,0,0,0,0,0,0,0,0.0,0.0,0,0.0,0.0,0.0,0.0,0.0,0.0,0.0,0.0,0.0,0.0,0.0,0.0,0.0,0.0,0.0,0.0,0.0,8.025521772438392,8.91666855392499,0.1971539084895439,5562.431391050496,69.22701973744188,66.74917669260596,7.859276540730067,0.044844439129854585,0.041750719914744217,0.5038589451547028,0.02540066336171043,0.023316172054126783,2.3221930806938387,0.08378092336947048,0.0672909241059001,3.7282836739387353,nan,0.18573681443378454,0.2914521506765841,1221.3765263760067,1328.5962553805805,nan,1221.3765292495036,1330.9184484612742,nan,11,0.2206834349410114,0.3126754574691818,0.20257317162577515,193.5392382761444,282.9247891326939,nan,193.53925641004545,285.24698221338775,nan,11,DC,21.5231,19.8977,19.4001,19.262,19.2245,3.699564205853822e-31,8.696441030890179e-33,1.0164421388808818e-32,1.3028275364108638e-32,2.0962380692151115e-32,0.12,0.0,0.72,0.0,0.0,0.02,-999,-999.0,-999.0,-999,-999.0,-999.0,-999.0,-999.0,-,0.0,-999.0,-999.0,,,,,,,,5491.853198257355,48.09709242885765,52.224842647375226,7.807197713667049,0.034840622088476714,0.03342456192676746,0.4594648911303356,0.01919595374330757,0.017719483974435568,2.805237063993366,0.04966332176430832,0.04981905511506923,15.015724007381035,5539.143621278103,959.4835025305474,1164.19940615812,7.992851084889344,0.3135059767139987,0.45522059666728953,0.5784797216333967,0.19171073992920606,0.24912878011638062,3.6067703018003243,0.0874685392120349,0.08387464911141684,0.166776314016573,-0.07302440373296504,0.15394860099422725,nan,nan,nan,nan,nan,nan,11,1.6656015632424492,0.9609880246168261,2.6390528099162065,12.869627251486492,13.140228226479561,nan,12.869924488417002,16.746998528279885,nan,11
WDWD eDR3 1094968518747322624A,1094968518747322624,1.0,1636042515805110273,1094968518747322624,1426170099,2016.0,121.30273195444751,0.061388396,65.43694274605137,0.091052994,8.202113570924173,0.12537375,65.421295,60.187927,10.609064155290937,0.07408714,-59.245543610585756,0.10402089,0.2131595,-0.033478193,0.20520544,0.028942583,-0.29079068,0.003786831,-0.31528386,0.17817777,0.24002956,0.20608751,580,0,579,1,6.8404794,876.9603,0.5166403,4.567858,31,false,1.7395962,1e+20,1e+20,1e+20,1e+20,1e+20,1e+20,1e+20,68,26,0.15352212,79,21,0,0.0055604167,10.609609,0,0,1.20792,0.25685406,0.3775838,0.21462658,0.10976979,90.11355,-74.56487,-38.34319,4.5558515,false,652,1226.0485628775825,1.3865081,884.27075,17.966097,72,920.5980390356154,7.775027,118.40449,17.928368,73,619.8580793586801,7.248996,85.509514,17.767164,0,72,0,73,0,1.2564397,0.16120338,-0.037729263,0.19893265,1e+20,1e+20,0,1e+20,1e+20,1e+20,150.68325513480815,32.124630057641795,107.43644299042427,43.88158207310029,1094968518747322624,1.0949685187473226e+18,121.30273195444751,65.43694274605137,8.202113570924173,0.12537375,17.966097,17.928368,17.767164,1.237667206216614e+18,18.03442,17.81151,17.88672,17.98462,18.22485,0.01268354,0.005604287,0.006469795,0.008176721,0.02542298,35259802587152.0,268468240.0,268468240.0,4503599895969808.0,2251800082153488.0,2252074960195600.0,0.047604837,1.0949685187473226e+18,1.237667206216614e+18,1.0949685187473226e+18,121.30273195444751,65.43694274605137,8.202113570924173,0.12537375,17.966097,17.928368,17.767164,1.8652121302759523e+17,17.9099006652832,17.9913997650146,18.1371994018555,18.3124008178711,18.3680000305176,0.00447299983352423,0.00708100013434887,0.00512799993157387,0.0221389997750521,0.0200709998607636,115000,16892216,16892216,16892216,16892216,436527104,52,0.07140861,1.0949685187473226e+18,1.8652121302759523e+17,0.0,0.0,0.0,0.0,0.0,0.0,0.0,0.0,0.0,0.0,0.0,0.0,0.0,0.0,0.0,0.0,0.0,0.0,0.0,0.0,0.0,0.0,0.0,0.0,0.0,0.0,0.0,0,0.0,0.0,0.0,0.0,0.0,0.0,0.0,0.0,0.0,0.0,0.0,0.0,0,0,0,0,0,0,0,0,0,0,0,0,0,0,0,0.0,0.0,0,0.0,0.0,0.0,0.0,0.0,0.0,0.0,0.0,0.0,0.0,0.0,0.0,0.0,0.0,0.0,0.0,0.0,1.1317170860590897,8.114793956319119,0.12188122103342947,10698.807017918125,238.21896098962316,223.52975857992533,8.25842653136694,0.038,0.038,0.7628522859263562,0.02475689902006957,0.02441895315627033,0.7700803145445798,0.008453551549701099,0.00817458895403262,7.594606450158275,0.13238983433192342,3.095466769659659,0.13058263719930574,0.0484876555286305,0.419296726276038,0.05573785453312701,0.049219053957452144,1.189377040820618,0.05633411339963929,0,0.12814804025023108,3.3019218749374293,0.1295032565391825,0.03760561362874234,0.34736336608826385,0.04164077633922911,0.03854406193173866,1.1174436806328436,0.042435576568500805,0,DC,17.9842,17.9225,18.0085,18.1398,18.2187,9.78288083423256e-32,1.6346391650715883e-32,1.73893155111986e-32,1.6697645721964063e-32,3.0319768910131636e-32,0.0,0.01,0.74,0.0,0.06,0.0,9813,8.056,0.614,183,0.034,0.028,-0.0446,-0.0058,logH/He=-5,0.0,-2.9081,2675.7511,,,,,,,,10078.509595268282,160.16720282683127,156.21625766408943,8.101579324548315,0.029965824391384288,0.029035667236398055,0.6414232255511297,0.019111364376089957,0.0179746896132571,0.7436126085355657,0.0073687097079760955,0.007280243501344819,27.922491386141687,9686.500965118232,183.002871355382,173.70426378966658,7.985346626156712,0.0413335248764124,0.04128328024291417,0.5709269409194055,0.025107955779965607,0.02409915455354028,0.6986380432769929,0.008690885219809097,0.008878272538944243,0.49096073600911794,2.2323578273389986,0.29681475335027274,0.3154883643369057,1.068025056621361,0.7567850126608097,0.3155744063049736,1.8116376651569266,0.756820029685698,00,0.21814036298840656,0.895368730837581,0.21339684657727986,8.904497867184032,16.836699770681275,26.47053170586548,8.904502108381516,17.535337813958268,26.470533194761167,11
WDWD eDR3 1100267237077449728A,1100267237077449728,1.0,1636042515805110273,1100267237077449728,666760613,2016.0,103.458772370924,0.025475249,63.931021836254956,0.029896272,35.973434530627046,0.045283567,794.40375,419.50015,-133.64352167689248,0.03575029,-397.6427903304353,0.037089724,0.14776441,0.015381252,-0.013549774,-0.01808993,-0.08003491,-0.019565763,-0.20697403,0.4220118,-0.0020772314,-0.028903604,435,0,433,2,-1.209535,409.47043,0.0,0.0,31,false,1.5779792,1e+20,1e+20,1e+20,1e+20,1e+20,1e+20,1e+20,50,23,0.052497324,54,14,0,0.016065722,172.35771,0,0,0.9581772,0.3146054,0.17021509,0.09451165,0.4275344,95.572205,-72.41401,16.959335,42.122353,false,464,5872.4534418875455,2.5947464,2263.209,16.265318,46,3269.83764065843,10.936744,298.97726,16.552227,43,3731.7649134871153,12.027747,310.263,15.8181095,0,0,0,0,0,1.192279,0.7341175,0.2869091,0.4472084,1e+20,1e+20,0,1e+20,1e+20,1e+20,151.79159498802105,24.436552450810517,97.7716404359268,40.85439495167565,1100267237077449728,0.0,0.0,0.0,0.0,0.0,0.0,0.0,0.0,0.0,0.0,0.0,0.0,0.0,0.0,0.0,0.0,0.0,0.0,0.0,0.0,0.0,0.0,0.0,0.0,0.0,0.0,0.0,0.0,1.1002672370774497e+18,103.458772370924,63.931021836254956,35.973434530627046,0.045283567,16.265318,16.552227,15.8181095,1.8471103459210867e+17,16.5972003936768,16.2742004394531,16.1471004486084,16.1390991210938,16.1322994232178,0.0107359997928143,0.00243299989961088,0.00492599979043007,0.00628700014203787,0.00424000015482306,115000,115000,115000,115000,115000,436527104,52,0.01769519,1.1002672370774497e+18,1.8471103459210867e+17,1.1002672370774497e+18,103.45881459115829,63.931077072391616,35.95647655040211,0.05665882035361063,16.279549,16.562267,15.822722,06535043+6355585,15.282,15.095,14.908,0.049,0.078,0.114,AAB,0.11944854577762251,1.1002672370774497e+18,06535043+6355585,0.0,0.0,0.0,0.0,0.0,0.0,0.0,0.0,0,0.0,0.0,0.0,0.0,0.0,0.0,0.0,0.0,0.0,0.0,0.0,0.0,0,0,0,0,0,0,0,0,0,0,0,0,0,0,0,0.0,0.0,0,0.0,0.0,0.0,0.0,0.0,0.0,0.0,0.0,0.0,0.0,0.0,0.0,0.0,0.0,0.0,0.0,0.0,489.5726848974488,35.92085785359998,0.034705837814220576,6044.36520696108,72.53238248353296,72.53238248353296,8.03637208728075,0.038,0.038,0.6099735604845598,0.006774976842261391,0.0068782987929774395,2.4588108093809122,0.04129071461796182,0.046048693304498636,1.8196169861312863,0.084687210528267,1.512169506056997,0.08597873491221764,0.45498371457207537,2.8066431590814562,0.587331137538289,0.45685348158842537,5.265453968462369,0.5891335564004756,0,0.10512442166213254,1.3377829996450512,0.2070792934569421,1.5869946877503576,4.205211040334417,1.3232459740798284,1.5875317515128688,6.664021849715329,1.3240469742699938,0,DA,17.4482,16.6203,16.2653,16.142,16.1097,1.040444054200154e-31,3.251312472929321e-32,3.868076128606465e-32,4.0348299791853935e-32,5.976149832522241e-32,0.98,0.0,0.05,0.0,0.0,0.0,6153,8.085,0.64,70,0.028,0.025,-0.0478,-0.0182,Pure H,0.0,-3.7282,-0.3715,DC,,,,,LDT Deveny,,5898.145326061136,24.099054868933308,22.534559331333185,7.951405315429586,0.01148924036270138,0.011052473216145664,0.541713642881134,0.0068442631408081045,0.006470029598066196,2.5928589288394095,0.015260134113922241,0.015993825087071922,19.145604773524802,4996.6689182923965,1503.0504674382391,42.4266864996016,7.795504810530906,0.38872938617081054,0.021655031947422465,0.45209581207517935,0.23716168118702086,0.011452355848481033,3.9766112635900033,0.10119174878073345,1.1020872482110189,0.05946362415993134,0.6415607548317466,0.05621224672516245,12.45004956521904,51.45053671419525,16.17882283688707,12.450058917455129,54.043395643034664,16.17883074235649,11,2.0604837635709874,-0.13704767962485254,0.09949918200244157,nan,nan,nan,nan,nan,nan,11
WDWD eDR3 1119372626000889600A,1119372626000889600,1.0,1636042515805110273,1119372626000889600,532731985,2016.0,143.16332914884975,0.060237072,71.03388592875297,0.074673474,8.220725046190445,0.0865755,94.95441,145.84894,-145.5491045773112,0.08089342,-9.347209811935981,0.10039444,0.20664312,-0.10914608,-0.12739842,-0.06022028,-0.18702285,-0.09386087,-0.34591037,0.26357883,0.14623854,0.22309071,445,0,442,3,0.44937155,471.61887,0.0,1.9227574e-15,31,false,1.730799,1e+20,1e+20,1e+20,1e+20,1e+20,1e+20,1e+20,51,30,0.14764592,55,20,0,0.010670121,11.357222,0,0,1.0144721,0.03581314,0.25968263,0.04952454,0.21709883,-52.95495,-63.14366,23.157385,5.7339745,false,472,1459.0175369882156,1.4309437,1019.6191,17.777216,49,1015.844275165647,8.861747,114.63251,17.821474,50,651.3482531921209,7.9897647,81.522835,17.713362,0,1,0,1,0,1.1426816,0.108112335,0.044258118,0.06385422,1e+20,1e+20,0,1e+20,1e+20,1e+20,141.31543955967072,38.19430168070541,115.11346932470546,52.20086721742758,1119372626000889600,0.0,0.0,0.0,0.0,0.0,0.0,0.0,0.0,0.0,0.0,0.0,0.0,0.0,0.0,0.0,0.0,0.0,0.0,0.0,0.0,0.0,0.0,0.0,0.0,0.0,0.0,0.0,0.0,1.1193726260008896e+18,143.16332914884975,71.03388592875297,8.220725046190445,0.0865755,17.777216,17.821474,17.713362,1.932414316404315e+17,17.794900894165,17.8701992034912,18.0163993835449,18.1781005859375,18.3201007843018,0.00332099990919232,0.00464399997144938,0.00397199997678399,0.00339700002223253,0.0319069996476173,115000,115000,115000,115000,115000,436527104,52,0.19589446,1.1193726260008896e+18,1.932414316404315e+17,0.0,0.0,0.0,0.0,0.0,0.0,0.0,0.0,0.0,0.0,0.0,0.0,0.0,0.0,0.0,0.0,0.0,0.0,0.0,0.0,0.0,0.0,0.0,0.0,0.0,0.0,0.0,0,0.0,0.0,0.0,0.0,0.0,0.0,0.0,0.0,0.0,0.0,0.0,0.0,0,0,0,0,0,0,0,0,0,0,0,0,0,0,0,0.0,0.0,0,0.0,0.0,0.0,0.0,0.0,0.0,0.0,0.0,0.0,0.0,0.0,0.0,0.0,0.0,0.0,0.0,0.0,4.140798750041706,8.222866850569964,0.08232283762211383,10899.907016890054,252.46867503000794,238.59631668317525,8.226649445872813,0.038,0.038,0.7428325763885668,0.02443949533523877,0.024523653299702564,0.6975749012989412,0.007946855056116033,0.007901476277603035,1.1605926294737277,0.1306924884237377,2.988409499404101,0.13114253101445117,0.05215167590451914,0.4621311741527125,0.06656958687606973,0.05275367100906741,1.1597060754516537,0.06703687958292898,0,0.135930768908056,3.1987986074409234,0.12841211512094786,0.03977472870746374,0.37932347023442314,0.05258394262760806,0.040560837627387054,1.0768983715333644,0.05317428278434133,0,DC,18.0625,17.7757,17.8796,18.0177,18.1728,1.0396003683594263e-31,1.9720365730843878e-32,2.141962721918423e-32,2.1891440675205152e-32,3.368387699460375e-32,0.01,0.0,0.92,0.0,0.02,0.0,9473,7.914,0.53,185,0.035,0.028,-0.045,-0.0067,logH/He=-5,0.0,-2.8913,2660.3461,,,,,,,,10733.638947748004,260.226699954319,236.85360416901312,8.138855934137187,0.040580138178963665,0.03840689036151801,0.6659882193414293,0.027039559788269774,0.024608789463014813,0.665064740792808,0.007248379881966915,0.0074800915981970695,0.34837226781405606,10426.965592751181,266.1722195822258,269.0105317809721,8.060743026741813,0.04999086055054569,0.052921951299774506,0.6176030718001675,0.03164866725109816,0.032358124725671567,0.6408950973258895,0.007213062623957822,0.007233224997306831,0.4317729303827371,2.6207198379184287,0.2369043103571773,0.14847618435563564,0.6772242459750367,0.4528045855561825,0.14865300646714819,1.3422889867678447,0.4528663649146662,00,0.5412246687554991,1.5671534658803414,0.8097896198360302,1.6044669669532656,2.500211128081065,7.943247383933078,1.604483180440552,3.1411062254069546,7.943250677267057,00
WDWD eDR3 1141846540594232192B,1141846540594232064,1.0,1636042515805110273,1141846540594232064,514464085,2016.0,114.06373500561723,0.09080587,79.67859665718848,0.10304273,10.229721859232747,0.11577003,88.362434,22.86163,12.478555098027092,0.11299694,-19.155672265682128,0.14150432,-0.030530414,0.018717453,-0.12435028,0.12007443,-0.061024226,0.1057636,-0.121330544,0.042578056,0.121110015,-0.017989077,443,9,439,4,-0.964761,424.5065,0.0,3.8587827e-15,31,false,1.630545,1e+20,1e+20,1e+20,1e+20,1e+20,1e+20,1e+20,51,29,0.19690491,58,20,0,0.031979572,172.83055,0,0,0.96667373,1e+20,1e+20,1e+20,1e+20,1e+20,1e+20,1e+20,1e+20,false,486,715.0724027415143,0.9985772,716.09125,18.551493,50,426.8385859806071,9.868613,43.252136,18.762882,49,412.14745219957416,7.169443,57.486675,18.210264,0,0,0,1,0,1.1732882,0.552618,0.21138954,0.3412285,1e+20,1e+20,0,1e+20,1e+20,1e+20,134.4859573225666,28.65857195495537,97.68457276640807,56.88333820403657,1141846540594232064,0.0,0.0,0.0,0.0,0.0,0.0,0.0,0.0,0.0,0.0,0.0,0.0,0.0,0.0,0.0,0.0,0.0,0.0,0.0,0.0,0.0,0.0,0.0,0.0,0.0,0.0,0.0,0.0,1.141846540594232e+18,114.06373500561723,79.67859665718848,10.229721859232747,0.11577003,18.551493,18.762882,18.210264,2.036111406365752e+17,18.7504997253418,18.5863990783691,18.5534000396729,18.6044998168945,18.6075992584229,0.00851800013333559,0.0323910005390644,0.00549700018018484,0.0135249998420477,0.0357960015535355,115000,115000,115000,115000,115000,436527104,52,0.028971208,1.141846540594232e+18,2.036111406365752e+17,0.0,0.0,0.0,0.0,0.0,0.0,0.0,0.0,0.0,0.0,0.0,0.0,0.0,0.0,0.0,0.0,0.0,0.0,0.0,0.0,0.0,0.0,0.0,0.0,0.0,0.0,0.0,0,0.0,0.0,0.0,0.0,0.0,0.0,0.0,0.0,0.0,0.0,0.0,0.0,0,0,0,0,0,0,0,0,0,0,0,0,0,0,0,0.0,0.0,0,0.0,0.0,0.0,0.0,0.0,0.0,0.0,0.0,0.0,0.0,0.0,0.0,0.0,0.0,0.0,0.0,0.0,8.135941546958094,10.13774953102932,0.029814600357052974,6989.32518353207,118.66627111641446,109.34134386416736,8.095930025676626,0.03854008582598034,0.0381746100580429,0.6503980207324824,0.02440368718358399,0.024194524564965514,1.8251991311228388,0.0389469826486295,0.038388282543868835,1.2347374271115108,0.30504608979479997,2.0174752591560305,0.3024315570620688,0.4210579884827271,1.3836085103279783,0.5281103682218804,0.42285540923884724,3.208807641450817,0.5295037499962753,0,0.4616274619775351,2.384247838335826,0.3405981482496321,0.2798344011705252,0.8880941648668778,0.5414564000509293,0.28253169651545135,2.7132932959897165,0.5428155242739285,0,DA,19.2813,18.7465,18.5694,18.5285,18.5735,1.1638632144896754e-31,1.5328982953155947e-32,1.6584071620280807e-32,1.9129559028948608e-32,3.030198391079212e-32,0.74,0.0,0.62,0.0,0.0,0.0,7168,8.171,0.698,243,0.057,0.05,-0.0399,0.0504,Pure H,0.0,-3.5115,-0.8672,DC,,,,,LDT Deveny,,6766.542756091127,109.39326886438175,104.53318348795437,8.002616781952204,0.03909429927397845,0.04018747356343333,0.5748246036182624,0.024761664781499104,0.02433834889204256,1.7781974696162453,0.033291903365761266,0.028918119143562793,2.459565165544048,6317.446278175665,228.33687082961933,226.32452595160976,7.8625765795625835,0.015329460351893864,0.011824469651333658,0.493467179395741,0.008634420346585625,0.006332535020593999,1.7548897226507134,0.21793869284721334,0.12602626086762214,0.2151317530972987,0.9292320036339043,0.24593577341753958,8.285469445742587,14.787523231100822,21.522408053421326,8.28553633068878,16.56572070071707,21.522427481015935,11,0.07501668415799845,0.22239078536699441,0.055017680456941775,430.90889577384667,957.1972465978138,920.4479132122334,430.9089508867386,958.9521363204644,920.4479218398907,11
WDWD eDR3 1218155666922068864B,1218155666922071552,1.0,1636042515805110273,1218155666922071552,1596919609,2016.0,236.01414749098817,0.19424886,23.754541245142494,0.21477222,6.339063097975156,0.3302858,19.192661,108.25673,104.84291174856108,0.25051433,-26.97191168950092,0.3022564,0.27659377,-0.119297765,-0.21115959,-0.053578265,-0.05792039,-0.070006855,-0.1374631,-0.0715834,-0.26352158,0.50048476,439,9,436,3,-1.0702664,422.03088,0.0,0.0,31,false,1.6235682,1e+20,1e+20,1e+20,1e+20,1e+20,1e+20,1e+20,50,22,0.4790873,56,25,0,0.028133355,162.19186,0,0,0.9630051,1e+20,1e+20,1e+20,1e+20,1e+20,1e+20,1e+20,1e+20,false,482,303.6175918561226,0.82410216,368.42227,19.48155,51,188.52229656807077,6.6171107,28.490122,19.650135,50,170.61176081891873,7.011959,24.33154,19.167873,0,1,0,1,0,1.18285,0.48226166,0.16858482,0.31367683,1e+20,1e+20,0,1e+20,1e+20,1e+20,37.865736710855614,51.07135184676648,226.33631597881134,42.18011161056432,1218155666922071552,1.2181556669220716e+18,236.01414749098817,23.754541245142494,6.339063097975156,0.3302858,19.48155,19.650135,19.167873,1.2376651022200343e+18,20.2204,19.64477,19.50002,19.47696,19.53149,0.04652146,0.01287605,0.01397714,0.01689506,0.0645783,35253360136208.0,275146477584.0,268468240.0,4503599895805968.0,275146342416.0,275146342416.0,0.011840174,1.2181556669220716e+18,1.2376651022200343e+18,1.2181556669220716e+18,236.01414749098817,23.754541245142494,6.339063097975156,0.3302858,19.48155,19.650135,19.167873,1.3650236014025613e+17,19.6387004852295,19.5198993682861,19.5093002319336,19.5548992156982,19.6830997467041,0.00550600001588464,0.00988699961453676,0.0073250001296401,0.0291210003197193,0.0393159985542297,115000,115000,115000,115000,115000,436527104,52,0.325335,1.2181556669220716e+18,1.3650236014025613e+17,0.0,0.0,0.0,0.0,0.0,0.0,0.0,0.0,0.0,0.0,0.0,0.0,0.0,0.0,0.0,0.0,0.0,0.0,0.0,0.0,0.0,0.0,0.0,0.0,0.0,0.0,0.0,0,0.0,0.0,0.0,0.0,0.0,0.0,0.0,0.0,0.0,0.0,0.0,0.0,0,0,0,0,0,0,0,0,0,0,0,0,0,0,0,0.0,0.0,0,0.0,0.0,0.0,0.0,0.0,0.0,0.0,0.0,0.0,0.0,0.0,0.0,0.0,0.0,0.0,0.0,0.0,17.74554989477184,6.556399105140347,0.14232736087565195,7496.083501390465,139.78025073154095,131.4547592809513,8.221559081626896,0.0422781712227529,0.03939685399473447,0.7319239630523119,0.028043436718549475,0.025765780515374037,1.8967701756906323,0.0757188352036744,0.06592677232366362,2.2567267976584686,0.24406808955691028,2.9300746687289405,0.1377849225421075,0.06186824526102841,0.49184463072062323,0.1401635491717087,0.09778047748032306,2.3886148064112556,0.15489402772678545,0,0.1822639306280167,3.1411725464992704,0.1340446440800913,0.04600023587597472,0.40161574082740836,0.07554201712477517,0.08859663484154752,2.2983859165180407,0.10026432895250437,0,DZ,20.2053,19.6298,19.5148,19.4431,19.5575,1.1099309696220283e-31,1.3059419083811618e-32,1.4518099314366575e-32,1.634782762190164e-32,2.6605645719619607e-32,0.19,0.0,0.04,0.0,0.0,0.99,6848,7.986,0.566,297,0.092,0.076,-0.2124,-0.0235,"H/He=0, logCa/He=-9.5",0.0,-3.4982,3218.7569,DC,-99.0,,,,Andrews2015,2015ApJ...815...63A,7291.110061363752,124.00764099857679,113.16370529028882,8.148294299682963,0.039673013943254176,0.03961781774334305,0.6664787121527778,0.02665916201627805,0.025580611032575362,1.8288146403278094,0.04616157123364162,0.04447615022047624,2.976624337677726,6979.138985418062,111.5992454867719,114.82283609898423,7.996020194304925,0.04245865862181386,0.04016791113432383,0.5717939637493457,0.02614242749508966,0.023783051316731862,1.6343311152351139,0.033022668405287,0.030477702192822198,0.4221968886551819,2.627000155605349,0.24030178473451302,0.14885561861596872,0.6726741955544965,0.43277975774100996,0.15584891995872574,2.5014888358823058,0.43505913006027314,00,0.22712795391042262,0.9029015095512223,0.21470707898934793,8.622721663098204,16.329817259399082,27.282384571705002,8.622784896765758,17.964148374634195,27.282401595327677,11
WDWD eDR3 123477840154269184A,123477840154269184,1.0,1636042515805110273,123477840154269184,663064510,2016.0,49.02314182518746,0.15978272,31.455836304361483,0.13543327,6.645329300408421,0.17983858,36.951633,49.2031,36.806905841984985,0.20674612,-32.652664444727435,0.17744215,0.21123524,0.16177754,-0.23572445,0.15797691,-0.10377975,0.10583674,0.23355252,0.13523464,0.118326746,0.2063288,217,0,217,0,0.083419606,222.36562,0.0,0.0,31,false,1.736865,1e+20,1e+20,1e+20,1e+20,1e+20,1e+20,1e+20,25,15,0.30107704,29,12,0,0.03982527,155.97482,0,0,1.0024799,0.20540506,0.24381205,0.29900762,0.7327562,-75.61616,-22.582308,-46.151726,31.502682,false,251,773.1611974175836,1.6339759,473.17786,18.466692,27,519.3647737023988,10.191173,50.96222,18.549862,28,355.5239615331671,9.36288,37.971645,18.370724,0,1,0,1,0,1.1315736,0.17913818,0.08316994,0.09596825,1e+20,1e+20,0,1e+20,1e+20,1e+20,155.8196718514382,-22.022806560359832,54.98558189660431,12.861872086438508,123477840154269184,0.0,0.0,0.0,0.0,0.0,0.0,0.0,0.0,0.0,0.0,0.0,0.0,0.0,0.0,0.0,0.0,0.0,0.0,0.0,0.0,0.0,0.0,0.0,0.0,0.0,0.0,0.0,0.0,1.2347784015426918e+17,49.02314182518746,31.455836304361483,6.645329300408421,0.17983858,18.466692,18.549862,18.370724,1.4574049023093763e+17,18.4906005859375,18.5599994659424,18.6793994903564,18.8299999237061,18.9447994232178,0.00644699996337295,0.0072400001809001,0.00639399979263544,0.018078999593854,0.0398310013115406,115000,115000,115000,115000,115000,436527104,52,0.09383591,1.2347784015426918e+17,1.4574049023093763e+17,0.0,0.0,0.0,0.0,0.0,0.0,0.0,0.0,0.0,0.0,0.0,0.0,0.0,0.0,0.0,0.0,0.0,0.0,0.0,0.0,0.0,0.0,0.0,0.0,0.0,0.0,0.0,0,0.0,0.0,0.0,0.0,0.0,0.0,0.0,0.0,0.0,0.0,0.0,0.0,0,0,0,0,0,0,0,0,0,0,0,0,0,0,0,0.0,0.0,0,0.0,0.0,0.0,0.0,0.0,0.0,0.0,0.0,0.0,0.0,0.0,0.0,0.0,0.0,0.0,0.0,0.0,3.886982363545541,6.6866261809566225,0.13781870837322277,10907.051127461342,410.8078813562097,371.39811122969513,8.321013822489569,0.0561809152043935,0.056986065043188816,0.8042347887100659,0.03735915815230961,0.03815803044725663,0.8076510041832998,0.0137273145776039,0.013885239936867189,0.8077121173105422,0.19978159439737775,3.316763575989657,0.20405363875538285,0.05377933810072941,0.3427770629361115,0.0681966421507284,0.05550366088885545,1.1504280671194114,0.0695958467779427,0,0.18262125699133103,3.507133500437464,0.16391750416062756,0.03493873097585592,0.29217557097834634,0.048207040145566704,0.03753870119910557,1.099826575161646,0.05016690749588469,0,DC,18.6055,18.4784,18.5509,18.6728,18.8355,1.816551953687217e-31,2.3833718230165215e-32,2.507463607541628e-32,2.432306600168714e-32,3.8840437506801896e-32,0.0,0.01,0.96,0.0,0.0,0.0,9608,8.079,0.628,419,0.074,0.064,-0.0412,0.0209,logH/He=-5,0.0,-2.9583,2722.0045,,,,,,,,10763.312385854542,427.12964617317266,379.8520815055181,8.239479792322529,0.0600412174583802,0.058762545908662034,0.7308960289733399,0.040121147878843466,0.03786609135580821,0.7650964999991023,0.013656240775072992,0.015093310053416298,0.16924574852255467,10437.434550999715,450.4554027666436,426.08956023471364,8.161924194643142,0.07844515204463498,0.0816159693672116,0.6809951967798424,0.05144039967182845,0.05213469888725364,0.7395564475051681,0.012238381242255514,0.012536366066336346,0.27694103032012407,3.135742361190385,0.19936218866446076,0.06660693984878939,0.40371637304654073,0.1244320782972505,0.06799248008513158,1.168812873045643,0.12534412677800919,00,0.776463151657079,2.7907847248181508,0.3567583056472272,0.16656330052310223,0.5657146606508731,0.8088888636575969,0.1670123080990741,1.3052711081560413,0.8089860037252978,00
WDWD eDR3 1246997338682879104A,1246997338682879104,1.0,1636042515805110273,1246997338682879104,638891544,2016.0,211.2385537681803,0.13640489,20.212941437491267,0.12725542,7.170986221469406,0.19483943,36.804592,59.792175,-52.824777759389576,0.1749482,28.011551165883176,0.15893836,-0.19454452,-0.20899509,0.13311447,-0.01289204,-0.089270145,0.0047300733,-0.19240192,-0.12490564,0.16429049,-0.13955337,355,0,354,1,-0.17403689,360.05234,0.0,0.0,31,false,1.6777306,1e+20,1e+20,1e+20,1e+20,1e+20,1e+20,1e+20,41,20,0.25250775,47,20,0,0.05025737,178.31699,1,0,0.992467,0.020286059,0.24988848,0.06546884,0.47384137,-166.06725,43.119938,-45.28309,-27.234293,false,379,599.4445109708862,1.0520515,569.78625,18.742994,44,396.6606623637076,9.750217,40.682236,18.842495,43,304.82175825009966,7.6118836,40.04551,18.53778,0,1,0,1,0,1.1702207,0.3047142,0.099500656,0.20521355,1e+20,1e+20,0,1e+20,1e+20,1e+20,14.506183217733787,71.82785768228233,201.06676262894226,30.702695183560802,1246997338682879104,1.246997338682879e+18,211.2385537681803,20.212941437491267,7.170986221469406,0.19483943,18.742994,18.842495,18.53778,1.2376677350564823e+18,19.15063,18.81629,18.78866,18.8775,18.98869,0.02165956,0.008326416,0.009574361,0.01182538,0.03579717,35253360001552.0,402686480.0,268435472.0,4503599895805968.0,268435472.0,275280592912.0,0.0995191,1.246997338682879e+18,1.2376677350564823e+18,1.246997338682879e+18,211.2385537681803,20.212941437491267,7.170986221469406,0.19483943,18.742994,18.842495,18.53778,1.322521123876159e+17,18.7985992431641,18.7784004211426,18.8834991455078,19.0018997192383,19.0543003082275,0.00673800008371472,0.00746200000867248,0.0044379997998476,0.0168370008468628,0.0335210002958775,115000,115000,115000,115000,115000,436527104,52,0.028944232,1.246997338682879e+18,1.322521123876159e+17,0.0,0.0,0.0,0.0,0.0,0.0,0.0,0.0,0.0,0.0,0.0,0.0,0.0,0.0,0.0,0.0,0.0,0.0,0.0,0.0,0.0,0.0,0.0,0.0,0.0,0.0,0.0,0,0.0,0.0,0.0,0.0,0.0,0.0,0.0,0.0,0.0,0.0,0.0,0.0,0,0,0,0,0,0,0,0,0,0,0,0,0,0,0,0.0,0.0,0,0.0,0.0,0.0,0.0,0.0,0.0,0.0,0.0,0.0,0.0,0.0,0.0,0.0,0.0,0.0,0.0,0.0,5.7070808468682275,7.137997292466767,0.17312577241987043,9039.020764808243,214.23036403772494,202.95389373823673,8.289395796328204,0.04869689545691003,0.048077081847308634,0.7795417197799489,0.032544033401665784,0.031571965084903564,1.266616363272005,0.027767666440297267,0.027508084419384238,1.3203055627706746,0.17403226418003115,3.1847150790371597,0.16883403788718487,0.053361800865767244,0.3847715925067155,0.06732326071947295,0.06015417767019518,1.6513879557787206,0.07272630983575408,0,0.1753849200350408,3.395630094216445,0.13884401096977284,0.03258004474873125,0.31840615289891605,0.054196510815446255,0.042807740133869975,1.585022516170921,0.060777927679320824,0,DC,19.2393,18.853,18.7554,18.8413,18.9372,1.166223070322795e-31,1.7239397932632816e-32,1.9040873674160484e-32,1.8455758946560408e-32,2.9513622916997e-32,0.02,0.0,0.99,0.0,0.01,0.01,7734,7.89,0.512,237,0.061,0.048,-0.0399,0.0504,logH/He=-5,0.0,-3.2335,2975.2202,DC,-99.0,,,,Kepler2015,2015MNRAS.446.4078K,8597.503197756967,164.92960877115183,165.12818290855648,8.172250170959416,0.04025992126779698,0.042290083934899414,0.6842743478768091,0.026433059323353603,0.027811601559678545,1.2346347515730933,0.02114120101183481,0.018793356369195102,1.012507100895479,8187.112953087696,156.29311268836045,152.25508274117237,8.012045270864519,0.043888402214783184,0.04736135225471472,0.5837759091490426,0.026984754085984552,0.028285143189962336,1.1166683962943944,0.020594814737425526,0.0213732591134721,0.30878152056098296,2.815779933003369,0.20626504716807226,0.10236237789137083,0.5500618506322378,0.21926747047192097,0.10452275727227353,1.7846966022053312,0.2200713835344666,00,0.2344461692961296,1.0070018171072341,0.3787695010308112,7.410909322388571,11.153647260709954,16.804971002149603,7.410937938686297,12.27031565700435,16.80498459384281,01
WDWD eDR3 1247034339825405056A,1247034339825405056,1.0,1636042515805110273,1247034339825405056,497054682,2016.0,210.65489969888193,0.30598772,20.257025949120397,0.31301278,4.996345322825253,0.44635728,11.193601,40.19722,-19.629642580457137,0.4412232,-35.078393969109456,0.39623836,-0.28182194,0.041968472,0.05949536,-0.0021549473,-0.40835035,0.06962688,-0.2424433,-0.15397614,0.13655749,-0.3616088,322,0,320,2,0.4425554,346.2504,0.5322463,0.3229291,31,false,1.6105504,1e+20,1e+20,1e+20,1e+20,1e+20,1e+20,1e+20,37,19,0.68559027,45,22,0,0.046535548,27.526884,0,0,1.0166193,0.088288575,0.28908405,0.24969083,0.4030802,-8.336504,42.287216,-34.86429,-26.47782,false,349,217.3665920847432,0.7941603,273.70618,19.844385,37,117.71829682635183,4.968668,23.692123,20.161432,42,130.58611766869294,5.7752104,22.61149,19.458153,0,2,0,2,0,1.1423302,0.7032795,0.31704712,0.38623238,1e+20,1e+20,0,1e+20,1e+20,1e+20,13.85223997458311,72.33911279294276,200.46225929958024,30.526084895489614,1247034339825405056,1.247034339825405e+18,210.65489969888193,20.257025949120397,4.996345322825253,0.44635728,19.844385,20.161432,19.458153,1.237667782308397e+18,20.73733,20.14921,19.87803,19.85478,19.95924,0.0670504,0.01935211,0.0199391,0.02401027,0.09368368,35253360001552.0,275146375184.0,268468240.0,4503874773745680.0,275146375184.0,402686480.0,0.03931839,1.247034339825405e+18,1.237667782308397e+18,1.247034339825405e+18,210.65489969888193,20.257025949120397,4.996345322825253,0.44635728,19.844385,20.161432,19.458153,1.3230210654962907e+17,20.0617008209229,19.8446006774902,19.7938003540039,19.8295993804932,19.6693000793457,0.0123100001364946,0.0125000001862645,0.012873999774456,0.0132379997521639,0.10461899638176,115000,115000,115000,115000,115000,436527104,52,0.10779117,1.247034339825405e+18,1.3230210654962907e+17,0.0,0.0,0.0,0.0,0.0,0.0,0.0,0.0,0.0,0.0,0.0,0.0,0.0,0.0,0.0,0.0,0.0,0.0,0.0,0.0,0.0,0.0,0.0,0.0,0.0,0.0,0.0,0,0.0,0.0,0.0,0.0,0.0,0.0,0.0,0.0,0.0,0.0,0.0,0.0,0,0,0,0,0,0,0,0,0,0,0,0,0,0,0,0.0,0.0,0,0.0,0.0,0.0,0.0,0.0,0.0,0.0,0.0,0.0,0.0,0.0,0.0,0.0,0.0,0.0,0.0,0.0,6.119981100445201,5.307618472044447,0.36481956160458523,6739.459207037695,236.66386625504947,218.05888444980337,7.909055555857864,0.09404696965909931,0.09627697817386949,0.537831831864211,0.055520117978882566,0.053308272355445496,1.5160825268420854,0.08731275691655305,0.07519279524124545,1.8929601592086465,nan,0.6103978983026378,0.666353404443068,55.53242127303573,60.4437398841197,nan,55.53248991323396,61.959822410961785,nan,10,0.4823641874794311,0.6078352029905392,0.46314745747563335,52.21450097857929,61.18330108521781,2453.4722674789223,52.21457398044705,62.6993836120599,2453.472268631158,11,DA,20.6211,20.0853,19.8415,19.7594,19.7577,1.303309876613495e-31,1.0533312872100935e-32,1.3614738224944409e-32,1.7234389181335948e-32,2.681884028842913e-32,0.96,0.0,0.02,0.0,0.0,0.02,6719,7.784,0.47,291,0.138,0.1,-0.2499,-0.0033,Pure H,0.0,-3.4085,-1.4387,DC,-99.0,,,,Kepler2015,2015MNRAS.446.4078K,6648.887280467701,220.11766056196393,209.6450334135452,7.857366852381492,0.09182044885507334,0.09697618422098664,0.49153281190921005,0.05163721627752438,0.05194363060336138,1.535030979913972,0.07611951502058023,0.06941780713041745,3.917027980486697,6214.60883929537,305.6035075684604,223.3150164565368,7.747863016299638,0.042118374523305135,0.04938101489050872,0.4331157640026918,0.02200812456870782,0.02474548898170581,1.593242362211556,0.1573830418411366,0.14444880332681387,0.4486291596657198,0.2055848124171168,0.45129131714475534,1046.7870312773239,1094.3606754845198,nan,1046.7870340449263,1095.8957064644337,nan,11,0.19120872779068465,-0.30194818416427505,0.21499121617468098,nan,nan,nan,nan,nan,nan,11
WDWD eDR3 1248152852388496896A,1248152852388496896,1.0,1636042515805110273,1248152852388496896,86059303,2016.0,206.11049669049964,0.085118614,18.82510317718879,0.0723093,8.832930024218976,0.118442684,74.57556,84.10274,69.26421402754978,0.11759273,-47.704704529009135,0.08686151,-0.22650525,-0.026090361,-0.020283215,0.021029906,-0.13682829,0.037576556,-0.1596693,-0.17629535,0.14981703,-0.1733305,424,0,423,1,-0.9395883,408.3305,0.0,0.0,31,true,1.70749,1e+20,1e+20,1e+20,1e+20,1e+20,1e+20,1e+20,48,20,0.16640624,67,38,0,0.02112724,133.73914,0,0,0.96689165,0.09581457,0.2867289,0.13213903,0.4210714,-2.710345,24.525515,-34.563995,-22.562582,false,564,1158.776081133724,1.2039462,962.48157,18.027369,60,790.4081544793628,6.523068,121.17123,18.093914,59,536.7517052294702,5.7173357,93.88144,17.923462,0,0,0,0,0,1.1453117,0.17045212,0.06654549,0.10390663,1e+20,1e+20,0,1e+20,1e+20,1e+20,1.4379746030293397,75.25983567957365,196.62865491990323,27.50023500026531,1248152852388496896,1.248152852388497e+18,206.11049669049964,18.82510317718879,8.832930024218976,0.118442684,18.027369,18.093914,17.923462,1.2376682982128353e+18,18.35598,18.06578,18.0906,18.21434,18.30146,0.01703501,0.006388554,0.007330447,0.00885651,0.02545092,35255507484688.0,402685968.0,268468240.0,4503599895838736.0,268468240.0,275146375184.0,0.067453034,1.248152852388497e+18,1.2376682982128353e+18,1.248152852388497e+18,206.11049669049964,18.82510317718879,8.832930024218976,0.118442684,18.027369,18.093914,17.923462,1.3059206110394075e+17,18.0757999420166,18.1021003723145,18.215799331665,18.3474006652832,18.4295997619629,0.00940399989485741,0.00627100002020597,0.00454800017178059,0.00636600004509091,0.00830799993127584,115000,115000,115000,115000,115000,436527104,52,0.1648038,1.248152852388497e+18,1.3059206110394075e+17,0.0,0.0,0.0,0.0,0.0,0.0,0.0,0.0,0.0,0.0,0.0,0.0,0.0,0.0,0.0,0.0,0.0,0.0,0.0,0.0,0.0,0.0,0.0,0.0,0.0,0.0,0.0,0,0.0,0.0,0.0,0.0,0.0,0.0,0.0,0.0,0.0,0.0,0.0,0.0,0,0,0,0,0,0,0,0,0,0,0,0,0,0,0,0.0,0.0,0,0.0,0.0,0.0,0.0,0.0,0.0,0.0,0.0,0.0,0.0,0.0,0.0,0.0,0.0,0.0,0.0,0.0,32.15934025279031,8.860540787555188,0.11267612221182444,9692.447289814074,157.24031835679853,156.27905383777033,8.296522813151846,0.038,0.038,0.7856113954454891,0.02152844271313812,0.02206585213208382,1.0641932579186717,0.014652208004695551,0.014118145674195847,3.1786252395729964,0.11512536210234314,3.2171732376764126,0.11799920926247998,0.03646348511451495,0.373551937118164,0.043198930713832975,0.03929723840309033,1.4377451950368356,0.045447438344711544,0,0.11508946617667037,3.423921317565502,0.09689445182071754,0.02250234498264986,0.31150040548186203,0.03372767660702449,0.026852238810405583,1.3756936634005337,0.036563345123030555,0,DC,18.457,18.0485,18.1034,18.2064,18.4002,9.980798300448443e-32,1.623584920374755e-32,1.7830871570046632e-32,1.7893202669034612e-32,2.6534719467523525e-32,0.01,0.0,0.98,0.0,0.01,0.01,8881,8.051,0.609,160,0.032,0.028,-0.0433,0.014,logH/He=-5,0.0,-3.0794,2833.3513,DQ,-99.0,,,,Kleinman2013,2013ApJS..204....5K,9176.226751173726,125.55381761265926,120.30921931586818,8.164397667999973,0.02690715664184573,0.028292528933254957,0.6801200321351155,0.018243973847066774,0.01874321063066453,1.0345097588882752,0.010351053843863811,0.010051050001770756,5.877622685966882,8738.287278326272,129.51434675108067,117.90724257360671,8.008694611605696,0.034560812125198126,0.03258700194731823,0.5828570893642877,0.021310723900792916,0.019510903030966142,0.942622540285866,0.011320162260574085,0.011633461794776201,0.21729793588358337,2.7817717006706024,0.1341807202692955,0.07412471899939733,0.5731626644423632,0.14847107794779957,0.074843959558659,1.6076724233306385,0.14881090213126077,00,0.18514964292608949,0.9990190214099715,0.22273940897393762,5.76915269691423,11.465026302588068,11.944822533992316,5.76916380304688,12.407648842873934,11.944828199099556,11
WDWD eDR3 1436411267656322304A,1436411267656322304,1.0,1636042515805110273,1436411267656322304,698347046,2016.0,267.1352259613502,0.0936758,61.81729202843168,0.09180449,3.5770034596846676,0.09400908,38.049553,14.4522705,-11.983337586247002,0.105946556,-8.078845193486716,0.124292105,0.035212655,-0.36961004,0.063270636,0.050439853,0.08815621,-0.010436006,-0.4487308,-0.26748008,-0.011770607,0.12755331,304,0,304,0,0.42989266,326.35196,0.2567705,0.8224609,31,false,1.8304766,1e+20,1e+20,1e+20,1e+20,1e+20,1e+20,1e+20,35,23,0.18057181,41,18,0,0.0063356133,84.64736,0,0,1.0165099,0.16247816,0.091414735,0.14745085,0.18081865,-102.526054,-32.98916,20.620495,14.910382,false,344,1236.294435852863,1.6124104,766.7368,17.957062,37,942.7625384485322,8.190572,115.103386,17.902536,36,450.1710390352974,7.7256594,58.269596,18.114452,0,0,0,3,0,1.1267005,-0.21191597,-0.054525375,-0.1573906,1e+20,1e+20,0,1e+20,1e+20,1e+20,90.88176635978874,31.053435331482884,253.96949759624212,85.09659578930736,1436411267656322304,1.4364112676563223e+18,267.1352259613502,61.81729202843168,3.5770034596846676,0.09400908,17.957062,17.902536,18.114452,1.237656564898726e+18,17.74469,17.79615,18.14488,18.4204,18.70298,0.0114135,0.005890253,0.007508602,0.01022387,0.03236192,158398662443008.0,158329942999040.0,293634048.0,4503599895838720.0,268468224.0,275280592896.0,0.03354915,1.4364112676563223e+18,1.237656564898726e+18,1.4364112676563223e+18,267.1352259613502,61.81729202843168,3.5770034596846676,0.09400908,17.957062,17.902536,18.114452,1.821826713525115e+17,17.8472003936768,18.150899887085,18.4468002319336,18.675199508667,18.8155994415283,0.00539699988439679,0.00322999991476536,0.00561799993738532,0.0129810003563762,0.025823000818491,115000,115000,115000,115000,115000,436527104,52,0.0048984326,1.4364112676563223e+18,1.821826713525115e+17,0.0,0.0,0.0,0.0,0.0,0.0,0.0,0.0,0.0,0.0,0.0,0.0,0.0,0.0,0.0,0.0,0.0,0.0,0.0,0.0,0.0,0.0,0.0,0.0,0.0,0.0,0.0,0,0.0,0.0,0.0,0.0,0.0,0.0,0.0,0.0,0.0,0.0,0.0,0.0,0,0,0,0,0,0,0,0,0,0,0,0,0,0,0,0.0,0.0,0,0.0,0.0,0.0,0.0,0.0,0.0,0.0,0.0,0.0,0.0,0.0,0.0,0.0,0.0,0.0,0.0,0.0,115.42715255528333,3.598112944702758,0.08282763302316111,20566.214882651017,825.1390085919047,774.570665857078,7.974258639591077,0.04899493263964683,0.04731267884070611,0.6108885259523763,0.029216809171503377,0.027805166023480155,0.053600706396379795,0.004166039745445584,0.0037487249981461787,2.755641956182136,0.36521011464379205,1.5236065744047038,0.34756457529350193,1.2214311288245634,2.7374711526820215,4.087309477691838,1.2214382335381546,2.7910718590784014,4.087311196785564,0,0.3700962994997927,1.3588166885603743,0.8253644698668492,2.8578761252044393,3.995724967693258,7.904229100895922,2.85787916170378,4.049325674089638,7.904229989846517,1,DB,17.6334,17.8075,18.1352,18.4074,18.6964,1.537581566443478e-31,2.1961414993029367e-32,2.2909178875802268e-32,2.2996079410473658e-32,3.5476108884354157e-32,0.0,1.0,0.0,0.0,0.0,0.0,19879,8.016,0.607,0,0.027,0.022,0.0247,0.0606,Pure He,0.0,-1.6453,1513.8881,,,,,,,,18266.98337032854,1136.351971279004,1066.602202374379,7.928523695928872,0.07674698156125537,0.08380883158427022,0.5550336830873674,0.04534534612606578,0.04579518298938179,0.08464488052975386,0.007174021855190185,0.007880202692173044,1.0855041989036478,18231.449627832477,1137.384279070735,1088.4244278147926,7.933823085780141,0.07668772938200341,0.0860519264364017,0.5583333421714801,0.045094242672052975,0.04765302127105209,0.08620012362985705,0.007654466079476452,0.007822874405162217,0.39396477954879017,0.7572865602725237,0.44427336199452705,23.750564311203636,29.779387699910526,33.93585462925714,23.750565394685015,29.86403258044028,33.93585554418318,11,0.3917831683062809,0.7859543194741976,0.4832892952571961,21.350049868159207,26.360887435814462,135.2567592696659,21.350051240307035,26.44708755944432,135.25675949589254,11
WDWD eDR3 1448906637486139392A,1448906637486139392,1.0,1636042515805110273,1448906637486139392,273907643,2016.0,204.0472056243733,0.20148355,27.63022645266433,0.13007855,6.441338331069736,0.23896344,26.95533,62.249878,-60.40100798241911,0.30440402,15.058741329798593,0.14491609,0.018645061,-0.10197385,-0.1583213,-0.014998867,0.07557465,0.032843783,0.2688247,-0.27922782,-0.052724026,0.19997597,435,0,431,4,1.2418487,482.6262,0.4999304,0.84176034,31,false,1.7120664,1e+20,1e+20,1e+20,1e+20,1e+20,1e+20,1e+20,50,20,0.42753282,65,11,0,0.06357715,96.40842,1,0,1.0420519,0.38943434,0.48016304,0.25069994,0.2836359,-10.311905,-2.9028046,-2.7805946,-12.6688385,false,535,509.2298288531142,1.0044818,506.95776,18.920082,60,346.16586673190494,6.757571,51.22637,18.990332,60,233.1055754053163,5.8888283,39.584373,18.829014,0,4,0,3,0,1.1375442,0.16131783,0.07024956,0.09106827,1e+20,1e+20,0,1e+20,1e+20,1e+20,38.394326885826636,80.05622663665865,190.28091742956877,34.68747166592957,1448906637486139392,1.4489066374861394e+18,204.0472056243733,27.63022645266433,6.441338331069736,0.23896344,18.920082,18.990332,18.829014,1.2376654275564667e+18,19.23762,18.98649,19.00346,19.12359,19.27541,0.02465142,0.009762202,0.01124004,0.01615924,0.05927283,35255507615760.0,268599312.0,268599312.0,4503599895838736.0,268468240.0,275280592912.0,0.040500782,1.4489066374861394e+18,1.2376654275564667e+18,1.4489066374861394e+18,204.0472056243733,27.63022645266433,6.441338331069736,0.23896344,18.920082,18.990332,18.829014,1.4115204047342678e+17,18.9568996429443,18.9948997497559,19.0986003875732,19.2164993286133,19.3922004699707,0.00728200003504753,0.00863199960440397,0.00918599963188171,0.0100990002974868,0.0829309970140457,115000,115000,115000,115000,115000,436527104,52,0.036931686,1.4489066374861394e+18,1.4115204047342678e+17,0.0,0.0,0.0,0.0,0.0,0.0,0.0,0.0,0.0,0.0,0.0,0.0,0.0,0.0,0.0,0.0,0.0,0.0,0.0,0.0,0.0,0.0,0.0,0.0,0.0,0.0,0.0,0,0.0,0.0,0.0,0.0,0.0,0.0,0.0,0.0,0.0,0.0,0.0,0.0,0,0,0,0,0,0,0,0,0,0,0,0,0,0,0,0.0,0.0,0,0.0,0.0,0.0,0.0,0.0,0.0,0.0,0.0,0.0,0.0,0.0,0.0,0.0,0.0,0.0,0.0,0.0,5.39527788044151,6.369479548835613,0.18653029056478598,9899.313837047506,313.4714270278582,299.63748122186735,8.447605715353173,0.05636783230892917,0.05748326611756838,0.8849145563950487,0.03693228916427449,0.03774831077742413,1.3274757609673293,0.06203172864677797,0.05166547266853749,1.7725714833147155,0.31765302874612766,3.8683603401406423,0.3527879511908796,0.04637402259852678,0.22275585101150186,0.05930032811375314,0.07744988915987013,1.5502316119788313,0.07865017470077339,0,0.26254664749851475,3.9604441846299956,0.5863199910236645,0.06331904288931281,0.20899890837037674,0.04318540627586576,0.08864105454768761,1.536474669337706,0.06733721394054688,0,DC,19.2304,18.9487,18.985,19.113,19.2717,8.687830675218472e-32,1.498704784976341e-32,1.5573652172291382e-32,1.601880788764261e-32,2.6103769374103637e-32,0.04,0.0,0.99,0.0,0.02,0.01,9105,8.234,0.726,356,0.071,0.064,-0.0399,0.0504,logH/He=-5,0.0,-3.143,2891.9576,DC,-99.0,,,,Kleinman2013,2013ApJS..204....5K,9262.592807982386,217.37028037434357,211.56852225715193,8.301897148611666,0.04402828975437423,0.046124627584188005,0.7698758044551764,0.030799819370186943,0.031045298941330457,1.2350817453070202,0.023012797778782845,0.020119033886550453,1.4559222999970018,8835.847530076877,216.54470265393138,213.67798954183127,8.161667014730941,0.053094728973928085,0.0538556451078378,0.678167814341704,0.03479702579955468,0.03450000637222084,1.1354863049598931,0.022849935402307286,0.023342035935404182,0.16240372683450266,3.3413576892486043,0.15177568957828047,0.0397502233024354,0.33517712147610157,0.051823121897605955,0.04593113447543649,1.5702588667831217,0.05559146955911753,00,0.4958453621066736,2.7616664710783114,0.2641446662286455,0.13598638467518567,0.5822289437802998,0.44264901263220857,0.13789277125693425,1.717715248740193,0.44326402857200004,00
WDWD eDR3 1459032658542428416A,1459032658542428416,1.0,1636042515805110273,1459032658542428416,1681975606,2016.0,208.11857219538174,0.0449502,34.48486655733549,0.04290686,8.112461233292187,0.06864865,118.173645,75.95791,6.686335602595932,0.051311646,-75.66304555754195,0.05304989,0.13195755,-0.1803262,0.43628263,0.14076002,-0.10369671,0.15053906,0.09043575,-0.254345,-0.14377347,0.09429563,588,0,586,2,-0.25084856,609.84467,0.0,0.0,31,false,1.7570002,1e+20,1e+20,1e+20,1e+20,1e+20,1e+20,1e+20,68,25,0.08048233,80,22,0,0.040170513,88.05388,0,0,0.99207795,0.39995912,0.10338147,0.13137761,0.17210397,-76.815796,-63.153133,53.03574,33.980164,false,679,2322.5970430037805,1.6197041,1433.9637,17.272432,72,1680.8793407879589,7.911663,212.45589,17.2747,71,982.4940565550168,7.728127,127.13223,17.26707,0,3,0,2,0,1.1467221,0.0076293945,0.0022678375,0.005361557,1e+20,1e+20,0,1e+20,1e+20,1e+20,66.00896641493686,74.99559082631495,190.23054522183185,42.37623973494106,1459032658542428416,1.4590326585424284e+18,208.11857219538174,34.48486655733549,8.112461233292187,0.06864865,17.272432,17.2747,17.26707,1.2376626836060242e+18,17.26249,17.19263,17.40416,17.57152,17.80906,0.008554814,0.004693705,0.005416881,0.006767163,0.01764954,35255507619856.0,268603408.0,268468240.0,4503599895838736.0,268468240.0,275280592912.0,0.1011991,1.4590326585424284e+18,1.2376626836060242e+18,1.4590326585424284e+18,208.11857219538174,34.48486655733549,8.112461233292187,0.06864865,17.272432,17.2747,17.26707,1.4938208118586256e+17,17.24169921875,17.4041004180908,17.5923004150391,17.7730007171631,17.9044990539551,0.00201699999161065,0.004056999925524,0.00366199994459748,0.00667200004681945,0.0118749998509884,115000,115000,115000,115000,115000,436527104,52,0.13849042,1.4590326585424284e+18,1.4938208118586256e+17,0.0,0.0,0.0,0.0,0.0,0.0,0.0,0.0,0.0,0.0,0.0,0.0,0.0,0.0,0.0,0.0,0.0,0.0,0.0,0.0,0.0,0.0,0.0,0.0,0.0,0.0,0.0,0,0.0,0.0,0.0,0.0,0.0,0.0,0.0,0.0,0.0,0.0,0.0,0.0,0,0,0,0,0,0,0,0,0,0,0,0,0,0,0,0.0,0.0,0,0.0,0.0,0.0,0.0,0.0,0.0,0.0,0.0,0.0,0.0,0.0,0.0,0.0,0.0,0.0,0.0,0.0,108.56572282224683,8.122410239061272,0.06627887831704816,12825.804719635977,332.7310062298511,296.59206984873344,8.135664451952596,0.038,0.038,0.6892741414604548,0.017349951370525776,0.017055153435493704,0.3970299089073718,0.01175290875697193,0.012339954777036881,8.978313710840037,0.2168743921315719,2.503426768255686,0.21318941794367063,0.15792046092490947,0.7724134270373523,0.22657334568608975,0.15835720016148797,1.169443335944724,0.22690913480793945,0,0.1521446503255457,2.848869235343844,0.1310048647927018,0.06672869904909969,0.5332074681547923,0.09213642022414821,0.06775581259962148,0.930237377062164,0.09295910076813428,0,DB,17.4191,17.221,17.3987,17.5698,17.7842,1.0479908289877435e-31,2.2187463986691756e-32,2.3320074286047114e-32,2.212152234723072e-32,3.2434091896630364e-32,0.0,1.0,0.05,0.0,0.0,0.0,11157,7.905,0.528,0,0.01,0.008,-0.0478,-0.0182,Pure He,0.0,-2.5977,2390.2023,DB,11605.0,46.0,,,Kepler2015,2015MNRAS.446.4078K,11759.701779463627,187.4532335981421,184.0701512083633,7.980396032840579,0.026883370529812822,0.026879799832666862,0.5721637919875342,0.016376458776391267,0.01597595156951237,0.4121415638822957,0.004041159211581824,0.003882621718458601,2.486172742114226,11529.297624472063,217.3472953933997,186.79183806431865,7.9401298169502965,0.03430183125438102,0.032538719182792164,0.5492118415922136,0.019873117080463132,0.01870185757313081,0.4097073004045968,0.0030137935667510773,0.0030723690496101685,0.14228026738828192,0.9061146132713659,0.13880062180288755,6.348434459737772,16.135741778723634,12.862852184171071,6.348435745957723,16.54788334260593,12.862852770151182,11,0.17265957498230344,0.7067058348585025,0.16248355841121453,18.764781637098135,37.4760849789696,44.199622143752485,18.76478187911938,37.8857922793742,44.199622250534524,11
WDWD eDR3 1503769858234574976B,1503769858234576128,1.0,1636042515805110273,1503769858234576128,1413785352,2016.0,206.37573051989975,0.15854885,46.294990237668856,0.18044701,6.110501264217416,0.21430933,28.51253,99.980446,-99.64988264099881,0.18985558,8.123408484076881,0.22782913,0.12923007,-0.07582019,-0.29269826,0.11822337,-0.029460875,0.093098186,0.21861097,-0.09511037,-0.047241032,0.09244212,467,0,464,3,-0.62558675,463.4702,0.0,0.0,31,false,1.619931,1e+20,1e+20,1e+20,1e+20,1e+20,1e+20,1e+20,54,28,0.32195985,67,23,0,0.03784566,114.431076,0,0,0.97870266,0.11430832,0.28460047,0.15462922,0.35837808,-53.85769,-66.9871,41.061386,18.94583,false,551,347.22857211942966,0.69399303,500.33438,19.335829,58,208.91980922874382,5.894643,35.442318,19.538593,54,184.9537410676454,5.2425175,35.279568,19.080238,0,7,0,3,0,1.134335,0.45835495,0.20276451,0.25559044,1e+20,1e+20,0,1e+20,1e+20,1e+20,97.33136909647892,68.0538799832079,179.45129289954522,51.753461651527424,1503769858234576128,1.5037698582345761e+18,206.37573051989975,46.294990237668856,6.110501264217416,0.21430933,19.335829,19.538593,19.080238,1.2376614353884938e+18,20.0012,19.49951,19.35888,19.34247,19.41008,0.03358349,0.01169515,0.01296255,0.01753037,0.05262226,17661174088192.0,17867475156992.0,268468224.0,4503599895838720.0,275146375168.0,275280593408.0,0.08973812,1.5037698582345761e+18,1.2376614353884938e+18,1.5037698582345761e+18,206.37573051989975,46.294990237668856,6.110501264217416,0.21430933,19.335829,19.538593,19.080238,1.6355206375981462e+17,19.465799331665,19.3787002563477,19.388500213623,19.4601993560791,19.4171009063721,0.0220320001244545,0.00854100007563829,0.00870599970221519,0.0104379998520017,0.0482040010392666,115000,115000,115000,115000,115000,436527104,52,0.19335406,1.5037698582345761e+18,1.6355206375981462e+17,0.0,0.0,0.0,0.0,0.0,0.0,0.0,0.0,0.0,0.0,0.0,0.0,0.0,0.0,0.0,0.0,0.0,0.0,0.0,0.0,0.0,0.0,0.0,0.0,0.0,0.0,0.0,0,0.0,0.0,0.0,0.0,0.0,0.0,0.0,0.0,0.0,0.0,0.0,0.0,0,0,0,0,0,0,0,0,0,0,0,0,0,0,0,0.0,0.0,0,0.0,0.0,0.0,0.0,0.0,0.0,0.0,0.0,0.0,0.0,0.0,0.0,0.0,0.0,0.0,0.0,0.0,13.500936183573469,6.152936779069664,0.14162197864789244,7518.166370167064,133.9552082092223,128.61539312169225,8.060025491835411,0.043213034495600766,0.04353250406779985,0.6293672973801578,0.02732970059267814,0.026561371179350757,1.4269571674217314,0.03437609028788202,0.033256041538122005,2.159400153382748,0.3416212574084767,1.754591217251973,0.3320171397418845,0.5055430979461284,1.7898402198422199,1.7209682819683838,0.5067105085395895,3.2167973872639513,1.7212895723381338,0,0.793433244105495,2.010855774124914,0.465494784269572,0.5663170305019621,1.3647073355576191,4.400937357071108,0.5673594051569436,2.7916645029793505,4.401063006270509,0,DC:,20.3807,19.5031,19.3346,19.3953,19.5117,1.0357699318477702e-31,1.302758802277433e-32,1.398575431420637e-32,1.5421729116867528e-32,2.523451730177086e-32,0.08,0.0,0.61,0.0,0.0,0.01,7202,7.908,0.521,295,0.08,0.064,-0.2191,0.0137,logH/He=-5,0.0,-3.3677,3098.6745,DC,-99.0,,,,Kepler2016,2016MNRAS.455.3413K,7341.727921146505,122.71711960949597,116.49614100137296,7.99087758620455,0.04207305461442257,0.041558632725641864,0.5686763090564102,0.02624048208862717,0.02476193234788071,1.4293566135372715,0.026832654396322653,0.027434461975953672,6.307040326356708,7005.240077679388,110.93513907877332,115.76336390875713,7.817836740450881,0.047603014178604575,0.04406571617789723,0.4713614132962235,0.026002226119179128,0.022931572040293502,1.2829029641931,0.027259971336858202,0.025716648500566652,0.22797986176044438,0.8758150222103408,0.21513407774005822,9.835083135702408,18.236867056336077,31.402956174586887,9.835119738850151,19.66622366987335,31.40296815832428,11,0.22590987071398005,0.03033373845546128,0.19923172928143773,nan,nan,nan,nan,nan,nan,11
WDWD eDR3 1579105719206817536A,1579105719206817536,1.0,1636042515805110273,1579105719206817536,494032096,2016.0,196.5281576490831,0.07096076,59.43591191123027,0.059476808,8.204726033839016,0.07450752,110.11943,62.30725,-1.5007346307945948,0.09110609,-62.289174949504826,0.08091964,0.18461451,-0.16435947,-0.21927464,-0.16763356,-0.096032165,-0.1907176,-0.056024637,0.112206995,-0.08930264,0.13441004,401,0,400,1,3.704095,536.95654,0.3667457,3.1027293,31,false,1.7564629,1e+20,1e+20,1e+20,1e+20,1e+20,1e+20,1e+20,46,27,0.13175043,51,19,0,0.020970527,90.63909,0,0,1.1337593,0.13886122,0.1948663,0.13918096,0.037755158,-130.83257,-20.237207,43.07696,7.953842,false,442,1779.6049045573427,1.9154162,929.09564,17.561558,46,1258.9152949960687,9.765659,128.91248,17.58855,43,752.8090311883274,8.376269,89.87402,17.556183,0,6,0,2,0,1.1304331,0.032367706,0.026992798,0.0053749084,1e+20,1e+20,0,1e+20,1e+20,1e+20,119.4512324433574,57.593053737154655,156.71598376449467,57.946319029649445,1579105719206817536,1.5791057192068175e+18,196.5281576490831,59.43591191123027,8.204726033839016,0.07450752,17.561558,17.58855,17.556183,1.2376583118699233e+18,17.62388,17.49767,17.64818,17.83673,18.03875,0.01014496,0.004725914,0.005579103,0.007230393,0.02419037,68988043776.0,419463680.0,285245440.0,4503599921005056.0,285245952.0,275297501696.0,0.12086137,1.5791057192068175e+18,1.2376583118699233e+18,1.5791057192068175e+18,196.5281576490831,59.43591191123027,8.204726033839016,0.07450752,17.561558,17.58855,17.556183,1.7932196528263382e+17,17.5370006561279,17.6713008880615,17.855899810791,18.0443992614746,18.1784000396729,0.00604100013151765,0.00364600005559623,0.0105670001357794,0.00918500032275915,0.0167410001158714,115000,115000,115000,115000,115000,436527104,52,0.14632143,1.5791057192068175e+18,1.7932196528263382e+17,0.0,0.0,0.0,0.0,0.0,0.0,0.0,0.0,0.0,0.0,0.0,0.0,0.0,0.0,0.0,0.0,0.0,0.0,0.0,0.0,0.0,0.0,0.0,0.0,0.0,0.0,0.0,0,0.0,0.0,0.0,0.0,0.0,0.0,0.0,0.0,0.0,0.0,0.0,0.0,0,0,0,0,0,0,0,0,0,0,0,0,0,0,0,0.0,0.0,0,0.0,0.0,0.0,0.0,0.0,0.0,0.0,0.0,0.0,0.0,0.0,0.0,0.0,0.0,0.0,0.0,0.0,63.11152542587137,8.228555168940328,0.07037699275267416,12100.713302715289,247.88838957152257,239.38907689665757,8.290511437006465,0.038,0.038,0.7864338505258979,0.016232799882586624,0.01777281405865849,0.5853997205721138,0.009262639966926013,0.011780158173825012,7.044422019303309,0.08680641648442089,3.22157139318662,0.09504178640993777,0.02936930497819543,0.37219284260405555,0.03190162533788484,0.03079533364097798,0.9575925631761693,0.034007143746558784,0,0.0844555798539024,3.427639468923589,0.07938225041089586,0.018435387689175665,0.31063691822345646,0.02397588074227947,0.02063152971563439,0.8960366387955703,0.026713573028862007,0,DC,17.7215,17.5268,17.6778,17.8489,18.062,9.022635898435152e-32,2.165641938680278e-32,2.323334704399454e-32,2.4301112049944223e-32,3.752265419331856e-32,0.0,0.05,0.96,0.0,0.0,0.09,10684,8.022,0.595,209,0.03,0.025,-0.0551,-0.0225,logH/He=-5,0.0,-2.7395,2520.6038,DC:,-99.0,,,,Kepler2016,2016MNRAS.455.3413K,11137.841678813653,169.49502544170718,164.55502841825,8.116135691985065,0.02537721437904672,0.02609478596428616,0.6525236635666906,0.016385743183566226,0.016376023330269218,0.583294178653749,0.0047261686041831785,0.0048203352911879715,5.804943396819035,10859.018667646335,175.67982398786444,171.2217867657091,8.054668804431383,0.03169151836649142,0.0313497411306507,0.614793614993691,0.01978753410295142,0.019129183338085776,0.5699588564295028,0.004774854806900541,0.0046865435225809104,0.2832851744886784,2.4196949012760487,0.23830365054161806,0.19901839604890847,0.8534420163968565,0.35285093398700057,0.19907450523749987,1.4367361950506055,0.3528838580153789,00,0.3710148942258997,1.4794592102891355,0.6156017570265162,1.7496052156874526,3.019793013473192,4.920586868710405,1.7496117312132897,3.5897518699026945,4.920589100526019,00
WDWD eDR3 1607567329309358336A,1607567329309358336,1.0,1636042515805110273,1607567329309358336,688415839,2016.0,220.57626570995373,0.06972183,56.04111962265818,0.07029807,9.055722112152422,0.079239115,114.28348,37.679295,-19.947376221018494,0.09921666,-31.966096654049736,0.10812093,0.06683869,-0.16111471,0.15291639,0.17502837,-0.06443239,0.14254801,0.12135438,-0.104956694,-0.28278738,-0.048422854,339,0,338,1,-1.2880532,318.34018,0.0,0.0,31,false,1.7949412,1e+20,1e+20,1e+20,1e+20,1e+20,1e+20,1e+20,39,25,0.15168156,59,11,0,0.011355289,157.59396,0,0,0.94952244,0.13575333,0.04199517,0.1393864,0.17947674,-115.04288,-86.78251,31.601755,27.377764,false,474,1616.662082193284,1.7476681,925.0395,17.66582,55,1278.3581147034845,15.280508,83.6594,17.57191,52,713.6595648373899,12.171304,58.6346,17.614168,0,22,0,20,0,1.2321794,-0.04225731,-0.09390831,0.051651,1e+20,1e+20,0,1e+20,1e+20,1e+20,96.0590884159131,54.916193783710604,180.46336535551924,64.89416810460476,1607567329309358336,1.6075673293093583e+18,220.57626570995373,56.04111962265818,9.055722112152422,0.079239115,17.66582,17.57191,17.614168,1.2376593270925558e+18,17.51614,17.61782,17.84484,18.06932,18.26453,0.01081372,0.005644171,0.006596455,0.008603151,0.02474463,35255507485200.0,402686480.0,268468240.0,4503599895838736.0,268468240.0,275146375184.0,0.08140222,1.6075673293093583e+18,1.2376593270925558e+18,1.6075673293093583e+18,220.57626570995373,56.04111962265818,9.055722112152422,0.079239115,17.66582,17.57191,17.614168,1.7525220576274e+17,17.5618000030518,17.8239002227783,17.9902000427246,18.193000793457,18.37380027771,0.0159809999167919,0.00461099995300174,0.0114409998059273,0.00976299960166216,0.0235690008848906,16892216,16892216,16892216,16892216,115000,444915712,53,0.081720136,1.6075673293093583e+18,1.7525220576274e+17,0.0,0.0,0.0,0.0,0.0,0.0,0.0,0.0,0.0,0.0,0.0,0.0,0.0,0.0,0.0,0.0,0.0,0.0,0.0,0.0,0.0,0.0,0.0,0.0,0.0,0.0,0.0,0,0.0,0.0,0.0,0.0,0.0,0.0,0.0,0.0,0.0,0.0,0.0,0.0,0,0,0,0,0,0,0,0,0,0,0,0,0,0,0,0.0,0.0,0,0.0,0.0,0.0,0.0,0.0,0.0,0.0,0.0,0.0,0.0,0.0,0.0,0.0,0.0,0.0,0.0,0.0,2.1686952968124102,9.113127813305715,0.06914064639298001,15534.650762452304,439.61500422417885,432.95312072458364,8.705297651442878,0.038,0.038,1.0515309944488647,0.014389469528347607,0.01588814094767388,0.6051509863846649,0.0194669456107016,0.020169779905578552,9.455053508941539,0.13448102362941583,5.425523312606212,0.14848729857639142,0.005886897919591323,0.09427489859277666,0.00589610049747476,0.020337589299759765,0.6994258849774415,0.021013900697295647,0,0.14303647642492567,6.183608294720325,0.15793380663691625,0.003963468287110805,0.06953963881701479,0.003604123082502425,0.0198663296125114,0.6746906252016797,0.02048925876241762,11,DC,17.4181,17.5631,17.8085,18.0239,18.235,2.8561681644278903e-31,2.543871728354729e-32,2.789274169127308e-32,2.2003500197351728e-32,3.411774353754493e-32,0.03,0.22,0.97,0.0,0.0,0.0,13856,8.608,0.976,389,0.028,0.022,-0.0478,-0.0182,Pure He,0.0,-2.659,2446.5888,,,,,,,,13134.34566244483,262.551412481007,248.6153640897428,8.544656288290287,0.024955998537663504,0.024573104340655405,0.9335996975649892,0.015844464699287575,0.01537299058089614,0.7343150311004449,0.011222018492589081,0.01486116765897072,29.428193742482165,13017.486392492163,267.73641993625824,261.00030814222555,8.538745863965012,0.02703177741639351,0.027262286170474326,0.930889977128801,0.017972120920153545,0.017686128200665507,0.7359285107206716,0.00960470070100028,0.009920223292222974,0.258236013249757,4.741989894344783,0.11970918644144746,0.00789803866810219,0.13092793122959828,0.020135328803772688,0.01372270796347604,0.8652429623300433,0.025025702192427595,00,0.30851494369090116,4.711645880501691,0.14765257790912312,0.00993350886817947,0.133108504384493,0.024842917687968806,0.013817556730116776,0.8690370151051645,0.02675035307091771,00
WDWD eDR3 1675399225287958272A,1675399225287958272,1.0,1636042515805110273,1675399225287958272,349729880,2016.0,197.58908187136484,0.19561745,61.30136810645556,0.18239188,11.112924642797736,0.21902932,50.737156,297.08,-294.83127849293146,0.27160442,36.48340132894522,0.24575834,0.10444022,-0.13156582,-0.3898371,-0.04857401,-0.10421314,-0.11068301,-0.016191725,0.08467168,-0.17356531,0.0011010735,339,0,337,2,0.086562164,349.62103,0.3257098,0.25247052,31,false,1.5358161,1e+20,1e+20,1e+20,1e+20,1e+20,1e+20,1e+20,39,28,0.38627276,43,17,0,0.025469543,92.925095,0,0,1.0023562,0.073948026,0.12968372,0.104918405,0.07404064,-77.32307,-54.387383,23.009245,-24.876219,false,355,424.52811079551697,1.0099816,420.33252,19.117601,38,212.77532487995302,5.324701,39.960052,19.51874,38,281.6557161381332,6.8351693,41.206837,18.6236,0,1,0,1,0,1.1646603,0.8951397,0.4011383,0.4940014,1e+20,1e+20,0,1e+20,1e+20,1e+20,118.90509301991422,55.67872154255453,154.76169639138047,59.598287691256765,1675399225287958272,1.6753992252879583e+18,197.58908187136484,61.30136810645556,11.112924642797736,0.21902932,19.117601,19.51874,18.6236,1.2376553692907438e+18,20.76935,19.60292,19.07891,18.89011,18.95091,0.06780252,0.01324732,0.01236177,0.01440713,0.05351488,68988043264.0,275280592896.0,275146375168.0,4503874773876736.0,275146375168.0,275146375168.0,0.037074465,1.6753992252879583e+18,1.2376553692907438e+18,1.6753992252879583e+18,197.58908187136484,61.30136810645556,11.112924642797736,0.21902932,19.117601,19.51874,18.6236,1.8156197590183232e+17,19.528299331665,19.0753993988037,18.9076995849609,18.8759002685547,18.8215007781982,0.0122600002214313,0.00795899983495474,0.00512999994680285,0.0159779991954565,0.0277130007743835,115000,115000,115000,115000,115000,436527104,52,0.03513167,1.6753992252879583e+18,1.8156197590183232e+17,0.0,0.0,0.0,0.0,0.0,0.0,0.0,0.0,0.0,0.0,0.0,0.0,0.0,0.0,0.0,0.0,0.0,0.0,0.0,0.0,0.0,0.0,0.0,0.0,0.0,0.0,0.0,0,0.0,0.0,0.0,0.0,0.0,0.0,0.0,0.0,0.0,0.0,0.0,0.0,0,0,0,0,0,0,0,0,0,0,0,0,0,0,0,0.0,0.0,0,0.0,0.0,0.0,0.0,0.0,0.0,0.0,0.0,0.0,0.0,0.0,0.0,0.0,0.0,0.0,0.0,0.0,18.308508806658562,11.051967254477377,0.19819511605191736,5531.604644948105,66.37925573937726,66.37925573937726,7.95274989263514,0.038,0.038,0.5567006000224399,0.020209106791432396,0.02048799482039167,2.7487621123593273,0.10702712147799794,0.08489218987234387,3.2559135576410556,0.2526138348929049,0.8462575002804992,0.2560999352548957,12.334413227230918,20.429739787473547,44.50053791182305,12.334877561809071,23.178501899832874,44.500618884747006,1,0.17557868628525097,0.7717688968066027,0.17800169261851984,14.351490577461691,28.05243475188987,36.28257051940415,14.351889652575496,30.801196864249196,36.28266983257209,11,DA,20.4262,19.6027,19.1179,18.9281,18.8951,1.0396210460034656e-31,1.364952005601853e-32,1.6551328789145963e-32,2.0103407655676732e-32,3.302583142335658e-32,0.95,0.0,0.08,0.0,0.0,0.0,5698,8.077,0.633,134,0.056,0.05,-0.2264,0.0683,Pure H,0.0,-3.8592,-0.7818,DC,-99.0,,,,Sion1991,1991AJ....101.1476S,5430.6495936051315,46.47298663951187,41.94271784281591,7.8856099352540845,0.028814387110902118,0.02800650920511849,0.5027870558854219,0.016059464150028124,0.01601109009171109,3.3756081485904117,0.08337816040867052,0.06914613894052879,11.715380561749477,4386.491767189633,2112.466056342676,138.0546981205498,7.696927104642711,0.7153922565447424,0.09782078924689852,0.40118526917230657,0.44047012894414206,0.04562662955184593,4.129668515309949,0.35754495520262175,0.07205285679921847,0.13952618722874122,0.30336277919567345,0.13910590870296335,210.86315432857666,337.29742151749974,1280.9661452098753,210.86317081300558,340.67302966609014,1280.9661470761184,11,3.826847340956922,-0.5793634303014186,0.39640859732272715,nan,nan,nan,nan,nan,nan,11
WDWD eDR3 1682410707854900352A,1682410707854900352,1.0,1636042515805110273,1682410707854900352,1071276290,2016.0,187.62625847678532,0.1840842,67.8832246741178,0.15678643,8.419639144542693,0.19343148,43.52776,28.574,28.4254742232517,0.23384432,2.909617774478195,0.2167316,0.26882765,-0.08694221,-0.4509436,-0.1168449,-0.075633466,-0.150442,-0.024559196,-0.1755014,-0.2760411,0.25180757,357,0,350,7,-0.8838854,337.41574,0.0,0.0,31,false,1.6639147,1e+20,1e+20,1e+20,1e+20,1e+20,1e+20,1e+20,42,26,0.3623879,51,22,0,0.004555065,40.474174,0,0,0.96558535,0.026579613,0.2494598,0.057817124,0.1291162,129.2855,-40.173393,56.382812,37.29805,false,394,469.711549715676,1.0638858,441.5056,19.00779,43,302.19400414597396,7.546602,40.04372,19.137827,44,234.97272264541397,5.9469476,39.511482,18.820353,0,3,0,3,0,1.1436098,0.31747437,0.13003731,0.18743706,1e+20,1e+20,0,1e+20,1e+20,1e+20,125.93974653082815,49.122593930951986,139.15092267759695,60.44090175996733,1682410707854900352,1.6824107078549002e+18,187.62625847678532,67.8832246741178,8.419639144542693,0.19343148,19.00779,19.137827,18.820353,1.2376586071491873e+18,19.49235,19.08311,19.04895,19.08934,19.15867,0.02698325,0.009837683,0.01129486,0.01405957,0.04521106,68987912192.0,275146375168.0,268468224.0,4503599895838720.0,268468224.0,275146375168.0,0.06657669,1.6824107078549002e+18,1.2376586071491873e+18,1.6824107078549002e+18,187.62625847678532,67.8832246741178,8.419639144542693,0.19343148,19.00779,19.137827,18.820353,1.8946187626057062e+17,19.1152992248535,19.0480003356934,19.1060009002686,19.2042999267578,19.2003993988037,0.0114529998973012,0.0083210002630949,0.00791000016033649,0.0199660006910563,0.063910000026226,115000,115000,115000,115000,115000,436527104,52,0.072867215,1.6824107078549002e+18,1.8946187626057062e+17,0.0,0.0,0.0,0.0,0.0,0.0,0.0,0.0,0.0,0.0,0.0,0.0,0.0,0.0,0.0,0.0,0.0,0.0,0.0,0.0,0.0,0.0,0.0,0.0,0.0,0.0,0.0,0,0.0,0.0,0.0,0.0,0.0,0.0,0.0,0.0,0.0,0.0,0.0,0.0,0,0,0,0,0,0,0,0,0,0,0,0,0,0,0,0.0,0.0,0,0.0,0.0,0.0,0.0,0.0,0.0,0.0,0.0,0.0,0.0,0.0,0.0,0.0,0.0,0.0,0.0,0.0,12.738025555886052,8.405394800830349,0.15501463410821817,8344.301908509595,161.3199233499745,152.15158432993667,8.51174377225838,0.038,0.038,0.924126310050236,0.024044802767118307,0.023456073900431446,2.6858689630416466,0.03927262662139892,0.045223413906630254,2.011236697402403,0.22471778287026467,4.2348253275723,0.2192156439292665,0.021391051396818756,0.17499288574981584,0.026855345398376734,0.04472042354009131,2.8608618487914623,0.05259626167168645,0,0.38305508177611003,4.564165398932652,0.289117796894633,0.020654580195667238,0.1441931615819664,0.03665598407949784,0.04437286203078477,2.830062124623613,0.05821355799302082,0,DC,19.128,19.1391,19.0829,19.0959,19.2179,6.918697175521575e-32,1.4031703992388555e-32,1.5355200588138576e-32,1.7841515235338128e-32,2.8353921671231407e-32,0.26,0.0,0.78,0.0,0.0,0.0,7889,8.374,0.817,288,0.056,0.051,-0.0502,0.0427,logH/He=-5,0.0,-3.4794,3201.4706,DC,,,,,LDT Deveny,2013ApJS..204....5K,8057.895556540108,131.9393907102376,134.21972912205,8.437043740632577,0.033220927692573454,0.03434525440138003,0.8587179877403713,0.022695019540391215,0.022946635444708985,2.4437495193170147,0.04208798111449097,0.03423920179612594,5.60907522410235,7696.570622529461,126.77908972832938,115.52634112366286,8.304057173053327,0.03575512575913464,0.03416016654501064,0.7703087386819674,0.02428194683797802,0.02266258277318678,2.1929026600078814,0.07155419165892152,0.06912453032206267,0.11085421317916788,3.751310352468218,0.1696449717733408,0.027233627458663194,0.24213200701575754,0.02086279567903471,0.050130515844652966,2.685881526332772,0.040094627859365184,00,0.1285351098564873,3.3437885383602883,0.1134055007678949,0.030652659761087598,0.33442595347291304,0.039719232817222234,0.07784335485056301,2.5273286134807944,0.07972338520054492,00
WDWD eDR3 1682410707854900352B,1682410776574377600,1.0,1636042515805110273,1682410776574377600,166268191,2016.0,187.6220822016938,0.23062044,67.88639451774583,0.22133572,8.379824813515803,0.25916192,32.334324,28.059776,27.876224829422554,0.27940258,3.2042318223742776,0.31061205,0.23072639,-0.20287804,-0.27097103,0.030570714,-0.124005444,-0.0155216,0.08814798,0.016068833,-0.20668927,0.20891632,373,0,370,3,2.6375153,463.5038,1.1982591,2.8337748,31,false,1.5706908,1e+20,1e+20,1e+20,1e+20,1e+20,1e+20,1e+20,42,27,0.45532492,53,23,0,0.019067504,58.71273,1,0,1.0982479,0.058138154,0.24648586,0.02555421,0.08395509,-152.22202,-44.832455,50.150978,34.73417,false,414,339.38723105881024,0.8631263,393.20694,19.360628,38,188.79253545870478,10.419704,18.1188,19.64858,39,199.32849391958996,5.6165695,35.489365,18.998972,0,1,0,2,0,1.1435935,0.6496086,0.28795242,0.3616562,1e+20,1e+20,0,1e+20,1e+20,1e+20,125.94152931095985,49.11925349559203,139.1438716939874,60.441550480456016,1682410776574377600,1.6824107765743775e+18,187.6220822016938,67.88639451774583,8.379824813515803,0.25916192,19.360628,19.64858,18.998972,1.2376586071491873e+18,20.6258,19.7127,19.35691,19.22365,19.18556,0.05664847,0.01390423,0.0136266,0.01537782,0.04639021,68988043776.0,275280593408.0,268468224.0,4503599895838720.0,275146506240.0,275280593408.0,0.045663502,1.6824107765743775e+18,1.2376586071491873e+18,1.6824107765743775e+18,187.6220822016938,67.88639451774583,8.379824813515803,0.25916192,19.360628,19.64858,18.998972,1.8946187621855443e+17,19.6802005767822,19.3544006347656,19.2483997344971,19.2520999908447,19.2127990722656,0.0265340004116297,0.0111940000206232,0.009014000184834,0.0140060000121593,0.0499560013413429,115000,115000,115000,115000,115000,436527104,52,0.066760354,1.6824107765743775e+18,1.8946187621855443e+17,0.0,0.0,0.0,0.0,0.0,0.0,0.0,0.0,0.0,0.0,0.0,0.0,0.0,0.0,0.0,0.0,0.0,0.0,0.0,0.0,0.0,0.0,0.0,0.0,0.0,0.0,0.0,0,0.0,0.0,0.0,0.0,0.0,0.0,0.0,0.0,0.0,0.0,0.0,0.0,0,0,0,0,0,0,0,0,0,0,0,0,0,0,0,0.0,0.0,0,0.0,0.0,0.0,0.0,0.0,0.0,0.0,0.0,0.0,0.0,0.0,0.0,0.0,0.0,0.0,0.0,0.0,12.738025555886052,8.405394800830349,0.15501463410821817,6064.395816515182,72.77274979818218,72.77274979818218,7.996831477217544,0.038,0.038,0.5860963288375427,0.021372218464675595,0.020853371708585918,2.2681496262850898,0.08153186150181015,0.07356467455724194,2.9298106962910673,0.26715273080844537,1.2137041104692838,0.260667146357324,2.7737996904923743,5.827337500264974,8.035803607936064,2.7748642055103927,8.095487126550065,8.036094236522382,0,0.18568391368093506,1.0271618491532817,0.2547239847854139,5.5544327470646,10.399980591390074,10.469538459142058,5.554964426322713,12.668130217675163,10.469761530254862,1,DA,21.042,19.7048,19.3667,19.252,19.3106,2.53499349664235e-31,1.4211276017199348e-32,1.5954259199608818e-32,1.8124455248214908e-32,2.868628420635476e-32,0.93,0.0,0.07,0.0,0.0,0.0,6345,8.128,0.669,202,0.068,0.06,0.1892,0.6631,Pure H,0.0,-3.7002,-0.9531,DC,,,,,LDT Deveny,,5953.784020791531,66.05320402204507,69.49316574741988,7.925567937993348,0.03256868240003552,0.033188555035168044,0.5271718482103658,0.018972177892568,0.01873654113940204,2.381091460834949,0.04740397128789908,0.04588225713901739,9.130240914054248,6467.950687979354,31.747539992631573,1506.8143789975702,8.140826111953018,0.015396101427567643,0.4280540060998099,0.6610745543027157,0.009826056910766323,0.2511987788455462,2.7473782239502427,0.8400407948017166,0.12710249943808227,0.1648321276504603,0.5152202277182087,0.16278489260992213,46.252797790231654,89.39719967437672,40.35968106519446,46.25282208212329,91.77829113521167,40.35970714544069,11,0.15458647304584971,2.5530563290985135,1.8396834665813246,0.5736024120999946,0.7325586260136476,0.14137976026718616,1.0171962760932778,3.4799368499638903,0.1901138658189211,00
WDWD eDR3 1682554091043762560A,1682554091043762560,1.0,1636042515805110273,1682554091043762560,146655380,2016.0,189.1974988965882,0.11651103,68.41741503570542,0.10862178,6.9068593066834,0.12993424,53.156574,19.232893,-10.314222474650512,0.14811103,-16.233328669794222,0.15878566,0.1377757,-0.2845266,-0.2131855,0.009101918,-0.24650966,-0.012939719,-0.07551661,-0.027316427,-0.08071003,0.030922169,361,0,360,1,-0.7264427,350.27563,0.0,0.0,31,true,1.7198566,1e+20,1e+20,1e+20,1e+20,1e+20,1e+20,1e+20,41,27,0.22048911,48,17,0,0.018911295,67.69626,0,0,0.9719311,0.02069332,0.06518067,0.09153208,0.03477289,167.98856,-43.379772,23.272268,-38.655624,false,399,698.1796115245909,1.1166475,625.2462,18.57745,40,479.70375832732225,11.329149,42.342434,18.63611,39,317.40191838666055,10.057092,31.56001,18.493872,0,3,0,2,0,1.1416914,0.14223862,0.058660507,0.08357811,1e+20,1e+20,0,1e+20,1e+20,1e+20,124.9700013460605,48.652828628454735,138.97344612982658,61.228157892627735,1682554091043762560,1.6825540910437627e+18,189.1974988965882,68.41741503570542,6.9068593066834,0.12993424,18.57745,18.63611,18.493872,1.2376512740487332e+18,18.734,18.5895,18.64866,18.75876,18.87292,0.01934439,0.007699579,0.009482237,0.01373031,0.0482564,35253360132112.0,268468240.0,268468240.0,4503599895838736.0,268468240.0,275146506256.0,0.07099895,1.6825540910437627e+18,1.2376512740487332e+18,1.6825540910437627e+18,189.1974988965882,68.41741503570542,6.9068593066834,0.12993424,18.57745,18.63611,18.493872,1.901018919757317e+17,18.6172008514404,18.644100189209,18.7998008728027,18.9755001068115,18.9466991424561,0.00831899978220463,0.00609100004658103,0.0118859997019172,0.0393749997019768,0.0487199984490871,115000,115000,115000,115000,115000,436527104,52,0.047734864,1.6825540910437627e+18,1.901018919757317e+17,0.0,0.0,0.0,0.0,0.0,0.0,0.0,0.0,0.0,0.0,0.0,0.0,0.0,0.0,0.0,0.0,0.0,0.0,0.0,0.0,0.0,0.0,0.0,0.0,0.0,0.0,0.0,0,0.0,0.0,0.0,0.0,0.0,0.0,0.0,0.0,0.0,0.0,0.0,0.0,0,0,0,0,0,0,0,0,0,0,0,0,0,0,0,0.0,0.0,0,0.0,0.0,0.0,0.0,0.0,0.0,0.0,0.0,0.0,0.0,0.0,0.0,0.0,0.0,0.0,0.0,0.0,3.1319239970875596,6.881411237484296,0.11569537000663158,10434.16336367392,285.8638180434191,271.77979384230093,8.428089035591976,0.04584012686110839,0.04806725430860226,0.8731150731499839,0.030447674345009723,0.031698050828058544,1.0889409674562271,0.018106607876479774,0.015632310321104237,5.611477423899197,0.2357992406874283,3.7580847957942427,0.29624346568279014,0.04443911343642342,0.24085705477987251,0.047799669092588336,0.04798629024844396,1.3297980222360997,0.05029092851932888,0,0.16802382100923685,3.840393651964925,0.4283803207422241,0.05538865522305873,0.22693395768405786,0.030054678808204324,0.058273084491997425,1.315874925140285,0.03387702531568597,0,DC,18.8181,18.6098,18.6401,18.7749,19.0014,1.0920724028220403e-31,1.691460699399297e-32,1.887480906412666e-32,1.9598381824213696e-32,3.227886683576518e-32,0.0,0.0,0.9,0.0,0.01,0.0,9457,8.195,0.701,343,0.059,0.053,-0.031,0.0578,logH/He=-5,0.0,-3.0533,2809.3916,DC,-99.0,,,,Kepler2015,2015MNRAS.446.4078K,9851.08723101679,177.7024524535118,183.2143722955534,8.29005431641902,0.033095785168503866,0.03416208146356858,0.7628602683985997,0.022753296289864,0.022766475890924065,1.0360433752026954,0.011205050688763096,0.011016744080929453,8.861666077638237,9420.970029327593,212.7045875454878,197.94671488486347,8.166985229248922,0.04609822198307967,0.04663987282864923,0.6825465135787311,0.0301740613781728,0.029814452547344716,0.9706455789669914,0.014624550965983585,0.015420588619412867,0.11756641983658245,3.301966695107241,0.12202401144575958,0.03586522511291039,0.3473495159988864,0.03754385631772518,0.03757482579251018,1.3833928912015818,0.03912684241477565,00,0.38716598946355507,2.8043448946309137,0.2194801288388324,0.1088755326589874,0.5558864071124715,0.2999794285571377,0.10985335271503953,1.5265319860794628,0.3003755184944939,00
WDWD eDR3 1701895874965717888A,1701895874965717888,1.0,1636042515805110273,1701895874965717888,1077329620,2016.0,223.59808193192762,0.0551093,76.16754769772224,0.05650871,8.186722961637704,0.061060835,134.07486,78.673996,-73.49896081351142,0.07813039,28.062445211167585,0.072288424,0.059187148,-0.25251573,0.063986614,0.25398827,0.03866341,0.20752487,0.075096294,-0.14409421,-0.3370096,0.06628814,328,0,327,1,0.07658083,346.27628,0.040846832,0.046849664,31,false,1.7670313,1e+20,1e+20,1e+20,1e+20,1e+20,1e+20,1e+20,37,26,0.11114225,43,15,0,0.026743367,114.351585,0,0,1.0019832,0.0692303,0.035122942,0.08059101,0.017980592,150.88725,-38.17462,30.022429,19.38774,false,369,2368.4943926967135,2.0733407,1142.3566,17.251186,38,1725.677782830622,8.794934,196.21269,17.246143,39,999.6175033612604,9.935632,100.60935,17.24831,0,1,0,1,0,1.1506447,-0.002166748,-0.00504303,0.0028762817,1e+20,1e+20,0,1e+20,1e+20,1e+20,113.91962348626994,38.729703925538786,126.38491097701845,73.02968297641453,1701895874965717888,0.0,0.0,0.0,0.0,0.0,0.0,0.0,0.0,0.0,0.0,0.0,0.0,0.0,0.0,0.0,0.0,0.0,0.0,0.0,0.0,0.0,0.0,0.0,0.0,0.0,0.0,0.0,0.0,1.701895874965718e+18,223.59808193192762,76.16754769772224,8.186722961637704,0.061060835,17.251186,17.246143,17.24831,1.994022359864718e+17,17.225700378418,17.3745002746582,17.5746002197266,17.7569007873535,17.8689002990723,0.0063379998318851,0.00829700008034706,0.00386800011619926,0.00977099966257811,0.0144450003281236,115000,115000,115000,115000,115000,436527104,52,0.15155655,1.701895874965718e+18,1.994022359864718e+17,0.0,0.0,0.0,0.0,0.0,0.0,0.0,0.0,0.0,0.0,0.0,0.0,0.0,0.0,0.0,0.0,0.0,0.0,0.0,0.0,0.0,0.0,0.0,0.0,0.0,0.0,0.0,0,0.0,0.0,0.0,0.0,0.0,0.0,0.0,0.0,0.0,0.0,0.0,0.0,0,0,0,0,0,0,0,0,0,0,0,0,0,0,0,0.0,0.0,0,0.0,0.0,0.0,0.0,0.0,0.0,0.0,0.0,0.0,0.0,0.0,0.0,0.0,0.0,0.0,0.0,0.0,21.72988918592201,8.186949969789241,0.05990355957608662,11735.171233346886,279.10312793581215,252.1874067693534,8.032258416619161,0.038,0.038,0.6236363404938724,0.01967334429929344,0.01942572376658215,0.43554168053874587,0.0077160492621812776,0.00926281071219175,2.074182447216972,0.2459168037411681,1.682954256173405,0.24282154708227677,0.5845017650828721,2.008735374652368,1.3125757659300785,0.5845526929210141,2.444277055191114,1.3126084492220909,0,0.5475806281585587,1.7902708669325604,0.470245701116486,0.6615896860880384,1.693088683890654,3.684633580009936,0.6616346802838297,2.1286303644294,3.684645222894482,0,DB,17.2742,17.1721,17.382,17.5593,17.7806,1.1485782706215644e-31,2.720728611322281e-32,2.9305400719016947e-32,2.8350663298804887e-32,4.12914845001043e-32,0.0,1.0,0.12,0.0,0.0,0.0,12071,8.026,0.6,0,0.008,0.007,-0.0521,-0.0093,Pure He,0.0,-2.5275,2325.6182,,,,,,,,11726.243707047473,243.97553863547,234.16684343785164,7.968527228354057,0.03574318475486038,0.034170457971548274,0.5651183767854259,0.021646841714397458,0.019895221085908577,0.408501749799527,0.00472358051014804,0.004684363905405775,0.6665828230442199,11493.140629430092,280.86765378662494,257.52746663631115,7.927170712876489,0.04438063858422492,0.043729123762146216,0.5417310605598473,0.02575614425958983,0.024722685328117167,0.40593684389222895,0.003410459832787538,0.003483827402295525,0.18806986719719754,0.8449033604294169,0.17285161673248095,9.815271651117348,20.55433745476983,27.028244549687034,9.815272787724277,20.962839204569356,27.02824495561915,11,0.22377188757245714,0.6417120813192647,0.21479309581335482,31.787293625345573,51.406865818814694,92.65402331682888,31.78729380829975,51.81280266270692,92.65402338232552,11
WDWD eDR3 1712378240867798528A,1712378240867798528,1.0,1636042515805110273,1712378240867798528,1365751750,2016.0,210.556168424652,0.12226163,75.8233168695998,0.099120334,2.9957819520719844,0.11265042,26.593616,23.796549,23.601773240751257,0.14932619,3.038421162027669,0.14041838,-0.11564529,-0.20337714,-0.49417013,0.14046234,0.01028604,0.06540298,-0.047118116,0.012546295,-0.29166305,-0.15727444,359,0,358,1,-0.6194898,349.46912,0.0,0.0,31,false,1.8116875,1e+20,1e+20,1e+20,1e+20,1e+20,1e+20,1e+20,42,27,0.22669315,46,18,0,0.025018768,93.9934,1,0,0.97583926,0.04412694,0.08325191,0.046703625,0.09678968,-154.3247,15.5646515,-54.651234,44.81712,false,391,823.1628713710949,1.2673401,649.52014,18.398653,40,633.4894087079132,11.822137,53.58502,18.334194,35,297.1336246537535,11.070732,26.839563,18.565516,0,3,0,2,0,1.1305455,-0.23132133,-0.06445885,-0.16686249,1e+20,1e+20,0,1e+20,1e+20,1e+20,117.31140839863355,40.52289314758252,127.84759101309498,69.89551248711807,1712378240867798528,0.0,0.0,0.0,0.0,0.0,0.0,0.0,0.0,0.0,0.0,0.0,0.0,0.0,0.0,0.0,0.0,0.0,0.0,0.0,0.0,0.0,0.0,0.0,0.0,0.0,0.0,0.0,0.0,1.7123782408677985e+18,210.556168424652,75.8233168695998,2.9957819520719844,0.11265042,18.398653,18.334194,18.565516,1.9898210556090883e+17,18.2728996276855,18.5723991394043,18.8663997650146,19.078800201416,19.3302993774414,0.00652799988165498,0.00748699996620417,0.00728699984028935,0.024430999532342,0.0548369996249676,115000,115000,115000,115000,115000,436527104,52,0.059888307,1.7123782408677985e+18,1.9898210556090883e+17,0.0,0.0,0.0,0.0,0.0,0.0,0.0,0.0,0.0,0.0,0.0,0.0,0.0,0.0,0.0,0.0,0.0,0.0,0.0,0.0,0.0,0.0,0.0,0.0,0.0,0.0,0.0,0,0.0,0.0,0.0,0.0,0.0,0.0,0.0,0.0,0.0,0.0,0.0,0.0,0,0,0,0,0,0,0,0,0,0,0,0,0,0,0,0.0,0.0,0,0.0,0.0,0.0,0.0,0.0,0.0,0.0,0.0,0.0,0.0,0.0,0.0,0.0,0.0,0.0,0.0,0.0,10.477008908117083,3.11494038186061,0.09990444060885129,18963.827925949478,2303.14603287269,2023.037610098847,7.9571437105992295,0.13460360133890426,0.12988051450978233,0.5975803779806669,0.08196853620289579,0.07366414210345695,0.07581426757829099,0.017105881327531713,0.013204998674404236,0.9154636471711335,1.0246067025361973,1.357254724758336,0.9208017762932121,3.0015282234393923,4.0111341631840185,185.26080110098866,3.00157696674252,4.08694843076231,185.26080157160087,1,0.7349795296740521,1.1497652966399179,1.5382567274845873,6.362669474285833,6.993424481443877,139.334293102049,6.362692468616157,7.069238749022168,139.3342937277815,1,DB,18.1221,18.26,18.5683,18.838,19.0916,1.3010989048722003e-31,1.8025077515768104e-32,1.9080393510352447e-32,2.131823530815253e-32,3.383687181987245e-32,0.0,1.0,0.0,0.0,0.0,0.0,18312,7.941,0.562,0,0.041,0.031,0.0101,0.066,Pure He,0.0,-1.7461,1606.6463,,,,,,,,20860.49059674725,4028.098122305837,2822.186943274759,8.150056584013377,0.10771551567119886,0.16514178722674355,0.6884039119910008,0.07220552795189661,0.10197859765007455,0.08097836816424733,0.02035306727567475,0.033506197931001784,0.9714916796271059,20646.661064259064,4015.1783315066423,2811.4172184900417,8.146633209327867,0.11272582758675753,0.16800356693467489,0.6862205626716005,0.07605249227626742,0.10384029752462265,0.08405505880349846,0.02073220630591356,0.03406720396826305,1.3176386039053036,2.843109940377239,0.6023806095372066,0.2296497643121252,0.5361410253258921,2.1907831630932737,0.23054991129068517,0.6171193934901394,2.1910393727618773,00,1.486405750850818,2.8286602426975542,0.6153761958025501,0.23667217256931716,0.5435011300772987,3.615614389038362,0.23757849575875256,0.6275561888807972,3.615774880244546,00
WDWD eDR3 1731371376524366976A,1731371376524366976,1.0,1636042515805110273,1731371376524366976,703380550,2016.0,314.0760944500973,0.2860887,3.2082389593608065,0.18211672,5.800361836494048,0.31541193,18.3898,43.5815,5.502171481583307,0.44028676,-43.2327816698293,0.31048983,0.021375332,-0.028462306,-0.42708755,0.16114032,0.027546313,0.14232175,-0.2140631,0.08989264,-0.059314284,0.01815259,299,0,298,1,0.8247551,329.1988,0.0,0.0,31,false,1.6596665,1e+20,1e+20,1e+20,1e+20,1e+20,1e+20,1e+20,35,17,0.62396,40,15,0,0.06148505,170.74307,0,0,1.0331128,0.22586738,0.39853004,0.20568047,0.48782015,2.7006164,-0.35464874,5.0847316,23.678404,false,309,319.1181781380635,0.96335226,331.25803,19.427488,31,200.1786201903101,7.116551,28.128601,19.584997,31,159.7911530120824,6.0401807,26.454697,19.239014,0,1,0,1,0,1.128014,0.3459835,0.15750885,0.18847466,1e+20,1e+20,0,1e+20,1e+20,1e+20,51.435585298566544,-25.786344533879383,317.5257329458591,19.674036354613875,1731371376524366976,1.7313713765243668e+18,314.0760944500973,3.2082389593608065,5.800361836494048,0.31541193,19.427488,19.584997,19.239014,1.2376788251663409e+18,19.84105,19.56102,19.45887,19.54925,19.6749,0.04173754,0.01227187,0.01620268,0.02107306,0.08581612,35253360001040.0,275146375184.0,268468240.0,4503874773712912.0,275146342416.0,275146342416.0,0.022674244,1.7313713765243668e+18,1.2376788251663409e+18,1.7313713765243668e+18,314.0760944500973,3.2082389593608065,5.800361836494048,0.31541193,19.427488,19.584997,19.239014,1.118531407612304e+17,19.5261993408203,19.4958000183105,19.5475006103516,19.6280002593994,19.6546001434326,0.01638999953866,0.00945799984037876,0.0107169998809695,0.0205429997295141,0.0981289967894554,115000,115000,115000,115000,115000,436527104,52,0.113473095,1.7313713765243668e+18,1.118531407612304e+17,0.0,0.0,0.0,0.0,0.0,0.0,0.0,0.0,0.0,0.0,0.0,0.0,0.0,0.0,0.0,0.0,0.0,0.0,0.0,0.0,0.0,0.0,0.0,0.0,0.0,0.0,0.0,0,0.0,0.0,0.0,0.0,0.0,0.0,0.0,0.0,0.0,0.0,0.0,0.0,0,0,0,0,0,0,0,0,0,0,0,0,0,0,0,0.0,0.0,0,0.0,0.0,0.0,0.0,0.0,0.0,0.0,0.0,0.0,0.0,0.0,0.0,0.0,0.0,0.0,0.0,0.0,5.735209574063405,5.905181996944185,0.2454034228216281,8808.635498784455,353.4417857856424,312.3344246480119,8.392533549724014,0.0790736633046194,0.07291919674407232,0.8472672311510794,0.052303044371928564,0.04863773748003086,1.7150997672001658,0.13924372396151474,0.12917932508729946,1.5083581231035723,0.2796954244488159,3.5468835890432056,0.4241908841447408,0.07553339617314399,0.28294418373078417,0.07515240792722094,0.15841120099323672,1.99804395093095,0.14944959835098123,0,0.22825978991544638,3.6944631659513902,0.41795408127081757,0.06354603174995992,0.2528306643172324,0.048850340276342455,0.15305852741300444,1.9679304315173982,0.1381073994220608,0,DC,20.1826,19.5191,19.4388,19.466,19.6872,1.072560953002625e-31,1.4554535211249262e-32,1.609357112419723e-32,1.9345241503748865e-32,3.167572105356949e-32,0.04,0.0,0.79,0.0,0.07,0.0,7673,8.026,0.591,410,0.107,0.091,-0.2183,-0.0285,logH/He=-5,0.0,-3.3209,3055.6262,,,,,,,,8477.382646384624,264.5424827798306,253.02532738349328,8.30555490390444,0.06333876909146063,0.06436773227495074,0.7712604510283516,0.04305496611010673,0.04300069072760804,1.6252839119049776,0.0665283830938268,0.07293871745781355,1.692637791291156,8065.660737895865,266.75871954677496,232.3091120981253,8.153956762270077,0.07277941931697818,0.06914196363532099,0.6719726697878051,0.04777619589597859,0.044216384266097086,1.4123159371991771,0.04190183584150331,0.03935296812241318,0.22760299598798328,3.349132234858796,0.19785163539541584,0.04985377807550609,0.33277467293512236,0.0764399549555229,0.08313498027593916,1.9580585848401,0.105655682374367,00,0.8741833009885696,2.6973453237875176,0.3512569678234998,0.1875319747146656,0.6249579225406048,0.9931165722889645,0.19215620049134577,2.037273859739782,0.9938959614844131,00
WDWD eDR3 1759921742129798656A,1759921742129798656,1.0,1636042515805110273,1759921742129798656,1524614111,2016.0,316.4116890984026,0.088343956,14.408923314657825,0.0664233,6.685346777952163,0.10574307,63.22255,45.975925,-16.870639048471055,0.104055434,-42.76876474586844,0.08098497,0.09412257,0.36737752,-0.5280261,-0.0004079117,-0.004815466,0.031664826,-0.3927119,-0.30601707,-0.08703058,0.1118423,354,0,353,1,-1.2658802,332.48236,0.0,0.0,31,false,1.7730561,1e+20,1e+20,1e+20,1e+20,1e+20,1e+20,1e+20,41,20,0.15699074,45,26,0,0.012281971,59.824646,0,0,0.9514605,0.31015852,0.22368136,0.13174392,0.5490432,-49.271954,-22.83364,55.729298,22.082136,false,370,1543.229162948342,1.6645231,927.1299,17.716291,43,1112.4326459527786,10.7543125,103.44061,17.722858,40,649.0284171408903,10.00869,64.84649,17.717236,0,1,0,0,0,1.1414125,0.005622864,0.0065670013,-0.0009441376,1e+20,1e+20,0,1e+20,1e+20,1e+20,62.90741666816461,-21.28167754446052,323.78644034186135,29.599612258303452,1759921742129798656,0.0,0.0,0.0,0.0,0.0,0.0,0.0,0.0,0.0,0.0,0.0,0.0,0.0,0.0,0.0,0.0,0.0,0.0,0.0,0.0,0.0,0.0,0.0,0.0,0.0,0.0,0.0,0.0,1.7599217421297987e+18,316.4116890984026,14.408923314657825,6.685346777952163,0.10574307,17.716291,17.722858,17.717236,1.2529316411706126e+17,17.6725997924805,17.8432006835938,18.0494995117188,18.2383003234863,18.3705005645752,0.00376400002278388,0.00217400002293289,0.00329999998211861,0.00578599981963634,0.0196599997580051,115000,115000,115000,115000,115000,436527104,52,0.011159596,1.7599217421297987e+18,1.2529316411706126e+17,0.0,0.0,0.0,0.0,0.0,0.0,0.0,0.0,0.0,0.0,0.0,0.0,0.0,0.0,0.0,0.0,0.0,0.0,0.0,0.0,0.0,0.0,0.0,0.0,0.0,0.0,0.0,0,0.0,0.0,0.0,0.0,0.0,0.0,0.0,0.0,0.0,0.0,0.0,0.0,0,0,0,0,0,0,0,0,0,0,0,0,0,0,0,0.0,0.0,0,0.0,0.0,0.0,0.0,0.0,0.0,0.0,0.0,0.0,0.0,0.0,0.0,0.0,0.0,0.0,0.0,0.0,3.39942158572944,6.689519872547459,0.10073119714820652,12156.020908073146,467.526355983533,429.0594358102444,8.085158847875178,0.040263583714326145,0.046207832477300315,0.6566736805716533,0.02570061509150945,0.029025954543442256,0.4266978244199805,0.015582882410624943,0.01973801832459038,1.2165114751530501,0.32125768864386806,2.0959210071456664,0.36282443179302826,0.45247481013740254,1.2687521962085313,0.46548974122639153,0.4527430618276793,1.695450020628512,0.46590802585316643,0,0.448209510203204,2.4887467649193566,0.3364659095683704,0.24095946215488745,0.7862166471839532,0.580223360905684,0.24146281002712613,1.2129144716039337,0.5805589874492252,0,DB,17.7736,17.651,17.8337,18.0147,18.2231,1.058569478705643e-31,1.9848342734694372e-32,2.196203686798996e-32,2.4065124772079918e-32,3.809468915447581e-32,0.01,0.97,0.05,0.0,0.0,0.0,11706,7.991,0.578,0,0.017,0.014,-0.0551,-0.0225,Pure He,0.0,-2.5609,2356.3475,,,,,,,,12180.09646674075,429.98594776243044,374.52558294405935,8.036186105911504,0.0528352790901323,0.05104725070353666,0.6062549160241798,0.032009196827465614,0.03119605533088632,0.40480924619158787,0.008318858097021431,0.008172508324722993,0.34377109909404374,11997.686918043839,455.1225720429902,438.5630420505822,8.008172639524336,0.06402274477476233,0.06460267161332389,0.5893029601563731,0.03904448964856133,0.03798696466113738,0.40584722873412993,0.006229509297804137,0.006601919591124272,0.3485653273763395,1.2727679268265064,0.8881848087822062,3.7918707492953203,4.964120674029871,10.100980578605748,3.791879874516266,5.3689299202214595,10.10098388471454,01,0.3392223253567447,1.055021374077959,0.9035876486306649,8.08114731367953,9.458344470516293,26.583673855721873,8.081149714748266,9.864191699250423,26.58367467549836,01
WDWD eDR3 1765847182089067008A,1765847182089067008,1.0,1636042515805110273,1765847182089067008,47398836,2016.0,326.41158016352733,0.39483625,11.10383566280955,0.3415748,13.881388130179007,0.42035657,33.02289,409.36905,181.81359916368854,0.53950816,-366.7789979132399,0.42345378,-0.032624036,0.39450893,-0.439564,0.029353295,0.035166215,0.09156258,-0.64588255,-0.15896897,-0.09161807,-0.16781016,304,0,304,0,0.09691741,315.07993,0.0,0.0,95,false,1e+20,1.3478609,0.09751587,-0.033316743,0.34626898,-0.08186835,-0.017449036,-0.058578327,35,14,0.7893374,35,23,1,0.05139661,149.96152,0,0,1.0028527,0.43705338,0.30820245,0.19534962,0.76270616,-22.631119,2.3691688,24.983438,17.943853,false,294,199.9963769333805,0.8383929,238.54732,19.93481,27,72.68257522561734,8.03364,9.047278,20.684967,26,176.8894551012399,7.6040883,23.262415,19.128641,1,1,0,1,0,1.2478827,1.5563259,0.7501564,0.8061695,1e+20,1e+20,0,1e+20,1e+20,1e+20,66.93197208738349,-30.925146412115858,332.72481014119444,23.1185903340306,1765847182089067008,1.765847182089067e+18,326.41158016352733,11.10383566280955,13.881388130179007,0.42035657,19.93481,20.684967,19.128641,1.2376562411577027e+18,23.67181,20.99073,19.91769,19.49871,19.28398,0.5137893,0.0298196,0.01775549,0.01715266,0.04402141,68987912448.0,9007199388960000.0,275146342400.0,4503874773712896.0,275146342400.0,275146342400.0,0.041828018,1.765847182089067e+18,1.2376562411577027e+18,1.765847182089067e+18,326.41158016352733,11.10383566280955,13.881388130179007,0.42035657,19.93481,20.684967,19.128641,1.2132326411443536e+17,20.8693008422852,19.9172992706299,19.5109004974365,19.2436008453369,19.3288993835449,0.037542000412941,0.0171980001032352,0.00848700013011694,0.00263300002552569,0.0443460009992123,280,280,115000,280,115000,436527104,52,0.013364012,1.765847182089067e+18,1.2132326411443536e+17,0.0,0.0,0.0,0.0,0.0,0.0,0.0,0.0,0.0,0.0,0.0,0.0,0.0,0.0,0.0,0.0,0.0,0.0,0.0,0.0,0.0,0.0,0.0,0.0,0.0,0.0,0.0,0,0.0,0.0,0.0,0.0,0.0,0.0,0.0,0.0,0.0,0.0,0.0,0.0,0,0,0,0,0,0,0,0,0,0,0,0,0,0,0,0.0,0.0,0,0.0,0.0,0.0,0.0,0.0,0.0,0.0,0.0,0.0,0.0,0.0,0.0,0.0,0.0,0.0,0.0,0.0,9.9275762333805,14.220023060598262,0.3447554480215305,4078.0414914393223,68.58571598328217,65.53250598149589,7.931353955776068,0.04639889029933908,0.05013329961603841,0.534812092970182,0.027945027470915873,0.029147721205470156,8.487839763236028,0.2936745336076889,0.23020071331296066,2.554061358795462,0.3493128433864484,0.5726511621272745,0.3643465150683769,55.47849195168008,69.83741962266964,879.6264498641038,55.47926922702137,78.32525938590567,879.6264799861901,11,0.24278911790543745,0.5815994176384187,0.25323823810139134,46.26519622075783,67.7457033935342,101.84440376244153,46.26612828059977,76.23354315677022,101.84466392548813,11,DA,22.3221,21.08,19.9138,19.4667,19.237,6.552089755847466e-32,1.1621203905830068e-32,1.509466280822839e-32,2.1266854652345654e-32,3.371901564761715e-32,0.72,0.0,0.0,0.0,0.01,0.07,3982,7.823,0.473,273,0.133,0.103,0.0,0.0,Pure H,0.0,-4.3543,-2.1729,DC,-99.0,,,,McCookSion1999,1999ApJS..121....1M,4247.761892693758,27.903027948808813,34.68066958271447,7.94752818231799,0.03294563224924385,0.03535593352063504,0.535391177256081,0.019607599265279108,0.020272168853215478,6.919054379096199,0.18041523202255583,0.18261780965224528,11.1592801498926,4032.4186507241157,72.44744337151951,33.76716641455005,8.640825709039829,0.04483523887519958,0.0246708796063686,0.9895842506492495,0.02761646488831715,0.015824521410185866,8.341199440376649,0.13204189372608255,0.2857787861985699,0.1703527303673249,0.5866305582630846,0.17612657561438272,37.44259308339752,66.56963969233904,78.68585577389226,37.44302774168822,73.48869407143523,78.68606768757844,11,0.38492973039444767,5.458117983139581,0.13603958169262587,0.005393398210665032,0.09298265676473952,0.017875294200984552,0.1321519974992012,8.434182097141388,0.2863372850047644,00
WDWD eDR3 1768449657392315776A,1768449657392315776,1.0,1636042515805110273,1768449657392315776,796610078,2016.0,331.08315026704025,0.13616815,14.511391400280091,0.19357613,7.505534994488497,0.186677,40.205997,52.678783,-46.73253506107942,0.17050825,-24.3130490726934,0.19186684,0.25329617,0.20780633,-0.30854648,-0.23572288,-0.45153514,-0.2126163,-0.5150706,-0.05422096,0.18245672,0.25368842,182,0,181,1,1.0824432,205.34843,0.0,0.0,31,false,1.7214155,1e+20,1e+20,1e+20,1e+20,1e+20,1e+20,1e+20,21,13,0.31208673,22,10,0,0.025005415,154.84201,0,0,1.0563163,0.40891427,0.24436253,0.30436453,0.81584704,-91.35036,-60.385033,-52.982773,22.292788,false,186,950.0295349044466,2.0229924,469.61597,18.243025,20,646.452853097112,13.129164,49.23793,18.3122,18,427.7494381338571,14.262521,29.991152,18.169922,0,0,0,1,0,1.130704,0.14227867,0.06917572,0.07310295,1e+20,1e+20,0,1e+20,1e+20,1e+20,73.50128834100728,-31.88924795092691,338.73361942620306,24.588646172390344,1768449657392315776,1.768449657392316e+18,331.08315026704025,14.511391400280091,7.505534994488497,0.186677,18.243025,18.3122,18.169922,1.237678601293005e+18,18.45763,18.25625,18.30739,18.3853,18.63654,0.01761829,0.006698716,0.007810267,0.009932539,0.03557881,193583034531856.0,276856848.0,268468240.0,4503599895838736.0,158329942999056.0,275280592912.0,0.09090633,1.768449657392316e+18,1.237678601293005e+18,1.768449657392316e+18,331.08315026704025,14.511391400280091,7.505534994488497,0.186677,18.243025,18.3122,18.169922,1.2541331083224426e+17,18.253999710083,18.3290996551514,18.4712009429932,18.6056995391846,18.7134990692139,0.0051859999075532,0.00890600029379129,0.00517599983140826,0.0125099997967482,0.0245430003851652,115000,115000,115000,115000,115000,436527104,52,0.023881381,1.768449657392316e+18,1.2541331083224426e+17,0.0,0.0,0.0,0.0,0.0,0.0,0.0,0.0,0.0,0.0,0.0,0.0,0.0,0.0,0.0,0.0,0.0,0.0,0.0,0.0,0.0,0.0,0.0,0.0,0.0,0.0,0.0,0,0.0,0.0,0.0,0.0,0.0,0.0,0.0,0.0,0.0,0.0,0.0,0.0,0,0,0,0,0,0,0,0,0,0,0,0,0,0,0,0.0,0.0,0,0.0,0.0,0.0,0.0,0.0,0.0,0.0,0.0,0.0,0.0,0.0,0.0,0.0,0.0,0.0,0.0,0.0,3.082597692325875,7.47136519957508,0.1713432566969419,10564.206852339918,274.04145274655275,281.44671602108247,8.352192975626402,0.042426395684938,0.047166291089901335,0.8236564344079347,0.02860898712729054,0.031196518786452798,0.9259167514968492,0.013095671418564492,0.012434644300990505,3.7933419242246047,0.1529892359748155,3.420622643892699,0.16682630367087015,0.03874301331853527,0.3122664750717694,0.04569252987357867,0.040896426383037525,1.2381832265686186,0.04735427821369506,0,0.1177462711561934,3.5843260509059407,0.14772653102922373,0.028492384534638523,0.27424870965561293,0.027344880580776273,0.031357815395411645,1.2001654611524621,0.030039355400358892,0,DC,18.5844,18.2602,18.3378,18.4191,18.6974,1.864423385393541e-31,2.7308635984905536e-32,2.92092379908474e-32,3.0932799584765076e-32,4.6335899041576146e-32,0.01,0.0,0.91,0.0,0.01,0.05,9542,8.111,0.647,405,0.072,0.063,-0.0395,0.0223,logH/He=-5,0.0,-2.988,2749.2888,,,,,,,,9866.384098479926,190.5573051417141,193.48838810248526,8.189931098117608,0.035778534702496145,0.036820709374680405,0.6984917832369828,0.02270998491533971,0.024714234025189574,0.892137516683198,0.010795396826788095,0.010972593304519163,3.6738402233606586,9446.93677086382,224.6440694686371,204.70292076536862,8.063043457742733,0.050082601002944926,0.04870864183910584,0.6171845758904448,0.0317226446268295,0.029853426749032352,0.8316481627277585,0.013241769036538953,0.013542569966886409,0.17567841622313507,2.91277211675499,0.18124741245000875,0.08080128473987544,0.5006578666663121,0.09638480823914349,0.08151925053790825,1.39279538334951,0.09700736602507481,00,0.5330850483275711,1.5547351896274437,0.7733250551798665,1.6119043946956682,2.564337531355436,8.02998814120439,1.6119587842393568,3.395985694083195,8.02999956096415,00
WDWD eDR3 1778557364708020736A,1778557364708020736,1.0,1636042515805110273,1778557364708020736,291377724,2016.0,335.5130630382263,0.104903474,20.71236110969796,0.115499094,5.912725137627222,0.13095424,45.15108,40.37206,-38.34439830810719,0.14579406,-12.633691905470306,0.17044725,0.16968659,0.20621412,-0.14556585,-0.112166114,-0.1938006,-0.11055361,-0.026603878,0.0078607,0.14939983,0.4091625,204,0,204,0,1.4980284,240.9004,0.21719249,0.48446637,31,false,1.779542,1e+20,1e+20,1e+20,1e+20,1e+20,1e+20,1e+20,23,14,0.26328206,25,8,0,0.0033453614,26.9832,0,0,1.0743054,0.27716535,0.09563075,0.13726646,0.7441528,-103.96774,-53.89053,-42.001698,24.201706,false,212,1248.4185926779721,1.9006158,656.84955,17.946466,23,926.1721988098905,17.561684,52.738235,17.921812,24,537.3478391730431,10.264171,52.351803,17.922256,0,2,0,2,0,1.1722991,-0.00044441223,-0.024654388,0.024209976,1e+20,1e+20,0,1e+20,1e+20,1e+20,81.97927207431155,-30.03474221623125,345.82378663261625,28.60109983011831,1778557364708020736,1.7785573647080207e+18,335.5130630382263,20.71236110969796,5.912725137627222,0.13095424,17.946466,17.921812,17.922256,1.2376802994186488e+18,18.00533,17.879,18.07381,18.27738,18.4699,0.01453633,0.005525945,0.007201036,0.01017348,0.03406039,35253360136208.0,275146375184.0,268468240.0,4503599895838736.0,268468240.0,275280728080.0,0.030125434,1.7785573647080207e+18,1.2376802994186488e+18,1.7785573647080207e+18,335.5130630382263,20.71236110969796,5.912725137627222,0.13095424,17.946466,17.921812,17.922256,1.328533551311554e+17,17.8976993560791,18.0594997406006,18.2586002349854,18.4309005737305,18.5795001983643,0.00410099979490042,0.00470500020310283,0.00501600001007319,0.0104930000379682,0.0151159996166825,115000,16892216,16892216,16892216,115000,444915712,53,0.09675202,1.7785573647080207e+18,1.328533551311554e+17,0.0,0.0,0.0,0.0,0.0,0.0,0.0,0.0,0.0,0.0,0.0,0.0,0.0,0.0,0.0,0.0,0.0,0.0,0.0,0.0,0.0,0.0,0.0,0.0,0.0,0.0,0.0,0,0.0,0.0,0.0,0.0,0.0,0.0,0.0,0.0,0.0,0.0,0.0,0.0,0,0,0,0,0,0,0,0,0,0,0,0,0,0,0,0.0,0.0,0,0.0,0.0,0.0,0.0,0.0,0.0,0.0,0.0,0.0,0.0,0.0,0.0,0.0,0.0,0.0,0.0,0.0,2.1676870125923933,5.872407773762783,0.12803765214985457,13447.401468105058,541.1324764944147,512.588688971955,8.148167955099346,0.04386534167487888,0.0422660023279402,0.698447441935787,0.028255991098544264,0.02740993064293118,0.3553769854344634,0.01821585102957668,0.01501788565944756,5.045005584420376,0.3531998887318033,2.6180930241973375,0.2795399842450057,0.1712698909217919,0.6796390208611501,0.34639721693376174,0.17223586375982855,1.0350160062956135,0.3467226107266958,0,0.23785405931487258,2.912392482326944,0.196732570915096,0.08683813021115523,0.5008512374356943,0.13972482413007886,0.08872811328604527,0.8562282228701577,0.1405295818248304,0,DB,17.9203,17.8741,18.06,18.2693,18.4052,2.041418698108385e-31,2.8595235372823707e-32,2.944200834832347e-32,2.8501261881690683e-32,4.1158290046652526e-32,0.01,0.97,0.15,0.0,0.0,0.0,12115,8.004,0.587,0,0.025,0.02,-0.0446,-0.0058,Pure He,0.0,-2.5086,2308.1851,,,,,,,,11619.620903528128,285.98509012117574,251.10074806620105,7.927089000197076,0.04008182143568373,0.038777458683705746,0.5414164548870208,0.02335169368786605,0.02158255259896258,0.3939491578256179,0.0061679463090745235,0.00613054833652088,2.804508226692456,11395.095606466559,293.85564703389537,287.2644157719369,7.883547784589565,0.049377023924782826,0.050653833735244014,0.5175128541514151,0.027893604752665002,0.02752869391152135,0.39098778117703287,0.005033196486362523,0.004906592310259195,0.20288178703619497,0.6389787566205116,0.18751131710653834,29.947080198403317,52.19566848593535,78.81743135297906,29.947080833583126,52.58961764376097,78.81743159140107,11,0.2423423523254994,0.4313019474493066,0.2391719714293773,89.73573228265342,134.45888994232666,1151.510665232253,89.73573242380715,134.8498777235037,1151.5106652427064,11
WDWD eDR3 1829120747684239104A,1829120747684239104,1.0,1636042515805110273,1829120747684239104,339942017,2016.0,304.6531451233523,0.029528193,21.49191324688736,0.026809027,16.127528075562527,0.04520945,356.72916,33.171196,31.425312458912472,0.03561679,-10.619692608786924,0.033717003,-0.10137474,0.13866876,-0.35738355,0.30183795,-0.014084783,0.29514202,0.033902105,-0.26541057,0.0055455933,-0.058560826,671,0,669,2,-1.4436144,652.4865,0.0,0.0,31,false,1.7348317,1e+20,1e+20,1e+20,1e+20,1e+20,1e+20,1e+20,77,24,0.05342255,81,28,0,0.040052496,122.29022,1,0,0.9601531,0.49367952,0.10172851,0.23600501,0.35727102,-113.74378,25.916689,-39.775833,29.968884,false,671,4651.463291036076,2.2905393,2030.7285,16.518393,75,3253.896790289732,8.889936,366.02026,16.557533,75,2107.0193536376,8.020848,262.69284,16.438725,0,0,1,1,0,1.1525226,0.11880875,0.0391407,0.079668045,1e+20,1e+20,0,1e+20,1e+20,1e+20,62.16883110421941,-8.070322087567039,313.55168455715017,39.83667477119504,1829120747684239104,0.0,0.0,0.0,0.0,0.0,0.0,0.0,0.0,0.0,0.0,0.0,0.0,0.0,0.0,0.0,0.0,0.0,0.0,0.0,0.0,0.0,0.0,0.0,0.0,0.0,0.0,0.0,0.0,1.829120747684239e+18,304.6531451233523,21.49191324688736,16.127528075562527,0.04520945,16.518393,16.557533,16.438725,1.3379304653076088e+17,16.5361995697021,16.6299991607666,16.7903003692627,16.9209003448486,17.0491008758545,0.00331200007349253,0.0032379999756813,0.00417800014838576,0.00561799993738532,0.016465000808239,115000,115000,115000,115000,115000,503635968,60,0.085201524,1.829120747684239e+18,1.3379304653076088e+17,1.829120747684239e+18,304.65314043424564,21.49191474512789,16.158426176752712,0.060013841518945406,16.546364,16.522106,16.447176,20183671+2129306,16.642,16.244,15.858,0.163,0.222,0.0,CDU,0.4018026597799098,1.829120747684239e+18,20183671+2129306,0.0,0.0,0.0,0.0,0.0,0.0,0.0,0.0,0,0.0,0.0,0.0,0.0,0.0,0.0,0.0,0.0,0.0,0.0,0.0,0.0,0,0,0,0,0,0,0,0,0,0,0,0,0,0,0,0.0,0.0,0,0.0,0.0,0.0,0.0,0.0,0.0,0.0,0.0,0.0,0.0,0.0,0.0,0.0,0.0,0.0,0.0,0.0,6.715550716158964,16.081901554153834,0.03812105111494716,10500.863516941747,126.01036220330096,126.01036220330096,8.316000705219116,0.038,0.038,0.8002419148096097,0.010370184866363175,0.010863125943557376,0.8881265067052196,0.011981820316935557,0.012012497388160228,2.465222713832316,0.055455534044722476,3.2954113091422976,0.05809158258586855,0.017951150436835706,0.3493752263409015,0.017136572802443146,0.02158258140522668,1.237501733046121,0.020927546939715377,0,0.04688148673762793,3.490062906010894,0.044376842610597045,0.010305884422691942,0.29613997139165715,0.010887552053254604,0.015804280174725266,1.1842664780968768,0.016212306535866045,0,DC,16.7438,16.5041,16.6027,16.7445,16.9295,1.269908969060982e-31,2.936960854387839e-32,2.986154649606564e-32,2.5715472216539293e-32,3.5040191853193844e-32,0.0,0.0,0.88,0.0,0.1,0.01,9749,8.114,0.65,79,0.013,0.011,-0.0676,-0.0366,logH/He=-5,0.0,-2.9529,2716.9638,DC,,,,,LDT Deveny,,10239.002935645614,82.96676879390179,81.43007750063953,8.224841744003346,0.013942474732262511,0.01359853013975787,0.7208957735008945,0.008986784494917632,0.008664281813834829,0.853881448368868,0.003064115864793493,0.0029736884014638365,2.4966484724896,9872.736159449207,98.56476271596694,93.41449595793165,8.123608015141272,0.02002577364806335,0.019678952866927446,0.6557777559179886,0.012733981996182253,0.012526127385899088,0.8089639936581441,0.0038259601577318447,0.004074414373752999,0.058166889934741395,3.0790664951514204,0.04961842463056243,0.01919456805111295,0.42564106686018915,0.022501486806299983,0.0194375988409496,1.2795225152290572,0.022697130461868803,00,0.2136372316832702,2.4738395327452345,0.1765302918884104,0.1427997523071848,0.8009669505010129,0.2309243102248945,0.14285099660178044,1.609930944159157,0.23096025178660584,00
WDWD eDR3 1840810858375964544A,1840810858375964544,1.0,1636042515805110273,1840810858375964544,209560443,2016.0,318.8817711093166,0.06596195,25.582711788921074,0.06471046,10.627288385740853,0.08547104,124.33788,40.885414,37.8695386298382,0.07893967,15.411521083121343,0.07527193,-0.055700302,0.34670424,-0.23733708,-0.034560606,0.016391361,0.030465256,-0.5747366,-0.22445957,-0.08418442,-0.14451693,299,0,294,5,0.1256885,309.3351,0.0,0.0,31,false,1.742954,1e+20,1e+20,1e+20,1e+20,1e+20,1e+20,1e+20,34,19,0.1184879,37,20,0,0.022052785,15.568736,0,0,1.0040773,0.18591861,0.110509984,0.16842042,0.28889498,-92.04141,20.06853,27.228424,15.34426,false,311,2371.0724987403055,2.2591019,1049.5642,17.250006,35,1681.2961929465869,11.592343,145.03506,17.274431,32,1041.1223579193615,12.043882,86.444084,17.204142,0,3,0,2,0,1.1481802,0.07028961,0.024425507,0.045864105,1e+20,1e+20,0,1e+20,1e+20,1e+20,73.57393274819826,-15.973285083485951,331.2727936268051,39.206731717978826,1840810858375964544,0.0,0.0,0.0,0.0,0.0,0.0,0.0,0.0,0.0,0.0,0.0,0.0,0.0,0.0,0.0,0.0,0.0,0.0,0.0,0.0,0.0,0.0,0.0,0.0,0.0,0.0,0.0,0.0,1.8408108583759647e+18,318.8817711093166,25.582711788921074,10.627288385740853,0.08547104,17.250006,17.274431,17.204142,1.3869318881713978e+17,17.2439002990723,17.3547992706299,17.505500793457,17.6863994598389,17.7987003326416,0.00469500012695789,0.00083999999333173,0.00438399985432625,0.00315000000409782,0.0132839996367693,115000,115000,115000,115000,115000,436527104,52,0.109104894,1.8408108583759647e+18,1.3869318881713978e+17,0.0,0.0,0.0,0.0,0.0,0.0,0.0,0.0,0.0,0.0,0.0,0.0,0.0,0.0,0.0,0.0,0.0,0.0,0.0,0.0,0.0,0.0,0.0,0.0,0.0,0.0,0.0,0,0.0,0.0,0.0,0.0,0.0,0.0,0.0,0.0,0.0,0.0,0.0,0.0,0,0,0,0,0,0,0,0,0,0,0,0,0,0,0,0.0,0.0,0,0.0,0.0,0.0,0.0,0.0,0.0,0.0,0.0,0.0,0.0,0.0,0.0,0.0,0.0,0.0,0.0,0.0,5.546904026415515,10.69587065509651,0.06518010394323004,10905.783027686186,195.4338855975002,192.90400872667487,8.293439171672803,0.038,0.038,0.7860273856270803,0.0195472365943653,0.02007736172113265,0.7736717344307347,0.007240553869672562,0.006945940723239677,1.2270367511479487,0.1045306769752159,3.219397784102034,0.1073655707012433,0.03317753494743979,0.3728645196686389,0.03892731098645729,0.033958422306229405,1.1465362540993735,0.039542150082754954,0,0.10351023954242855,3.425801924173057,0.08876384430155682,0.020614128145908774,0.3110636616037073,0.030005134739760398,0.0218487505261875,1.084735396034442,0.03079860716464197,0,DC,17.4776,17.223,17.347,17.4957,17.69,1.054322060117251e-31,2.602852551936998e-32,2.9995930991458705e-32,3.269641747490149e-32,5.037892712591712e-32,0.0,0.0,0.88,0.0,0.01,0.0,9855,8.024,0.594,171,0.029,0.025,-0.0478,-0.0182,logH/He=-5,0.0,-2.8819,2651.6801,DC,,,,,LDT Deveny,,10693.915734542476,203.59220449406166,195.92570084278668,8.204684188290884,0.031129469383142094,0.032026601844185265,0.7088233179459636,0.01990073527603531,0.021076721633235485,0.7391928885927596,0.006182519228546179,0.005763210830286192,0.8325745138459297,10359.356197286212,217.1744989819599,201.28995595217748,8.123164081383287,0.040107422367697154,0.04089544771902709,0.6563649585836606,0.025701396544690835,0.026037988130351186,0.7124629035414296,0.0064404478555722955,0.006827636548033977,0.15438505197617403,3.0009276242457195,0.12955330327250092,0.050116861114103135,0.45586858589578505,0.07852399244800055,0.050496765361175824,1.1950614744885446,0.07873520171465859,00,0.44879365593202847,2.483609959794686,0.31978479013259253,0.2347963718084252,0.7911667450704156,0.582305460946725,0.23488468571403412,1.5036296486118452,0.5823454872060141,00
WDWD eDR3 1871930606558336896A,1871930606558336896,1.0,1636042515805110273,1871930606558336896,1354001011,2016.0,316.62919784200955,0.13450229,38.42889623988142,0.15397039,5.983955209499537,0.19371095,30.891155,37.784283,37.74041486429352,0.17633581,-1.8202031870443618,0.19976047,-0.044941377,0.16486341,-0.023377344,-0.08299297,-0.07091877,-0.10241438,-0.24702935,-0.09125781,0.03383646,0.03966045,436,0,436,0,0.299672,460.8123,0.0,0.0,31,false,1.6709057,1e+20,1e+20,1e+20,1e+20,1e+20,1e+20,1e+20,51,26,0.28100148,53,19,0,0.003119883,70.550804,0,0,1.0094483,0.18513227,0.163758,0.0623065,0.1766141,-99.10118,67.80666,9.612282,4.9404907,false,439,405.8087491468274,0.819421,495.2384,19.166563,47,262.0437743099559,5.564195,47.094643,19.292608,47,196.74738502714732,4.114117,47.822506,19.013123,0,1,0,0,0,1.13056,0.2794857,0.12604523,0.15344048,1e+20,1e+20,0,1e+20,1e+20,1e+20,82.02998329218967,-5.976984510513123,336.6078922575207,51.650702137067654,1871930606558336896,0.0,0.0,0.0,0.0,0.0,0.0,0.0,0.0,0.0,0.0,0.0,0.0,0.0,0.0,0.0,0.0,0.0,0.0,0.0,0.0,0.0,0.0,0.0,0.0,0.0,0.0,0.0,0.0,1.871930606558337e+18,316.62919784200955,38.42889623988142,5.983955209499537,0.19371095,19.166563,19.292608,19.013123,1.541131662909953e+17,19.2471008300781,19.2579002380371,19.3246994018555,19.3997001647949,19.3701992034912,0.00630099978297949,0.00944000016897917,0.0156549997627735,0.0174969993531704,0.0775889977812767,115000,115000,115000,115000,115000,436527104,52,0.10994452,1.871930606558337e+18,1.541131662909953e+17,0.0,0.0,0.0,0.0,0.0,0.0,0.0,0.0,0.0,0.0,0.0,0.0,0.0,0.0,0.0,0.0,0.0,0.0,0.0,0.0,0.0,0.0,0.0,0.0,0.0,0.0,0.0,0,0.0,0.0,0.0,0.0,0.0,0.0,0.0,0.0,0.0,0.0,0.0,0.0,0,0,0,0,0,0,0,0,0,0,0,0,0,0,0,0.0,0.0,0,0.0,0.0,0.0,0.0,0.0,0.0,0.0,0.0,0.0,0.0,0.0,0.0,0.0,0.0,0.0,0.0,0.0,5.12138700165516,6.158592412365271,0.14928823670256836,8883.65259567676,320.47344113099825,319.7049024619355,8.31416088808214,0.07144389914525817,0.07565521912345474,0.7957051812367653,0.04755904486633156,0.050115670689209746,1.3847605933123992,0.060214074661807615,0.04546094145091972,1.5449722195967197,0.2543264431354637,3.271150701800884,0.26799823897973063,0.07213166486801297,0.3568721095843726,0.09284696565232814,0.0939612253219863,1.7416327028967717,0.10337918663081343,0,0.2434034591736336,3.4695532605640382,0.2179628389843531,0.04676493775072339,0.30090304201793944,0.06987500534782326,0.07624102694879428,1.6856636353303387,0.083361943175302,0,DC,19.7826,19.251,19.2404,19.2737,19.4316,7.329476601170448e-32,1.3166023386651914e-32,1.4077637231760537e-32,1.5893988767373228e-32,2.5783773118918327e-32,0.03,0.0,0.74,0.0,0.1,0.0,8022,8.017,0.587,308,0.073,0.062,-0.1372,0.0206,logH/He=-5,0.0,-3.2389,2980.11,,,,,,,,8592.484751562915,322.6367734471878,308.57548734701413,8.232283579520665,0.070345450736923,0.07441940334066288,0.7230674531605079,0.04680715518268619,0.048812992318053694,1.3535834740027863,0.035507030567110354,0.03293460495771794,3.3930037939648976,8239.381369279894,296.96419622383655,283.5105030111781,8.090548650505518,0.07711048493339945,0.07877869886418765,0.6320018332924842,0.04958899712556197,0.04885306774589526,1.2255549168613604,0.03069615481043142,0.03152958941373085,0.3511010678153079,3.0931226741780447,0.2594907198621663,0.08850458079178304,0.4202035245183272,0.17301893279621314,0.09536147042083067,1.7737869985211137,0.17612563501563722,00,1.0643939892072367,2.0595532956096885,0.7297865709029727,0.7654228694327874,1.3323315033784484,10.295696756039446,0.7660381341492523,2.557886420239809,10.295745034106554,01
WDWD eDR3 1918870785171369472A,1918870785171369472,1.0,1636042515805110273,1918870785171369472,519318857,2016.0,353.9435752784982,0.1022243,37.17510289625619,0.09007485,7.534023214529864,0.14692815,51.276924,37.207664,27.579768000921693,0.17015158,-24.975320389851703,0.121887684,0.026053108,0.040037397,-0.008499089,-0.041300513,-0.079528876,-0.12546971,0.4153079,-0.13325411,-0.15784298,-0.17033154,533,0,531,2,-0.15611584,544.2542,0.0,0.0,31,false,1.7012167,1e+20,1e+20,1e+20,1e+20,1e+20,1e+20,1e+20,62,23,0.23947711,71,12,0,0.050119217,106.84579,0,0,0.994558,0.3467298,0.25789616,0.32879457,0.43849587,-136.66751,-1.1743075,-55.15164,7.688602,false,563,764.2097841087067,1.0132762,754.1969,18.479336,69,503.4450965003334,8.3949375,59.97008,18.583662,68,364.03276549628544,7.247085,50.231613,18.345045,0,0,0,2,0,1.1351305,0.23861694,0.10432625,0.1342907,1e+20,1e+20,0,1e+20,1e+20,1e+20,106.59952514723491,-23.285294272889576,11.640394699322021,36.00327128907763,1918870785171369472,0.0,0.0,0.0,0.0,0.0,0.0,0.0,0.0,0.0,0.0,0.0,0.0,0.0,0.0,0.0,0.0,0.0,0.0,0.0,0.0,0.0,0.0,0.0,0.0,0.0,0.0,0.0,0.0,1.9188707851713695e+18,353.9435752784982,37.17510289625619,7.534023214529864,0.14692815,18.479336,18.583662,18.345045,1.526135394351808e+17,18.533899307251,18.5566997528076,18.672700881958,18.8006992340088,18.7865009307861,0.00739900022745132,0.00980199966579676,0.00749999983236194,0.0181469991803169,0.016414999961853,115000,115000,115000,115000,115000,436527104,52,0.112518154,1.9188707851713695e+18,1.526135394351808e+17,0.0,0.0,0.0,0.0,0.0,0.0,0.0,0.0,0.0,0.0,0.0,0.0,0.0,0.0,0.0,0.0,0.0,0.0,0.0,0.0,0.0,0.0,0.0,0.0,0.0,0.0,0.0,0,0.0,0.0,0.0,0.0,0.0,0.0,0.0,0.0,0.0,0.0,0.0,0.0,0,0,0,0,0,0,0,0,0,0,0,0,0,0,0,0.0,0.0,0,0.0,0.0,0.0,0.0,0.0,0.0,0.0,0.0,0.0,0.0,0.0,0.0,0.0,0.0,0.0,0.0,0.0,16.56423595570451,7.504595463071671,0.12759673282641837,9350.883373330847,242.97033244054546,242.4019279472068,8.255470402823878,0.05102153190949288,0.05307485467469597,0.7581564982438398,0.033985122853687155,0.03508713210439163,1.095142740646601,0.02164440406701762,0.02209297778826791,2.1717888009585584,0.18173862488602754,3.0703556055820314,0.18763172248337723,0.06807103339915693,0.42901081839644367,0.08395071964207798,0.07142930641862252,1.5241535590430446,0.08680911816149083,0,0.17739838708091593,3.277616957551875,0.18080813443832078,0.05138654242164659,0.3548739417848034,0.0625845809465446,0.055758918295354454,1.4500166824314045,0.06636964245652896,0,DC,18.7196,18.5248,18.5446,18.635,18.7822,1.1062924492441542e-31,1.7991384289641998e-32,1.821266659630624e-32,1.6770244694972089e-32,2.659564710394102e-32,0.01,0.0,0.83,0.0,0.04,0.02,8779,8.079,0.626,239,0.048,0.042,-0.0428,0.0274,logH/He=-5,0.0,-3.1154,2866.4805,,,,,,,,9077.436607573658,262.7555267635107,242.03058832534407,8.169855660500962,0.05471280795325306,0.05308810259194452,0.6834969680565278,0.03593624934352835,0.03479180014363814,1.0713157329630558,0.015328252516043861,0.014141389295156515,5.718160700210359,8687.54860537585,244.685481483255,241.52787665466167,8.024356050404943,0.06069561990373451,0.06436530740757451,0.5922377510117219,0.03759148043713301,0.03848816686034551,0.9762078632023773,0.019057221365936128,0.018030618886339278,0.47383381315682227,2.8106351294277157,0.25155754500701555,0.12051381443607646,0.5526824101817609,0.3888783568210114,0.12148471012900626,1.6239981431448167,0.38913539455439805,00,0.32659843994033866,1.0805191226040134,0.955449784458231,7.313658794079763,8.685781650395445,21.49497168865766,7.313683622765374,9.661989513597822,21.494979250964906,01
WDWD eDR3 1954927520958703616A,1954927520958703616,1.0,1636042515805110273,1954927520958703616,934904752,2016.0,330.9371734807433,0.031511676,37.133303960641214,0.042133626,8.264220405889091,0.057964332,142.57423,30.103123,7.734271449544171,0.048756626,29.092594377163923,0.0474316,-0.1357665,0.006780787,-0.22497088,-0.19125195,0.016587676,-0.31083342,-0.24798875,0.0015684876,0.0073250877,-0.35513365,817,0,817,0,0.33817106,904.56104,0.13152133,1.0301473,31,false,1.7879269,1e+20,1e+20,1e+20,1e+20,1e+20,1e+20,1e+20,93,27,0.07746799,105,45,0,0.029713782,25.457724,1,0,1.0079917,0.40016696,0.4610463,0.25042853,0.1852893,-105.88669,61.3381,0.5444336,-43.259396,false,898,3001.274036493593,1.6182255,1854.6699,16.994102,98,2263.6952562332935,8.813363,256.84805,16.951498,100,1231.7931921291674,6.9516044,177.19553,17.021551,0,3,0,3,0,1.1646682,-0.0700531,-0.042604446,-0.027448654,1e+20,1e+20,0,1e+20,1e+20,1e+20,89.529868403598,-14.635031092920324,350.6140807477635,45.06472256143921,1954927520958703616,0.0,0.0,0.0,0.0,0.0,0.0,0.0,0.0,0.0,0.0,0.0,0.0,0.0,0.0,0.0,0.0,0.0,0.0,0.0,0.0,0.0,0.0,0.0,0.0,0.0,0.0,0.0,0.0,1.9549275209587036e+18,330.9371734807433,37.133303960641214,8.264220405889091,0.057964332,16.994102,16.951498,17.021551,1.525633093713106e+17,16.9167003631592,17.1382007598877,17.3525009155273,17.569299697876,17.7189998626709,0.00823699962347746,0.00304200011305511,0.00362999993376434,0.00322799989953637,0.00431999983265996,16892216,115000,16892216,115000,115000,436527104,52,0.00457739,1.9549275209587036e+18,1.525633093713106e+17,0.0,0.0,0.0,0.0,0.0,0.0,0.0,0.0,0.0,0.0,0.0,0.0,0.0,0.0,0.0,0.0,0.0,0.0,0.0,0.0,0.0,0.0,0.0,0.0,0.0,0.0,0.0,0,0.0,0.0,0.0,0.0,0.0,0.0,0.0,0.0,0.0,0.0,0.0,0.0,0,0,0,0,0,0,0,0,0,0,0,0,0,0,0,0.0,0.0,0,0.0,0.0,0.0,0.0,0.0,0.0,0.0,0.0,0.0,0.0,0.0,0.0,0.0,0.0,0.0,0.0,0.0,2.4222100591734077,8.322830036339544,0.05387496646016676,13636.586749158614,333.00032582750464,318.85100962819524,8.028889212730576,0.038,0.038,0.6261202099966816,0.018622693029431817,0.017859738802830517,0.2855229457919549,0.007924701371165865,0.007682146592877722,2.713745144497681,0.23278366286789853,1.7140026249585203,0.22324673503538173,0.5018169730266416,1.9067174175927364,1.101336289643007,0.5018795426289493,2.192240363384691,1.1013630819402382,0,0.6370419185353422,1.9261169443522677,0.35017083570807794,0.41184515181019093,1.423658780224053,3.3353240485409397,0.411921388084403,1.7091817260160078,3.3353328955520767,0,DB,16.9052,16.8907,17.1395,17.3482,17.586,9.334714721531451e-32,1.7992410997419514e-32,1.9319771301034638e-32,1.8798305556654767e-32,2.8300677000286324e-32,0.0,1.0,0.01,0.0,0.0,0.0,13468,8.041,0.611,0,0.007,0.006,-0.0521,-0.0173,Pure He,0.0,-2.3439,2156.6314,,,,,,,,13486.504797119356,310.19517537578577,269.3365849447873,8.02000574097837,0.033678994552282404,0.03295076209850567,0.5990889686849548,0.020043574327775482,0.020196406222017127,0.29389458096857524,0.003997466802107719,0.00410479150182208,1.3488607155565009,13408.373420909676,304.6234299054777,287.25754171142216,8.018178532986806,0.03578766654047527,0.03551219539068118,0.5978111919235902,0.02162032948036341,0.021373930384986806,0.2987987082954728,0.0036213884731001733,0.0037863275855233303,0.20807759142877014,1.1739802357135598,0.4492203653740168,4.283979354648741,6.524868204936014,6.3899474006731065,4.2839812197064395,6.818762785904589,6.389948719096442,01,0.21236798208720786,1.153470175338527,0.4656879822653859,4.663010937235523,6.921035047630376,7.21665832398222,4.663012343457026,7.2198337559258485,7.216659317258814,01
WDWD eDR3 1970506879167911936A,1970506879167911936,1.0,1636042515805110273,1970506879167911936,676299425,2016.0,321.7604682059789,0.06733611,43.23267726968634,0.06860292,9.84835034710418,0.08903397,110.6134,34.46036,-30.14459515146457,0.08708693,-16.69790224356772,0.083593085,-0.081476174,0.049327154,-0.108538315,-0.12215797,0.12425042,-0.1606025,-0.22970882,-0.27446374,0.038435485,-0.053794086,397,0,396,1,1.907915,466.9968,0.11984855,0.25254276,31,false,1.7165933,1e+20,1e+20,1e+20,1e+20,1e+20,1e+20,1e+20,45,25,0.123610556,47,20,0,0.015840676,178.35075,0,0,1.0681254,0.23329747,0.18020897,0.015614648,0.16420668,-79.64883,36.18891,5.081643,18.219099,false,383,1492.7767507008618,1.6802174,888.4426,17.75238,40,1046.1157048804048,11.999038,87.1833,17.789593,45,764.434888978812,13.604619,56.189365,17.539545,0,1,0,2,0,1.2128743,0.25004768,0.03721237,0.21283531,1e+20,1e+20,0,1e+20,1e+20,1e+20,88.21155804251056,-5.443507672922454,346.1318395728735,53.88348723043382,1970506879167911936,0.0,0.0,0.0,0.0,0.0,0.0,0.0,0.0,0.0,0.0,0.0,0.0,0.0,0.0,0.0,0.0,0.0,0.0,0.0,0.0,0.0,0.0,0.0,0.0,0.0,0.0,0.0,0.0,1.970506879167912e+18,321.7604682059789,43.23267726968634,9.84835034710418,0.08903397,17.75238,17.789593,17.539545,1.5987321760516986e+17,17.665599822998,17.744499206543,17.7852001190186,17.9771003723145,17.5389995574951,0.00922099966555834,0.00564600015059114,0.0178709998726845,0.271486014127731,0.00645599979907274,115000,115000,115000,16892216,16892216,436527104,52,0.081822686,1.970506879167912e+18,1.5987321760516986e+17,0.0,0.0,0.0,0.0,0.0,0.0,0.0,0.0,0.0,0.0,0.0,0.0,0.0,0.0,0.0,0.0,0.0,0.0,0.0,0.0,0.0,0.0,0.0,0.0,0.0,0.0,0.0,0,0.0,0.0,0.0,0.0,0.0,0.0,0.0,0.0,0.0,0.0,0.0,0.0,0,0,0,0,0,0,0,0,0,0,0,0,0,0,0,0.0,0.0,0,0.0,0.0,0.0,0.0,0.0,0.0,0.0,0.0,0.0,0.0,0.0,0.0,0.0,0.0,0.0,0.0,0.0,4.815241213095589,9.888570440707005,0.07235953128434088,8205.699378240131,162.70107899739378,154.3305552549964,7.822343204695743,0.05128620412052953,0.049859557490691486,0.49547662619099586,0.027855439567777696,0.02632890429677659,0.8375242315947862,0.011304894934318965,0.010661644732048337,11.206338528122203,nan,0.08095782738744839,0.32911130370970737,nan,nan,nan,nan,nan,nan,11,0.24201076948547073,0.23984905465678485,0.22874808250891898,703.1286977838178,814.7100436636584,nan,703.1286978746978,815.5475678952532,nan,11,DC,17.8068,17.7587,17.7938,17.8853,17.9888,1.447761020283691e-31,2.3262598545406218e-32,2.571892641940678e-32,2.5210156642083787e-32,3.7427911113647867e-32,0.11,0.0,0.8,0.0,0.04,0.0,9086,8.024,0.593,175,0.033,0.028,-0.0494,-0.0083,logH/He=-5,0.0,-3.0244,2782.7674,,,,,,,,8040.754558394958,170.1972029594217,166.158431363202,7.759254526121115,0.05580496584464001,0.054094018115857345,0.4437089254679361,0.02902975285478754,0.02663491333950674,0.8451640615315867,0.013338200596554661,0.01364879302418498,140.1373077013656,7670.07519655509,155.71217029650143,144.12770769673352,7.568455539904321,0.05446564175033597,0.05602384024983387,0.3557242141086048,0.023665172884909935,0.023141620517016903,0.7632669227602421,0.009923369345670285,0.009515916148025272,0.25221331759155086,-0.2099137665687556,0.23140671884888542,nan,nan,nan,nan,nan,nan,11,0.20560532480373528,-0.9743335003596441,0.2010566508863325,nan,nan,nan,nan,nan,nan,11
WDWD eDR3 2037566814905409024A,2037566814905409024,1.0,1636042515805110273,2037566814905409024,683404461,2016.0,287.51434928035934,0.08277934,28.769263029097182,0.097005405,7.627150688671031,0.117283106,65.03197,84.669754,37.96376569157328,0.11074485,75.68170175861066,0.13186494,0.011557009,0.1969338,-0.07409868,-0.06752723,-0.11161707,-0.05666681,-0.1632038,-0.08699385,-0.011036407,0.042192023,441,0,436,5,-0.32033575,440.22546,0.0,0.0,31,false,1.7168825,1e+20,1e+20,1e+20,1e+20,1e+20,1e+20,1e+20,51,27,0.18373273,54,24,0,0.011500686,80.71855,0,0,0.9883387,0.3154714,0.198012,0.045659512,0.32044718,-85.738205,87.15985,44.7313,-39.096508,false,422,849.9932077445513,1.1993705,708.69946,18.363829,49,597.8971940583208,8.918699,67.03861,18.396976,50,406.17457822181717,7.686048,52.8457,18.226114,0,1,0,0,0,1.1812704,0.1708622,0.033147812,0.13771439,1e+20,1e+20,0,1e+20,1e+20,1e+20,60.73898343394356,8.983326279330933,294.6255457165609,50.72190007916493,2037566814905409024,0.0,0.0,0.0,0.0,0.0,0.0,0.0,0.0,0.0,0.0,0.0,0.0,0.0,0.0,0.0,0.0,0.0,0.0,0.0,0.0,0.0,0.0,0.0,0.0,0.0,0.0,0.0,0.0,2.037566814905409e+18,287.51434928035934,28.769263029097182,7.627150688671031,0.117283106,18.363829,18.396976,18.226114,1.4252287514285363e+17,18.4440002441406,18.4351997375488,18.6098003387451,18.7329006195068,18.8398990631104,0.00630699982866645,0.00981099996715784,0.00899500027298927,0.00855300016701221,0.0423149988055229,115000,115000,115000,115000,115000,436527104,52,0.18577285,2.037566814905409e+18,1.4252287514285363e+17,0.0,0.0,0.0,0.0,0.0,0.0,0.0,0.0,0.0,0.0,0.0,0.0,0.0,0.0,0.0,0.0,0.0,0.0,0.0,0.0,0.0,0.0,0.0,0.0,0.0,0.0,0.0,0,0.0,0.0,0.0,0.0,0.0,0.0,0.0,0.0,0.0,0.0,0.0,0.0,0,0,0,0,0,0,0,0,0,0,0,0,0,0,0,0.0,0.0,0,0.0,0.0,0.0,0.0,0.0,0.0,0.0,0.0,0.0,0.0,0.0,0.0,0.0,0.0,0.0,0.0,0.0,2.5141821599344305,7.739004805587991,0.09137566103666894,10122.66988674064,253.6057278092103,244.3723535293102,8.39192485372026,0.04235981668427691,0.04345578132818417,0.8492723937499316,0.027714025705119605,0.02927330283854268,1.1105135735121334,0.016341082150040265,0.015790755493278796,2.8019966069850053,0.14820334601668206,3.557606383689474,0.25123190218411784,0.04880577077616346,0.28045396865887384,0.03441809883832127,0.051468769432441025,1.3909675421710073,0.03786757830510114,0,0.12825994949491237,3.704247103886057,0.18357557374253863,0.0311410654137187,0.25098932430666004,0.025195974313796343,0.035168123648211196,1.3615028978187935,0.029735249800026897,0,DC,18.7269,18.3994,18.441,18.5609,18.7103,1.2480810309045184e-31,1.5918168649787268e-32,1.7299004269845462e-32,1.926612131056263e-32,2.9664876782499164e-32,0.01,0.0,0.95,0.0,0.19,0.13,8963,8.083,0.629,233,0.045,0.04,-0.0428,0.0274,logH/He=-5,0.0,-3.0816,2835.4446,,,,,,,,9853.732248190936,252.1115945773854,243.25690016797125,8.303971572803501,0.042625611653608786,0.04407952640033308,0.7722262107215326,0.02962068302230325,0.02958499654549629,1.0550948398179636,0.011808744437451724,0.01174523116400894,4.6076806080849355,9476.06627442064,278.30781141443003,255.6838255767707,8.192415042664562,0.056723693864348945,0.056668768419759985,0.6993348916784938,0.03723843245262526,0.037047996723840404,0.992389324955095,0.01383437239577856,0.015455953698710445,0.1569556092721811,3.3545548047250566,0.14260255181666537,0.03660663223496604,0.3310990193706906,0.048688435667710486,0.03846416473518048,1.3861938591886542,0.050085069859837364,00,0.35237713166013185,2.919990510946009,0.24473684458665979,0.1044773873998106,0.4969811020335448,0.2219899970230756,0.10538934641354972,1.4893704269886399,0.22252740344290586,00
WDWD eDR3 2067065230108705024A,2067065230108705024,1.0,1636042515805110273,2067065230108705024,196233352,2016.0,312.28616977793763,0.13366325,44.121701680896415,0.15054046,3.2368568602394445,0.16154636,20.036705,24.83452,-1.8003621447199576,0.17315492,-24.76917678336206,0.18517506,0.020820273,0.08136518,-0.2404173,-0.08975031,0.03651359,-0.1071274,-0.35615915,-0.07584365,0.023222914,0.08041045,400,0,399,1,1.1269945,439.1417,0.40723896,0.70687765,31,false,1.796908,1e+20,1e+20,1e+20,1e+20,1e+20,1e+20,1e+20,46,29,0.26917905,50,25,0,0.018949155,44.13412,0,0,1.0395578,0.15722048,0.123567775,0.17866392,0.07688306,-68.25576,68.96203,39.17233,-6.9238725,false,403,508.5758335267423,0.9619479,528.6937,18.921478,43,379.0731027437383,8.925671,42.469986,18.891735,44,188.87776028651726,7.2435293,26.075377,19.057444,0,0,0,1,0,1.1167476,-0.16570854,-0.029743195,-0.13596535,1e+20,1e+20,0,1e+20,1e+20,1e+20,84.23126399240819,0.2037779617389374,336.46952881069745,58.20998379769648,2067065230108705024,2.067065230108705e+18,312.28616977793763,44.121701680896415,3.2368568602394445,0.16154636,18.921478,18.891735,19.057444,1.2376537328948367e+18,18.73452,18.83301,19.1133,19.32061,19.77563,0.04614202,0.0205904,0.02228091,0.02833029,0.1302822,35255507615760.0,275280592912.0,275146375184.0,4503874773745680.0,275146506256.0,275280592912.0,0.038455956,2.067065230108705e+18,1.2376537328948367e+18,2.067065230108705e+18,312.28616977793763,44.121701680896415,3.2368568602394445,0.16154636,18.921478,18.891735,19.057444,1.6094312286101677e+17,18.8719005584717,19.1054992675781,19.3304996490479,19.5275993347168,19.4857006072998,0.00689199985936284,0.00636600004509091,0.0101290000602603,0.0288200005888939,0.0781819969415665,115000,115000,115000,115000,115000,436527104,52,0.054176897,2.067065230108705e+18,1.6094312286101677e+17,0.0,0.0,0.0,0.0,0.0,0.0,0.0,0.0,0.0,0.0,0.0,0.0,0.0,0.0,0.0,0.0,0.0,0.0,0.0,0.0,0.0,0.0,0.0,0.0,0.0,0.0,0.0,0,0.0,0.0,0.0,0.0,0.0,0.0,0.0,0.0,0.0,0.0,0.0,0.0,0,0,0,0,0,0,0,0,0,0,0,0,0,0,0,0.0,0.0,0,0.0,0.0,0.0,0.0,0.0,0.0,0.0,0.0,0.0,0.0,0.0,0.0,0.0,0.0,0.0,0.0,0.0,5.045513424138447,3.3634597124517627,0.14612709064615648,18779.06247047661,1359.7068939509627,1341.9691744815937,8.380983532040785,0.0723974232194351,0.07957974837438009,0.8552908345511306,0.047760832967382094,0.05294025272077152,0.1986248652526804,0.017928259178960237,0.015637761483279528,3.8739545425387614,0.25540552388974325,3.589790559096955,0.4964812845656823,0.08048437638165033,0.2729796561013161,0.06435211766810227,0.08245700284833984,0.47160452135399644,0.06622487925679608,0,0.2140038215848299,3.734234352521827,0.5942408028343276,0.0798632408891421,0.24534571525182577,0.04378825847290185,0.08185083825169484,0.44397058050450616,0.04649678660184595,0,DB,18.5934,18.8017,19.0857,19.3319,19.5835,1.1430124999216843e-31,1.586687735263707e-32,1.6550676248207203e-32,1.8553459870397352e-32,3.085671646693386e-32,0.09,0.99,0.03,0.0,0.0,0.0,16065,8.236,0.736,0,0.051,0.045,-0.0024,0.0496,Pure He,0.0,-2.1514,1979.577,,,,,,,,15157.955840637567,1481.9107813827886,1029.6586506260737,8.187471012929421,0.1291882000481106,0.1055552411710643,0.7042275158215363,0.08487899019876488,0.06780127005318681,0.2731869727068734,0.012605816842399309,0.014519279983825406,6.998727700539031,15108.850411055562,1451.970775987662,1023.5668857447381,8.194579882715075,0.12664038099155306,0.10588434723218576,0.7087713771178328,0.08356931093133124,0.06752362599457273,0.27953926468429324,0.012144647594011126,0.01480834860151442,1.336132415362074,2.961879416280277,0.39156688284787045,0.14420298582294297,0.4756445496698625,1.7545818115212344,0.1447529196200063,0.7488315223767359,1.7546418844916434,00,1.0999784880308319,3.0005914376558755,0.37680891670911887,0.13195922781646413,0.4559986375131968,1.0089408040067376,0.1325169056049084,0.73553790219749,1.0090494701341783,00
WDWD eDR3 2080526555267050496B,2080526555267049984,1.0,1636042515805110273,2080526555267049984,910298559,2016.0,296.3734338738044,0.051409956,46.833448075257884,0.05417166,34.77257375541674,0.05773082,602.3225,607.05035,-455.318479693467,0.06637811,-401.4911949582537,0.075122364,0.05336448,0.116090275,-0.13530405,-0.2595552,0.2216642,-0.2566448,-0.08311273,-0.08144101,0.0433356,0.045764998,322,0,322,0,-0.39084888,319.53378,0.0,0.0,31,false,1.4824197,1e+20,1e+20,1e+20,1e+20,1e+20,1e+20,1e+20,37,23,0.10574397,41,15,0,0.016276082,27.94586,0,0,0.98347175,0.07339701,0.064720064,0.16782103,0.039514,-122.802666,85.9391,26.776022,-13.291538,false,346,2546.7890355648865,1.8224725,1397.4363,17.172384,37,1155.4145379847266,7.184641,160.81729,17.681698,35,1960.3710017660846,8.3199625,235.62257,16.51705,0,2,0,0,0,1.2234172,1.164648,0.5093136,0.6553345,1e+20,1e+20,0,1e+20,1e+20,1e+20,80.27849763202805,10.970311337180341,318.14810409865726,65.9213556028044,2080526555267049984,0.0,0.0,0.0,0.0,0.0,0.0,0.0,0.0,0.0,0.0,0.0,0.0,0.0,0.0,0.0,0.0,0.0,0.0,0.0,0.0,0.0,0.0,0.0,0.0,0.0,0.0,0.0,0.0,2.08052655526705e+18,296.3734338738044,46.833448075257884,34.77257375541674,0.05773082,17.172384,17.681698,16.51705,1.6420296374649168e+17,17.8321990966797,17.1434993743896,16.8855991363525,16.7856006622314,16.3089008331299,0.00873200036585331,0.0151500003412366,0.00278099998831749,0.00271799997426569,0.267892003059387,280,280,280,280,280,302309376,36,0.0059075514,2.08052655526705e+18,1.6420296374649168e+17,2.08052655526705e+18,296.3735262889169,46.8335038236377,34.718049915844354,0.07196443903979927,17.188345,17.69044,16.528894,19453041+4650075,15.843,15.527,15.253,0.065,0.106,0.157,AAC,0.1575879319421989,2.08052655526705e+18,19453041+4650075,0.0,0.0,0.0,0.0,0.0,0.0,0.0,0.0,0,0.0,0.0,0.0,0.0,0.0,0.0,0.0,0.0,0.0,0.0,0.0,0.0,0,0,0,0,0,0,0,0,0,0,0,0,0,0,0,0.0,0.0,0,2.08052655526705e+18,296.3735262889169,46.8335038236377,17.188345,17.69044,16.528894,16.803,0.095,17.679,0.14,0.0,0.0,0.0,0.0,0.0,0.0,6.612399648549711,8.63624801608732,34.73825916892665,0.03819010304233245,4781.098782109071,57.37318538530886,57.37318538530886,7.839297063996165,0.038,0.038,0.48486270793481184,0.0089923496011733,0.009277829701974357,5.09037759971383,0.13125763638849686,0.13625709152173324,2.1937047407627652,nan,nan,nan,nan,nan,nan,nan,nan,nan,0,0.07812640835076701,0.14763430004180655,0.08060668724565045,960.6274537002654,1870.0777619040073,nan,960.6274626676163,1875.168139503721,nan,11,DC:,19.6312,17.8996,17.1478,16.8479,16.7215,8.356038691520954e-32,2.2703383460351064e-32,3.162554829207234e-32,3.719128914860206e-32,5.953841650412595e-32,0.06,0.0,0.17,0.0,0.0,0.02,4911,7.938,0.542,28,0.014,0.012,-0.1268,0.0138,Pure H,0.0,-4.0459,-0.1971,DC,,,,,LDT Deveny,,4812.573792706798,13.15157695448579,13.53053041005569,7.8706623022092534,0.011163715185737999,0.011696901512547875,0.4924731939868021,0.006513178172018963,0.00670957172390102,5.1819544432523585,0.08344479344296474,0.0848466837735744,5.4171392061715045,6498.247055381676,1.7822911425728307,2748.3762078912955,8.702293855536745,0.003444707261026636,0.9653320052981256,1.028477866507357,0.002089185422941231,0.6083848752000047,4.626750898375505,2.003082815220097,0.0024830165608404897,0.05658712573430891,0.21375494341270374,0.05829341202346672,461.1882259124399,1027.6794315511584,678.7899020839766,461.18823346145473,1032.8613859944107,678.7899073867659,11,0.020767250725062247,5.95445195335345,6.047563371769437,0.05666519171647145,0.07562805501769941,0.0006665846855569929,2.0038841554796356,4.702378953393205,0.002570934924191441,01
WDWD eDR3 2112829347892877952A,2112829347892877952,1.0,1636042515805110273,2112829347892877952,992281023,2016.0,273.8168889110552,0.06576564,40.904589199627985,0.067431405,21.667035133695105,0.072466515,298.99374,169.98958,-80.08665712296217,0.08749694,-149.94194233254083,0.091801785,-0.090079315,0.0152099095,-0.2783404,0.10098624,0.06702232,0.11388498,-0.14442024,-0.101661004,-0.11433952,0.064719394,326,0,324,2,0.20908082,336.92804,0.0,0.0,31,true,1.5799046,1e+20,1e+20,1e+20,1e+20,1e+20,1e+20,1e+20,38,26,0.12923612,41,16,0,0.013827082,160.7622,0,0,1.0072414,0.18869777,0.052785903,0.052607253,0.1840391,-73.006546,48.38269,4.490698,31.211199,false,329,1704.662033688672,1.6456769,1035.8425,17.60827,38,936.5485926137568,10.759739,87.04195,17.909716,36,1084.817226447447,10.332038,104.995476,17.159504,0,2,0,2,0,1.1857868,0.7502117,0.301445,0.4487667,1e+20,1e+20,0,1e+20,1e+20,1e+20,68.23773573967632,23.847199009033208,276.65164383838516,64.2557641020339,2112829347892877952,0.0,0.0,0.0,0.0,0.0,0.0,0.0,0.0,0.0,0.0,0.0,0.0,0.0,0.0,0.0,0.0,0.0,0.0,0.0,0.0,0.0,0.0,0.0,0.0,0.0,0.0,0.0,0.0,2.1128293478928778e+18,273.8168889110552,40.904589199627985,21.667035133695105,0.072466515,17.60827,17.909716,17.159504,1.570827381709665e+17,17.9370994567871,17.6070995330811,17.4953994750977,17.4708995819092,17.4930000305176,0.00357199995778501,0.00270699989050627,0.00210499996319413,0.00591700011864305,0.0128830000758171,115000,115000,115000,115000,115000,436527104,52,0.25517577,2.1128293478928778e+18,1.570827381709665e+17,2.1128293478928778e+18,273.8169036341363,40.90461002665146,21.643544390670485,0.10191500279685227,17.626257,17.908783,17.164629,18151620+4054195,16.67,16.591,15.521,0.115,0.0,0.201,BUC,0.5269730899618433,2.1128293478928778e+18,18151620+4054195,0.0,0.0,0.0,0.0,0.0,0.0,0.0,0.0,0,0.0,0.0,0.0,0.0,0.0,0.0,0.0,0.0,0.0,0.0,0.0,0.0,0,0,0,0,0,0,0,0,0,0,0,0,0,0,0,0.0,0.0,0,0.0,0.0,0.0,0.0,0.0,0.0,0.0,0.0,0.0,0.0,0.0,0.0,0.0,0.0,0.0,0.0,0.0,20.934682375547087,21.747168473367136,0.05810855733006727,6003.431757832977,72.04118109399573,72.04118109399573,8.194797086945847,0.038,0.038,0.7101063410334554,0.01593193892020607,0.016633501495591455,3.7403165427381153,0.11351019639650828,0.11832287443874223,2.8556252865282197,0.199149236502576,2.7638292629181924,0.13852283616761962,0.07536670460736405,0.5813321163349464,0.1401266997543758,0.13625235722492127,4.321648659073062,0.18340063958312508,0,0.12793216535730778,3.009231980799064,0.10455482601048116,0.040446361162670134,0.45265609903892307,0.0640325137072122,0.12050092454946158,4.192972641777039,0.13453797020585184,0,DC,18.4619,17.9852,17.6129,17.4794,17.4823,1.026713236551023e-31,2.0964789134929768e-32,2.549244029790708e-32,3.0420922369933315e-32,4.8571756245747636e-32,0.37,0.0,0.86,0.0,0.0,0.0,5386,8.107,0.637,2354,0.174,0.155,-0.0433,0.014,logH/He=-5,0.0,-3.9858,3667.3982,Interfe,,,,,LDT Deveny,,5839.875239300705,55.922067431959476,51.0903565491426,8.10567505949092,0.02506807889782081,0.02444491828894435,0.6357583694608624,0.016209805886879813,0.015416124672457565,3.8387668018970387,0.042451380916596726,0.041785446307291085,11.441228416746444,6482.936586033608,16.980088162903485,1626.4256631655826,8.338013917587112,0.007856043930086543,0.39036043018169053,0.7916338943949822,0.005409770467000641,0.2548997316615047,3.8277019001972965,1.9772038612765934,0.048293108158002696,0.4955022696874576,2.129315317025465,0.2679170263410886,0.3414764634759309,1.216646598720293,0.9798049675756726,0.3441050636793286,5.055413400617332,0.9806955684661088,00,0.02445646684900815,3.4511478046789428,2.6827848598984616,0.2343861177101601,0.30517744483571574,0.005679663218605995,1.991047955530532,4.132879345033012,0.048625948523780306,01
WDWD eDR3 2132775584035117056A,2132775584035117056,1.0,1636042515805110273,2132775584035117056,567318955,2016.0,287.9759769081771,0.08872889,49.44040142488948,0.10747765,10.810071822118745,0.10289806,105.05612,69.39688,-12.184572279889549,0.12670128,68.31883374144049,0.14295633,0.059351776,0.049884006,0.05927092,-0.112495236,0.23956315,-0.13520315,0.081280015,-0.09410333,-0.042929012,0.005369108,344,0,344,0,-0.46159026,341.072,0.0,0.0,31,false,1.6236563,1e+20,1e+20,1e+20,1e+20,1e+20,1e+20,1e+20,39,26,0.19814773,43,13,0,0.0060719037,173.83095,0,0,0.9813479,0.16187713,0.15266402,0.033258494,0.140419,-82.27709,-80.78655,28.42465,-6.065728,false,373,842.7960442108612,1.0661049,790.53766,18.37306,39,503.2477140083142,6.9584346,72.321976,18.584087,39,485.69171428160587,7.524929,64.54436,18.031994,0,3,0,2,0,1.173403,0.5520935,0.21102715,0.34106636,1e+20,1e+20,0,1e+20,1e+20,1e+20,80.26215511055952,17.14644728557462,307.10864107409486,70.57246539961986,2132775584035117056,0.0,0.0,0.0,0.0,0.0,0.0,0.0,0.0,0.0,0.0,0.0,0.0,0.0,0.0,0.0,0.0,0.0,0.0,0.0,0.0,0.0,0.0,0.0,0.0,0.0,0.0,0.0,0.0,2.132775584035117e+18,287.9759769081771,49.44040142488948,10.810071822118745,0.10289806,18.37306,18.584087,18.031994,1.6732287976009904e+17,18.5755004882813,18.3953990936279,18.3640003204346,18.4085998535156,18.4349994659424,0.00714300014078617,0.0042590000666678,0.00873399991542101,0.0140859996899962,0.0232970006763935,115000,115000,115000,115000,115000,436527104,52,0.19022256,2.132775584035117e+18,1.6732287976009904e+17,0.0,0.0,0.0,0.0,0.0,0.0,0.0,0.0,0.0,0.0,0.0,0.0,0.0,0.0,0.0,0.0,0.0,0.0,0.0,0.0,0.0,0.0,0.0,0.0,0.0,0.0,0.0,0,0.0,0.0,0.0,0.0,0.0,0.0,0.0,0.0,0.0,0.0,0.0,0.0,0,0,0,0,0,0,0,0,0,0,0,0,0,0,0,0.0,0.0,0,0.0,0.0,0.0,0.0,0.0,0.0,0.0,0.0,0.0,0.0,0.0,0.0,0.0,0.0,0.0,0.0,0.0,16.42028166803775,10.787483908782814,0.08633279800621092,6970.611822510465,107.76769354579483,101.43963717135739,8.052254464552622,0.038,0.038,0.6230487662132889,0.023805939002533354,0.02255316616855127,1.7160935970360591,0.03583866088663466,0.03572169766824332,0.9482141481867656,0.297574237531667,1.6756095776661108,0.28191457710689116,0.6564663984813156,2.0350083961793595,1.7758219808890083,0.6574439458609203,3.7511019932154186,1.7761812259712866,0,0.5921392841899515,1.7685891591619503,0.5354565328420651,0.7731508993061943,1.7513347086990685,4.726088085748612,0.7739810867922576,3.467428305735128,4.726223083386911,0,DC,19.8064,18.6132,18.3918,18.3206,18.353,1.7093618274862179e-31,1.879682098589899e-32,2.0776685978556696e-32,2.1634117506511568e-32,3.3156708087804875e-32,0.34,0.0,0.76,0.0,0.0,0.0,6145,7.71,0.414,142,0.042,0.029,-0.1557,-0.0293,logH/He=-5,0.0,-3.545,3261.8462,,,,,,,,6741.845998983419,104.5734966320897,94.75606673625225,7.954057332659769,0.03866799106725605,0.037848836772027994,0.5457525769488403,0.023227345785635456,0.021797883601409995,1.6822720822562667,0.02925771975480207,0.027671555904221323,1.4275917847385555,6317.027547592485,200.89365374084082,193.20236664364165,7.818879202418956,0.013292977353551727,0.01122023428490504,0.4698951167555534,0.006938933838415651,0.005850890311881851,1.6631228149543593,0.163098807556584,0.11880624492226399,0.20180144036173275,0.6766514070272833,0.18938213380894853,24.490896983242944,43.42817900874706,64.97893586456686,24.490914459406852,45.11045109100333,64.97894175659142,11,0.06028613239283798,0.017594411429656787,0.05083310436039834,nan,nan,nan,nan,nan,nan,11
WDWD eDR3 2139979790379332736A,2139979790379332736,1.0,1636042515805110273,2139979790379332736,1776776428,2016.0,291.8002150136705,0.16871761,54.48877889617753,0.17599045,8.514346144105248,0.16890171,50.410065,99.73018,13.390015870855514,0.23811507,98.82720083987616,0.24238667,-0.025411153,-0.056554757,-0.32914597,-0.019025289,0.122756444,-0.017911289,-0.3597554,0.0099678915,0.051590104,0.04482995,324,0,323,1,0.18396893,338.7246,0.0,0.0,31,false,1.633478,1e+20,1e+20,1e+20,1e+20,1e+20,1e+20,1e+20,38,26,0.3472422,41,18,0,0.007407884,0.5772496,0,0,1.0062531,0.13906404,0.038382273,0.07920911,0.036785983,-79.552025,62.897614,31.942242,28.714615,false,342,404.3857787028013,0.9211859,438.9839,19.170378,36,236.94492906782813,8.835363,26.817791,19.401924,39,216.5212205508804,7.148078,30.29083,18.909143,0,2,0,1,0,1.1213702,0.4927807,0.2315464,0.26123428,1e+20,1e+20,0,1e+20,1e+20,1e+20,86.08150317321783,16.907613651309756,321.59142678177176,74.02082526344307,2139979790379332736,0.0,0.0,0.0,0.0,0.0,0.0,0.0,0.0,0.0,0.0,0.0,0.0,0.0,0.0,0.0,0.0,0.0,0.0,0.0,0.0,0.0,0.0,0.0,0.0,0.0,0.0,0.0,0.0,2.1399797903793326e+18,291.8002150136705,54.48877889617753,8.514346144105248,0.16890171,19.170378,19.401924,18.909143,1.7338291800191706e+17,19.3271007537842,19.198600769043,19.2325992584229,19.2639007568359,19.3125991821289,0.0100149996578693,0.00759499985724688,0.00507500022649765,0.0138619998469949,0.0452030003070831,115000,115000,115000,115000,115000,436527104,52,0.26425678,2.1399797903793326e+18,1.7338291800191706e+17,0.0,0.0,0.0,0.0,0.0,0.0,0.0,0.0,0.0,0.0,0.0,0.0,0.0,0.0,0.0,0.0,0.0,0.0,0.0,0.0,0.0,0.0,0.0,0.0,0.0,0.0,0.0,0,0.0,0.0,0.0,0.0,0.0,0.0,0.0,0.0,0.0,0.0,0.0,0.0,0,0,0,0,0,0,0,0,0,0,0,0,0,0,0,0.0,0.0,0,0.0,0.0,0.0,0.0,0.0,0.0,0.0,0.0,0.0,0.0,0.0,0.0,0.0,0.0,0.0,0.0,0.0,5.483189043851896,8.612138971995483,0.14582383866015772,7532.023162234007,201.5970514607243,200.79631704806343,8.428631739991651,0.05202281446515933,0.05223802661739185,0.8686206859110509,0.034793660163445095,0.03490927822661849,3.079363218439094,0.06400183951653382,0.08983703935992171,1.5770352339147244,0.24107034386389659,3.716081176738794,0.3262549366973695,0.05087157503080568,0.24876214829866825,0.05087345092353782,0.08175666705299967,3.3281253667377624,0.10324147252836785,0,0.171232496406291,3.801141361668567,0.44300382331549093,0.058751659061991215,0.23279808628483778,0.03218171649863607,0.08687918567779399,3.312161304723932,0.09542723153143817,0,DC,19.567,19.3651,19.2077,19.1724,19.2826,8.309542151855267e-32,1.415397630157931e-32,1.5582658542423862e-32,1.8667628863093048e-32,3.0129848039203597e-32,0.12,0.0,0.87,0.0,0.0,0.0,6807,8.196,0.698,284,0.064,0.058,-0.0906,0.0307,logH/He=-5,0.0,-3.6275,3337.6801,,,,,,,,7258.547116297586,201.02227458134894,181.24969513116503,8.342970943725593,0.05382836050112694,0.05691195530586768,0.796184066477023,0.03515147507188343,0.03958933039304158,2.8109307896304143,0.055670239390482656,0.1130786573345186,2.9558474982870524,6980.195555676553,186.25478233940976,187.30609559430923,8.215370825646279,0.059462645425393035,0.06003493975020291,0.7105632932238266,0.039888742876652006,0.03961915183653253,2.457488053246217,0.1531819199706974,0.143027774169171,0.17931413395882512,3.471718202879851,0.16753922685148748,0.037179865066958424,0.3004002652547447,0.0499042423900696,0.06694414029764578,3.111331054885159,0.12360103621371585,00,0.33146552400601514,3.0121896001542177,0.22442965465482656,0.08396913022280901,0.4515119630369344,0.18378079614898116,0.1746869068828119,2.9090000162831515,0.23287834853618478,00
WDWD eDR3 2150591799870095872A,2150591799870095872,1.0,1636042515805110273,2150591799870095872,21830274,2016.0,276.32655116072516,0.12456788,55.64587870936553,0.12576777,20.899238338081805,0.13914567,150.19684,221.97346,-155.1961032443443,0.15674105,-158.7021949699348,0.16498746,-0.017361253,-0.30386153,0.23509985,0.10371481,0.029110007,-0.008646384,-0.08532441,-0.3010253,-0.32750982,0.10804797,292,0,288,4,0.43829215,305.38843,0.39696878,0.93939507,31,false,1.4584289,1e+20,1e+20,1e+20,1e+20,1e+20,1e+20,1e+20,34,26,0.24178815,38,13,0,0.017417252,153.15005,0,0,1.0172944,0.1560552,0.042285893,0.015039576,0.10818956,-133.31702,30.278793,-43.84486,15.635743,false,314,758.9533185752459,1.2599771,602.35486,18.48683,30,322.73853792207876,8.5697,37.660423,19.066416,33,613.9331731304596,9.52821,64.43321,17.777594,0,2,0,0,0,1.2341624,1.2888222,0.579586,0.70923615,1e+20,1e+20,0,1e+20,1e+20,1e+20,84.45742564640763,25.695281044201415,288.4676878784971,78.67897350716565,2150591799870095872,0.0,0.0,0.0,0.0,0.0,0.0,0.0,0.0,0.0,0.0,0.0,0.0,0.0,0.0,0.0,0.0,0.0,0.0,0.0,0.0,0.0,0.0,0.0,0.0,0.0,0.0,0.0,0.0,0.0,0.0,0.0,0.0,0.0,0.0,0.0,0.0,0.0,0.0,0.0,0.0,0.0,0.0,0.0,0.0,0.0,0.0,0.0,0,0,0,0,0,0,0,0.0,0.0,0.0,0.0,0.0,0.0,0.0,0.0,0.0,0.0,0.0,0.0,0.0,0.0,0.0,0.0,0.0,0.0,0.0,0.0,0.0,0.0,0.0,0.0,0.0,0.0,0.0,0.0,0.0,0.0,0,0.0,0.0,0.0,0.0,0.0,0.0,0.0,0.0,0.0,0.0,0.0,0.0,0,0,0,0,0,0,0,0,0,0,0,0,0,0,0,0.0,0.0,0,0.0,0.0,0.0,0.0,0.0,0.0,0.0,0.0,0.0,0.0,0.0,0.0,0.0,0.0,0.0,0.0,0.0,5.5146693168500525,21.001814962464003,0.10449990314040049,4476.554626994519,81.49449378569625,82.91109590206088,7.755058775468016,0.0703935015389261,0.06448374370063892,0.4384289318225736,0.03766552520621619,0.03272468422648778,5.415341655432641,0.4989348049899043,0.3912455783583173,0.24001219798276902,nan,nan,nan,nan,nan,nan,nan,nan,nan,0,0.3272417480991847,-0.25578686513836923,0.2843152408904236,nan,nan,nan,nan,nan,nan,11,DC:,20.8742,19.3566,18.4304,18.1277,17.9556,1.7076493689765627e-31,1.8914333519660363e-32,2.2971560870529764e-32,2.602166888684307e-32,4.029323484853554e-32,0.25,0.0,0.37,0.0,0.0,0.13,4609,7.859,0.495,74,0.04,0.032,-0.1455,0.1287,Pure H,0.0,-4.1167,-0.5475,DC,,,,,LDT Deveny,,4581.234546978768,52.53411190153656,45.492952195883845,7.838518875989099,0.04660653210724863,0.04538162745309382,0.4740524307265656,0.02662469226059533,0.024604529545346143,5.411149027597837,0.3028161932927347,0.2869297688181227,0.05443686508022138,6482.638952039199,18.041360450305547,2514.7375021618773,8.813209896084226,0.010711626391556095,0.7237357704007934,1.0926660801324852,0.006166852219953833,0.4695147318563784,4.580622603659247,3.7619723521215462,0.023584341647506335,0.2313179171207238,0.053713559744271944,0.21376654687529217,nan,nan,nan,nan,nan,nan,11,0.061300717892187606,6.592505766724507,4.667144451852671,0.03910850860432059,0.06028373509596861,0.001218359769437477,3.7621756276883422,4.640906338755215,0.023615790723032874,11
WDWD eDR3 2150591799870095872B,2150591795574568192,1.0,1636042515805110273,2150591795574568192,279847459,2016.0,276.3291733711828,0.1463673,55.64627493573668,0.14188403,21.134515131275943,0.15826367,133.5399,224.8902,-156.994099814141,0.18719323,-161.02314811175376,0.1883991,-0.0034320622,-0.32531968,0.29585236,0.006450044,-0.091963254,-0.042839512,0.0481623,-0.3106417,-0.25221556,0.012423914,273,0,270,3,0.3881082,284.912,0.14947706,0.10037612,31,false,1.4448265,1e+20,1e+20,1e+20,1e+20,1e+20,1e+20,1e+20,31,23,0.26904252,35,11,0,0.045230106,20.942331,0,0,1.015641,0.18778597,0.08181969,0.041459993,0.14076813,-150.45552,36.87281,0.60008913,8.290634,false,295,600.3283552106973,1.1356056,528.6416,18.741394,25,256.9711423948615,10.676097,24.069765,19.313831,24,500.54734334287275,15.537488,32.21546,17.999283,0,4,0,1,0,1.2618402,1.3145485,0.5724373,0.7421112,1e+20,1e+20,0,1e+20,1e+20,1e+20,84.45817369676048,25.693905476552107,288.4754861209069,78.67902924979097,2150591795574568192,0.0,0.0,0.0,0.0,0.0,0.0,0.0,0.0,0.0,0.0,0.0,0.0,0.0,0.0,0.0,0.0,0.0,0.0,0.0,0.0,0.0,0.0,0.0,0.0,0.0,0.0,0.0,0.0,0.0,0.0,0.0,0.0,0.0,0.0,0.0,0.0,0.0,0.0,0.0,0.0,0.0,0.0,0.0,0.0,0.0,0.0,0.0,0,0,0,0,0,0,0,0.0,0.0,0.0,0.0,0.0,0.0,0.0,0.0,0.0,0.0,0.0,0.0,0.0,0.0,0.0,0.0,0.0,0.0,0.0,0.0,0.0,0.0,0.0,0.0,0.0,0.0,0.0,0.0,0.0,0.0,0,0.0,0.0,0.0,0.0,0.0,0.0,0.0,0.0,0.0,0.0,0.0,0.0,0,0,0,0,0,0,0,0,0,0,0,0,0,0,0,0.0,0.0,0,0.0,0.0,0.0,0.0,0.0,0.0,0.0,0.0,0.0,0.0,0.0,0.0,0.0,0.0,0.0,0.0,0.0,5.5146693168500525,21.001814962464003,0.10449990314040049,4398.801174482525,141.42858754331428,141.89305113934915,7.89462377625898,0.109152512829926,0.11735467483135764,0.5141695862515367,0.06544659103666772,0.06490577191735275,7.250104425595264,0.6763617102395196,0.7883840962113915,0.3425649996312951,nan,0.31461982814420947,0.8113221489669087,263.9374054231276,271.4463683019002,nan,263.938272038474,278.69647272749546,nan,10,0.5686063513177034,0.4022553106128307,0.5639076621837762,142.42945593612973,155.33233138439186,nan,142.43106186301145,162.58243580998712,nan,11,DC:,21.8245,19.5467,18.6926,18.3569,18.2152,5.9651409461764485e-31,2.1498250968382483e-32,2.4408237981491322e-32,2.86276297144932e-32,4.551496677148792e-32,0.11,0.0,0.42,0.0,0.01,0.12,4697,8.126,0.658,104,0.049,0.045,0.0,0.0,Pure H,0.0,-4.228,-0.7647,DC,,,,,LDT Deveny,,4498.461103761047,92.02991846442546,86.05224283635198,7.946772678469125,0.08746804691180099,0.07844332642583485,0.5352883535824537,0.05354617649185767,0.04456906159750096,6.419804958887029,0.4803629934468079,0.3859476556094634,0.1084294910657164,6447.517578518182,55.22989794783825,2454.079851338209,8.951654377316828,0.019221322263167195,0.6362393116340108,1.1631020718405494,0.008765666013202056,0.3900935890285072,4.327260401222784,4.743150057422223,0.07160507427649243,0.46521439176244683,0.5857372161811798,0.38722034402694117,54.18722781048492,66.77846454412861,2591.7860159342436,54.189356947567326,73.19826950301564,2591.7860446703335,11,0.08713385699007858,7.292664730025342,3.877669871058721,0.026867619282453806,0.0483092172835334,0.0012899947663607895,4.743226152756196,4.375569618506317,0.07161669322608548,11
WDWD eDR3 2181460928123112704A,2181460928123112704,1.0,1636042515805110273,2181460928123112704,937596265,2016.0,308.0750419380729,0.113426745,51.83205152136235,0.14372163,7.615469203378532,0.14403567,52.872105,110.766945,99.19479285476872,0.16169417,49.29208497575058,0.14510833,-0.13569704,-0.15469193,0.0019785066,-0.10822476,0.4406725,-0.17580262,-0.19081675,-0.066617966,-0.13660116,-0.13903853,252,0,251,1,-0.4645264,245.91536,0.0,1.2813496e-15,31,false,1.720619,1e+20,1e+20,1e+20,1e+20,1e+20,1e+20,1e+20,30,22,0.23080714,34,12,0,0.037383236,7.705057,0,0,0.9777856,0.19202189,0.10172898,0.09878008,0.10030885,-108.480225,75.04264,4.7053614,28.473524,false,262,873.9734583491309,1.5644655,558.64026,18.333622,33,589.2802773486737,7.242477,81.36446,18.412737,32,415.56719302784035,10.858141,38.272408,18.201292,0,1,0,2,0,1.149746,0.21144485,0.079114914,0.13232994,1e+20,1e+20,0,1e+20,1e+20,1e+20,88.63753265484151,7.1338893953306535,340.6821555166041,66.18193404175959,2181460928123112704,0.0,0.0,0.0,0.0,0.0,0.0,0.0,0.0,0.0,0.0,0.0,0.0,0.0,0.0,0.0,0.0,0.0,0.0,0.0,0.0,0.0,0.0,0.0,0.0,0.0,0.0,0.0,0.0,2.1814609281231127e+18,308.0750419380729,51.83205152136235,7.615469203378532,0.14403567,18.333622,18.412737,18.201292,1.7019308074773904e+17,18.3962993621826,18.4367008209229,18.5575008392334,18.6958999633789,18.7903003692627,0.00853300001472235,0.00481399986892939,0.00796599965542555,0.0141110001131892,0.0250739995390177,115000,115000,115000,115000,115000,436527232,52,0.2514046,2.1814609281231127e+18,1.7019308074773904e+17,0.0,0.0,0.0,0.0,0.0,0.0,0.0,0.0,0.0,0.0,0.0,0.0,0.0,0.0,0.0,0.0,0.0,0.0,0.0,0.0,0.0,0.0,0.0,0.0,0.0,0.0,0.0,0,0.0,0.0,0.0,0.0,0.0,0.0,0.0,0.0,0.0,0.0,0.0,0.0,0,0,0,0,0,0,0,0,0,0,0,0,0,0,0,0.0,0.0,0,0.0,0.0,0.0,0.0,0.0,0.0,0.0,0.0,0.0,0.0,0.0,0.0,0.0,0.0,0.0,0.0,0.0,2.8515911024339706,7.615617950380887,0.14225922652488432,10040.870129710078,284.5887905204236,266.86833555370686,8.328121345355168,0.04969322643927221,0.05135333013847898,0.8070925761151698,0.033050115576535255,0.03426822052878464,1.0194648147321312,0.017399879671032625,0.017813048088573646,1.3656240153518198,0.17673858597077663,3.332045861578448,0.1832525161967098,0.04777521723636258,0.3380546127047452,0.0580931991874882,0.05084512950665039,1.3575194274368765,0.06076285439347807,0,0.15373922972908938,3.5184919559426464,0.14760216818777883,0.03136800642903924,0.28953773280036055,0.038409979364806536,0.035870707267890066,1.3090025475324918,0.042339475634574186,0,DC,18.9391,18.361,18.4087,18.5201,18.7462,1.5666607628660467e-31,2.312198835923018e-32,2.4625257607565875e-32,2.416789852928246e-32,3.87198228056181e-32,0.01,0.0,0.67,0.0,0.03,0.02,9099,8.1,0.639,324,0.061,0.053,-0.0357,0.0576,logH/He=-5,0.0,-3.0644,2819.55,,,,,,,,9791.653837577303,296.80222556757144,288.38388739125185,8.240371789647783,0.050306723552202115,0.05290935312884848,0.730209455987959,0.03340924364770825,0.033901987382087606,0.9775469508549488,0.014016739222530439,0.013493860447048922,0.9020364977385358,9409.713914931432,321.89087532045596,294.4284306141635,8.122429384428207,0.06820747392154303,0.0674698820241062,0.6542610155163262,0.04422226366939719,0.04269101884349802,0.9133925201347961,0.016710509253187733,0.016850158755883582,0.23343767832413098,3.132115456883038,0.1768763643974034,0.059940768574649035,0.4051194176224335,0.10271754772293061,0.061557816041117444,1.3826663684773823,0.10360009111953986,00,1.1093209359725198,2.44860258762606,0.4510799693549079,0.31792016885045615,0.8252453397899955,3.363840593361145,0.31835903455281966,1.7386378599247916,3.363882796025206,00
WDWD eDR3 2198681483538489984A,2198681483538489984,1.0,1636042515805110273,2198681483538489984,496316405,2016.0,332.0649960666902,0.24205117,57.29752900730503,0.2122219,7.32386649150767,0.2625498,27.895155,137.92188,118.9684612715392,0.36081028,69.7778384585276,0.26432586,0.09092411,0.12452312,0.10756259,-0.19401224,0.1277662,-0.21534173,-0.20707497,-0.21786268,0.09217293,-0.06637984,343,0,343,0,0.25158882,363.13705,0.4771044,0.3744284,31,false,1.5862527,1e+20,1e+20,1e+20,1e+20,1e+20,1e+20,1e+20,40,25,0.50493896,56,18,0,0.024134643,75.333885,1,0,1.0087029,0.29354456,0.111612104,0.057032887,0.1862588,-126.758484,18.704819,-12.159611,33.983532,false,444,289.26042645925105,0.7845315,368.70468,19.534143,46,167.90927682387206,5.5834804,30.072512,19.775856,47,163.35330895513536,4.582971,35.64354,19.215076,0,0,0,0,0,1.1452054,0.5607796,0.24171257,0.319067,1e+20,1e+20,0,1e+20,1e+20,1e+20,102.25751818270518,1.1277156929952674,12.120373277052611,60.77725106187135,2198681483538489984,0.0,0.0,0.0,0.0,0.0,0.0,0.0,0.0,0.0,0.0,0.0,0.0,0.0,0.0,0.0,0.0,0.0,0.0,0.0,0.0,0.0,0.0,0.0,0.0,0.0,0.0,0.0,0.0,2.1986814835384899e+18,332.0649960666902,57.29752900730503,7.32386649150767,0.2625498,19.534143,19.775856,19.215076,1.767533206458577e+17,19.8043994903564,19.5589008331299,19.4969005584717,19.5291996002197,19.6257991790771,0.00945399980992079,0.0113779995590448,0.0154990004375577,0.0197030007839203,0.0546800009906292,115000,115000,115000,115000,115000,436527104,52,0.3556316,2.1986814835384899e+18,1.767533206458577e+17,0.0,0.0,0.0,0.0,0.0,0.0,0.0,0.0,0.0,0.0,0.0,0.0,0.0,0.0,0.0,0.0,0.0,0.0,0.0,0.0,0.0,0.0,0.0,0.0,0.0,0.0,0.0,0,0.0,0.0,0.0,0.0,0.0,0.0,0.0,0.0,0.0,0.0,0.0,0.0,0,0,0,0,0,0,0,0,0,0,0,0,0,0,0,0.0,0.0,0,0.0,0.0,0.0,0.0,0.0,0.0,0.0,0.0,0.0,0.0,0.0,0.0,0.0,0.0,0.0,0.0,0.0,7.355084360904792,7.441800887396458,0.22746231426998753,6880.5512151284165,218.96535682458216,196.14497371400012,8.254260206786064,0.06992215857203377,0.06504848796748419,0.7521475444776038,0.0467010850343359,0.04317684811902023,2.7622200321622428,0.20517061287529792,0.23101296379806113,1.0574770020805422,0.33264141994099017,3.038222162981839,0.23089223593058916,0.08394007672150249,0.4414414337434294,0.17890545821886575,0.22167750645394108,3.203661465905672,0.29218855628389456,0,0.27440701628994724,3.2467225937151865,0.22110919921711014,0.06311792485852116,0.36442075301279786,0.10590802874743747,0.21465985378284244,3.1266407851750406,0.25413283927098507,0,DC,19.7361,19.8201,19.5506,19.4499,19.5611,7.587352315010781e-32,1.2761237181928763e-32,1.4568495160719612e-32,1.689029500435875e-32,2.772418483764418e-32,0.17,0.0,0.82,0.0,0.01,0.0,6025,7.942,0.537,336,0.093,0.077,-0.1372,0.0206,logH/He=-5,0.0,-3.698,3402.6227,,,,,,,,6653.648021333606,210.59542456194777,193.9044532389098,8.159666249281992,0.07311482795686786,0.07501751076577179,0.6728000048166478,0.048255236617440134,0.04828924954813951,2.524377663170375,0.15933424716202227,0.19520077623056276,0.7516227169118629,6095.946540162133,407.73364767426665,389.0502243442452,8.067417991831316,0.03179010321039044,0.07774315959814704,0.6137475141571571,0.019786897725029062,0.04939554025070114,2.9704082130620235,0.3815585254795586,0.7089922018607182,0.8560127039698322,2.706385219532933,0.3739335789446545,0.19476352326510596,0.6199201446477587,0.9354974358357868,0.2516351174087708,3.1442978078181336,0.9556457479088925,00,0.3446445661484874,1.4401321111713201,1.1423900313907633,2.590695594876568,3.29779177717895,4.980414876274332,2.618642887772021,6.268199990240973,5.030626430387569,00
WDWD eDR3 2214973771957744128B,2214973561500636544,1.0,1636042515805110273,2214973561500636544,1623942492,2016.0,350.32017642846284,0.058007084,69.43155519883398,0.05766263,16.11340437115689,0.063603126,253.34297,136.12512,-135.881006704008,0.07318087,-8.148744135866476,0.071089566,-0.024940865,0.08617242,-0.24796075,-0.08425699,0.048394058,-0.103628956,-0.11337558,-0.018377764,0.13516793,-0.044087734,364,0,362,2,0.49223053,384.54343,0.06352825,0.098739095,31,false,1.666859,1e+20,1e+20,1e+20,1e+20,1e+20,1e+20,1e+20,42,26,0.10328369,48,18,0,0.012178614,78.42866,0,0,1.0175384,0.17955858,0.067484245,0.06217757,0.1712699,-93.10865,55.162815,14.356816,-15.800761,false,409,1970.330861500787,1.6704574,1179.5157,17.45102,46,1250.8738511795602,9.594328,130.37639,17.595509,44,1007.6154336774534,7.825876,128.75433,17.239658,0,2,0,1,0,1.1462487,0.35585022,0.14448929,0.21136093,1e+20,1e+20,0,1e+20,1e+20,1e+20,115.11705652376813,7.93927194779967,42.57851983365063,61.94460714058185,2214973561500636544,2.2149735615006367e+18,350.32017642846284,69.43155519883398,16.11340437115689,0.063603126,17.45102,17.595509,17.239658,1.2376497707960896e+18,17.95726,17.7445,17.43729,17.63102,17.42963,0.01806862,0.007596138,0.007589852,0.0126337,0.03339273,34628304896.0,275146375168.0,275146375168.0,4503874773745664.0,275146506240.0,268468224.0,0.07420777,2.2149735615006367e+18,1.2376497707960896e+18,2.2149735615006367e+18,350.32017642846284,69.43155519883398,16.11340437115689,0.063603126,17.45102,17.595509,17.239658,1.9131350320732864e+17,17.6075000762939,17.4904003143311,17.5447998046875,17.6749000549316,17.7338008880615,0.003487000009045,0.00343000004068017,0.00412200018763542,0.00474399980157614,0.016270000487566,115000,115000,115000,115000,115000,436527104,52,0.32774177,2.2149735615006367e+18,1.9131350320732864e+17,0.0,0.0,0.0,0.0,0.0,0.0,0.0,0.0,0.0,0.0,0.0,0.0,0.0,0.0,0.0,0.0,0.0,0.0,0.0,0.0,0.0,0.0,0.0,0.0,0.0,0.0,0.0,0,0.0,0.0,0.0,0.0,0.0,0.0,0.0,0.0,0.0,0.0,0.0,0.0,0,0,0,0,0,0,0,0,0,0,0,0,0,0,0,0.0,0.0,0,0.0,0.0,0.0,0.0,0.0,0.0,0.0,0.0,0.0,0.0,0.0,0.0,0.0,0.0,0.0,0.0,0.0,28.704394442742128,16.080159091620988,0.02264326250398574,8415.590579901167,100.987086958814,100.987086958814,8.408925540285706,0.038,0.038,0.8572753727762885,0.012238788008898617,0.012938449392245005,2.1012556025385525,0.03972468560356061,0.045160677413014015,9.365514837422829,0.07509521410641451,3.6100502128625096,0.12092008777799057,0.022757196253116698,0.2687172070335737,0.01699722049087894,0.045781444140662535,2.3699728095721264,0.04825341737968275,0,0.060373228982138816,3.7441224353576907,0.0709327800880164,0.012765360628666431,0.24348477514007222,0.011362259535433173,0.04172535294376361,2.3447403776786246,0.04656809772959227,0,DC:,18.0025,17.5929,17.4769,17.5343,17.6649,9.035800675965435e-32,2.0688654037928895e-32,2.5427173153964686e-32,2.68348829034077e-32,4.131687281909227e-32,0.08,0.0,0.26,0.0,0.02,0.08,7456,8.17,0.681,92,0.019,0.017,-0.045,-0.0067,logH/He=-5,0.0,-3.4528,3176.9215,DC,,,,,LDT Deveny,2015ApJ...815...63A,8142.481736095444,64.70212581588203,62.24897738641084,8.33686826811281,0.016914680155709405,0.01692732254981877,0.7929157991691974,0.011456729439981994,0.011858763367849967,1.9800657216948863,0.01855567713091366,0.027520942212514443,82.88063749082774,7779.535645444677,65.84734005394239,63.35024725443964,8.195210145014768,0.018409224903980004,0.019077257493805178,0.6986243111772417,0.011969706900029076,0.012727355772373272,1.6391727348242928,0.028986576957516164,0.013696478456467931,0.051793532730479264,3.456943034218795,0.05233583119077334,0.012154245225387633,0.30383158599747506,0.012028304195661008,0.0221819483090546,2.2838973076923614,0.030034685982841834,00,0.08237398570884213,2.913906773777754,0.10338556893819995,0.05054191729986721,0.5000799172358403,0.0419580517909621,0.05826411458231064,2.139252652060133,0.044136964465191164,00
WDWD eDR3 2229836725323068160A,2229836725323068160,1.0,1636042515805110273,2229836725323068160,432141315,2016.0,337.3035066294156,0.09170958,72.10631539097558,0.08622654,10.885063400368937,0.098187394,110.86009,148.64865,-122.68470306622542,0.11400129,83.93381868322932,0.10909535,0.14335369,-0.018327272,-0.14548354,-0.14523591,-0.041973215,-0.13192187,-0.21851726,-0.18550222,0.23770243,0.062059272,370,0,369,1,-0.43951654,367.06482,0.0,0.0,31,false,1.6490023,1e+20,1e+20,1e+20,1e+20,1e+20,1e+20,1e+20,43,27,0.16293448,46,17,0,0.012248654,29.636318,0,0,0.9828441,0.1252277,0.09406342,0.11699377,0.16329138,-65.222015,-28.09015,-40.521774,-32.482594,false,390,961.2194152472497,1.2357135,777.8659,18.23031,45,605.675877611354,8.384036,72.24156,18.382942,40,501.3620396808829,8.797619,56.98838,17.997517,0,3,0,3,0,1.1517016,0.38542557,0.15263176,0.23279381,1e+20,1e+20,0,1e+20,1e+20,1e+20,112.39902135037201,12.20804846903559,43.58214475617903,66.96405540941711,2229836725323068160,0.0,0.0,0.0,0.0,0.0,0.0,0.0,0.0,0.0,0.0,0.0,0.0,0.0,0.0,0.0,0.0,0.0,0.0,0.0,0.0,0.0,0.0,0.0,0.0,0.0,0.0,0.0,0.0,2.2298367253230682e+18,337.3035066294156,72.10631539097558,10.885063400368937,0.098187394,18.23031,18.382942,17.997517,1.9452337304016803e+17,18.4157009124756,18.2773990631104,18.2891006469727,18.3957004547119,18.4354000091553,0.00567700015380979,0.00441800011321902,0.00308799999766052,0.00741800013929605,0.0259349998086691,115000,115000,115000,115000,115000,436527104,52,0.38772538,2.2298367253230682e+18,1.9452337304016803e+17,0.0,0.0,0.0,0.0,0.0,0.0,0.0,0.0,0.0,0.0,0.0,0.0,0.0,0.0,0.0,0.0,0.0,0.0,0.0,0.0,0.0,0.0,0.0,0.0,0.0,0.0,0.0,0,0.0,0.0,0.0,0.0,0.0,0.0,0.0,0.0,0.0,0.0,0.0,0.0,0,0,0,0,0,0,0,0,0,0,0,0,0,0,0,0.0,0.0,0,0.0,0.0,0.0,0.0,0.0,0.0,0.0,0.0,0.0,0.0,0.0,0.0,0.0,0.0,0.0,0.0,0.0,6.756484647172242,10.884992194643107,0.09089818190837541,8408.712096794552,161.90828782770222,150.51074146238352,8.32704646408316,0.038,0.038,0.8033165275574616,0.024702969959459586,0.025786166318450463,1.6667636462912823,0.07885133029859777,0.04272131828419326,1.7828986353883278,0.13210144363347442,3.311853088542576,0.13789393753182022,0.038791719976952556,0.34429447552769393,0.04239718950948924,0.08787678776917635,2.011058121818976,0.060188310445159446,0,0.11306518609538196,3.5034838138213895,0.10373373601488378,0.02377284323141098,0.29302315828360737,0.026993414142579913,0.08235702984666096,1.9597868045748896,0.050534695438007524,0,DC,18.8721,18.3941,18.25,18.3059,18.3538,1.2643016083404264e-31,1.8543065093913784e-32,2.0580103496083764e-32,2.221808536257252e-32,3.4002274675150583e-32,0.0,0.0,0.97,0.0,0.91,0.01,7095,7.995,0.572,151,0.036,0.03,-0.031,0.0578,logH/He=-5,0.0,-3.4412,3166.3309,,,,,,,,8091.635970965641,153.41217545736254,152.35347010094392,8.237138992363192,0.039683510579552106,0.039982810612427144,0.7255595674098315,0.026085132094883057,0.02545136605942322,1.6119551809798733,0.049223238207854125,0.048104352150616814,2.896981910221098,7772.279663351099,146.48359776497637,134.18803902499258,8.099173230934515,0.04207693101060528,0.04017575330632184,0.636693074294514,0.026979489449810545,0.025276045111237155,1.4369147255236183,0.019648236272537645,0.021623742754845354,0.18636662778642687,3.1075518616472873,0.13332697367021762,0.04839512625584388,0.41462168626242163,0.081750871149835,0.06902909114993634,2.026576867242295,0.09485374863223633,00,0.8149798872573746,2.1467864354114776,0.41901298632287,0.47123762358563565,1.1917471032248612,3.0777690061458025,0.471647061976706,2.6286618287484798,3.077844967090196,00
WDWD eDR3 2255125217884609152A,2255125217884609152,1.0,1636042515805110273,2255125217884609152,421190499,2016.0,287.8864649920909,0.17327018,67.07975451366985,0.19422227,4.187348993258009,0.18181504,23.030817,26.653397,-2.14214373926002,0.29237768,26.567174500020904,0.32726675,0.115077965,-0.06488339,0.05615979,-0.21473975,0.08310108,-0.19345255,-0.2242362,-0.21568118,-0.10822192,-0.016417768,253,0,253,0,0.38721126,265.85638,0.0,0.0,31,false,1.7407589,1e+20,1e+20,1e+20,1e+20,1e+20,1e+20,1e+20,30,22,0.45686007,78,15,0,0.050538506,62.421616,0,0,1.016085,0.15575896,0.0061882865,0.16351509,0.14263603,-85.87534,46.09453,33.909157,8.072674,false,599,479.001843504706,0.91529316,523.3316,18.986525,72,339.34947002297145,6.500269,52.205452,19.011925,69,195.8013058794042,6.007203,32.59442,19.018356,0,0,0,0,0,1.1172208,-0.0064315796,0.025400162,-0.03183174,1e+20,1e+20,0,1e+20,1e+20,1e+20,98.01915010985594,22.930334911508822,12.413842832808335,82.96498753016841,2255125217884609152,0.0,0.0,0.0,0.0,0.0,0.0,0.0,0.0,0.0,0.0,0.0,0.0,0.0,0.0,0.0,0.0,0.0,0.0,0.0,0.0,0.0,0.0,0.0,0.0,0.0,0.0,0.0,0.0,2.255125217884609e+18,287.8864649920909,67.07975451366985,4.187348993258009,0.18181504,18.986525,19.011925,19.018356,1.8849287886552646e+17,18.9587993621826,19.1173992156982,19.300500869751,19.4857997894287,19.6107997894287,0.00775199988856912,0.0128800002858043,0.00585300009697676,0.0274379998445511,0.0853450000286102,115000,115000,115000,115000,115000,436527104,52,0.047578335,2.255125217884609e+18,1.8849287886552646e+17,0.0,0.0,0.0,0.0,0.0,0.0,0.0,0.0,0.0,0.0,0.0,0.0,0.0,0.0,0.0,0.0,0.0,0.0,0.0,0.0,0.0,0.0,0.0,0.0,0.0,0.0,0.0,0,0.0,0.0,0.0,0.0,0.0,0.0,0.0,0.0,0.0,0.0,0.0,0.0,0,0,0,0,0,0,0,0,0,0,0,0,0,0,0,0.0,0.0,0,0.0,0.0,0.0,0.0,0.0,0.0,0.0,0.0,0.0,0.0,0.0,0.0,0.0,0.0,0.0,0.0,0.0,10.042792503031427,4.2509619408355,0.14467823578718042,11991.059330534074,922.4158561804197,759.1303339422793,8.269206054530573,0.07659932653077384,0.0900778290295694,0.7724373497003412,0.051064828413161734,0.059273394732291096,0.5782239407662324,0.025551364587919845,0.04319936421963655,0.738269040589898,0.27307394873348567,3.1467237951889904,0.316970025306369,0.09720446318958133,0.39946827601898616,0.12111692849896061,0.10050661618161998,0.9776922167852186,0.1285904173646044,0,0.2735880714065968,3.355740312747564,0.26400389682319636,0.06383988602797604,0.3307326800163677,0.09371468580101908,0.06876338619039768,0.9089566207826001,0.10319218673797227,0,DB,18.8199,18.9091,19.0966,19.258,19.4904,7.870429655160273e-32,1.5890844290696836e-32,1.6073134601910217e-32,1.5650722105812378e-32,2.5642811873690095e-32,0.02,0.99,0.01,0.0,0.0,0.0,12604,8.253,0.743,0,0.044,0.04,-0.031,0.0578,Pure He,0.0,-2.5863,2379.7162,,,,,,,,11937.856825236493,792.2274440441288,706.7330775565151,8.202884121425695,0.09327490375842018,0.09328089502031389,0.7097431692435394,0.06087039398857941,0.06111314653088307,0.5516672031252123,0.018001755907194217,0.01976660686535625,0.4631359393943203,11677.904914214469,842.3586429208408,744.2280620292804,8.1630409034033,0.11247822273529806,0.11509699210702529,0.683730643669318,0.07410693227114218,0.07275389407330424,0.5487600006630021,0.014042240217726265,0.014233341423533052,0.6481392932073842,3.006881354327116,0.3399817325590293,0.1200895508363856,0.4535654237527666,0.46258356912965,0.1214313115955973,1.005232626877979,0.46300569885876697,00,1.4824411339603016,2.8121816258723893,0.45683913372978147,0.19436439308998943,0.5518946860312081,3.739851653012831,0.1948709876086542,1.1006546866942102,3.7398787379473797,00
WDWD eDR3 2280532732579620352A,2280532732579620352,1.0,1636042515805110273,2280532732579620352,326453540,2016.0,332.53505812062224,0.09817645,75.68690528584033,0.0983138,4.146977012960657,0.10535351,39.362495,14.199855,-7.663750048082515,0.13099444,11.954196623518833,0.12944657,-0.008356194,0.054894485,-0.18879873,-0.023163589,0.2285073,-0.0003962792,-0.045086436,0.07377742,-0.104181126,-0.03140988,333,0,332,1,0.8411812,362.87424,0.031409256,0.008653502,31,false,1.8013881,1e+20,1e+20,1e+20,1e+20,1e+20,1e+20,1e+20,38,26,0.1839839,44,17,1,0.037116177,69.80063,0,0,1.0320421,0.109230496,0.05003871,0.10878435,0.13143657,-9.2150345,21.796959,25.36396,-26.961178,false,374,914.1973153858448,1.3919461,656.77637,18.284767,39,687.1449975464288,9.023774,76.14829,18.245922,37,349.49436088803145,8.529556,40.974506,18.389296,0,1,0,1,0,1.1339339,-0.14337349,-0.038845062,-0.10452843,1e+20,1e+20,0,1e+20,1e+20,1e+20,113.35623122192646,15.907528756007983,52.005408603897834,69.12453012465079,2280532732579620352,0.0,0.0,0.0,0.0,0.0,0.0,0.0,0.0,0.0,0.0,0.0,0.0,0.0,0.0,0.0,0.0,0.0,0.0,0.0,0.0,0.0,0.0,0.0,0.0,0.0,0.0,0.0,0.0,2.2805327325796204e+18,332.53505812062224,75.68690528584033,4.146977012960657,0.10535351,18.284767,18.245922,18.389296,1.9882332535145504e+17,18.221700668335,18.451099395752,18.6879005432129,18.8736991882324,19.0842990875244,0.00736699998378754,0.00565000018104911,0.0105689996853471,0.0121609997004271,0.0436419993638992,115000,115000,115000,115000,115000,436527104,52,0.034884144,2.2805327325796204e+18,1.9882332535145504e+17,0.0,0.0,0.0,0.0,0.0,0.0,0.0,0.0,0.0,0.0,0.0,0.0,0.0,0.0,0.0,0.0,0.0,0.0,0.0,0.0,0.0,0.0,0.0,0.0,0.0,0.0,0.0,0,0.0,0.0,0.0,0.0,0.0,0.0,0.0,0.0,0.0,0.0,0.0,0.0,0,0,0,0,0,0,0,0,0,0,0,0,0,0,0,0.0,0.0,0,0.0,0.0,0.0,0.0,0.0,0.0,0.0,0.0,0.0,0.0,0.0,0.0,0.0,0.0,0.0,0.0,0.0,58.002250087327084,4.162087157097732,0.09610467620892839,25735.35371547799,2607.066213778682,2238.9292915290243,8.403231555785323,0.11310560879013387,0.09937076142356638,0.878397226141109,0.07329556303283413,0.0650978999282944,0.0670863912842827,0.008190525851212771,0.005974065660855572,1.9525124388523525,0.48605144364046104,3.80745071159915,0.6083915881149013,0.07499009111250314,0.23185549569710606,0.10948907047767323,0.07543605556218398,0.2989418869813888,0.10965193119405198,0,0.3759470453275644,3.8865259924987683,0.9420159328608166,0.0950079382306995,0.2200419782478788,0.07133343720489203,0.09536033263662515,0.2871283695321615,0.07158315949987461,0,DB,18.1378,18.1574,18.431,18.6804,18.9506,1.4096880529801232e-31,2.1395280487622736e-32,2.2369156438763001e-32,2.1799925200042004e-32,3.666478881228219e-32,0.0,1.0,0.01,0.0,0.0,0.0,15054,8.069,0.631,0,0.027,0.022,-0.0347,0.0047,Pure He,0.0,-2.1654,1992.4311,,,,,,,,30927.422446494704,3576.962406834071,3808.921741596798,8.498444274417954,0.09048756197661945,0.09076550871261979,0.9190657934155708,0.05866016683889219,0.06083463281204826,0.035897930700209676,0.015609580605189473,0.008199373163874715,2.780975389435928,30901.155254352998,3676.731084412946,3636.105763086187,8.503704969067707,0.09265201394108935,0.08789575612338041,0.9227843198819754,0.05974267540110323,0.058367488958648295,0.037209505258863226,0.015350999487896887,0.008732000230073218,0.7442736713658191,4.503992787343291,0.8614730962928716,0.05249927448829408,0.14933411373426622,0.0912153615041618,0.05477072966893132,0.18523204443447588,0.09158314197828873,00,0.7753550859430223,4.54820832202111,0.8318594590830175,0.04937619710053915,0.14555648231420648,0.09252114763999972,0.05170746585734695,0.18276598757306972,0.09293229034431802,00
WDWD eDR3 2310995767378550016A,2310995767378550016,1.0,1636042515805110273,2310995767378550016,1555755525,2016.0,358.4304062771182,0.05692238,-36.34810358728297,0.050249252,17.848850319025274,0.06967701,256.16556,240.77202,186.07198589682824,0.058460586,-152.8017707361943,0.05812473,-0.035501793,0.25094202,-0.17883998,0.11581065,-0.09494209,0.20042068,0.014383971,0.032851867,-0.25123137,0.11763181,265,0,265,0,-1.142322,245.57219,0.0,0.0,31,false,1.7061327,1e+20,1e+20,1e+20,1e+20,1e+20,1e+20,1e+20,31,18,0.086250015,35,13,0,0.011758941,69.33379,0,0,0.9490663,0.07905964,0.11984632,0.11821454,0.6484793,-56.910477,0.012698961,31.082798,19.438087,false,288,3137.369103688671,3.195903,981.6847,16.945953,30,2129.921665132243,13.089546,162.71928,17.017633,31,1505.5497759581108,10.918641,137.88802,16.803658,0,1,0,0,0,1.1587644,0.2139759,0.07168007,0.14229584,1e+20,1e+20,0,1e+20,1e+20,1e+20,352.36673475525913,-74.6810114530688,342.36138220739014,-32.34435733171278,2310995767378550016,0.0,0.0,0.0,0.0,0.0,0.0,0.0,0.0,0.0,0.0,0.0,0.0,0.0,0.0,0.0,0.0,0.0,0.0,0.0,0.0,0.0,0.0,0.0,0.0,0.0,0.0,0.0,0.0,0.0,0.0,0.0,0.0,0.0,0.0,0.0,0.0,0.0,0.0,0.0,0.0,0.0,0.0,0.0,0.0,0.0,0.0,0.0,0,0,0,0,0,0,0,0.0,0.0,0.0,0.0,0.0,0.0,0.0,0.0,0.0,0.0,0.0,0.0,0.0,0.0,0.0,0.0,0.0,0.0,0.0,0.0,0.0,0.0,2.31099576737855e+18,358.4304062771182,-36.34810358728297,17.848850319025274,0.06967701,16.945953,17.017633,16.803658,2761063,17.4858,17.3401,16.9764,17.0242,17.1774,17.3334,0.0399,0.0508,0.0158,0.0116,0.0177,0.012,0,0,0,0,0,0,0,0,0,0,0,0,0,0,0,0.28847206,2.31099576737855e+18,2761063,0.0,0.0,0.0,0.0,0.0,0.0,0.0,0.0,0.0,0.0,0.0,0.0,0.0,0.0,0.0,0.0,0.0,14.345756641529707,17.883120770974067,0.057075228642929965,9273.59767307145,115.95817787473788,111.85206165352247,8.487711798185714,0.038,0.038,0.9100778452746849,0.015651890799001606,0.015361458590409287,1.8533062584136184,0.03249234038566443,0.03344973958185081,4.455360163047682,0.14627935326169794,4.103531264249392,0.14356503355522676,0.016629095255567432,0.19037582841983913,0.01909999233007002,0.03650039715888877,2.0436820868334573,0.03851875887281898,0,0.26820852302343035,4.3578353779759125,0.2219423136423302,0.019641560584291548,0.16250085867646863,0.029582426735308767,0.037967658420348695,2.015807117090087,0.044654283665103704,0,DQ,17.3089,16.9746,17.0214,17.1188,17.2641,1.2687671465855084e-31,3.758288522436083e-32,4.0506209457941287e-32,3.60336347436504e-32,5.268685577845068e-32,0.0,0.0,0.89,0.0,0.96,0.1,8219,8.177,0.687,260,0.051,0.047,-0.047,-0.0132,H/He=0,-5.352,-3.2872,3024.5578,DC,,,,,SOAR Goodman Spect,,8753.342204618051,96.69317463247535,81.38555811234073,8.369462414834343,0.02056372956893604,0.018519872124693748,0.8146619836077041,0.01338139650741732,0.01186086692629662,1.670770636523487,0.02196913183208893,0.021393051586721556,39.508449184511,8371.987844328092,92.06352282788612,84.25349891054248,8.23337016401673,0.022960029077879085,0.021888791889713488,0.7241799874242585,0.015410844224795883,0.014385193816560338,1.4419221155707196,0.010802049241843248,0.01181050664441785,0.05381851017128714,3.5485770413660735,0.04714176043838103,0.010947996882594168,0.2825509037476191,0.012498576126601458,0.024545903715222923,1.953321540271106,0.02477654256317014,00,0.09968708593881592,3.1002640645761144,0.07599151514294977,0.02939682828664595,0.4174409236297274,0.038563307261697294,0.03131864909503208,1.859363039200447,0.04033133687541132,00
WDWD eDR3 2345088259997529856A,2345088259997529856,1.0,1636042515805110273,2345088259997529856,45856008,2016.0,14.788689129136076,0.062478963,-24.29260283865349,0.03720889,9.765728563522497,0.093269356,104.70458,60.92213,-60.495983192932634,0.09688735,-7.193177034018194,0.107823,0.16759352,0.48495725,-0.2068933,-0.2035319,-0.0767482,0.10969335,0.5773935,0.10159081,-0.45347935,0.25678754,444,0,443,1,-0.20471908,475.3635,0.081988774,0.3854537,31,false,1.778418,1e+20,1e+20,1e+20,1e+20,1e+20,1e+20,1e+20,51,15,0.16370124,62,7,0,0.030492114,151.3576,0,0,0.992332,0.31141162,0.5518909,0.5392718,0.52308244,-157.89436,-10.852582,51.65558,-0.10443394,false,492,3734.6100905498324,2.3508515,1588.6201,16.756754,57,2750.3790417595665,10.95339,251.09843,16.74006,55,1518.069310761907,10.003881,151.74803,16.794666,0,21,0,22,0,1.1429435,-0.054605484,-0.016693115,-0.03791237,1e+20,1e+20,0,1e+20,1e+20,1e+20,154.86330533647362,-86.67416441574892,3.23509053380567,-28.03387432898171,2345088259997529856,0.0,0.0,0.0,0.0,0.0,0.0,0.0,0.0,0.0,0.0,0.0,0.0,0.0,0.0,0.0,0.0,0.0,0.0,0.0,0.0,0.0,0.0,0.0,0.0,0.0,0.0,0.0,0.0,2.34508825999753e+18,14.788689129136076,-24.29260283865349,9.765728563522497,0.093269356,16.756754,16.74006,16.794666,7.88401478874892e+16,16.7028007507324,16.9197006225586,17.0981998443604,17.2999992370605,17.417200088501,0.00864300038665533,0.00192499998956919,0.00469500012695789,0.00839000009000301,0.017765000462532,115000,115000,115000,115000,115000,436527104,52,0.1156154,2.34508825999753e+18,7.88401478874892e+16,0.0,0.0,0.0,0.0,0.0,0.0,0.0,0.0,0.0,0.0,0.0,0.0,0.0,0.0,0.0,0.0,0.0,0.0,0.0,0.0,0.0,0.0,0.0,0.0,0.0,0.0,0.0,0,0.0,0.0,0.0,0.0,0.0,0.0,0.0,0.0,0.0,0.0,0.0,0.0,0,0,0,0,0,0,0,0,0,0,0,0,0,0,0,0.0,0.0,0,2.34508825999753e+18,14.78869830079257,-24.292601877726494,16.779121,16.707596,16.78446,16.525,0.111,16.662,0.065,16.549,0.019,16.453,0.105,0.0,0.0,0.9682282840083384,5.992650898131581,9.77677422818097,0.08183344717387515,12695.344416082418,351.3387325256899,338.046959715095,8.048362753887975,0.038,0.038,0.6355496442157609,0.01896051341480344,0.0186262983120783,0.36017172872527387,0.012620387339902346,0.012042000171805544,2.4755732041266594,0.23700641768504283,1.8318705526970112,0.23282872890097872,0.2736220906500645,1.5966461149507394,0.7703926847581344,0.27391298375272627,1.9568178436760133,0.7704867932008854,0,0.5883477147008604,2.125413910574969,0.32177315311619825,0.3958434515383214,1.2223403479907171,1.4390041239077622,0.3960445837306459,1.582512076715991,1.439054508485236,0,DB,16.6954,16.6695,16.9002,17.0989,17.32,1.205048720282442e-31,2.680120926056112e-32,2.7408378180024226e-32,2.543099006734706e-32,3.665643026430841e-32,0.0,1.0,0.05,0.0,0.0,0.0,12930,8.066,0.625,0,0.011,0.009,-0.0534,-0.0306,Pure He,0.0,-2.4296,2235.528,,,,,,,,12624.560282696417,299.4412699223303,279.57809346103386,8.016734677463738,0.03528449755947882,0.03747075506957298,0.5955851484256567,0.021152832391095222,0.022958244786832394,0.35476929919943906,0.005012667397670589,0.005290087537950294,1.9394485470847598,12492.030706744212,323.9412058164289,309.65648598156986,8.000789875749135,0.043097389286053556,0.04299349770462424,0.5859029195696455,0.026123641272400633,0.025388322188966472,0.35777476903771793,0.0041553287994081645,0.004407424413570837,0.19191536912419027,1.117739140058695,0.4773170383534444,5.337632830214481,7.703772297288113,7.271854823471972,5.337635183957207,8.058541596487553,7.271856747673096,01,0.22696473737967526,1.0254814906137748,0.34259303257270624,6.55273141529981,10.45923072318956,14.403643462834289,6.552732732823343,10.817005492227278,14.403644137156364,01
WDWD eDR3 2407503274497851008A,2407503274497851008,1.0,1636042515805110273,2407503274497851008,359398821,2016.0,351.42888773796193,0.14797415,-15.689627582527143,0.11965049,4.610652575204221,0.16034846,28.753956,15.305196,8.128388040712645,0.16695592,-12.96835897377092,0.14807303,0.17563176,0.27345207,-0.088668145,-0.18622497,-0.011851736,-0.15963855,-0.17530777,0.1372232,-0.12353701,0.2735699,165,0,165,0,3.5029788,242.22253,0.6224055,3.7285712,31,false,1.7681187,1e+20,1e+20,1e+20,1e+20,1e+20,1e+20,1e+20,19,13,0.25159538,21,8,0,0.03557551,5.7246857,0,0,1.1998664,0.11214273,0.22806843,0.20484154,0.8072298,-32.39519,-13.895318,-58.65215,21.054388,false,169,1407.4464710711925,2.2752461,618.5909,17.816288,18,1038.0430991245353,8.428382,123.16042,17.798004,17,604.3555899358155,10.462243,57.765392,17.794664,0,0,0,1,0,1.1669351,0.0033397675,-0.018283844,0.021623611,1e+20,1e+20,0,1e+20,1e+20,1e+20,58.45651076661246,-67.05762738114063,345.8949102614571,-11.013292114426667,2407503274497851008,0.0,0.0,0.0,0.0,0.0,0.0,0.0,0.0,0.0,0.0,0.0,0.0,0.0,0.0,0.0,0.0,0.0,0.0,0.0,0.0,0.0,0.0,0.0,0.0,0.0,0.0,0.0,0.0,2.407503274497851e+18,351.42888773796193,-15.689627582527143,4.610652575204221,0.16034846,17.816288,17.798004,17.794664,8.917351428880285e+16,17.7658004760742,17.9463005065918,18.1403007507324,18.3094997406006,18.4256992340088,0.000300000014249235,0.00399000011384487,0.00517500005662441,0.00826499983668327,0.0336450003087521,115000,115000,115000,115000,115000,436527104,52,0.03497011,2.407503274497851e+18,8.917351428880285e+16,0.0,0.0,0.0,0.0,0.0,0.0,0.0,0.0,0.0,0.0,0.0,0.0,0.0,0.0,0.0,0.0,0.0,0.0,0.0,2.407503274497851e+18,351.42888773796193,-15.689627582527143,4.610652575204221,0.16034846,17.816288,17.798004,17.794664,6613227,0.0,17.8249,17.8367,18.0008,18.1771,18.384,0.0,0.0191,0.0288,0.0181,0.0322,0.0589,0,0,0,0,0,0,0,0,0,0,0,0,0,0,0,0.11996349,2.407503274497851e+18,6613227,0.0,0.0,0.0,0.0,0.0,0.0,0.0,0.0,0.0,0.0,0.0,0.0,0.0,0.0,0.0,0.0,0.0,17.71039384746276,4.648181861796729,0.15184954343931828,12700.866945972066,1047.080768986394,842.6852626319851,7.63005313311905,0.10686147245875333,0.09116193404431883,0.419312833134393,0.05146304307708904,0.039942825031636375,0.19482613394518578,0.021236734722523132,0.02044028922648844,5.46628674317209,nan,nan,nan,nan,nan,nan,nan,nan,nan,0,0.4471159259521198,-0.42186939066556794,0.34702715057894307,nan,nan,nan,nan,nan,nan,11,DB,17.9339,17.7245,17.9534,18.0967,18.3335,2.281010835841793e-31,3.8455833406015884e-32,3.804852336419451e-32,3.6803374522865047e-32,5.346164709335605e-32,0.01,0.97,0.02,0.0,0.0,0.0,11401,7.422,0.314,0,0.04,0.019,-0.0446,-0.0058,Pure He,0.0,-2.3021,2118.1884,,,,,,,,11510.662102380975,424.92592284375496,386.4861510665469,7.440438560384495,0.06639784593256692,0.0652450549552075,0.32195838821623296,0.025261337055487054,0.023099992937188674,0.2081320615749035,0.00622574647586191,0.00730195472940795,3.1357266393343366,11262.994798704305,480.973288182322,429.5294625544884,7.387298649010447,0.08495760841803168,0.08102381711782858,0.3031486567854438,0.030622251654225996,0.026401602180062322,0.2071056908291865,0.005064774899102564,0.006322948319937016,0.21947295443516124,-1.2676942813533172,0.200694986422143,nan,nan,nan,nan,nan,nan,11,0.26604910212185917,-1.4311150583367156,0.2293796887928954,nan,nan,nan,nan,nan,nan,11
WDWD eDR3 2429392661221943040A,2429392661221943040,1.0,1636042515805110273,2429392661221943040,945171435,2016.0,3.670372665366441,0.23449413,-7.982454899324845,0.18780413,10.706731137907205,0.2772897,38.61208,184.22835,184.02554129202719,0.30385417,8.641977956037412,0.22144993,0.24307811,0.15252046,-0.062427808,-0.15824093,-0.18503723,-0.12912306,0.17005451,-0.09218768,-0.25285938,0.2725882,330,0,329,1,1.656925,385.77322,0.6039127,0.86419195,31,false,1.5452338,1e+20,1e+20,1e+20,1e+20,1e+20,1e+20,1e+20,38,17,0.437278,43,12,0,0.028616868,52.367348,0,0,1.0647405,0.2969061,0.4283985,0.17927225,0.37134784,-37.99085,-20.127077,-37.75144,16.252752,false,343,373.0144781811693,1.009166,369.6265,19.258053,33,190.26049072630065,8.482425,22.429966,19.640171,31,242.77236844403302,8.870636,27.36809,18.784897,0,4,0,3,0,1.160901,0.8552742,0.38211823,0.47315598,1e+20,1e+20,0,1e+20,1e+20,1e+20,96.78707115322483,-68.96737338292714,0.169618588111462,-8.77926479676589,2429392661221943040,2.4293926612219433e+18,3.670372665366441,-7.982454899324845,10.706731137907205,0.2772897,19.258053,19.640171,18.784897,1.23767279610862e+18,20.35093,19.58991,19.23819,19.08151,19.07351,0.06120915,0.01372746,0.01267316,0.01496336,0.04774757,35255507616272.0,275146375696.0,268468240.0,4503599895838736.0,268468240.0,275146506256.0,0.070274234,2.4293926612219433e+18,1.23767279610862e+18,2.4293926612219433e+18,3.670372665366441,-7.982454899324845,10.706731137907205,0.2772897,19.258053,19.640171,18.784897,9.842003670032147e+16,19.5846996307373,19.2262992858887,19.1285991668701,19.1089992523193,19.1231002807617,0.0102989999577403,0.00944599974900484,0.00409399997442961,0.0111480001360178,0.0345279984176159,115000,115000,115000,115000,115000,436527104,52,0.5406901,2.4293926612219433e+18,9.842003670032147e+16,0.0,0.0,0.0,0.0,0.0,0.0,0.0,0.0,0.0,0.0,0.0,0.0,0.0,0.0,0.0,0.0,0.0,0.0,0.0,2.4293926612219433e+18,3.670372665366441,-7.982454899324845,10.706731137907205,0.2772897,19.258053,19.640171,18.784897,12919782,0.0,0.0,0.0,0.0,19.0374,0.0,0.0,0.0,0.0,0.0,0.0203,0.0,0,0,0,0,3,0,0,0,0,0,0,0,3,0,2,0.15358141,2.4293926612219433e+18,12919782,0.0,0.0,0.0,0.0,0.0,0.0,0.0,0.0,0.0,0.0,0.0,0.0,0.0,0.0,0.0,0.0,0.0,3.799230276777952,10.674873381296933,0.21640478976976227,6134.715646040249,77.56458470393682,73.616587752483,8.290023249123774,0.038,0.038,0.7733080481924741,0.023024218712364094,0.020553658504967723,4.240352368439455,0.11026538529536524,0.09079397895613017,3.043944213133075,0.12312416423724137,3.1513799368581505,0.10991261232603078,0.03774865436874038,0.39766707759743714,0.04762979007867282,0.11654791332746361,4.638019446036892,0.10252874483589784,0,0.12348861931726107,3.3606291307831224,0.10059015808415506,0.026383476326025845,0.3292219635905429,0.0381597932768411,0.11337787710740273,4.5695743320299975,0.09848713843755162,0,DA,-999.0,19.6905,19.2274,19.1163,19.1356,-999.0,1.8138989109192194e-32,1.9807475671893327e-32,2.1082820465125356e-32,3.467052508183025e-32,0.94,0.0,0.01,0.0,0.0,0.0,5976,8.259,0.752,196,0.066,0.061,0.0,0.0,Pure H,0.0,-3.8833,-1.0318,DC,-99.0,,,,Kilic2020,2020ApJ...898...84K,5965.131968936696,76.04471732706952,75.86432042447177,8.198850703563313,0.03405261053863562,0.034515598689685234,0.6977948983980211,0.02191666586466845,0.023732293037109886,4.155900629442957,0.05789239525644341,0.061637083398236925,10.24822522795408,5047.386196908751,1448.438069965012,145.70997844001158,8.088206181441947,0.30697519250739447,0.0713140590881256,0.6232921424202562,0.20665701328855923,0.04483817567452075,6.0733494356397575,0.21058923020666942,2.071716716163058,0.1687187931655214,2.9068056369693593,0.17634770565284752,0.0796368593601715,0.5036969555934896,0.09243614742674149,0.09845587233517361,4.659597585036447,0.11110162645496915,00,2.222703374605268,1.777569831005764,0.8705776478005993,1.0668052193614073,1.7260629696754264,nan,1.087391925634809,7.799412405315184,nan,01
WDWD eDR3 2475248545276680448A,2475248545276680448,1.0,1636042515805110273,2475248545276680448,1046589636,2016.0,16.475502003308364,0.15036258,-7.691981651084507,0.10010672,6.06813109230995,0.18931313,32.05341,77.07733,-48.462181514357596,0.258283,-59.936064333304174,0.20895724,0.5213354,-0.09783223,0.089736775,-0.18657972,-0.004027065,-0.11037443,-0.0067367465,0.16868947,0.11883163,0.47902334,569,0,566,3,0.9115474,616.0461,0.16673043,0.18740588,31,false,1.7426993,1e+20,1e+20,1e+20,1e+20,1e+20,1e+20,1e+20,64,15,0.40015912,70,8,1,0.08606189,11.872966,0,0,1.026737,0.078935914,0.6725557,0.27896684,0.24401255,25.432611,-28.330399,-12.045397,-38.712128,false,607,690.1915445376824,0.92156744,748.9322,18.589943,63,497.4447679912752,7.7318015,64.3375,18.59668,61,299.2394381286678,7.650917,39.111576,18.557848,0,4,0,1,0,1.1542944,0.03883171,0.0067367554,0.032094955,1e+20,1e+20,0,1e+20,1e+20,1e+20,133.5980403631731,-70.26361788808673,12.151348208111164,-13.568009352472036,2475248545276680448,2.47524854527668e+18,16.475502003308364,-7.691981651084507,6.06813109230995,0.18931313,18.589943,18.59668,18.557848,1.2376802419944325e+18,18.61574,18.57405,18.69438,18.90435,19.18951,0.02029153,0.007640674,0.009831924,0.01420714,0.05786004,35255507484688.0,268468240.0,268468240.0,4503599904227344.0,275146375184.0,275280592912.0,0.10202598,2.47524854527668e+18,1.2376802419944325e+18,2.47524854527668e+18,16.475502003308364,-7.691981651084507,6.06813109230995,0.18931313,18.589943,18.59668,18.557848,9.877016475488005e+16,18.5634994506836,18.6952991485596,18.8565998077393,19.0149002075195,19.0631999969482,0.005044000223279,0.00640199985355139,0.00518199987709522,0.0119279995560646,0.0356700010597706,115000,115000,115000,115000,115000,436527104,52,0.19833714,2.47524854527668e+18,9.877016475488005e+16,0.0,0.0,0.0,0.0,0.0,0.0,0.0,0.0,0.0,0.0,0.0,0.0,0.0,0.0,0.0,0.0,0.0,0.0,0.0,2.47524854527668e+18,16.475502003308364,-7.691981651084507,6.06813109230995,0.18931313,18.589943,18.59668,18.557848,13661773,0.0,0.0,0.0,18.6523,18.8225,0.0,0.0,0.0,0.0,0.0299,0.0201,0.0,0,0,0,0,0,0,0,0,0,0,0,0,0,0,0,0.21850172,2.47524854527668e+18,13661773,0.0,0.0,0.0,0.0,0.0,0.0,0.0,0.0,0.0,0.0,0.0,0.0,0.0,0.0,0.0,0.0,0.0,10.015824796364164,5.954042115775321,0.18131972251261289,13205.067641227119,608.8389654160346,577.205439002084,8.519754705088648,0.038804160808783905,0.04004205869351196,0.9363069644930793,0.02512089638902637,0.026295172532209254,0.6793818731156146,0.03702153269518993,0.03950731486457493,5.375908052864629,0.23477473260772364,4.348663219561489,0.2457492760019555,0.02182336988232118,0.16343231794226076,0.025671646858922273,0.042975031775690634,0.8428141910578754,0.04711540491450622,0,0.39685225039883854,4.772306433293161,0.324595885409213,0.01912668606709203,0.12874933246801085,0.031962285513745116,0.04167042120029637,0.8081312055836254,0.05081747359984382,0,DC,18.7736,18.5678,18.6709,18.8537,19.0254,9.585914611984444e-32,1.5181867264630347e-32,1.6378257409048824e-32,1.6999798388355322e-32,2.694335403329377e-32,0.03,0.1,0.79,0.0,0.0,0.0,10291,8.188,0.698,372,0.061,0.055,-0.0428,0.0274,logH/He=-5,0.0,-2.9016,2669.7985,,,,,,,,11626.931483747328,356.92324463329896,313.443815254499,8.332035683574022,0.043660621590865034,0.0426707543030016,0.7939794454646625,0.02856395461651462,0.029540901823407628,0.719166314598378,0.013192258388944111,0.012763151991557309,10.185214444931875,11417.512350921632,395.7314322517723,365.5997636283482,8.296750244095138,0.05522333179592742,0.057065849102507116,0.7701750989920444,0.037194795818468296,0.03799548172325662,0.7148232070465894,0.010286246888851602,0.01063811257619185,0.14543774454803948,3.461751561775147,0.12203360232688043,0.028340551676951885,0.3027148745253691,0.040201170460248174,0.03126055902818513,1.0218811891237471,0.042178574598171564,00,0.1962853849974211,3.343038175137812,0.17973837778468793,0.04611513002559596,0.33465782670633765,0.06479923280241179,0.04724840835770059,1.049481033752927,0.06566665828991826,00
WDWD eDR3 2482813430089468160A,2482813430089468160,1.0,1636042515805110273,2482813430089468160,897034434,2016.0,19.368979202428054,0.121958286,-4.661845035278633,0.10314435,23.567320410070835,0.15353519,153.49785,370.48703,-259.3033813905108,0.20118679,-264.6174628165242,0.14202209,0.4426018,0.007425606,0.0499967,0.14328572,-0.2406523,0.22280459,0.46688193,-0.13868394,-0.23155345,0.5770725,272,0,271,1,1.8659005,323.97134,0.36922753,1.5775481,31,false,1.4913874,1e+20,1e+20,1e+20,1e+20,1e+20,1e+20,1e+20,31,15,0.31106424,33,10,0,0.075969696,79.02943,0,0,1.0806919,0.19408447,0.5087279,0.28474832,0.1948002,-166.21436,-25.553797,59.060287,26.621477,false,283,1343.861386191943,1.5532926,865.1695,17.86648,29,656.0994404141796,15.510911,42.29922,18.296118,29,1006.0384342856963,8.763945,114.79288,17.24136,0,2,0,0,0,1.2368373,1.0547581,0.4296379,0.62512016,1e+20,1e+20,0,1e+20,1e+20,1e+20,139.52428421211894,-66.69111790032525,16.07465255136094,-11.891249639863087,2482813430089468160,2.482813430089468e+18,19.368979202428054,-4.661845035278633,23.567320410070835,0.15353519,17.86648,18.296118,17.24136,1.237679323391394e+18,20.15658,18.53082,17.8361,17.57137,17.41764,0.05205817,0.007862389,0.006913575,0.006897634,0.01488285,35253360132112.0,275280592912.0,268599312.0,4503599895838736.0,268468240.0,275146375184.0,0.05046848,2.482813430089468e+18,1.237679323391394e+18,0.0,0.0,0.0,0.0,0.0,0.0,0.0,0.0,0.0,0.0,0.0,0.0,0.0,0.0,0.0,0.0,0.0,0.0,0.0,0,0,0,0,0,0,0,0.0,0.0,0.0,2.482813430089468e+18,19.369015310417215,-4.661808291171971,23.36239381787446,0.18937542794240206,17.885744,18.32178,17.247663,01172885-0439380,16.494,15.729,15.605,0.111,0.0,0.0,BUU,0.058646376048208784,2.482813430089468e+18,01172885-0439380,0.0,0.0,0.0,0.0,0.0,0.0,0.0,0.0,0,0.0,0.0,0.0,0.0,0.0,0.0,0.0,0.0,0.0,0.0,0.0,0.0,0,0,0,0,0,0,0,0,0,0,0,0,0,0,0,0.0,0.0,0,0.0,0.0,0.0,0.0,0.0,0.0,0.0,0.0,0.0,0.0,0.0,0.0,0.0,0.0,0.0,0.0,0.0,3.1868490200084483,23.885336196174038,0.10833159299124095,4988.895598435101,59.86674718122122,59.86674718122122,7.887502391819416,0.038,0.038,0.5134665279678948,0.012713987716781292,0.013520921040334501,4.481097111640967,0.13780117986955087,0.1323830804697628,1.9597100569746895,0.15892484645976673,0.30583159959868544,0.16901151300418166,214.53700976379258,322.9476040824186,1568.2895029654126,214.53705401994037,327.42870119405956,1568.2895085527991,11,0.11046036243945556,0.3961470718322754,0.11747107767449627,69.98210017954813,160.03639184617077,304.16200182306994,69.98223585100352,164.51748895781174,304.16203063218984,11,DC:,20.3773,18.5217,17.8335,17.5751,17.4448,1.7679608625425852e-31,2.3654210122736664e-32,2.9648061957481476e-32,3.1569751588960847e-32,4.83351388301584e-32,0.24,0.0,0.28,0.0,0.0,0.21,5066,7.935,0.541,52,0.026,0.022,-0.2191,0.0137,Pure H,0.0,-3.9887,-0.3566,DC,-99.0,,,,McCookSion1999,1999ApJS..121....1M,4910.639488153821,24.891840116224557,23.104817789463596,7.841980519464677,0.019673969200099783,0.019342453480387434,0.4764656886199372,0.011138292074123868,0.010699846503857413,4.693779279970855,0.13304760758758682,0.1252198341129933,23.658148523677756,3444.5903689482366,72.90108860610508,31.69508162734064,7.266517910931321,0.08744740984242938,0.04175955597541314,0.23010657774941784,0.02856882597896576,0.012611079868456804,3.9419502326909113,0.33042517856700027,0.1260129462370383,0.09677056537032025,0.07468017914802172,0.09296130759215826,nan,nan,nan,nan,nan,nan,11,0.24820874004314275,-2.0657117484846386,0.10956628903959054,nan,nan,nan,nan,nan,nan,11
WDWD eDR3 2482813430089468160B,2482813425794003200,1.0,1636042515805110273,2482813425794003200,569171251,2016.0,19.368165665260932,0.12448452,-4.662200242210269,0.10561299,24.200622808318,0.15287496,158.30338,374.31992,-264.4735552205472,0.20864259,-264.894562250528,0.14121257,0.42155686,-0.013265407,0.117369816,0.14031908,-0.25097674,0.18371154,0.49010906,-0.11933861,-0.21927126,0.5364123,259,0,257,2,-0.19002528,257.87473,0.0,0.0,31,true,1.4725335,1e+20,1e+20,1e+20,1e+20,1e+20,1e+20,1e+20,30,15,0.3163606,32,9,0,0.08991028,75.13198,0,0,0.99022883,0.2479592,0.5088474,0.2798572,0.17407794,-174.80411,-24.742336,57.818768,23.678356,false,268,1240.8218101086054,1.5373337,807.12585,17.953093,29,589.4040807227897,12.983692,45.39572,18.41251,29,955.9892966317668,10.497113,91.07164,17.296762,0,29,0,29,0,1.2454596,1.1157475,0.45941734,0.6563301,1e+20,1e+20,0,1e+20,1e+20,1e+20,139.52253161000888,-66.6916681129858,16.073748070828653,-11.89126673419968,2482813425794003200,2.482813425794003e+18,19.368165665260932,-4.662200242210269,24.200622808318,0.15287496,17.953093,18.41251,17.296762,1.237679323391394e+18,20.35692,18.69678,17.93222,17.65305,17.55246,0.06032721,0.008438651,0.007167489,0.007060639,0.01623502,35253393686544.0,302022672.0,302153744.0,4503599929393168.0,302022672.0,436240400.0,0.056543555,2.482813425794003e+18,1.237679323391394e+18,0.0,0.0,0.0,0.0,0.0,0.0,0.0,0.0,0.0,0.0,0.0,0.0,0.0,0.0,0.0,0.0,0.0,0.0,0.0,0,0,0,0,0,0,0,0.0,0.0,0.0,2.482813425794003e+18,19.36820248459419,-4.662163464550314,23.937822523696653,0.19111516215491023,17.977505,18.465754,17.323017,01172865-0439389,16.589,15.442,15.732,0.108,0.0,0.0,BUU,0.3887295770132312,2.482813425794003e+18,01172865-0439389,2.482813425794003e+18,19.368165665260932,-4.662200242210269,24.200622808318,0.15287496,17.953093,18.41251,17.296762,13860441,0.0,0.0,0.0,0.0,0.0,17.5273,0.0,0.0,0.0,0.0,0.0,0.0276,0,0,0,0,0,3,0,0,0,0,0,0,3,0,1,0.08111623,2.482813425794003e+18,13860441,0.0,0.0,0.0,0.0,0.0,0.0,0.0,0.0,0.0,0.0,0.0,0.0,0.0,0.0,0.0,0.0,0.0,3.1868490200084483,23.885336196174038,0.10833159299124095,4890.101418698229,58.68121702437875,58.68121702437875,7.884514691928094,0.038,0.038,0.5109106608158108,0.01426580892864826,0.014589545931870134,5.068996003099088,0.16160246567258618,0.17074808985486037,1.8366920382541572,0.17832261160810325,0.2738832601976354,0.18236932414837648,434.88070326354597,552.7287260650802,nan,434.880733289431,557.7977220681793,nan,11,0.1239427361307407,0.37394144931199735,0.1267553947165082,89.05117166297778,184.4051336568786,547.4675777441524,89.0513182940379,189.4741296599777,547.4676043712174,11,DC:,20.9194,18.6659,17.8977,17.6432,17.5255,2.687373790316487e-31,2.4321054690526752e-32,2.878197042799135e-32,3.2029932053898174e-32,4.676366913649542e-32,0.38,0.0,0.47,0.0,0.0,0.03,4961,7.97,0.561,57,0.028,0.024,-0.0766,0.1874,Pure H,0.0,-4.0448,-0.3946,DC,-99.0,,,,McCookSion1999,1999ApJS..121....1M,4825.257154250871,20.736539033521694,20.13779898788107,7.8411015598183695,0.018330354392103843,0.01795548313211981,0.47578940398119346,0.010345213180814827,0.009918923662415036,4.867150225594785,0.13456741058381994,0.12932667875408121,14.848506220366508,3377.1715778513635,3122.304126549592,23.792270723132333,7.269157208083509,1.5583639068790944,0.03142055992540982,0.23083683694308105,0.8699624166501909,0.00958254542330711,4.108876602511225,0.4446866105254266,0.10895254611887406,0.08988021877336949,0.06880455239959649,0.0861765739566901,nan,nan,nan,nan,nan,nan,11,7.558318129019897,-2.0593671855509874,0.08325408708346727,nan,nan,nan,nan,nan,nan,11
WDWD eDR3 248883905877197696A,248883905877197696,1.0,1636042515805110273,248883905877197696,956459594,2016.0,53.160161824793484,0.08261841,47.44697607334094,0.07199502,8.67813712769949,0.1124283,77.18819,64.86213,-52.942803236903195,0.11195031,-37.472061982873505,0.11145453,0.110499315,0.3531109,0.22074725,0.031808853,-0.10873249,0.0062846392,0.3994574,0.18991026,0.03982117,0.17136341,321,0,319,2,-0.7862965,309.53397,0.0,0.0,31,false,1.7376106,1e+20,1e+20,1e+20,1e+20,1e+20,1e+20,1e+20,37,18,0.16972259,43,8,0,0.023350034,4.527433,0,0,0.9677378,0.25733957,0.22568467,0.30567744,0.5921605,-74.2278,-30.68457,-53.158485,34.684696,false,363,1702.4702661337858,2.121382,802.5289,17.609669,37,1182.8184912676984,10.233802,115.579575,17.656246,37,770.604608488757,8.461265,91.0744,17.530817,0,0,0,0,0,1.1474051,0.12542915,0.046577454,0.0788517,1e+20,1e+20,0,1e+20,1e+20,1e+20,149.08467153103948,-7.072461290935322,62.81815326315353,27.424265815978337,248883905877197696,2.488839058771977e+17,53.160161824793484,47.44697607334094,8.67813712769949,0.1124283,17.609669,17.656246,17.530817,1.237670459661681e+18,17.81425,17.58374,17.69285,17.82873,18.02217,0.01306282,0.005025592,0.00606396,0.007703426,0.02376189,35253393690640.0,302022672.0,302022672.0,4503599929528336.0,302022672.0,275179929616.0,0.054010052,2.488839058771977e+17,1.237670459661681e+18,2.488839058771977e+17,53.160161824793484,47.44697607334094,8.67813712769949,0.1124283,17.609669,17.656246,17.530817,1.6493053160292714e+17,17.62380027771,17.7126998901367,17.8731002807617,18.0226001739502,18.1368999481201,0.00439399993047118,0.00894800014793873,0.0042429999448359,0.00598900020122528,0.0145100001245737,115000,115000,115000,115000,115000,436527104,52,0.13664858,2.488839058771977e+17,1.6493053160292714e+17,0.0,0.0,0.0,0.0,0.0,0.0,0.0,0.0,0.0,0.0,0.0,0.0,0.0,0.0,0.0,0.0,0.0,0.0,0.0,0.0,0.0,0.0,0.0,0.0,0.0,0.0,0.0,0,0.0,0.0,0.0,0.0,0.0,0.0,0.0,0.0,0.0,0.0,0.0,0.0,0,0,0,0,0,0,0,0,0,0,0,0,0,0,0,0.0,0.0,0,0.0,0.0,0.0,0.0,0.0,0.0,0.0,0.0,0.0,0.0,0.0,0.0,0.0,0.0,0.0,0.0,0.0,6.298117779748866,8.661815694037356,0.10609180676933927,11548.731290926478,233.55591125520004,236.9957183896222,8.26932872385243,0.038,0.038,0.7715647164741612,0.019348247497881263,0.020550901387133055,0.6407545062881271,0.00802544146234787,0.008708917713283434,5.408982674266774,0.10346656415979272,3.1420573073484563,0.1098978683803904,0.0384696683109355,0.4012734767903071,0.04002537407357979,0.03929787641360493,1.0420279830784343,0.04096188249417665,0,0.10376367020488697,3.350840631522522,0.10248494651226192,0.02757506507922435,0.3322467533269588,0.03206449490290266,0.028719190879776375,0.9730012596150859,0.0332261505611922,0,DC,17.7808,17.5999,17.691,17.8452,18.0158,1.3303865945046004e-31,2.4683699836901667e-32,2.7077070957845693e-32,2.6304689768457956e-32,3.9943144405268145e-32,0.01,0.01,0.96,0.0,0.0,0.0,9969,7.98,0.568,218,0.038,0.03,-0.0551,-0.0225,logH/He=-5,0.0,-2.8371,2610.4179,,,,,,,,10532.727270737534,163.27419232611282,157.75647850827045,8.067409288378023,0.02754123761897631,0.02669252307475567,0.621414305309147,0.0170606323385194,0.015965656478310053,0.6295868711917516,0.005715920366716309,0.0055477354421030745,4.38635585190597,10209.818332662979,187.6504696353768,173.81024574056391,7.978381595364478,0.037447410686974436,0.037609874679437105,0.5679937340895946,0.022559604604631023,0.02182641484860892,0.6020410509581391,0.005982915293385127,0.006237824505414324,0.4604597180913459,1.7082769486770097,0.4513485052941497,0.7507762352082503,1.9249173251239202,3.3804292452153675,0.7507979935369518,2.554504196315672,3.3804337974993497,00,0.1960000400054822,0.8698847444795366,0.18963001606089414,9.34943069217776,18.661511865758666,25.346647331328658,9.349432606479974,19.263552916716804,25.34664809889475,11
WDWD eDR3 2543653978300417024B,2543654008364462848,1.0,1636042515805110273,2543654008364462848,853785109,2016.0,7.355270582356181,0.33134916,0.2665330306452989,0.22762859,5.475921097494295,0.4254229,12.871712,33.373665,-28.884473419886973,0.40459806,-16.717917370768717,0.35480013,0.52918714,0.40437147,-0.08943528,-0.31167448,0.117944926,-0.18674056,-0.014367687,0.1691473,-0.3827318,0.2528342,357,0,357,0,-0.63523924,351.9015,0.0,0.0,31,false,1.6785009,1e+20,1e+20,1e+20,1e+20,1e+20,1e+20,1e+20,41,18,0.6038281,49,9,0,0.11960276,64.948784,0,0,0.9752151,0.36629927,0.59609944,0.34077105,0.1822119,158.71585,-27.561617,33.53149,40.14849,false,401,288.3260460888487,0.7980647,361.28152,19.537657,44,188.5908263902567,5.758563,32.749634,19.64974,43,135.12875915568887,6.884564,19.627789,19.421026,0,1,0,1,0,1.1227553,0.22871399,0.112083435,0.116630554,1e+20,1e+20,0,1e+20,1e+20,1e+20,111.10396896283446,-62.09854300018657,6.859598206350142,-2.674134875907439,2543654008364462848,2.543654008364463e+18,7.355270582356181,0.2665330306452989,5.475921097494295,0.4254229,19.537657,19.64974,19.421026,1.2376571914452992e+18,19.89012,19.60211,19.60204,19.62848,19.93923,0.0371961,0.01255845,0.01524381,0.01994282,0.09523519,35253360132112.0,275146375184.0,275146342416.0,4503874773712912.0,275146342416.0,275280560144.0,0.048439495,2.543654008364463e+18,1.2376571914452992e+18,2.543654008364463e+18,7.355270582356181,0.2665330306452989,5.475921097494295,0.4254229,19.537657,19.64974,19.421026,1.0832007355324038e+17,19.5396995544434,19.5723991394043,19.7259998321533,19.8957996368408,19.7731990814209,0.0121710002422333,0.00927499961107969,0.00325799989514053,0.0236659999936819,0.0695049986243248,115000,115000,115000,115000,115000,436527104,52,0.0936494,2.543654008364463e+18,1.0832007355324038e+17,0.0,0.0,0.0,0.0,0.0,0.0,0.0,0.0,0.0,0.0,0.0,0.0,0.0,0.0,0.0,0.0,0.0,0.0,0.0,2.543654008364463e+18,7.355270582356181,0.2665330306452989,5.475921097494295,0.4254229,19.537657,19.64974,19.421026,16678072,0.0,0.0,19.5759,19.63,19.7623,0.0,0.0,0.0,0.0261,0.0246,0.0182,0.0,0,0,0,0,0,0,0,0,0,0,0,0,0,0,0,0.14889163,2.543654008364463e+18,16678072,0.0,0.0,0.0,0.0,0.0,0.0,0.0,0.0,0.0,0.0,0.0,0.0,0.0,0.0,0.0,0.0,0.0,8.663056139728443,6.0869196895097994,0.19113922723364385,9661.392509478812,310.5653109150462,295.19375879415566,8.683210372642975,0.05160856057336893,0.053919085893008756,1.0323328278421835,0.030301005371703216,0.03227452644761941,2.3888198322181413,0.03152405095852595,0.03440977788765176,3.0299930502367736,0.2831869660906845,5.246101194786762,0.3016310882955082,0.01275573139188166,0.10218555743671386,0.01472649785708034,0.03400697681620017,2.491005389654855,0.037428632801801885,0,0.42757591550766527,5.992771648530652,0.3208203424216629,0.008120802881557159,0.0743980741069615,0.014339399473312944,0.032553236832561644,2.4632179063251027,0.03727802558522615,1,,,,,,,,,,,,,,,,,,,,,,,,,,,,,,DC,,,,,SOAR Goodman Spect,2015ApJ...815...63A,9074.108582198996,230.84756429192566,218.94857129671982,8.561761247919511,0.04341928043189647,0.04255550073804493,0.9409911981482035,0.028003018359980536,0.0268593742438219,2.2019669723741355,0.027317628731202692,0.027723535771811303,9.716383246975587,8681.331379841851,216.59859734424026,220.4888412317796,8.444093330673635,0.04818881107085993,0.05148734222492379,0.8650056406601452,0.032362188532310765,0.03459755849077828,2.054018122787771,0.050050470339731756,0.07000769869018209,0.4090819802136574,4.81338497668404,0.4145049717149005,0.0229482784944316,0.12595018495582508,0.03190110015281788,0.035677392356418404,2.3279171573299604,0.042264342259770445,00,0.15841489329579517,3.782638966916518,0.3906044401710389,0.05442075282958326,0.23623595251861584,0.029813729731720685,0.07393691851684761,2.290254075306387,0.07609163131653447,00
WDWD eDR3 2634003146560869248A,2634003146560869248,1.0,1636042515805110273,2634003146560869248,580475790,2016.0,349.91079663230954,0.17538282,-3.97650137117068,0.18184772,9.463720494921207,0.19249289,49.164,151.24059,-55.39398971841193,0.21118535,-140.7310140913702,0.21261628,0.36439475,0.2055168,-0.29499468,-0.37462175,-0.20263822,-0.37178516,-0.43979254,-0.005273003,-0.066205315,0.4557968,202,0,201,1,0.667725,218.6416,0.31227037,0.4504299,31,false,1.6551387,1e+20,1e+20,1e+20,1e+20,1e+20,1e+20,1e+20,23,15,0.3749996,29,10,0,0.03421523,165.10638,0,0,1.0321949,0.25220007,0.27589014,0.44990033,0.83666325,-104.810486,-43.230312,-49.85208,23.976303,false,250,712.6331988788236,1.4127755,504.4207,18.555202,25,441.80808269795335,12.954325,34.105064,18.725458,22,341.65987089494115,12.1917,28.023973,18.41391,0,1,0,1,0,1.0993986,0.31154823,0.17025566,0.14129257,1e+20,1e+20,0,1e+20,1e+20,1e+20,75.49128702130729,-58.12451808323343,349.1681990543924,0.3374882722500174,2634003146560869248,2.6340031465608694e+18,349.91079663230954,-3.97650137117068,9.463720494921207,0.19249289,18.555202,18.725458,18.41391,1.2376801190291046e+18,19.19013,18.69033,18.61358,18.58642,18.65269,0.03520944,0.008942566,0.01007374,0.01426565,0.04514183,35253360132112.0,275280592912.0,268599312.0,4503599895838736.0,268468240.0,275280592912.0,0.05000588,2.6340031465608694e+18,1.2376801190291046e+18,2.6340031465608694e+18,349.91079663230954,-3.97650137117068,9.463720494921207,0.19249289,18.555202,18.725458,18.41391,1.0322349910864894e+17,18.6951007843018,18.581600189209,18.6009006500244,18.6697998046875,18.7166004180908,0.00970300007611513,0.00371400010772049,0.00474399980157614,0.01137899979949,0.0136010004207492,115000,115000,115000,115000,115000,436527104,52,0.38042158,2.6340031465608694e+18,1.0322349910864894e+17,0.0,0.0,0.0,0.0,0.0,0.0,0.0,0.0,0.0,0.0,0.0,0.0,0.0,0.0,0.0,0.0,0.0,0.0,0.0,2.6340031465608694e+18,349.91079663230954,-3.97650137117068,9.463720494921207,0.19249289,18.555202,18.725458,18.41391,8385315,0.0,0.0,18.6597,18.5785,18.6164,18.7565,0.0,0.0,0.014,0.0234,0.0123,0.0142,0,0,0,0,0,0,0,0,0,0,0,0,0,0,0,0.06870614,2.6340031465608694e+18,8385315,0.0,0.0,0.0,0.0,0.0,0.0,0.0,0.0,0.0,0.0,0.0,0.0,0.0,0.0,0.0,0.0,0.0,25.83562081862688,9.461956960977378,0.17590062318439192,7830.913206391167,122.48670308276724,116.71148251173508,8.252842046085938,0.038,0.038,0.753303304247718,0.02154866575992753,0.02240307313899556,1.761944500076228,0.07321836542953959,0.042805389446779134,3.44891365704875,0.11523350673758026,3.044402696511861,0.11980253015505626,0.04634483732360029,0.4390505341468082,0.053255311756597756,0.0866531764145122,2.200995034223036,0.06832590720936568,0,0.11238673419234368,3.2526648033301693,0.121430521693489,0.03752381094664008,0.3625845231499241,0.03937724048478347,0.08227372256153713,2.124529023226152,0.0581624314647084,0,DC,19.0109,18.6892,18.6242,18.6546,18.7964,1.2670369739526043e-31,2.4535564134996509e-32,2.589479017733285e-32,2.6182151058046177e-32,4.1324418219303327e-32,0.17,0.0,0.77,0.0,0.01,0.01,7690,8.203,0.704,295,0.061,0.055,-0.0356,0.0513,logH/He=-5,0.0,-3.4194,3146.19,,,,,,,,7580.86206145359,101.50167503319972,99.58518227718832,8.170284883860269,0.031210006919755173,0.03176151413428663,0.6814095627260155,0.02104221930703465,0.021055559045373595,1.7005765359611296,0.031111235725957087,0.024776810597178622,13.573583180495502,7252.454996388753,103.48498721282522,93.03147476841696,8.021111370524363,0.03415593470785616,0.03266000430090976,0.5875011398477927,0.021156120182453497,0.019833363865931597,1.5341885640982678,0.02225822236160746,0.022931757460626256,0.25207003931436844,2.7950521392998504,0.15173828682505652,0.07885795473706919,0.5621882394720055,0.18071607503646325,0.0847731444132499,2.2627647754331353,0.18240666139138967,00,0.1838064307771805,1.039366983907843,0.24756876036675424,5.184880625626102,9.969622530395265,9.717590623159658,5.184928401671099,11.503811094493532,9.717617680523388,01
WDWD eDR3 2634608741244966016A,2634608741244966016,1.0,1636042515805110273,2634608741244966016,1805997387,2016.0,346.0799701364269,0.07289655,-7.0244716274259105,0.075459555,18.233794339933965,0.09272868,196.63597,328.93054,240.42122438831998,0.09692204,-224.48373109336836,0.08040559,0.20383753,0.18837063,-0.02056166,-0.22763157,-0.3770821,-0.23105368,-0.10184416,0.10333778,-0.19570109,0.16997372,192,0,187,5,1.4098625,217.90005,0.20226882,1.0876412,31,false,1.6665834,1e+20,1e+20,1e+20,1e+20,1e+20,1e+20,1e+20,22,14,0.13952407,22,9,0,0.1061141,67.50149,0,0,1.0729241,0.26820582,0.25112548,0.4800356,0.83716345,-93.7644,-35.065918,-51.286934,24.096169,false,186,2790.8131523450443,3.3734756,827.28125,17.07304,19,1799.474728450501,23.906593,75.271065,17.200678,19,1473.8810062268558,11.691717,126.06198,16.82674,0,2,0,4,0,1.1729039,0.3739376,0.12763786,0.24629974,1e+20,1e+20,0,1e+20,1e+20,1e+20,66.36089410086392,-57.600668253536625,344.4699033134191,-0.9871451108756061,2634608741244966016,2.634608741244966e+18,346.0799701364269,-7.0244716274259105,18.233794339933965,0.09272868,17.07304,17.200678,16.82674,1.2376802425181307e+18,17.62281,17.19473,17.10294,17.12671,17.21002,0.01224561,0.004431595,0.00495153,0.005634466,0.01440303,68987912704.0,268468224.0,268468224.0,4503599895838720.0,285245952.0,268468224.0,0.038934465,2.634608741244966e+18,1.2376802425181307e+18,2.634608741244966e+18,346.0799701364269,-7.0244716274259105,18.233794339933965,0.09272868,17.07304,17.200678,16.82674,9.957346079575144e+16,17.1956996917725,17.1151008605957,17.1630992889404,17.2625007629395,17.3696994781494,0.00382700003683567,0.00303000002168119,0.00333700003102422,0.00399600015953183,0.0272879991680384,115000,115000,115000,115000,115000,436527104,52,0.021817217,2.634608741244966e+18,9.957346079575144e+16,0.0,0.0,0.0,0.0,0.0,0.0,0.0,0.0,0.0,0.0,0.0,0.0,0.0,0.0,0.0,0.0,0.0,0.0,0.0,2.634608741244966e+18,346.0799701364269,-7.0244716274259105,18.233794339933965,0.09272868,17.07304,17.200678,16.82674,7953286,17.5904,17.5211,17.1648,17.1078,17.1639,17.2463,0.0342,0.0071,0.0072,0.0087,0.0053,0.0069,0,0,0,0,0,0,3,0,0,0,0,0,0,3,0,0.01644287,2.634608741244966e+18,7953286,2.634608741244966e+18,346.0799365022725,-7.024440448092259,17.095552,17.213638,16.821306,17.13,0.0,17.514,0.0,17.295,0.066,17.287,0.0,0.0,0.0,1.2309125227245268,26.671806393687625,18.262361581951076,0.08884211995712905,8070.8850254752815,96.85062030570339,96.85062030570339,8.290090811193686,0.038,0.038,0.7780117413278279,0.014201779620690021,0.013902727896410413,1.7581763724283819,0.03616361354172307,0.03798761872553319,3.309096251027508,0.07594534556518662,3.176533376084641,0.07434613848347915,0.024800428064487696,0.38793663160792435,0.029378967882796706,0.04385052082446599,2.146113004036306,0.048022733473792184,0,0.07974048074503104,3.3870395358103753,0.0653766903389843,0.01617788918931526,0.3210607613536923,0.024640977264541983,0.03961730736706951,2.0792371337820743,0.04527954214640597,0,DQ,17.6734,17.1868,17.1204,17.1436,17.2502,1.7883134623556342e-31,4.023928194177101e-32,4.6753220070618236e-32,4.553534508874682e-32,7.181484768011557e-32,0.04,0.0,0.78,0.0,0.87,0.01,7254,8.015,0.584,214,0.053,0.045,-0.0435,-0.0086,H/He=0,-5.952,-3.4132,3140.5561,DC,,,,,LDT Deveny,1999ApJS..121....1M,7777.188475660951,67.70972555379831,63.648397009154905,8.203382785501084,0.01849940660425453,0.019032995983502943,0.7037950385029719,0.01177899927334014,0.012738339369623208,1.6749252127231657,0.033400164936098875,0.020796486348690024,11.035606399650117,7439.428226192902,63.02756041996963,64.7796415071316,8.05301350472486,0.019150968569144666,0.01991100642880106,0.6074429618862083,0.01186652086766482,0.012289833315579868,1.5043692415146943,0.011710331746402014,0.011811081639456544,0.09116121817731981,2.9581766995117458,0.0926542252299698,0.040966751759943125,0.4775305672105267,0.04643392062065298,0.052856842201548626,2.1524557799336925,0.05087831393291598,00,0.170759705577062,1.2883590798714994,0.3528826621360872,2.6018741114412123,4.767603529527472,2.9397266231808388,2.6019004638259338,6.271972771042166,2.93975035006167,00
WDWD eDR3 2634608741244966016B,2634608741244388096,1.0,1636042515805110273,2634608741244388096,860417506,2016.0,346.08230421292643,0.231513,-7.031508990770944,0.2583686,18.58187915736254,0.31011823,59.918694,329.1686,240.0123040708476,0.34453487,-225.268898151648,0.28127152,0.20848355,0.13122398,-0.06262358,-0.21570747,-0.45222542,-0.26346052,-0.14459199,0.21827972,-0.19994217,0.08405828,189,0,187,2,0.9934518,209.57024,0.57808274,0.76861805,31,false,1.422368,1e+20,1e+20,1e+20,1e+20,1e+20,1e+20,1e+20,22,15,0.49048454,22,9,0,0.007491082,126.156624,0,0,1.0506579,0.24267794,0.20234409,0.4477256,0.8657119,-111.114914,-20.803957,-50.554867,22.933075,false,180,460.75612181543033,1.4726429,312.877,19.028688,20,192.65892438311792,6.9223275,27.831524,19.62657,20,388.1557622552327,10.896764,35.621197,18.275381,0,2,0,4,0,1.2605686,1.3511887,0.5978813,0.75330734,1e+20,1e+20,0,1e+20,1e+20,1e+20,66.35393137560985,-57.60706941131791,344.46932256829695,-0.994531156748368,2634608741244388096,2.6346087412443884e+18,346.08230421292643,-7.031508990770944,18.58187915736254,0.31011823,19.028688,19.62657,18.275381,1.2376802425181307e+18,22.16224,19.97332,18.95624,18.58819,18.44893,0.3003671,0.01743153,0.01169485,0.01156165,0.03558786,105624251662680.0,1.1329368223678744e+16,268468248.0,4503599895838744.0,268468248.0,275146375192.0,0.040966727,2.6346087412443884e+18,1.2376802425181307e+18,2.6346087412443884e+18,346.08230421292643,-7.031508990770944,18.58187915736254,0.31011823,19.028688,19.62657,18.275381,9.9563460819143e+16,19.7800998687744,18.9410991668701,18.5958003997803,18.4423007965088,18.3985004425049,0.0186010003089905,0.00973100028932095,0.00849200040102005,0.00414300011470914,0.0400420017540455,16777496,16777496,280,16777496,280,310698112,37,0.023054393,2.6346087412443884e+18,9.9563460819143e+16,0.0,0.0,0.0,0.0,0.0,0.0,0.0,0.0,0.0,0.0,0.0,0.0,0.0,0.0,0.0,0.0,0.0,0.0,0.0,0.0,0.0,0.0,0.0,0.0,0.0,0.0,0.0,0,0.0,0.0,0.0,0.0,0.0,0.0,0.0,0.0,0.0,0.0,0.0,0.0,0,0,0,0,0,0,0,0,0,0,0,0,0,0,0,0.0,0.0,0,0.0,0.0,0.0,0.0,0.0,0.0,0.0,0.0,0.0,0.0,0.0,0.0,0.0,0.0,0.0,0.0,0.0,26.671806393687625,18.262361581951076,0.08884211995712905,4367.955574393214,52.41546689271857,52.41546689271857,7.818876729265535,0.038,0.038,0.4717203015910341,0.018203649841470004,0.016631331484145372,6.552330561248246,0.2664998430826736,0.24556954060662095,3.3325257919176394,nan,nan,nan,nan,nan,nan,nan,nan,nan,0,0.1581550811596002,0.03345179488300798,0.14449462627406906,nan,nan,nan,nan,nan,nan,11,DA,21.7817,19.9303,18.992,18.646,18.4235,1.0226690029083538e-30,1.969371377661121e-32,2.377529732586013e-32,2.9542259101538167e-32,4.911215285270952e-32,0.68,0.0,0.03,0.0,0.0,0.23,4480,7.978,0.564,137,0.071,0.061,0.0,0.0,Pure H,0.0,-4.2286,-1.0498,DC,,,,,LDT Deveny,1999ApJS..121....1M,4480.152205755639,22.14579716640219,23.080340847590378,7.879391273453821,0.020982100378548196,0.02326847313036584,0.49731104676917104,0.011716414908095385,0.013442272631170926,5.986160399431017,0.10793725860387937,0.1331006273451818,14.362701479579355,4003.4896482417716,2496.4366404071716,11.791349629708293,8.329701783427957,0.6699091249644002,0.016979006883916625,0.7827488417974429,0.4023645656698618,0.011569326897805765,9.059368942771899,0.014826565958740545,4.8972049989254725,0.10179335280708413,0.2557866791413651,0.11678777264266649,501.4864189082368,688.4599271442946,1059.9973988016459,501.4864305241562,694.4460875437256,1059.997407158165,11,4.171064779406565,3.4109802974567938,0.05230256282914025,0.012146519126148642,0.3145057715625987,nan,0.019166767724652447,9.373874714334498,nan,01
WDWD eDR3 2638514545852367360A,2638514545852367360,1.0,1636042515805110273,2638514545852367360,537501158,2016.0,347.38604995741036,0.19036694,-1.666583886222665,0.17906478,5.428749702556071,0.21734613,24.97744,16.57267,-10.007156158010298,0.23646632,13.210231666563013,0.21468668,0.25592223,0.21614276,-0.061388906,-0.1513139,-0.09783709,-0.14313121,0.0056748227,-0.0946071,-0.037575297,0.3080041,193,0,192,1,0.8391499,210.85623,0.4882886,0.87629735,31,false,1.7456051,1e+20,1e+20,1e+20,1e+20,1e+20,1e+20,1e+20,22,15,0.36085218,28,9,0,0.034901123,37.720573,0,0,1.0418961,0.1448796,0.22888094,0.30332935,0.8157885,-80.52405,-31.263796,-50.552845,23.772131,false,234,559.9431044937771,1.3432598,416.8539,18.817007,23,391.62993661528157,11.368886,34.44752,18.856352,23,271.04553974842213,8.782969,30.860353,18.665289,0,2,0,3,0,1.1834693,0.19106293,0.039344788,0.15171814,1e+20,1e+20,0,1e+20,1e+20,1e+20,74.8216296881469,-54.72497239162987,347.7470248679545,3.448229894125399,2638514545852367360,2.6385145458523674e+18,347.38604995741036,-1.666583886222665,5.428749702556071,0.21734613,18.817007,18.856352,18.665289,1.237678881551942e+18,19.03507,18.86041,18.93479,19.05489,19.27271,0.0242523,0.009116318,0.0110676,0.01638463,0.05684227,35253360136208.0,275146510352.0,268468240.0,4503599895838736.0,275146375184.0,275280592912.0,0.060474906,2.6385145458523674e+18,1.237678881551942e+18,2.6385145458523674e+18,347.38604995741036,-1.666583886222665,5.428749702556071,0.21734613,18.817007,18.856352,18.665289,1.0600347385956051e+17,18.836799621582,18.9111003875732,19.0468006134033,19.2108993530273,19.2646007537842,0.0073339999653399,0.0049660000950098,0.00716299982741475,0.0170869994908571,0.0521529987454414,115000,115000,115000,115000,115000,436527104,52,0.022920879,2.6385145458523674e+18,1.0600347385956051e+17,0.0,0.0,0.0,0.0,0.0,0.0,0.0,0.0,0.0,0.0,0.0,0.0,0.0,0.0,0.0,0.0,0.0,0.0,0.0,2.6385145458523674e+18,347.38604995741036,-1.666583886222665,5.428749702556071,0.21734613,18.817007,18.856352,18.665289,8439107,19.1682,19.0244,0.0,18.9748,19.1011,19.0719,0.0216,0.0193,0.0,0.1306,0.0174,0.025,0,0,0,0,2,0,0,0,0,0,3,0,2,12,2,0.55331427,2.6385145458523674e+18,8439107,0.0,0.0,0.0,0.0,0.0,0.0,0.0,0.0,0.0,0.0,0.0,0.0,0.0,0.0,0.0,0.0,0.0,3.4590666720524177,5.4126933049287365,0.17348115365941214,10608.65510289692,313.5097832107185,296.61023534099695,8.270599778950587,0.04932071383922931,0.052698445951431694,0.7705139172322657,0.03302250370694104,0.034673600582792674,0.8016257699296319,0.013141365186342568,0.012329724811785958,4.828922348061585,0.17659092891412342,3.136438060065592,0.1854203239721528,0.06224455383928323,0.40344724641661106,0.07323246895459234,0.06361666418173971,1.2050730163462429,0.07426315791238414,0,0.1743573069139317,3.3449405796309133,0.16597960246391308,0.04277378729336297,0.3340699558354263,0.05616843494466132,0.04474698155606338,1.1356957257650582,0.05750578404010349,0,DC,18.8868,18.809,18.9025,18.9724,19.2231,1.2840195399576115e-31,2.6620267537389557e-32,2.7330080585075497e-32,2.4495220585575478e-32,4.02866399646365e-32,0.06,0.0,0.82,0.0,0.12,0.0,9617,8.011,0.586,598,0.108,0.091,-0.031,0.0578,logH/He=-5,0.0,-2.9177,2684.6534,,,,,,,,9543.679712806064,177.29436649927084,172.17411341884144,8.039087078705865,0.03932339893322201,0.040757294654596876,0.6030720408287316,0.023652076955895107,0.02529588223678647,0.7837336755727229,0.01234606815464867,0.012711336208404034,14.575618536967518,9094.889219732395,187.16920720977396,195.10263764707997,7.883614993930643,0.05255900277939585,0.053842693837850675,0.5118635322424114,0.02989136684652649,0.029510796572428777,0.7182760920226421,0.014750710116529286,0.013558311057835226,0.2618409704532708,1.2309979111382097,0.7575555073484024,4.210715954990252,5.553963383005462,7.211591541166057,4.210734054652271,6.337697058578185,7.211602743820962,01,0.25969910379258443,0.38222008898706783,0.2563926722191904,118.92996112846845,171.23125122571426,2429.2204487032063,118.929962043223,171.9495273177369,2429.220448741043,11
WDWD eDR3 2676567307551465088A,2676567307551465088,1.0,1636042515805110273,2676567307551465088,647560790,2016.0,329.66265410837985,0.090918265,-2.6546893633923827,0.080687426,35.67030213187298,0.10397367,343.07053,96.580025,-92.5912191739573,0.118613,-27.46938588144804,0.09343891,0.27677456,0.41136938,-0.4252573,-0.26118317,0.053406063,-0.1096021,-0.5320485,-0.40958443,-0.29868057,0.16477777,160,0,160,0,1.0211264,180.33511,0.17204437,0.6970072,31,false,1.4817209,1e+20,1e+20,1e+20,1e+20,1e+20,1e+20,1e+20,19,13,0.17936489,23,11,0,0.07045579,72.54703,0,0,1.0563622,0.27879533,0.25507808,0.32855052,0.73356754,-66.423935,-24.474358,-52.162796,24.813858,false,185,2737.014600191566,2.5070992,1091.7058,17.094173,23,1254.032419053909,12.281605,102.10656,17.59277,21,2110.642098659787,11.1945,188.54277,16.43686,0,1,0,1,0,1.2293228,1.1559105,0.4985962,0.6573143,1e+20,1e+20,0,1e+20,1e+20,1e+20,55.97402765194439,-42.00769635859356,330.8251532554835,9.102608963692816,2676567307551465088,2.676567307551465e+18,329.66265410837985,-2.6546893633923827,35.67030213187298,0.10397367,17.094173,17.59277,16.43686,1.237678879933596e+18,19.56273,17.81292,17.05592,16.77313,16.64449,0.03224377,0.005928207,0.005512154,0.00585361,0.008963608,68988047360.0,275280592896.0,268468224.0,4503599895973888.0,268468224.0,402685952.0,0.11633273,2.676567307551465e+18,1.237678879933596e+18,2.676567307551465e+18,329.66265410837985,-2.6546893633923827,35.67030213187298,0.10397367,17.094173,17.59277,16.43686,1.048132966275449e+17,17.7064990997314,17.0617008209229,16.7924003601074,16.7110996246338,16.6504001617432,0.00369399995543063,0.00194400001782924,0.00184599997010082,0.00265999999828637,0.00684100016951561,115000,115000,115000,115000,115000,436527104,52,0.0140034575,2.676567307551465e+18,1.048132966275449e+17,2.676567307551465e+18,329.66266698075873,-2.654685577958267,35.78547048631592,0.2748657147751056,17.110209,17.60099,16.43433,21583914-0239163,15.816,15.652,15.247,0.068,0.147,0.159,ABC,0.10719464258868382,2.676567307551465e+18,21583914-0239163,2.676567307551465e+18,329.66265410837985,-2.6546893633923827,35.67030213187298,0.10397367,17.094173,17.59277,16.43686,5581887,0.0,0.0,17.4994,17.0512,16.7748,16.6652,0.0,0.0,0.0374,0.0165,0.0167,0.0072,0,0,0,0,0,0,0,0,0,0,0,0,0,0,0,0.16846846,2.676567307551465e+18,5581887,0.0,0.0,0.0,0.0,0.0,0.0,0.0,0.0,0.0,0.0,0.0,0.0,0.0,0.0,0.0,0.0,0.0,137.7057491080394,35.70184977033176,0.07685850703736953,4865.076120257741,58.3809134430929,58.3809134430929,7.866416439561863,0.038,0.038,0.5006657546281115,0.007634362269526982,0.007789526213279637,4.993415975197703,0.10188101810535989,0.11134952727699163,4.360513702748571,0.09542952836908702,0.1458219328513935,0.09736907766599578,1135.3527059689418,1922.7870824400106,nan,1135.352710540095,1927.7804984152083,nan,11,0.06632808227217157,0.2849327074553566,0.06767616171398483,370.076324802644,469.8536933233418,518.244633186623,370.07633882642904,474.8471092985395,518.2446451488472,11,DC:,19.7051,17.8163,17.046,16.7821,16.6473,1.1621184016820102e-31,2.767555898919483e-32,3.990409927775327e-32,4.86877925519667e-32,7.156859218468442e-32,0.18,0.0,0.32,0.0,0.0,0.02,4914,7.921,0.532,31,0.017,0.014,-0.1372,0.0206,Pure H,0.0,-4.0358,-0.2246,DC,,,,,LDT Deveny,,4797.864468393287,9.528179190618175,10.270566232148667,7.8208792388757225,0.008905924792409259,0.009298651532958502,0.46461747027283035,0.004879493730128581,0.005040505619617497,4.739469459097746,0.06376979815552364,0.06508529602110702,70.94269409306905,3371.2465218617617,3128.661097121744,18.237229357427623,7.253146011903713,1.5864519716732293,0.023168064774353958,0.2259102548574919,0.8810183719555729,0.006966577555027137,4.0396534181495785,0.48886605189952803,0.07130817318639693,0.04239351633473998,-0.028258294762550484,0.043792403298153815,nan,nan,nan,nan,nan,nan,11,7.65437334453147,-2.1021698100999813,0.060526303692677086,nan,nan,nan,nan,nan,nan,11
WDWD eDR3 2676567307551465088B,2676566272464334720,1.0,1636042515805110273,2676566272464334720,1446285583,2016.0,329.6959589702344,0.08946858,-2.673567056626576,0.07820281,35.73985670231318,0.11412252,313.17093,95.06803,-91.38129521849909,0.11949266,-26.218100844108022,0.095038034,0.21669234,0.41827103,-0.4258048,-0.26366264,-0.039393503,-0.03159256,-0.39079046,-0.47297966,-0.4247298,0.21264228,154,0,154,0,0.2193001,158.61551,0.0,1.6464254e-15,31,false,1.476057,1e+20,1e+20,1e+20,1e+20,1e+20,1e+20,1e+20,18,13,0.18379526,21,10,0,0.0838937,72.56378,0,0,1.0104848,0.28154162,0.25061068,0.3832069,0.74474907,-74.147156,-28.66353,-52.120876,25.578022,false,165,2600.0307243837083,2.6124918,995.23016,17.149921,19,1146.3405804583,12.649262,90.62509,17.690258,19,2040.7804423935593,13.392115,152.38672,16.473404,0,1,0,1,0,1.2258013,1.2168541,0.5403366,0.6765175,1e+20,1e+20,0,1e+20,1e+20,1e+20,55.97883611736185,-42.04578082150727,330.85009467022985,9.073340716208584,2676566272464334720,2.676566272464335e+18,329.6959589702344,-2.673567056626576,35.73985670231318,0.11412252,17.149921,17.690258,16.473404,1.2376799966187359e+18,19.69596,17.89869,17.1143,16.82211,16.69664,0.03852046,0.006108338,0.005598425,0.00569259,0.009599859,68987912192.0,275280592896.0,268468224.0,4503599895838720.0,268468224.0,402685952.0,0.057576124,2.676566272464335e+18,1.2376799966187359e+18,2.676566272464335e+18,329.6959589702344,-2.673567056626576,35.73985670231318,0.11412252,17.149921,17.690258,16.473404,1.0479329696066222e+17,17.7910995483398,17.111400604248,16.8342990875244,16.7360992431641,16.6874008178711,0.00204900000244379,0.00615100003778934,0.00224899989552796,0.00257500004954636,0.00493500009179115,115000,115000,115000,115000,115000,436527104,52,0.011740539,2.676566272464335e+18,1.0479329696066222e+17,2.676566272464335e+18,329.6959716199066,-2.673563408519406,35.51951088441371,0.2729888630241613,17.168663,17.677704,16.47753,21584713-0240241,15.827,15.657,15.111,0.068,0.155,0.151,ABB,0.1925847078265787,2.676566272464335e+18,21584713-0240241,2.676566272464335e+18,329.6959589702344,-2.673567056626576,35.73985670231318,0.11412252,17.149921,17.690258,16.473404,5581895,0.0,0.0,17.5455,17.1204,16.8012,16.7147,0.0,0.0,0.0191,0.0272,0.0228,0.0194,0,0,0,0,0,0,0,0,0,0,0,0,0,0,0,0.17673658,2.676566272464335e+18,5581895,0.0,0.0,0.0,0.0,0.0,0.0,0.0,0.0,0.0,0.0,0.0,0.0,0.0,0.0,0.0,0.0,0.0,137.7057491080394,35.70184977033176,0.07685850703736953,4801.195675420413,57.614348105044954,57.614348105044954,7.857269079324709,0.038,0.038,0.49505361736915965,0.00804963880256348,0.007874494035954345,5.225415820405107,0.12107553741569822,0.1261756455703068,5.838028002823482,nan,0.07567021711449573,0.09843117544942881,nan,nan,nan,nan,nan,nan,11,0.06993604520037777,0.2361739128510837,0.06841437042531973,514.5307584005228,844.7050373018293,741.7976159382986,514.5307726458185,849.9304531222344,741.797626669186,11,DC:,19.5059,17.9059,17.117,16.8115,16.6774,1.6626969778968323e-31,3.162041390913415e-32,4.50598874935468e-32,5.331768678399086e-32,8.197418091039852e-32,0.14,0.0,0.38,0.0,0.0,0.01,4842,7.91,0.525,38,0.021,0.016,-0.0906,0.0307,Pure H,0.0,-4.056,-0.2678,DC,-99.0,,,,Tremblay2020,2020MNRAS.497..130T,4751.914819334096,9.467259269378701,9.877862471353183,7.821551344991484,0.008997948413210999,0.00940089773115016,0.4648857946420242,0.004925231381946005,0.005098731158832193,4.84565972342461,0.06670960255372016,0.0626889166410951,68.07569524574079,6499.172346676407,0.841805257343367,3161.8975494854462,8.87361479691246,0.004224489112885976,1.606274325198732,1.1243764003448533,0.002185612670563497,0.8941466691772738,4.453120129735472,0.008015901573989126,0.2556001974149593,0.042790889504309204,-0.025927066533238285,0.04429827244858553,nan,nan,nan,nan,nan,nan,11,0.021725772073195593,6.907717697264945,8.888137864585232,0.0413385350554863,0.05416183717372346,0.00037215439812289926,0.04210854020952936,4.507281966909196,0.25560046834358935,11
WDWD eDR3 2757867396332920576A,2757867396332920576,1.0,1636042515805110273,2757867396332920576,466506261,2016.0,353.13433822662387,0.15908627,8.041625244013076,0.13803455,3.790002070757012,0.21111134,17.952621,13.49033,10.036099436839995,0.22007103,-9.014749427943778,0.16070598,0.18724537,0.19012071,-0.08257296,-0.24986888,-0.44189176,-0.34103444,0.021238651,0.331219,-0.12131904,0.3123623,194,0,193,1,-1.4203538,168.23888,0.0,0.0,31,false,1.786212,1e+20,1e+20,1e+20,1e+20,1e+20,1e+20,1e+20,22,14,0.32556325,28,7,0,0.082932346,63.320763,0,0,0.9259238,0.2963607,0.34927192,0.42743918,0.57803464,-130.8931,-17.53322,-50.374645,22.9081,false,230,999.1581444072704,1.8009462,554.7962,18.188282,23,746.0180996798288,17.22936,43.299232,18.15667,22,380.875358332261,18.37281,20.730381,18.295938,0,0,0,0,0,1.1278429,-0.13926888,-0.031612396,-0.10765648,1e+20,1e+20,0,1e+20,1e+20,1e+20,91.62564948371471,-49.97279331993455,356.9167492179881,10.103808576639674,2757867396332920576,2.757867396332921e+18,353.13433822662387,8.041625244013076,3.790002070757012,0.21111134,18.188282,18.15667,18.295938,1.23766968172177e+18,17.98563,18.04056,18.35499,18.54218,18.78788,0.01279779,0.006302597,0.007961735,0.01135093,0.03799474,68987912704.0,276856832.0,268468224.0,4503599895838720.0,268468224.0,275280593408.0,0.015779585,2.757867396332921e+18,1.23766968172177e+18,2.757867396332921e+18,353.13433822662387,8.041625244013076,3.790002070757012,0.21111134,18.188282,18.15667,18.295938,1.1765353134287043e+17,18.1047992706299,18.3481006622314,18.5902996063232,18.7963008880615,18.9883995056152,0.0028180000372231,0.00499599985778332,0.00470300018787384,0.00871699955314398,0.0237080007791519,115000,115000,115000,115000,115000,436527232,52,0.0089801615,2.757867396332921e+18,1.1765353134287043e+17,0.0,0.0,0.0,0.0,0.0,0.0,0.0,0.0,0.0,0.0,0.0,0.0,0.0,0.0,0.0,0.0,0.0,0.0,0.0,0.0,0.0,0.0,0.0,0.0,0.0,0.0,0.0,0,0.0,0.0,0.0,0.0,0.0,0.0,0.0,0.0,0.0,0.0,0.0,0.0,0,0,0,0,0,0,0,0,0,0,0,0,0,0,0,0.0,0.0,0,0.0,0.0,0.0,0.0,0.0,0.0,0.0,0.0,0.0,0.0,0.0,0.0,0.0,0.0,0.0,0.0,0.0,615.2342093684302,3.716089739330771,0.19943617917385698,19710.43037282601,1476.014638686127,1443.6427201126644,8.060231287108358,0.08578970578723677,0.09004688298850283,0.6577818939122642,0.05396202172207942,0.05426988580901393,0.08337617933088637,0.009999884400678699,0.008463781215490587,2.4164383192471384,0.6745252715259928,2.109773673903302,0.6783735726126738,0.6785570275265658,1.2464511950857737,2.088464957388422,0.6786307075970814,1.3298273744166602,2.088482107615932,0,1.265340363932738,2.506152334932538,0.5156714820336634,0.3222748786414503,0.7700599069440867,4.634177112166857,0.3224299847895485,0.853436086274973,4.634184841212488,0,DB,18.3082,18.0742,18.3524,18.579,18.9447,2.8781910083033113e-31,3.616310005721279e-32,3.425039387549459e-32,2.797182311870459e-32,4.269164815723777e-32,0.01,1.0,0.02,0.0,0.0,0.0,13730,7.734,0.447,0,0.063,0.042,-0.0468,0.0081,Pure He,0.0,-2.1392,1968.3315,DBA,36503.0,399.0,7.818,0.037,Kepler2016,2016MNRAS.455.3413K,16646.51511676473,2000.97627999237,1537.1803607592428,7.937704986167377,0.15907093232054237,0.1537115142369041,0.5572562805309458,0.0950170080011904,0.08276452224242936,0.12613339057497946,0.012174822713675593,0.013386646874919972,0.8177033412772864,16644.238992154515,2131.8723574106625,1544.189261300431,7.946602124182538,0.162773694726269,0.153005686474029,0.5624490438539115,0.09849691644280556,0.08335510902052845,0.12834090821277988,0.012299767607970274,0.014495007482380834,0.8255170113048681,0.7765967031359323,1.4316645129014414,26.375921686303673,27.47674074330986,nan,26.375924496182733,27.60287413388484,nan,11,0.855750794463992,0.8217119361764683,1.4857153694161718,21.713385454289703,22.688236225185914,nan,21.713388937953532,22.816577133398695,nan,11
WDWD eDR3 2773334982315549824A,2773334982315549824,1.0,1636042515805110273,2773334982315549824,1606851654,2016.0,358.8146029254078,0.052816905,17.141964655645904,0.036774173,7.0567520453748545,0.06518984,108.24926,56.138165,55.90090171181216,0.0686862,5.155852867501839,0.04409126,0.33115557,0.18195948,0.002562274,-0.19026895,-0.111205295,-0.21124512,0.27439338,-0.08110733,-0.29663557,0.2142672,381,0,380,1,0.6319703,481.7203,0.20459488,2.9102917,31,false,1.8246374,1e+20,1e+20,1e+20,1e+20,1e+20,1e+20,1e+20,43,18,0.09680103,57,9,0,0.15864761,61.450962,0,0,1.0222692,0.14219306,0.5898276,0.19071312,0.08167322,-171.06702,-22.9944,44.576893,-6.333748,false,368,5156.712450865101,3.4542632,1492.8545,16.406435,54,4065.6692811275216,10.809152,376.13214,16.315712,52,1830.4546360991799,6.9880815,261.9395,16.591497,0,1,0,1,0,1.1433882,-0.27578545,-0.09072304,-0.18506241,1e+20,1e+20,0,1e+20,1e+20,1e+20,104.22924618284311,-43.68017652526335,5.922287280824102,16.157716422470592,2773334982315549824,2.7733349823155497e+18,358.8146029254078,17.141964655645904,7.0567520453748545,0.06518984,16.406435,16.315712,16.591497,1.237679455998378e+18,16.10198,16.21854,16.58665,16.90267,17.18465,0.006032581,0.003553846,0.004526328,0.005279395,0.0125876,35255507615760.0,268468240.0,268599312.0,4503599895838736.0,268599312.0,268468240.0,0.101409696,2.7733349823155497e+18,1.237679455998378e+18,2.7733349823155497e+18,358.8146029254078,17.141964655645904,7.0567520453748545,0.06518984,16.406435,16.315712,16.591497,1.2857358814469085e+17,16.2847003936768,16.5977993011475,16.9043998718262,17.1396999359131,17.3187007904053,0.00283699994906783,0.00241199997253716,0.00193799997214228,0.00535399978980422,0.00559200020506978,115000,115000,115000,115000,115000,436527104,52,0.1549089,2.7733349823155497e+18,1.2857358814469085e+17,0.0,0.0,0.0,0.0,0.0,0.0,0.0,0.0,0.0,0.0,0.0,0.0,0.0,0.0,0.0,0.0,0.0,0.0,0.0,0.0,0.0,0.0,0.0,0.0,0.0,0.0,0.0,0,0.0,0.0,0.0,0.0,0.0,0.0,0.0,0.0,0.0,0.0,0.0,0.0,0,0,0,0,0,0,0,0,0,0,0,0,0,0,0,0.0,0.0,0,2.7733349823155497e+18,358.81459483215673,17.141963941259526,16.419,16.277134,16.585594,16.452,0.078,16.382,0.064,16.264,0.016,16.617,0.0,0.0,0.0,0.5359790612361675,24.398740274243536,7.070409365610055,0.06007067449363539,22078.49874973958,572.9021525821772,555.1985753769659,8.013306965978003,0.038,0.038,0.635973478337216,0.019423151858516056,0.018404310622198914,0.04127604352071139,0.0022336301618912716,0.0020864423857121232,3.7539209772537028,0.24278939823145085,1.8371684792151997,0.2300538827774865,0.26515297344061683,1.5836099328016582,0.7857003582318101,0.26516238124609715,1.6248859763223695,0.7857031285208324,0,0.5974213113806444,2.1333360436862794,0.3172095296816888,0.3872512925321872,1.210778712412606,1.4570783571625865,0.38725773416621356,1.2520547559333173,1.4570798509873955,0,DB,16.0037,16.2228,16.6066,16.8954,17.1744,2.0281074788361696e-31,4.871578066377518e-32,4.294347030410611e-32,2.9006902480358127e-32,3.789918458373725e-32,0.0,1.0,0.0,0.0,0.0,0.0,22814,8.101,0.662,0,0.01,0.008,0.0403,0.0813,Pure He,0.0,-1.454,1337.8872,DB,21470.0,440.0,8.12,0.03,Andrews2015,2015ApJ...815...63A,21400.68412609418,1308.7247898354872,904.9080137743476,8.054377193117574,0.041320774133744465,0.0406223820598548,0.6318383549976396,0.02625421073913936,0.024426081752280004,0.05507976308952424,0.006034686880249968,0.009214731884499186,1.3519738995438113,21416.752994486487,1224.046460581816,936.2787931589482,8.061346832540632,0.0394819698714155,0.040876548191002726,0.6362306614860243,0.02550337723882612,0.025246531100321046,0.05573590520914776,0.006583282832396106,0.008892798190409001,0.7925663679186679,2.056531515668015,0.42540586785810186,0.5449730515459893,1.337751579826211,3.74305526803193,0.5450064626746092,1.3928313429157353,3.7430666105247563,00,0.783033222652038,2.1381432053462475,0.42064871183815855,0.4770946082456392,1.2037630954699583,2.828529528428869,0.47714002643868736,1.259499000679106,2.8285435077180088,00
WDWD eDR3 2790494815860044544B,2790494850219788160,1.0,1636042515805110273,2790494850219788160,730664345,2016.0,16.240488208977617,0.09775115,21.33625794649858,0.07684265,30.80437025180992,0.11375288,270.80078,485.5741,-208.3978464524865,0.14719237,-438.5801311376935,0.100715555,0.26032498,0.13490702,0.21097146,0.08429516,-0.089334086,0.073883675,-0.038304143,-0.20298736,0.10213102,0.2969572,251,0,250,1,-1.5291398,221.25412,0.0,0.0,31,false,1.4754288,1e+20,1e+20,1e+20,1e+20,1e+20,1e+20,1e+20,29,14,0.2120713,31,11,0,0.00945416,39.385574,0,0,0.9303935,0.20834775,0.3378802,0.13923456,0.5029742,-37.942314,-23.698086,-47.48829,19.210464,false,262,1430.2616169663854,1.6120008,887.2586,17.798828,27,609.6069870958854,14.579965,41.81128,18.375917,29,1120.2497798178288,12.567622,89.137764,17.124609,0,0,0,0,0,1.2094687,1.2513084,0.5770893,0.67421913,1e+20,1e+20,0,1e+20,1e+20,1e+20,127.1332875745963,-41.42514144914489,23.22375096429246,13.308601322253438,2790494850219788160,2.7904948502197883e+18,16.240488208977617,21.33625794649858,30.80437025180992,0.11375288,17.798828,18.375917,17.124609,1.237679541358363e+18,20.33568,18.58612,17.76476,17.46663,17.33152,0.07745077,0.009032848,0.006496758,0.006342291,0.01366166,35253360132112.0,402685968.0,268468240.0,4503599895969808.0,268468240.0,268468240.0,0.09459304,2.7904948502197883e+18,1.237679541358363e+18,2.7904948502197883e+18,16.240488208977617,21.33625794649858,30.80437025180992,0.11375288,17.798828,18.375917,17.124609,1.336001624082749e+17,18.4531993865967,17.7658996582031,17.4724006652832,17.3784999847412,17.2665004730225,0.00709800003096461,0.00453699985519052,0.00383999990299344,0.00870999973267317,0.0112720001488924,115000,16696,16696,16696,115000,436527104,52,0.011512182,2.7904948502197883e+18,1.336001624082749e+17,2.7904948502197883e+18,16.24051931115228,21.33631886109266,30.97232721531216,0.13445625739392017,17.819618,18.323736,17.136301,01045796+2120187,16.734,16.267,15.589,0.11,0.164,0.188,BCC,0.48010232661589736,2.7904948502197883e+18,01045796+2120187,0.0,0.0,0.0,0.0,0.0,0.0,0.0,0.0,0,0.0,0.0,0.0,0.0,0.0,0.0,0.0,0.0,0.0,0.0,0.0,0.0,0,0,0,0,0,0,0,0,0,0,0,0,0,0,0,0.0,0.0,0,0.0,0.0,0.0,0.0,0.0,0.0,0.0,0.0,0.0,0.0,0.0,0.0,0.0,0.0,0.0,0.0,0.0,27.842804512470813,30.72893364832695,0.07909711131786677,4752.746439001844,57.03295726802213,57.03295726802213,8.082725154487303,0.038,0.038,0.6297795732191536,0.014447708078404887,0.015058132893902131,8.10280882957012,0.16903756422141686,0.1617340319644389,5.602308898786752,0.18059635098006122,1.7597446652394197,0.1882266611737764,0.3857974440111022,1.776181467357838,0.6646796694042542,0.421204660377125,9.87899029692796,0.6840737971994124,0,0.518782221391034,2.018476399614668,0.27254947861652834,0.39307420412522004,1.386467151247844,1.4980210949371602,0.4278796887754603,9.489275980817965,1.506726616865914,0,DC,21.3408,18.5902,17.7573,17.4615,17.3237,4.470300902094178e-31,2.2557904823159682e-32,2.9348630644113795e-32,3.1165486691727375e-32,4.900709586584383e-32,0.13,0.0,0.81,0.0,0.0,0.09,4787,8.119,0.653,47,0.022,0.02,0.2826,0.4854,Pure H,0.0,-4.1901,-0.3373,DC,,,,,LDT Deveny,,4678.644421111569,24.891241694708697,23.373616998557736,8.029249651731028,0.018775922972677606,0.01844873739102404,0.5858862954476569,0.012143009761686585,0.011650496320718795,6.703070735336954,0.09874605315811902,0.09957117481738198,31.378399759650975,3966.3656475212974,2533.414474388829,180.0899166318627,8.203952010762215,0.7729166519014736,0.1350984503277548,0.6982099903448051,0.4764172246460263,0.08815167483716568,8.480346934123688,0.28756518035436684,4.257174387896668,0.1054996504056176,1.0253370586243,0.12372861984079986,3.457229169541045,10.464323454419977,4.842544357704155,3.458639084053115,17.167394189756934,4.843567928210243,01,5.048302462946877,2.9103595063767567,0.5169536273572883,0.19117405012924332,0.501886755014135,nan,0.3453132641458448,8.982233689137823,nan,01
WDWD eDR3 2826513613811295232A,2826513613811295232,1.0,1636042515805110273,2826513613811295232,1052762832,2016.0,354.2759487236055,0.16023578,21.38980950376938,0.12891316,4.587828552022331,0.22356099,20.521597,80.00222,72.71181160147938,0.21458209,33.366863537306415,0.15723893,0.17833295,-0.010187768,0.097423725,-0.059766673,-0.3567321,-0.122713864,0.48817968,-0.0045362664,-0.43463647,0.05718206,369,0,366,3,0.020604905,375.1659,0.0,0.0,31,false,1.744894,1e+20,1e+20,1e+20,1e+20,1e+20,1e+20,1e+20,42,19,0.297903,49,11,0,0.071948774,73.78798,0,0,0.9998435,0.15998036,0.41117072,0.21936327,0.32406095,-110.2317,-18.49166,-48.915432,20.016937,false,409,601.1201164492866,1.0682344,562.723,18.739964,46,417.52507381114845,8.615662,48.461174,18.786837,43,261.6194386853742,6.3163457,41.41943,18.70372,0,2,0,2,0,1.1297983,0.08311653,0.046873093,0.03624344,1e+20,1e+20,0,1e+20,1e+20,1e+20,100.72910610912982,-38.256007195387724,3.697348452342359,21.811641967098883,2826513613811295232,2.826513613811295e+18,354.2759487236055,21.38980950376938,4.587828552022331,0.22356099,18.739964,18.786837,18.70372,1.2376802972788326e+18,18.77489,18.65871,18.85552,19.01054,19.18621,0.02034447,0.008038781,0.01307584,0.01653267,0.05794284,68987912192.0,419463168.0,285245440.0,4503599921004544.0,275163152384.0,275297370112.0,0.03863433,2.826513613811295e+18,1.2376802972788326e+18,2.826513613811295e+18,354.2759487236055,21.38980950376938,4.587828552022331,0.22356099,18.739964,18.786837,18.70372,1.3366354275840826e+17,18.7282009124756,18.8500003814697,19.0319995880127,19.1725997924805,19.3969993591309,0.004056999925524,0.00863800011575222,0.00993099994957447,0.0143370004370809,0.0198180004954338,115000,115000,115000,115000,115000,436527104,52,0.2748202,2.826513613811295e+18,1.3366354275840826e+17,0.0,0.0,0.0,0.0,0.0,0.0,0.0,0.0,0.0,0.0,0.0,0.0,0.0,0.0,0.0,0.0,0.0,0.0,0.0,0.0,0.0,0.0,0.0,0.0,0.0,0.0,0.0,0,0.0,0.0,0.0,0.0,0.0,0.0,0.0,0.0,0.0,0.0,0.0,0.0,0,0,0,0,0,0,0,0,0,0,0,0,0,0,0,0.0,0.0,0,0.0,0.0,0.0,0.0,0.0,0.0,0.0,0.0,0.0,0.0,0.0,0.0,0.0,0.0,0.0,0.0,0.0,14.11487514724425,4.5475568977358725,0.1902949101101369,12931.548440689505,843.7698540325146,708.0643272943562,8.255275894038988,0.06298911997373402,0.05644865967279422,0.7652060570302324,0.04228767981412973,0.03740880252108847,0.46430696628619117,0.032831352594410945,0.0335475967847213,3.7792842155013036,0.22613732520925023,3.1080537809103337,0.2000470723052854,0.06897355078934962,0.4144275220276149,0.1019469985483455,0.07638879774986333,0.8787344883138061,0.10732488883314346,0,0.22298010204743068,3.315137883381428,0.1855571068861428,0.049608603273893714,0.3432794257789767,0.07729736132265497,0.059488748784666104,0.8075863920651678,0.08426341624617008,0,DB,19.271,18.7003,18.8603,18.9919,19.1566,1.2858504400103031e-31,1.9965750368111238e-32,1.9895213403755151e-32,1.8396417831123576e-32,3.0859194689064534e-32,0.05,0.71,0.44,0.0,0.0,0.01,9483,7.745,0.441,0,0.058,0.039,-0.0399,0.0504,Pure He,0.0,-2.799,2575.4327,,,,,,,,11494.20957221639,440.8731909543585,410.6545058787269,8.060670404119474,0.06277190450284031,0.06291672259756798,0.61943484264454,0.03926676479675972,0.03814479066549048,0.4932909602124598,0.01126115005451489,0.011066012756709542,1.8463727410081687,11260.451235116765,501.42074074610355,446.1922328379733,8.01483627711623,0.07970305474988315,0.08133204121706328,0.5918515806310495,0.04920551975142462,0.04800975984681066,0.48604661256847115,0.010320139014206697,0.009494179021353466,0.65357089829377,1.629227525989515,0.8740436037829984,1.4431046076690508,2.2156524281521928,10.25178960368427,1.4431485447368873,2.7089433883646525,10.251795576134318,01,0.4275023436266254,1.0771640367597697,1.1283572772928103,7.679989408140684,8.784480919894515,40.32822826095376,7.679996342083919,9.270527532462985,40.32822937852621,01
WDWD eDR3 2839231634746334976A,2839231634746334976,1.0,1636042515805110273,2839231634746334976,566929436,2016.0,349.56348005477133,0.20423897,23.753159989733806,0.17031324,10.199753856572205,0.2599493,39.237476,16.842749,-16.63725022752485,0.24260549,-2.622986880095189,0.21869645,0.17221168,0.18909027,0.17410296,-0.37186393,-0.059704885,-0.329278,0.16682531,-0.026660511,-0.36705318,0.07086649,309,0,308,1,-0.3403562,308.51846,0.0,0.0,31,true,1.5764872,1e+20,1e+20,1e+20,1e+20,1e+20,1e+20,1e+20,35,18,0.34387863,43,8,0,0.027892068,58.619923,0,0,0.98511106,0.15124361,0.38146624,0.17545927,0.40482706,-101.086655,-31.885542,-46.849297,30.142948,false,351,476.3665217205546,1.1448565,416.0928,18.992514,40,268.58265011413005,10.036549,26.76046,19.265848,41,273.3065780154776,8.63662,31.645086,18.656271,0,0,0,2,0,1.1375468,0.6095772,0.2733345,0.33624268,1e+20,1e+20,0,1e+20,1e+20,1e+20,96.92119624769065,-34.36874133693763,0.5158310840948359,25.817810305391962,2839231634746334976,2.839231634746335e+18,349.56348005477133,23.753159989733806,10.199753856572205,0.2599493,18.992514,19.265848,18.656271,1.2376785406250847e+18,20.12754,19.32867,19.01351,18.8929,18.97721,0.043939,0.0109152,0.01088385,0.01263808,0.04015771,35253360132112.0,275146506256.0,276856848.0,4503599895838736.0,268468240.0,275280592912.0,0.030539198,2.839231634746335e+18,1.2376785406250847e+18,2.839231634746335e+18,349.56348005477133,23.753159989733806,10.199753856572205,0.2599493,18.992514,19.265848,18.656271,1.3650349563471437e+17,19.2868003845215,18.9923992156982,18.9008007049561,18.8808002471924,18.8582992553711,0.0145129999145865,0.00603799987584352,0.00841300003230572,0.0144859999418259,0.0314560011029243,115000,115000,115000,115000,115000,436527104,52,0.026165783,2.839231634746335e+18,1.3650349563471437e+17,0.0,0.0,0.0,0.0,0.0,0.0,0.0,0.0,0.0,0.0,0.0,0.0,0.0,0.0,0.0,0.0,0.0,0.0,0.0,0.0,0.0,0.0,0.0,0.0,0.0,0.0,0.0,0,0.0,0.0,0.0,0.0,0.0,0.0,0.0,0.0,0.0,0.0,0.0,0.0,0,0,0,0,0,0,0,0,0,0,0,0,0,0,0,0.0,0.0,0,0.0,0.0,0.0,0.0,0.0,0.0,0.0,0.0,0.0,0.0,0.0,0.0,0.0,0.0,0.0,0.0,0.0,5.02647043722314,10.324511918313041,0.20793652286786363,6311.427018984996,75.73712422781995,75.73712422781995,8.150825016640882,0.038,0.038,0.6828724785297533,0.02017607198404271,0.019384627195794053,2.811153780564008,0.15206824455049547,0.15378391119539694,3.2321886457652504,0.25220089980053384,2.4234059816219164,0.24230783994742522,0.20130642765033602,0.8496915946865591,0.3077345307710463,0.2522875914784738,3.660845375250567,0.34402039586546285,0,0.23034253685054207,2.806502174253827,0.13850729257448968,0.07055013916417259,0.5547875741572991,0.15693561684840465,0.16763672967686233,3.3659413547213073,0.21972318762056728,0,DA,20.0943,19.2686,19.0297,18.9232,18.9425,1.2801985462500442e-31,1.769020857095323e-32,1.8997214844843408e-32,1.967905880613986e-32,3.1565716519936956e-32,0.94,0.0,0.29,0.0,0.0,0.0,6650,8.284,0.771,211,0.059,0.054,-0.1801,0.0218,Pure H,0.0,-3.7121,-0.9171,DC,-99.0,,,,Kilic2020,2020ApJ...898...84K,6176.593675041584,64.79634468671702,61.88372224304294,8.073780206059759,0.029201723132038282,0.02913296617106198,0.6171927867190996,0.018243172340774105,0.01761575873789445,2.672282860825274,0.08022374639222285,0.07145194633613627,11.333053705655047,5309.934056603442,1186.4846427269194,130.09576911079694,7.946376644043007,0.24048266032252297,0.0643417548570131,0.5371626901104855,0.15378929083933313,0.03737999211909343,4.206711837552147,0.18799242468230748,1.3302849187081924,0.383235425432761,1.5549788343946473,0.5565827629323441,1.3193907418315378,2.563007902019039,4.004833041976654,1.3218274392355378,5.235290762844313,4.005470393692007,00,1.3361363235389487,0.6020216343222025,0.32476100885398307,47.93831692947482,62.8610228989361,nan,47.93868553874324,67.06773473648825,nan,11
WDWD eDR3 2841680934336158976B,2841680934336159104,1.0,1636042515805110273,2841680934336159104,1802128607,2016.0,351.97988070846975,0.09937248,26.638459265956296,0.08323068,21.746024862112574,0.14522696,149.7382,198.2924,-85.3395352621396,0.13716996,-178.9889424190749,0.10392224,0.32020575,0.14102875,-0.31305373,-0.046651173,-0.058191434,-0.086057864,0.16330214,-0.20013362,-0.23732571,0.18680216,468,0,463,5,0.32492408,487.40826,0.0,0.0,31,false,1.4730858,1e+20,1e+20,1e+20,1e+20,1e+20,1e+20,1e+20,54,20,0.19883054,63,23,0,0.037178565,39.75456,0,0,1.0100247,0.1726221,0.33660668,0.043635454,0.39979663,161.69241,-31.592297,-22.764893,24.03757,false,518,897.4673748249578,1.028124,872.9175,18.304821,54,392.5450387224917,7.1729584,54.72568,18.853819,54,674.3531701570575,6.360178,106.027405,17.675676,0,1,0,1,0,1.1887877,1.1781425,0.5489979,0.62914467,1e+20,1e+20,0,1e+20,1e+20,1e+20,100.71160540280924,-32.60428923546993,4.131000319641519,27.44963216948394,2841680934336159104,2.841680934336159e+18,351.97988070846975,26.638459265956296,21.746024862112574,0.14522696,18.304821,18.853819,17.675676,1.2376802763305126e+18,20.64771,19.03153,18.28621,18.01372,17.88644,0.1106241,0.01112359,0.0088678,0.009270906,0.02657256,105622104313872.0,70369146994705.0,268603408.0,4503599895969808.0,268599312.0,402685968.0,0.040148314,2.841680934336159e+18,1.2376802763305126e+18,2.841680934336159e+18,351.97988070846975,26.638459265956296,21.746024862112574,0.14522696,18.304821,18.853819,17.675676,1.3996351980021704e+17,18.9164009094238,18.2367000579834,18.0002002716064,17.9055995941162,17.861400604248,0.00597599986940622,0.012249999679625,0.004935999866575,0.00674099987372756,0.0112589998170733,115000,115000,115000,115000,115000,436527232,52,0.49796742,2.841680934336159e+18,1.3996351980021704e+17,0.0,0.0,0.0,0.0,0.0,0.0,0.0,0.0,0.0,0.0,0.0,0.0,0.0,0.0,0.0,0.0,0.0,0.0,0.0,0.0,0.0,0.0,0.0,0.0,0.0,0.0,0.0,0,0.0,0.0,0.0,0.0,0.0,0.0,0.0,0.0,0.0,0.0,0.0,0.0,0,0,0,0,0,0,0,0,0,0,0,0,0,0,0,0.0,0.0,0,0.0,0.0,0.0,0.0,0.0,0.0,0.0,0.0,0.0,0.0,0.0,0.0,0.0,0.0,0.0,0.0,0.0,3.719592286587052,21.681402662622137,0.07805163272180263,4871.614448677039,58.45937338412447,58.45937338412447,7.992384133465032,0.038,0.038,0.5740657578749984,0.014752754389698412,0.014633448032080885,6.494839644894325,0.21372286822272182,0.21715875315875252,3.995960203844045,0.18440942987122966,1.0633219734374797,0.18291810040101097,3.869619415347886,9.197230076917416,8.817835164129296,3.8755169828087017,15.692069721811741,8.820508766835879,0,0.12817336567939486,0.9226390779756592,0.12713682043510754,5.522304752613808,15.151393620810031,10.194548823825562,5.526438929830166,21.646233265704357,10.196861460539543,11,DC,20.8803,19.0479,18.2842,18.0138,17.8943,1.9776501026950646e-31,1.655291091992637e-32,1.9694705398348907e-32,1.989615533166912e-32,2.9704343982047857e-32,0.1,0.0,0.66,0.0,0.0,0.02,4948,8.067,0.621,54,0.026,0.023,-0.1455,0.1287,Pure H,0.0,-4.103,-0.3771,DC,,,,,LDT Deveny,,4845.484432162864,21.604558978599925,22.386774689603044,7.974549837487089,0.01739168320348572,0.017097988135492237,0.5520232570341617,0.010581569819157144,0.0102088501564076,5.931370750693807,0.08781919517341841,0.08624440645216769,18.617684749807054,6497.8551480141505,2.2915295376633367,2508.5439535381433,8.778729636118591,0.0050184201883070045,0.7733240150130349,1.073037001700869,0.002836764565335992,0.5024678615644975,4.59408975729013,3.195730184294737,0.005383331766216415,0.0919337082463696,0.7311316857876777,0.08869548354828483,10.762290621304325,33.623948780374484,18.508455342167885,10.762648913183778,39.55531953106829,18.50865627890548,11,0.028198454923814786,6.397385702791938,4.994710353523837,0.04339516433006777,0.06417538937956511,0.000707330170532614,3.1960248045188426,4.658265146669694,0.0054296019076264185,11
WDWD eDR3 2853985019206468352A,2853985019206468352,1.0,1636042515805110273,2853985019206468352,836415420,2016.0,0.596407452684616,0.089829534,27.399808766550745,0.057822924,4.769002070812809,0.12867671,37.06189,109.41705,87.25845803334823,0.13659745,66.01555144724185,0.068797946,0.24080856,0.030531773,-0.31285653,0.2689186,-0.0011564604,-0.054616973,0.49131244,0.18188697,-0.121493414,-0.28846335,403,9,401,2,0.4697273,434.24103,0.0,0.0,31,false,1.8078868,1e+20,1e+20,1e+20,1e+20,1e+20,1e+20,1e+20,46,15,0.19510825,55,9,0,0.0070357374,22.245646,0,0,1.0158911,1e+20,1e+20,1e+20,1e+20,1e+20,1e+20,1e+20,1e+20,false,468,1601.7988687420082,1.4313267,1119.1008,17.675846,51,1216.2503571449042,12.198349,99.70615,17.625984,51,610.507880783681,8.415639,72.54445,17.783667,0,1,0,1,0,1.1404417,-0.15768242,-0.049861908,-0.10782051,1e+20,1e+20,0,1e+20,1e+20,1e+20,109.75055936921605,-34.21328716946864,12.174859979022795,24.74284112080972,2853985019206468352,2.8539850192064686e+18,0.596407452684616,27.399808766550745,4.769002070812809,0.12867671,17.675846,17.625984,17.783667,1.2376633069188547e+18,17.43307,17.59853,17.85184,18.11508,18.38111,0.009877077,0.005030388,0.006370394,0.008671088,0.03098668,35253360001552.0,268468752.0,268468240.0,4503599895838736.0,268468240.0,275146375184.0,0.014942369,2.8539850192064686e+18,1.2376633069188547e+18,2.8539850192064686e+18,0.596407452684616,27.399808766550745,4.769002070812809,0.12867671,17.675846,17.625984,17.783667,1.408800059627302e+17,17.5757999420166,17.8504009246826,18.1131000518799,18.3341007232666,18.4918003082275,0.00351900001987815,0.00331999990157783,0.00522400019690394,0.0072860000655055,0.0112829999998212,115000,115000,115000,115000,115000,436527104,52,0.26631984,2.8539850192064686e+18,1.408800059627302e+17,0.0,0.0,0.0,0.0,0.0,0.0,0.0,0.0,0.0,0.0,0.0,0.0,0.0,0.0,0.0,0.0,0.0,0.0,0.0,0.0,0.0,0.0,0.0,0.0,0.0,0.0,0.0,0,0.0,0.0,0.0,0.0,0.0,0.0,0.0,0.0,0.0,0.0,0.0,0.0,0,0,0,0,0,0,0,0,0,0,0,0,0,0,0,0.0,0.0,0,0.0,0.0,0.0,0.0,0.0,0.0,0.0,0.0,0.0,0.0,0.0,0.0,0.0,0.0,0.0,0.0,0.0,5.037418737937238,4.768372828719793,0.1256520404324278,19755.902150499296,848.6729882161635,818.67625038189,8.134485951076838,0.047996234918779024,0.050392656502225464,0.7021079963891348,0.030745319191948894,0.03203082539446467,0.09885748046242837,0.006031080404918204,0.005320827414485502,4.377341241503045,0.3843164898993612,2.663849954864185,0.2780688782031917,0.16422286658491772,0.6500345482324039,0.35772786926511396,0.16433357490244735,0.7488920286948323,0.35776743794444626,0,0.254197926499232,2.943732845797387,0.20913995813076625,0.08779812369232327,0.4848876952770286,0.144926616885041,0.08800502516756123,0.583745175739457,0.1450242582677746,0,DB,17.5919,17.5369,17.8547,18.0973,18.3454,1.5247018488987604e-31,2.4536888065041446e-32,2.409313307914651e-32,2.1329136421112576e-32,3.2799264824764106e-32,0.0,1.0,0.0,0.0,0.0,0.0,14844,7.848,0.506,0,0.03,0.022,0.0255,0.0568,Pure He,0.0,-2.0644,1899.4729,DB,16755.0,100.0,7.96,0.062,Kleinman2013,2013ApJS..204....5K,16470.410201220933,1102.3449100731086,879.2521372613519,7.995660030273605,0.09194741676414431,0.08564482769010517,0.5901406282745764,0.05517542980904755,0.05013337263290074,0.14629421176315371,0.006822853045960364,0.0069515640005227974,1.9269086468409142,16434.46795862275,1170.2429553763504,916.0532336546094,8.00189656790274,0.09768772738671316,0.08844731182716181,0.5935545262602886,0.059712654221976025,0.051477603872057465,0.14958562530260533,0.0070287183066662096,0.008010802175646203,0.4793695031194396,1.062299116199621,1.1503125832415666,8.13274227179372,9.227730115304116,58.20703095098076,8.132745133762903,9.37402432706727,58.20703136608733,01,0.5187893503212511,1.0919593940946013,1.2024071030247458,7.385058914480024,8.374274633334547,61.34185283817274,7.385062259265111,8.523860258637153,61.34185336124914,01
WDWD eDR3 2876670344974144256A,2876670344974144256,1.0,1636042515805110273,2876670344974144256,1310974499,2016.0,4.128942785924079,0.16366695,36.95845083729011,0.14958613,5.3368422321072595,0.24571404,21.719728,85.174736,85.14601411843199,0.18308523,-2.2117211282213907,0.19002631,0.1279772,0.11643631,-0.46321717,0.105449446,-0.13240387,0.089616776,-0.36389694,-0.19751766,0.18173331,0.30967304,614,0,611,3,-0.16176192,628.2549,0.0,0.0,31,false,1.68701,1e+20,1e+20,1e+20,1e+20,1e+20,1e+20,1e+20,71,20,0.29967314,79,42,0,0.017791327,81.04997,0,0,0.99480796,0.34432927,0.32194418,0.49167657,0.45906362,-77.804535,-36.07844,-56.676846,25.343945,false,638,371.4415553655566,0.69489145,534.53174,19.26264,73,231.12326266741016,6.3416348,36.445377,19.428932,70,187.8888730897496,5.250037,35.788105,19.063143,0,1,0,1,0,1.1280701,0.3657894,0.16629219,0.19949722,1e+20,1e+20,0,1e+20,1e+20,1e+20,115.21628593222411,-25.389552364106386,20.11805212523629,31.920169877393825,2876670344974144256,2.8766703449741445e+18,4.128942785924079,36.95845083729011,5.3368422321072595,0.24571404,19.26264,19.428932,19.063143,1.2376661840391045e+18,19.5899,19.33094,19.33954,19.38149,19.55089,0.02810412,0.01068454,0.01269301,0.0169118,0.05850497,35253360132112.0,275146375184.0,268468240.0,4503599895969808.0,275146375184.0,275280592912.0,0.0764183,2.8766703449741445e+18,1.2376661840391045e+18,2.8766703449741445e+18,4.128942785924079,36.95845083729011,5.3368422321072595,0.24571404,19.26264,19.428932,19.063143,1.5235004128893075e+17,19.3293991088867,19.3216991424561,19.4340991973877,19.5373992919922,19.5631999969482,0.0105320001021028,0.0129990000277758,0.00540400017052889,0.0255479998886585,0.0406979992985725,115000,115000,115000,115000,115000,436527104,52,0.21115991,2.8766703449741445e+18,1.5235004128893075e+17,0.0,0.0,0.0,0.0,0.0,0.0,0.0,0.0,0.0,0.0,0.0,0.0,0.0,0.0,0.0,0.0,0.0,0.0,0.0,0.0,0.0,0.0,0.0,0.0,0.0,0.0,0.0,0,0.0,0.0,0.0,0.0,0.0,0.0,0.0,0.0,0.0,0.0,0.0,0.0,0,0,0,0,0,0,0,0,0,0,0,0,0,0,0,0.0,0.0,0,0.0,0.0,0.0,0.0,0.0,0.0,0.0,0.0,0.0,0.0,0.0,0.0,0.0,0.0,0.0,0.0,0.0,33.139650709869954,5.496962115726089,0.21464490279489254,9301.856994223204,325.29187294322765,296.56602775852843,8.310780762184956,0.06785228786620046,0.06612571744461171,0.7943468299952228,0.045061451264207464,0.04378837521602219,1.2150589999239227,0.037332448889575875,0.03425064500882269,2.513111775766424,0.2409703276160835,3.263886791418304,0.23416243431027883,0.0648315010311445,0.3591167643559075,0.0882455805543003,0.0748119994789879,1.5741757642798302,0.09465933219121025,0,0.23140534357512976,3.463412432166468,0.18718893772423817,0.04124369393038657,0.302329161227913,0.0666388985455805,0.05563051347162096,1.5173881611518358,0.07492562634298469,0,DC,19.7882,19.3392,19.323,19.3372,19.5034,6.173653603932548e-32,1.0196069015921824e-32,1.1055275660639443e-32,1.3793613852242688e-32,2.3132455450114755e-32,0.01,0.0,0.96,0.0,0.32,0.02,8044,7.884,0.509,266,0.079,0.061,-0.1372,0.0206,logH/He=-5,0.0,-3.161,2908.4429,,,,,,,,8916.24834193938,257.34629830841004,245.3563166797121,8.207555863836504,0.05641780305478328,0.05760124810504408,0.7077980526211962,0.03650312629593511,0.03800411321564512,1.1841752096372562,0.02473772784237771,0.024039214368137385,3.593749877735288,8469.391256890747,255.23006618003456,233.33561669875962,8.045505101425302,0.06856551931906019,0.06336463521204738,0.6046923455243594,0.04316241995061143,0.038674893512695485,1.0746862239858346,0.02809222637335096,0.02672687971060772,0.3037816501198112,2.9924490806609265,0.22164945834596983,0.08557150708784443,0.4600735711591318,0.17028013219607793,0.08907546241299318,1.644248780796388,0.17196862285937817,00,0.43853520516613054,1.2522617522881805,1.0134983686234142,4.217650953734071,5.242605034447577,18.18038605954942,4.217744508705634,6.317291258433412,18.180405705053943,01
WDWD eDR3 2969193561255833088A,2969193561255833088,1.0,1636042515805110273,2969193561255833088,74435791,2016.0,81.010821465789,0.17600176,-19.508896550409155,0.2234827,6.669810442675889,0.27636865,24.133745,59.828167,49.891799278372396,0.25139445,-33.01844918183613,0.29323167,0.15654041,-0.055500206,-0.00995947,-0.20637299,-0.14586718,-0.23459366,-0.44145367,0.13558148,0.13676822,0.18461873,432,0,431,1,-0.62208843,429.76886,0.0,0.0,31,false,1.6287497,1e+20,1e+20,1e+20,1e+20,1e+20,1e+20,1e+20,50,23,0.43926305,52,16,0,0.01506259,149.43813,1,0,0.9779867,0.38284656,0.17372185,0.24199241,0.14798288,-89.75026,-73.76237,39.724125,12.761348,false,440,324.8887914367121,0.8531784,380.7982,19.40803,47,198.19654153157816,6.3746543,31.09134,19.595802,46,177.9469192616039,7.0493946,25.242865,19.12217,0,0,0,0,0,1.1577606,0.4736328,0.18777275,0.28586006,1e+20,1e+20,0,1e+20,1e+20,1e+20,221.84831287421386,-27.67636068386362,78.46054337023733,-42.58875880745963,2969193561255833088,0.0,0.0,0.0,0.0,0.0,0.0,0.0,0.0,0.0,0.0,0.0,0.0,0.0,0.0,0.0,0.0,0.0,0.0,0.0,0.0,0.0,0.0,0.0,0.0,0.0,0.0,0.0,0.0,2.969193561255833e+18,81.010821465789,-19.508896550409155,6.669810442675889,0.27636865,19.40803,19.595802,19.12217,8.458081010663979e+16,19.5704002380371,19.4498996734619,19.465799331665,19.5268001556396,19.305700302124,0.0275960005819798,0.0103590004146099,0.00820800010114908,0.0263310000300407,0.0828820019960403,115000,115000,115000,115000,115000,436527104,52,0.04577281,2.969193561255833e+18,8.458081010663979e+16,0.0,0.0,0.0,0.0,0.0,0.0,0.0,0.0,0.0,0.0,0.0,0.0,0.0,0.0,0.0,0.0,0.0,0.0,0.0,0.0,0.0,0.0,0.0,0.0,0.0,0.0,0.0,0,0.0,0.0,0.0,0.0,0.0,0.0,0.0,0.0,0.0,0.0,0.0,0.0,0,0,0,0,0,0,0,0,0,0,0,0,0,0,0,0.0,0.0,0,0.0,0.0,0.0,0.0,0.0,0.0,0.0,0.0,0.0,0.0,0.0,0.0,0.0,0.0,0.0,0.0,0.0,14.513763735361984,6.569383041797351,0.23041297512988404,7406.666908966439,324.0965737598917,283.8716300020833,8.17018172940497,0.09240104458876175,0.09159454514185761,0.6986740615938773,0.06067726489698,0.058894024667466294,1.7691471402139705,0.1261048911328284,0.08670248662561453,2.19215751840976,0.75846581121225,2.620925769923467,0.44628324751687387,0.2468469937839408,0.6770750495405827,0.85430900507242,0.27719286049209746,2.446222189754553,0.8586973840270465,0,0.743177640678983,2.9143327191256625,0.36025898401749235,0.1440541677780493,0.49986295751471155,0.6576354674901772,0.19145246622033596,2.269010097728682,0.6633262615697413,0,DC,19.4068,19.5598,19.4409,19.4432,19.4992,7.357205032924292e-32,1.2793473378091987e-32,1.421686633562091e-32,1.7016477403794814e-32,2.7213548069675637e-32,0.03,0.0,0.97,0.0,0.11,0.0,7255,8.115,0.646,330,0.085,0.075,-0.076,0.032,logH/He=-5,0.0,-3.4691,3191.9587,,,,,,,,7163.106751054149,303.0581188812466,264.5626907766855,8.081287246523045,0.09660613986389777,0.0941612611798659,0.623877231267278,0.06241393175177823,0.05815498943667585,1.7228760967859844,0.08244876766621312,0.07029724118381608,5.662329548250508,6828.608449307167,306.73968916451304,445.7218716004372,7.915499713013367,0.1097629959854105,0.11357893520518836,0.5245547386860359,0.06520325450393183,0.0635040804333793,1.5722398846111565,0.08168594792781891,0.06039946019318787,0.9860121319159829,1.7991598253608119,1.0017814102709146,1.1128493046268715,1.6704694010750933,21.805783413142283,1.1158993566169795,3.3933454978610778,21.805896724578634,01,0.5664922198430214,0.49248252550856575,0.5517296301770568,89.64580371132845,99.45599682263318,nan,89.6458409277537,101.02823670724433,nan,11
WDWD eDR3 31156178097394432A,31156178097394432,1.0,1636042515805110273,31156178097394432,1638844752,2016.0,48.69268578211084,0.08862042,15.60574509756923,0.082582735,7.012534145156339,0.09982,70.25179,59.76281,-44.36485042875028,0.1178524,-40.04189837869673,0.10410233,0.25632435,0.2274835,0.16925043,0.12511171,-0.10328128,0.078488246,0.3819897,0.19459736,0.0782274,0.2722436,197,0,196,1,0.4880459,212.85178,0.0,0.0,31,false,1.7747473,1e+20,1e+20,1e+20,1e+20,1e+20,1e+20,1e+20,23,15,0.17811437,25,8,0,0.1085573,163.44246,1,0,1.0233151,0.24918522,0.26184815,0.38257942,0.78396434,-69.134,-26.745499,-45.851234,30.823133,false,211,1923.3803918604704,2.409201,798.34784,17.477203,24,1410.2357767029919,11.3838415,123.880486,17.465313,23,778.214596169939,10.992764,70.79335,17.520147,0,1,0,2,0,1.1378146,-0.054834366,-0.011890411,-0.042943954,1e+20,1e+20,0,1e+20,1e+20,1e+20,166.36935786671432,-34.908617346608345,50.483715819635435,-2.348021749588781,31156178097394432,0.0,0.0,0.0,0.0,0.0,0.0,0.0,0.0,0.0,0.0,0.0,0.0,0.0,0.0,0.0,0.0,0.0,0.0,0.0,0.0,0.0,0.0,0.0,0.0,0.0,0.0,0.0,0.0,3.115617809739443e+16,48.69268578211084,15.60574509756923,7.012534145156339,0.09982,17.477203,17.465313,17.520147,1.2672048692720747e+17,17.4143009185791,17.6137008666992,17.8314990997314,18.0251998901367,18.1914005279541,0.00500399991869926,0.00402599992230535,0.00349700008518994,0.00665700016543269,0.0205220002681017,115000,115000,115000,115000,115000,1376051200,164,0.0037843934,3.115617809739443e+16,1.2672048692720747e+17,0.0,0.0,0.0,0.0,0.0,0.0,0.0,0.0,0.0,0.0,0.0,0.0,0.0,0.0,0.0,0.0,0.0,0.0,0.0,0.0,0.0,0.0,0.0,0.0,0.0,0.0,0.0,0,0.0,0.0,0.0,0.0,0.0,0.0,0.0,0.0,0.0,0.0,0.0,0.0,0,0,0,0,0,0,0,0,0,0,0,0,0,0,0,0.0,0.0,0,0.0,0.0,0.0,0.0,0.0,0.0,0.0,0.0,0.0,0.0,0.0,0.0,0.0,0.0,0.0,0.0,0.0,7.642588977390286,7.030607631461104,0.09325217529318253,14176.233585773467,653.9526792172128,551.4570101789977,8.120487081485825,0.05014230025148869,0.046551811684729216,0.6825309338399979,0.032362708244049854,0.02939344761888929,0.2935941024755585,0.013729980571151601,0.014342164529385693,1.530490039787051,0.4045338530506233,2.4191366729999735,0.3674180952361157,0.28476966512877,0.8539797932437575,0.5214267987767575,0.28510046394917704,1.147573895719316,0.5216240065084861,0,0.4238366755370464,2.8042417858371795,0.21675744690642684,0.10783491325650424,0.5559389266557517,0.33598006871849134,0.10870547770706862,0.8495330291313102,0.336286045293988,0,DB,17.3843,17.3853,17.6227,17.8143,18.0351,1.6796079848392676e-31,3.3592738864840796e-32,3.549010097963857e-32,3.4732077087587053e-32,5.167254382777896e-32,0.0,1.0,0.02,0.0,0.0,0.05,13352,8.096,0.644,0,0.015,0.013,-0.047,-0.0132,Pure He,0.0,-2.3909,2199.8678,,,,,,,,14136.626831713405,552.514645862555,516.1731416929233,8.129575009661764,0.057461861663096414,0.05553276850317168,0.6657653903272458,0.03758366997984097,0.03484999871957528,0.30624725290943167,0.0072984953171055245,0.007499944120526292,0.1485267645932219,14032.24127323296,554.2471981981816,520.9800875940218,8.127518650923946,0.05813744186123415,0.055449117269596115,0.6650054011807788,0.037457136565632765,0.034860362097656195,0.31223052546806807,0.007362122556665518,0.007237482984027488,0.6344855927758328,2.617866713537078,0.3130869598089929,0.18846680290605902,0.6798637034248147,0.6676933777695847,0.18860806937012295,0.9861109563342464,0.6677354984416871,00,0.6423506103518037,2.6081357385503043,0.31639990595684475,0.1948586823338731,0.689524673016254,0.6786882598462782,0.1949977100620226,1.001755198484322,0.6787268487492693,00
WDWD eDR3 3223358838091565056A,3223358838091565056,1.0,1636042515805110273,3223358838091565056,1658025949,2016.0,86.39153657638192,0.1304302,3.024892236996088,0.11057606,4.04092322403065,0.16534919,24.438726,21.183395,21.1098456004738,0.18595798,1.7637086360581096,0.123014264,0.052369673,-0.022091025,-0.0074726366,0.08608977,-0.38808924,0.19240533,-0.71409076,-0.1314314,0.41872016,-0.027392333,473,0,469,4,4.4700503,638.39514,0.59748936,3.7318609,31,false,1.8023638,1e+20,1e+20,1e+20,1e+20,1e+20,1e+20,1e+20,55,19,0.259396,57,39,0,0.06913896,8.7617855,0,0,1.1495161,0.21721733,0.5044345,0.35015118,0.29238844,-44.382793,-7.2419987,-13.709988,-30.612808,false,466,895.2135093918137,1.2618353,709.4535,18.30755,45,655.2205484092789,8.305854,78.8866,18.297573,47,324.73953318139246,6.8614273,47.328278,18.469057,0,2,0,0,0,1.0946664,-0.171484,-0.009977341,-0.16150665,1e+20,1e+20,0,1e+20,1e+20,1e+20,202.51537319260223,-13.172237734851574,86.15595613844165,-20.366251340999764,3223358838091565056,3.223358838091565e+18,86.39153657638192,3.024892236996088,4.04092322403065,0.16534919,18.30755,18.297573,18.469057,1.2376742859327409e+18,18.12789,18.18736,18.47381,18.67981,18.93945,0.01318209,0.006610519,0.008140177,0.01104457,0.03177884,1.441504478784389e+17,268599312.0,268599312.0,1.486187879716946e+17,268468240.0,275146375184.0,0.037307862,3.223358838091565e+18,1.2376742859327409e+18,3.223358838091565e+18,86.39153657638192,3.024892236996088,4.04092322403065,0.16534919,18.30755,18.297573,18.469057,1.1163086391513034e+17,18.2287998199463,18.4734001159668,18.699800491333,18.9193992614746,19.0944004058838,0.00525599997490644,0.00445100013166666,0.00582299986854196,0.0196090005338192,0.0200980007648468,115000,115000,115000,115000,115000,436527104,52,0.0104493415,3.223358838091565e+18,1.1163086391513034e+17,0.0,0.0,0.0,0.0,0.0,0.0,0.0,0.0,0.0,0.0,0.0,0.0,0.0,0.0,0.0,0.0,0.0,0.0,0.0,0.0,0.0,0.0,0.0,0.0,0.0,0.0,0.0,0,0.0,0.0,0.0,0.0,0.0,0.0,0.0,0.0,0.0,0.0,0.0,0.0,0,0,0,0,0,0,0,0,0,0,0,0,0,0,0,0.0,0.0,0,0.0,0.0,0.0,0.0,0.0,0.0,0.0,0.0,0.0,0.0,0.0,0.0,0.0,0.0,0.0,0.0,0.0,47.94679204331467,4.013915932375793,0.1413725210712804,25096.99755589399,1311.4689893193972,1266.4202872159913,8.374330143160007,0.05814506061787483,0.05943929144308413,0.8597511821680686,0.03823111122686329,0.03935859263030439,0.0688204948355802,0.004649680288661237,0.003965246445349749,1.4426943772882082,0.22399037806586364,3.6331886183931643,0.36783731430191,0.061399102091770054,0.2643625522750353,0.05055707646465793,0.06157490775033582,0.3331830471106155,0.05071233735518042,0,0.18062336661878486,3.7564583067666595,0.4086695682065802,0.058351376071664754,0.24116316049551015,0.03505748769707316,0.058536335862809305,0.30998365533109035,0.035281023553785894,0,DB,18.086,18.2031,18.4815,18.7215,18.9791,1.137406756055056e-31,1.59015990289557e-32,1.6766549670450012e-32,1.883449634735972e-32,3.0583165781745164e-32,0.0,1.0,0.01,0.0,0.0,0.0,15354,8.086,0.641,0,0.043,0.036,0.0197,0.0582,Pure He,0.0,-2.14,1969.0878,,,,,,,,26761.244794081307,2528.6701484954247,2808.2271849640165,8.401123868420571,0.05989837463965486,0.05146648207762361,0.8534879857046291,0.04155712083169838,0.03528639446920989,0.053837620941569755,0.023939989733515202,0.012066594536332277,0.9912010790967531,26801.42388775153,2582.155666784107,2829.691563063756,8.409071584016077,0.06130556379072516,0.05241781148880875,0.8595184682639945,0.04158928813499585,0.03626689993167964,0.0554916972538029,0.023756926368605644,0.012880384022749727,0.18752950965910875,3.7252515481047794,0.28340719364076516,0.04501013801212156,0.24703628169763783,0.03803554059498247,0.05098073785569451,0.3008739026392076,0.03990369722289908,00,0.19373607642193091,3.755298795535598,0.3551513392616732,0.0518551875111399,0.24138138085184505,0.03815378571971217,0.05703816285872845,0.29687307810564795,0.040269289257686414,00
WDWD eDR3 3249479592235301376B,3249479592234269056,1.0,1636042515805110273,3249479592234269056,722572979,2016.0,56.256346800082056,0.082171746,-3.8149903230649755,0.08186191,32.22465326868479,0.11544046,279.14523,264.90378,-8.80614132755743,0.102003634,-264.75737498310065,0.10149368,0.09620084,0.25987917,0.13748764,0.039008882,-0.399043,0.076413564,0.36484987,0.07500724,-0.2223243,0.2679345,316,0,316,0,0.6118416,340.31165,0.16303624,0.42035496,31,false,1.4412824,1e+20,1e+20,1e+20,1e+20,1e+20,1e+20,1e+20,36,18,0.1612828,36,10,0,0.020511754,100.964966,0,0,1.0235523,0.35204515,0.21133254,0.20485193,0.6860069,-42.779068,-17.188555,-53.521503,28.128725,false,306,1461.1642190455066,1.622534,900.54456,17.77562,33,583.4506854472465,10.99903,53.045647,18.423532,35,1212.0436020981547,12.62226,96.02429,17.0391,0,0,0,1,0,1.2288108,1.3844318,0.647913,0.73651886,1e+20,1e+20,0,1e+20,1e+20,1e+20,191.33515610115018,-42.49937200781789,52.971820747110584,-23.02144962866093,3249479592234269056,0.0,0.0,0.0,0.0,0.0,0.0,0.0,0.0,0.0,0.0,0.0,0.0,0.0,0.0,0.0,0.0,0.0,0.0,0.0,0.0,0.0,0.0,0.0,0.0,0.0,0.0,0.0,0.0,3.249479592234269e+18,56.256346800082056,-3.8149903230649755,32.22465326868479,0.11544046,17.77562,18.423532,17.0391,1.0342056256324253e+17,0.0,17.761100769043,17.3976001739502,0.0,17.2290992736816,0.0,0.00894299987703562,0.00305099994875491,0.0,0.0161760002374649,0,280,280,0,280,302063616,36,0.05815153,3.249479592234269e+18,1.0342056256324253e+17,3.249479592234269e+18,56.25634802502535,-3.8149535725739234,32.245139040933395,0.13300684442290925,17.793848,18.41968,17.046972,03450153-0348492,16.344,16.453,15.835,0.084,0.222,0.0,ADU,0.20571123279665743,3.249479592234269e+18,03450153-0348492,3.249479592234269e+18,56.256346800082056,-3.8149903230649755,32.22465326868479,0.11544046,17.77562,18.423532,17.0391,22125069,0.0,0.0,18.3729,17.7618,17.3382,17.2,0.0,0.0,0.0105,0.0095,0.0148,0.0123,0,0,3,3,3,3,0,0,0,0,0,0,3,0,13,0.1357947,3.249479592234269e+18,22125069,0.0,0.0,0.0,0.0,0.0,0.0,0.0,0.0,0.0,0.0,0.0,0.0,0.0,0.0,0.0,0.0,0.0,5.396928774510601,32.19776323619945,0.06687793601069195,4330.361896520173,51.964342758242076,51.964342758242076,7.818919616939103,0.03904290748055672,0.04187392533531664,0.4716148400148002,0.02183875398800128,0.022392259003945814,6.668495851205504,0.2937397390574844,0.3177243236374261,3.8704911823299506,nan,nan,nan,nan,nan,nan,nan,nan,nan,0,0.18973721970461566,0.03253553444657076,0.19454612514288272,nan,nan,nan,nan,nan,nan,11,DC,22.1469,18.7498,17.7497,17.3735,17.1996,2.167903200896245e-31,2.214708164325752e-32,2.824902301870287e-32,3.035633621367698e-32,4.6351730219428847e-32,0.06,0.0,0.68,0.0,0.0,0.01,4394,7.879,0.505,48,0.024,0.02,0.0,0.0,Pure H,0.0,-4.2102,-0.3618,,,,,,,,4457.765822344438,30.749910133893536,31.348082283318035,7.889642312046767,0.024818080981699353,0.027108436486410703,0.5030389990771931,0.01380781754525362,0.015587784595343657,6.102018869710429,0.11309243164300042,0.13997948562982732,11.25067841889934,6493.504997332702,6.658075416122301,2249.2330467937772,8.895696159082462,0.006649516729890337,0.5164672910930843,1.135847871394181,0.003476327976469795,0.31935235848309784,4.424793574629835,4.328367013051205,0.01491615608050978,0.1199636624261825,0.30555168616153905,0.13542818936006595,197.07042329169556,324.57457812871877,1005.9896847290588,197.07045574176297,330.6765969984292,1005.9896944678546,11,0.03455594410010043,7.021748224594248,3.174476724484075,0.026963894521183657,0.052265728511607205,0.0005347385994972735,4.328450999061622,4.477059303141441,0.014925738091897539,11
WDWD eDR3 3284951791556594816A,3284951791556594816,1.0,1636042515805110273,3284951791556594816,1441659625,2016.0,64.66863527964526,0.16205062,5.854227747098529,0.123236224,3.5042748858509363,0.18275996,19.174194,35.679173,34.30217984972707,0.21532771,9.816502546473052,0.16503918,0.07817508,0.2056996,-0.13732007,0.19586591,-0.113456465,0.11934784,0.14806308,0.01097675,0.19015774,-0.042029846,255,0,254,1,1.6125821,297.80087,0.3690403,0.7152723,31,false,1.7506222,1e+20,1e+20,1e+20,1e+20,1e+20,1e+20,1e+20,29,17,0.2996455,31,8,0,0.038569413,4.255558,0,0,1.0717547,0.14522311,0.26681143,0.17919365,0.60757446,-61.48147,-8.978177,-41.2769,32.434025,false,244,718.0963433680984,1.5151238,473.95224,18.54691,28,496.7757555461511,9.182324,54.101307,18.59814,26,306.3823111790129,9.023363,33.954338,18.532236,0,2,0,1,0,1.1184545,0.06590462,0.051231384,0.014673233,1e+20,1e+20,0,1e+20,1e+20,1e+20,187.53307841560846,-30.05857721823647,63.81406322633453,-15.311929299619967,3284951791556594816,3.2849517915565947e+18,64.66863527964526,5.854227747098529,3.5042748858509363,0.18275996,18.54691,18.59814,18.532236,1.2376734510891663e+18,18.48989,18.48709,18.65833,18.82397,19.00629,0.01653783,0.007409318,0.009369329,0.01247786,0.0405707,35253360132112.0,268468240.0,268468240.0,4503599895969808.0,268468240.0,275280592912.0,0.034476724,3.2849517915565947e+18,1.2376734510891663e+18,3.2849517915565947e+18,64.66863527964526,5.854227747098529,3.5042748858509363,0.18275996,18.54691,18.59814,18.532236,1.1502064668568558e+17,18.5226001739502,18.6714000701904,18.8619995117188,19.0004997253418,19.1254005432129,0.00646700011566281,0.00689399987459183,0.00793899968266487,0.0264350008219481,0.0541630014777184,115000,115000,115000,115000,115000,436527104,52,0.062815495,3.2849517915565947e+18,1.1502064668568558e+17,0.0,0.0,0.0,0.0,0.0,0.0,0.0,0.0,0.0,0.0,0.0,0.0,0.0,0.0,0.0,0.0,0.0,0.0,0.0,0.0,0.0,0.0,0.0,0.0,0.0,0.0,0.0,0,0.0,0.0,0.0,0.0,0.0,0.0,0.0,0.0,0.0,0.0,0.0,0.0,0,0,0,0,0,0,0,0,0,0,0,0,0,0,0,0.0,0.0,0,0.0,0.0,0.0,0.0,0.0,0.0,0.0,0.0,0.0,0.0,0.0,0.0,0.0,0.0,0.0,0.0,0.0,4.022954630748678,3.488028904861934,0.15260758941634328,18259.065230617187,1168.3403952456429,1120.0530793820108,7.9864683731575905,0.07683368177871053,0.07779842695101102,0.6121446210736972,0.046759151443589664,0.04539522265098983,0.09628895801214432,0.0093570420545378,0.008393710188823802,3.8984673172402995,0.5844893930448709,1.5393077634212147,0.5674402831373726,1.3974192093835784,2.6486663221079256,10.79795003506252,1.3974505361515432,2.74495528012007,10.79795329745769,0,0.540468549421865,1.3876924384757965,1.1150118880866966,2.953315702785725,3.726352956440706,16.614467073760537,2.9533305257889357,3.8226419144528503,16.614469194032164,1,DC:,18.7299,18.536,18.6713,18.802,18.9892,1.1787866380558199e-31,2.2082858746603023e-32,2.3297334575193834e-32,2.426852919870877e-32,3.99307024574809e-32,0.01,0.12,0.2,0.0,0.0,0.0,11710,7.442,0.322,550,0.089,0.044,-0.0428,0.0274,logH/He=-5,0.0,-2.2655,2084.5127,DB,,,,,LDT Deveny,,14473.895818716888,1035.3665762785058,835.391890657178,7.727228627957692,0.11395692577699901,0.09819385109779688,0.44576348120775633,0.058144064671584283,0.045396331400413104,0.14724027663693307,0.008992370175047198,0.010496274771111203,1.0643012723605676,14367.034503221086,1125.4325513632284,829.4888487008393,7.7270203330503495,0.12323551097009933,0.10357614622666578,0.4453490647874549,0.06308299147924418,0.047792510441443614,0.14952843268670535,0.010281427177153662,0.010025183307370455,0.5051612916731905,-0.19206358637917953,0.394407744573528,nan,nan,nan,nan,nan,nan,11,0.5480711683687587,-0.19566407656424833,0.41522598124625176,nan,nan,nan,nan,nan,nan,11
WDWD eDR3 3334380100562482432A,3334380100562482432,1.0,1636042515805110273,3334380100562482432,830930649,2016.0,84.3374919296944,0.057071142,7.542071578295272,0.047865275,22.88763287967985,0.06984431,327.695,87.89529,67.06735148685203,0.073708415,-56.811551506546216,0.056948267,-0.024260327,-0.10712164,-0.24845092,0.07648534,-0.24934396,0.22885913,-0.7052549,0.01752549,0.35574606,-0.24139096,395,0,392,3,1.1141587,434.71832,0.022286668,0.021676244,31,false,1.6617162,1e+20,1e+20,1e+20,1e+20,1e+20,1e+20,1e+20,46,21,0.10897161,48,32,0,0.05770919,4.3234344,0,0,1.0394411,0.11861664,0.43890682,0.074197374,0.34153783,-142.15157,-4.050826,-16.885715,-42.591488,false,383,3109.2464216031735,2.4384513,1275.0907,16.955729,42,1990.0805369546672,9.022838,220.56038,17.091366,43,1666.084182960237,9.787417,170.22716,16.693653,0,3,0,3,0,1.1759006,0.3977127,0.13563728,0.26207542,1e+20,1e+20,0,1e+20,1e+20,1e+20,197.44728813438599,-12.734030490651998,84.16599406114413,-15.78260846878263,3334380100562482432,0.0,0.0,0.0,0.0,0.0,0.0,0.0,0.0,0.0,0.0,0.0,0.0,0.0,0.0,0.0,0.0,0.0,0.0,0.0,0.0,0.0,0.0,0.0,0.0,0.0,0.0,0.0,0.0,3.334380100562482e+18,84.3374919296944,7.542071578295272,22.88763287967985,0.06984431,16.955729,17.091366,16.693653,1.170508433735911e+17,17.0921001434326,17.0072002410889,17.0312995910645,17.1156997680664,17.1944999694824,0.00355600006878376,0.0060720001347363,0.00271399994380772,0.00710800010710955,0.0214460007846355,115000,115000,115000,115000,115000,503635968,60,0.14938328,3.334380100562482e+18,1.170508433735911e+17,3.334380100562482e+18,84.33748251006475,7.542079472716616,22.897559462764434,0.09672668725673464,16.978014,17.057426,16.693502,05372093+0732316,16.541,16.403,15.353,0.135,0.265,0.0,BDU,0.7037971792987063,3.334380100562482e+18,05372093+0732316,0.0,0.0,0.0,0.0,0.0,0.0,0.0,0.0,0,0.0,0.0,0.0,0.0,0.0,0.0,0.0,0.0,0.0,0.0,0.0,0.0,0,0,0,0,0,0,0,0,0,0,0,0,0,0,0,0.0,0.0,0,0.0,0.0,0.0,0.0,0.0,0.0,0.0,0.0,0.0,0.0,0.0,0.0,0.0,0.0,0.0,0.0,0.0,98.87161752400625,22.82804408111049,0.05390900571527189,7947.806145732709,95.37367374879251,95.37367374879251,8.474731451377147,0.038,0.038,0.8999751390081132,0.011137881105106134,0.011331276715762147,2.8908862981468486,0.04009706815812969,0.04438004369801241,1.703341680168546,0.10409234677669366,4.009113448673956,0.10589978239030007,0.013004459234901875,0.2019703058208778,0.015308580154438109,0.042153182974360576,3.0928566039677263,0.04694614898990489,0,0.1698012701382421,4.179360838949231,0.19800666063543293,0.020546665895433754,0.18106398102293342,0.020851541388526858,0.0450548593860449,3.071950279169782,0.04903442726202621,0,DC,17.5466,17.0855,16.9952,17.0102,17.0874,9.62123958169972e-32,2.3919244290795646e-32,2.8766907110330777e-32,3.0678296276522024e-32,4.4825256567363136e-32,0.14,0.0,0.81,0.0,0.01,0.0,7130,8.248,0.732,62,0.013,0.012,-0.044,-0.0153,logH/He=-5,0.0,-3.5772,3291.4636,DC,,,,,LDT Deveny,,7689.796885236771,63.129154876944995,58.6860705168956,8.402746957402245,0.016596511625108334,0.016723826904810224,0.8355005762380175,0.011032933779316245,0.01098053423897305,2.6592420646234958,0.015335613214558563,0.015617052426608158,0.635027809056957,7398.167367618037,62.088351815296846,62.314930067249406,8.282072234884932,0.017716752179627093,0.018679045478874556,0.7554611982776551,0.011716055741632703,0.012541740846457428,2.3818264353387777,0.025861627312593338,0.04112354931362505,0.05039680380976952,3.6379470520558,0.05274031815068714,0.009925743461339592,0.26346701365355446,0.010032922470906347,0.018267496159213196,2.9227090782770504,0.01856210817236677,00,0.060236790445412414,3.2637593741781754,0.06708250748444389,0.02072947800575751,0.35915613815059483,0.01861405110661912,0.03314415522602225,2.7409825734893727,0.045140106410485784,00
WDWD eDR3 3398078515721569920A,3398078515721569920,1.0,1636042515805110273,3398078515721569920,1413613049,2016.0,87.19738148339621,0.11424159,17.79778337773481,0.09100266,5.606929711186289,0.12998424,43.135456,64.216324,-39.69275534302862,0.15820897,50.47991112625212,0.09906703,-0.18535472,-0.025049567,-0.22605105,0.096892394,-0.23364545,0.07769679,-0.67653435,0.3087816,0.18345065,-0.25905475,324,0,322,2,1.0697823,362.29614,0.27815378,1.1068555,31,false,1.782859,1e+20,1e+20,1e+20,1e+20,1e+20,1e+20,1e+20,37,18,0.22721183,38,22,0,0.050662667,179.15579,0,0,1.0417198,0.3331722,0.4975135,0.21800421,0.31161585,-15.824647,6.8070054,-9.318249,33.97361,false,320,1421.2720780037541,1.8893431,752.25726,17.805674,30,1050.2717160108732,8.074416,130.07402,17.785288,31,575.6305736532214,8.832504,65.171844,17.847536,0,1,0,0,0,1.1439768,-0.06224823,-0.020385742,-0.041862488,1e+20,1e+20,0,1e+20,1e+20,1e+20,189.92734989124358,-5.1285319530594675,87.3187491830774,-5.615416476647983,3398078515721569920,0.0,0.0,0.0,0.0,0.0,0.0,0.0,0.0,0.0,0.0,0.0,0.0,0.0,0.0,0.0,0.0,0.0,0.0,0.0,0.0,0.0,0.0,0.0,0.0,0.0,0.0,0.0,0.0,3.39807851572157e+18,87.19738148339621,17.79778337773481,5.606929711186289,0.12998424,17.805674,17.785288,17.847536,1.2935087197439778e+17,17.7437992095947,17.9710006713867,18.1816997528076,18.3682994842529,18.5016994476318,0.00626400019973516,0.00496699986979365,0.0107810003682971,0.0121780000627041,0.00767700001597404,115000,115000,115000,115000,115000,436527104,52,0.0062936945,3.39807851572157e+18,1.2935087197439778e+17,0.0,0.0,0.0,0.0,0.0,0.0,0.0,0.0,0.0,0.0,0.0,0.0,0.0,0.0,0.0,0.0,0.0,0.0,0.0,0.0,0.0,0.0,0.0,0.0,0.0,0.0,0.0,0,0.0,0.0,0.0,0.0,0.0,0.0,0.0,0.0,0.0,0.0,0.0,0.0,0,0,0,0,0,0,0,0,0,0,0,0,0,0,0,0.0,0.0,0,0.0,0.0,0.0,0.0,0.0,0.0,0.0,0.0,0.0,0.0,0.0,0.0,0.0,0.0,0.0,0.0,0.0,3.9665240714169,5.648812602870674,0.12503121399074893,13268.137863576612,764.2247583265398,642.4542666340076,7.983325956214632,0.06693208102103476,0.056219245519993244,0.5988979087903683,0.04071846455828565,0.033415898350251716,0.2890926166626353,0.018702008410576287,0.01868783675209096,1.645832039289177,0.5089808069785707,1.373723859879604,0.41769872937814645,2.1620821492833318,3.852240103639278,15.177448893035514,2.1621630339473064,4.1413327203019135,15.177460398101767,0,0.38629622452841517,1.1709134637298286,0.8944064464479904,5.2618847998932905,6.583785415271511,19.93654277883435,5.261918035513917,6.872878031934146,19.936551537503536,1,DB,17.757,17.7128,17.942,18.1394,18.3896,1.362264417827851e-31,2.2793736302894283e-32,2.4423375648245962e-32,2.558496416707361e-32,3.864916568835878e-32,0.01,1.0,0.0,0.0,0.0,0.0,12951,7.959,0.563,0,0.026,0.02,-0.0551,-0.0225,Pure He,0.0,-2.3666,2177.4936,,,,,,,,13410.018130088003,674.5095291762009,608.4439636214756,7.991578427343644,0.07356019194910957,0.07321054474613753,0.5818696942868647,0.04451088444333362,0.04303946258609681,0.2859113315392501,0.009807302890233127,0.009541639017838166,0.4576995972984642,13356.715303683635,698.7197845221253,657.9008295866988,7.992529372168223,0.07787180932260718,0.08264193671729991,0.5825674800571615,0.047362826812551995,0.04789117784258756,0.2903735156938021,0.008781281223480542,0.009192237972010131,0.38671489525050895,0.9904404368971743,0.8883999438029498,10.324782370972331,11.827313689012113,50.541983275322835,10.324787028851055,12.113225020551363,50.54198417598867,11,0.41149284806734976,0.9965028675687362,1.0345259290994535,10.193381284640367,11.571287515917856,55.37716425030146,10.193385067040115,11.861661031611657,55.37716501322639,11
WDWD eDR3 3404213863611804672A,3404213863611804672,1.0,1636042515805110273,3404213863611804672,1509053834,2016.0,84.64286559642986,0.073739626,22.655282987940577,0.056715716,10.716416606599921,0.08892807,120.50657,24.711857,-17.777423399329564,0.09323814,17.165054597455597,0.05544341,-0.14952937,0.03974767,-0.21715131,0.07550332,-0.35863483,0.06503041,-0.7743723,0.2442537,0.36677632,-0.22650215,404,0,402,2,-0.5298861,406.46262,0.0,0.0,31,false,1.7447735,1e+20,1e+20,1e+20,1e+20,1e+20,1e+20,1e+20,48,18,0.13293701,48,32,0,0.069639854,1.0680474,0,0,0.9804199,0.39753488,0.6118749,0.3165274,0.305302,-4.7955265,6.510145,1.112872,23.659338,false,398,2678.7921709784137,2.6631682,1005.8667,17.11752,44,1935.1224763789598,12.859047,150.48724,17.12177,45,1183.593099681103,14.339405,82.5413,17.06489,0,2,0,2,0,1.1642245,0.05688095,0.00425148,0.05262947,1e+20,1e+20,0,1e+20,1e+20,1e+20,184.51229806746724,-4.652559996975172,85.05695199071293,-0.6921232955522029,3404213863611804672,0.0,0.0,0.0,0.0,0.0,0.0,0.0,0.0,0.0,0.0,0.0,0.0,0.0,0.0,0.0,0.0,0.0,0.0,0.0,0.0,0.0,0.0,0.0,0.0,0.0,0.0,0.0,0.0,3.4042138636118047e+18,84.64286559642986,22.655282987940577,10.716416606599921,0.08892807,17.11752,17.12177,17.06489,1.3518084642907686e+17,17.1215000152588,17.2269992828369,17.4002990722656,17.5688991546631,17.7108001708984,0.00321300001814961,0.00555399991571903,0.00482199992984533,0.00650000013411045,0.0174550004303455,115000,115000,115000,115000,115000,436527104,52,0.05682687,3.4042138636118047e+18,1.3518084642907686e+17,0.0,0.0,0.0,0.0,0.0,0.0,0.0,0.0,0.0,0.0,0.0,0.0,0.0,0.0,0.0,0.0,0.0,0.0,0.0,0.0,0.0,0.0,0.0,0.0,0.0,0.0,0.0,0,0.0,0.0,0.0,0.0,0.0,0.0,0.0,0.0,0.0,0.0,0.0,0.0,0,0,0,0,0,0,0,0,0,0,0,0,0,0,0,0.0,0.0,0,0.0,0.0,0.0,0.0,0.0,0.0,0.0,0.0,0.0,0.0,0.0,0.0,0.0,0.0,0.0,0.0,0.0,3.0981751185151243,10.743783655340533,0.06495790302189602,11850.12649181896,257.8075324465008,249.47856557222076,8.289403814391866,0.038,0.038,0.7852653649477936,0.019516938841066186,0.020046896887389937,0.6174161214380987,0.008842546386794884,0.009568647397197143,2.934170583519892,0.1043686569040978,3.215322807207453,0.10720265715181787,0.03312719227292901,0.37412374725385966,0.03918178555095708,0.034287045578326326,0.9915398686919583,0.04033325342658434,0,0.10417379457448517,3.4223569843932804,0.08905900064321992,0.02068267396766758,0.311863699396505,0.030474682059868932,0.022493635301023565,0.9292798208346036,0.03194159137647943,0,DC,17.1994,17.0815,17.2239,17.3767,17.5633,1.1751652959024827e-31,2.3795509023858447e-32,2.7477050514205055e-32,2.9438109226057076e-32,4.527027699424238e-32,0.01,0.04,0.75,0.0,0.0,0.0,10777,8.117,0.653,162,0.023,0.02,-0.0545,-0.0335,logH/He=-5,0.0,-2.7784,2556.4121,DC,,,,,LDT Deveny,2015MNRAS.454.2787G,11670.931364296932,245.34152177954275,231.39712178376794,8.213001866960361,0.030808655541372687,0.03194914293461082,0.7155754215315465,0.019982164251868828,0.020585416377082666,0.5948734122707373,0.005772554177886913,0.006051069179216828,2.2685850744481435,11420.037614317403,264.07883625632167,246.7261585714241,8.17046623578676,0.03945132668891027,0.04051095596749832,0.6880343972455517,0.025838543553280413,0.02608114565083497,0.5906655583731678,0.004855009466159688,0.004496691203750625,0.15394057146005746,3.0446305600747348,0.11892378703899542,0.04600490120780736,0.438962386594835,0.07294324316310144,0.04636564802606295,1.0338357988655722,0.07319379865373167,00,0.2716351875171381,2.8406644423927974,0.19451706502718125,0.09476897355288445,0.5373866653201563,0.1803836583859775,0.09489325300137946,1.1280522236933241,0.18043969752937106,00
WDWD eDR3 3554511326397191296A,3554511326397191296,1.0,1636042515805110273,3554511326397191296,916275399,2016.0,159.41244891763083,0.16905409,-20.175064006270883,0.1413011,6.881427376603663,0.16369231,42.038795,66.34776,-61.82624308158431,0.1959329,-24.073661984686538,0.17628199,-0.11374757,-0.2611001,-0.41246644,0.20088772,0.027644295,0.15186192,-0.42345348,0.021977624,-0.21613376,-0.08640519,182,0,182,0,-0.63946104,171.9557,0.0,0.0,31,false,1.7310894,1e+20,1e+20,1e+20,1e+20,1e+20,1e+20,1e+20,21,14,0.2922391,32,11,0,0.016772846,27.290792,0,0,0.9643451,0.23876819,0.11385731,0.162771,0.7566547,-90.88992,21.686,-1.7197144,-24.014711,false,265,813.3122468530433,1.4859453,547.3366,18.411724,28,568.5546104357128,15.018063,37.85805,18.451612,28,358.00495105221256,9.597915,37.300285,18.363173,0,0,0,0,0,1.139242,0.08843994,0.039888382,0.04855156,1e+20,1e+20,0,1e+20,1e+20,1e+20,265.01148836690476,32.66828581156081,169.3248258830397,-26.59758987859094,3554511326397191296,0.0,0.0,0.0,0.0,0.0,0.0,0.0,0.0,0.0,0.0,0.0,0.0,0.0,0.0,0.0,0.0,0.0,0.0,0.0,0.0,0.0,0.0,0.0,0.0,0.0,0.0,0.0,0.0,3.554511326397191e+18,159.41244891763083,-20.175064006270883,6.881427376603663,0.16369231,18.411724,18.451612,18.363173,8.379159412582029e+16,18.4421005249023,18.5028991699219,18.6655006408691,18.7985992431641,18.8544006347656,0.00723499990999699,0.00575699983164668,0.00731399981305003,0.00890200026333332,0.0309079997241497,115000,115000,115000,115000,115000,436527104,52,0.15653102,3.554511326397191e+18,8.379159412582029e+16,0.0,0.0,0.0,0.0,0.0,0.0,0.0,0.0,0.0,0.0,0.0,0.0,0.0,0.0,0.0,0.0,0.0,0.0,0.0,3.554511326397191e+18,159.41244891763083,-20.175064006270883,6.881427376603663,0.16369231,18.411724,18.451612,18.363173,90640375,0.0,0.0,0.0,0.0,18.6998,0.0,0.0,0.0,0.0,0.0,0.0607,0.0,0,0,0,0,0,0,0,0,0,0,0,0,0,0,0,0.07366933,3.554511326397191e+18,90640375,0.0,0.0,0.0,0.0,0.0,0.0,0.0,0.0,0.0,0.0,0.0,0.0,0.0,0.0,0.0,0.0,0.0,6.318146498392234,6.859634026503554,0.15799639816942865,10163.672426569781,354.8390849363914,323.28260935647086,8.291688927228954,0.05816625548330201,0.060155850410936296,0.7833820968214957,0.038764470693977704,0.039654120904148216,0.9280670907666935,0.016382551129351053,0.016025680611304716,1.712975992004051,0.20729663472715387,3.205251854660405,0.21205412248207534,0.0641990959000402,0.37723581919555715,0.08003314229501933,0.06625641022488588,1.3053029099622506,0.08162184943181794,0,0.20583475346843683,3.4138431140212284,0.1680178467325235,0.03901973208345085,0.3138409235269842,0.0625430949471671,0.04231935105090915,1.2419080142936776,0.06456362106190998,0,DC,18.7189,18.4104,18.5458,18.6575,18.7835,1.7694411438830791e-31,2.5619847062438243e-32,2.613134421969474e-32,2.4491087451618623e-32,3.7774731204131176e-32,0.02,0.0,0.95,0.0,0.04,0.0,9614,8.124,0.656,429,0.073,0.064,-0.0428,0.0274,logH/He=-5,0.0,-2.983,2744.6914,,,,,,,,9997.771070763692,388.0742525870446,348.65466568683405,8.211637864105457,0.06200080332085811,0.06138218369499526,0.712215780377865,0.04042849760017364,0.04027254486614351,0.8886898765650102,0.015423897028969291,0.014772625501966452,2.7144174131033156,9608.456835339046,408.28845352212556,362.1263093072739,8.097298962448779,0.0822643460603274,0.0795008769079395,0.6387874851633053,0.052918206780167676,0.04937726131825637,0.8349159801797066,0.015725162975627427,0.016375261558725707,0.3279136994192937,3.022885309889094,0.2255893700286875,0.08349506390409649,0.44737439660088557,0.1790594644440816,0.08490772812830057,1.3360642731658958,0.17966781089338923,00,1.1607450894059739,2.185934302117856,0.6555928089447627,0.5980248922738742,1.1349721482779056,9.334564413696688,0.5982316044223916,1.9698881284576122,9.334578776926344,00
WDWD eDR3 3562650151984292224B,3562650151984291840,1.0,1636042515805110273,3562650151984291840,273329992,2016.0,165.09099283865868,0.112100825,-16.004420845122322,0.10364733,21.85874865879743,0.1196392,182.70557,86.557755,62.213023689452186,0.13767222,-60.181260124392196,0.115122065,-0.18955646,-0.2075005,-0.17850628,0.27297556,-0.1202161,0.22300406,-0.34827435,0.046825804,-0.15769899,-0.028697351,188,0,188,0,-0.3412972,183.25102,0.0,0.0,31,true,1.5342209,1e+20,1e+20,1e+20,1e+20,1e+20,1e+20,1e+20,22,14,0.19570887,28,11,0,0.006278864,155.54868,0,0,0.9804032,0.20093729,0.19435053,0.2448992,0.77706414,-72.36074,28.214746,-13.194401,-25.53044,false,238,1289.2003846393636,1.7440919,739.18146,17.911566,26,672.0638723331742,12.230331,54.950584,18.270016,27,899.3562292840357,14.20994,63.29064,17.363066,0,1,0,1,0,1.2189107,0.90695,0.35844994,0.54850006,1e+20,1e+20,0,1e+20,1e+20,1e+20,267.66193842548614,39.14253589867111,172.80680713138742,-20.569022379473182,3562650151984291840,0.0,0.0,0.0,0.0,0.0,0.0,0.0,0.0,0.0,0.0,0.0,0.0,0.0,0.0,0.0,0.0,0.0,0.0,0.0,0.0,0.0,0.0,0.0,0.0,0.0,0.0,0.0,0.0,3.562650151984292e+18,165.09099283865868,-16.004420845122322,21.85874865879743,0.1196392,17.911566,18.270016,17.363066,8.87916509094052e+16,18.342399597168,17.8854007720947,17.7317008972168,17.664400100708,17.6541004180908,0.00461600022390485,0.00536700012162328,0.00479800021275878,0.00405200012028217,0.0121550001204014,115000,115000,115000,115000,98616,168091648,20,0.16921914,3.562650151984292e+18,8.87916509094052e+16,3.562650151984292e+18,165.0909838923797,-16.00441248272186,21.665622655062915,0.23270301663542065,17.93262,18.27936,17.328808,11002174-1600146,16.773,16.004,15.875,0.158,0.0,0.0,CUU,0.2784467825004449,3.562650151984292e+18,11002174-1600146,3.562650151984292e+18,165.09099283865868,-16.004420845122322,21.85874865879743,0.1196392,17.911566,18.270016,17.363066,91224513,0.0,0.0,18.2418,17.9868,17.7269,17.6486,0.0,0.0,0.0233,0.1229,0.012,0.0327,0,0,0,0,0,0,0,0,0,0,0,0,0,0,0,0.09510384,3.562650151984292e+18,91224513,0.0,0.0,0.0,0.0,0.0,0.0,0.0,0.0,0.0,0.0,0.0,0.0,0.0,0.0,0.0,0.0,0.0,14.635274952346117,21.934330531348184,0.08173442394678658,5530.670824747525,66.3680498969703,66.3680498969703,8.155019534569472,0.038,0.038,0.6816419937218803,0.018868656415729206,0.01884540335384166,4.669050598679563,0.11494312643402586,0.11218406637261424,1.3812924354040412,0.23585820519661516,2.4080249215235034,0.23556754192302076,0.2031914583180176,0.8646844510489438,0.29135125346581603,0.23344954711421298,5.533735049728507,0.31220316725491,0,0.22019035019096922,2.797445867372608,0.13241198430309353,0.0682550892785262,0.5602101580345398,0.1505836395735798,0.13368126094127045,5.229260756714103,0.18777831944908044,0,DA,19.2283,18.3886,17.885,17.6867,17.6391,1.4456344896148714e-31,2.5549670721568033e-32,3.1646806368355176e-32,3.2124918708634135e-32,4.998295299640372e-32,0.92,0.0,0.1,0.0,0.0,0.0,5640,8.212,0.719,120,0.046,0.041,-0.0399,0.0504,Pure H,0.0,-3.9559,-0.6892,DC,,,,,LDT Deveny,,5416.071726755001,46.15084207370728,42.8793586843758,8.083065452196932,0.02396689415741804,0.024314138938759555,0.6205525297543479,0.015066471542764859,0.01491994210561054,5.107593101181979,0.04822780144466687,0.04696026624568095,3.5641616922593804,4299.864881323061,2197.828751771761,75.84264249658736,7.89694647817876,0.6269939174284413,0.04905881024185543,0.5067796785719173,0.40907546663545136,0.027707159861570962,6.283491382144284,0.19861294660828488,1.8885755157099462,0.4116176253249364,1.6742955546108034,0.4496758820239344,0.8154431668320341,2.0398886748590135,3.0579810341783134,0.8168680916557108,7.147481776040992,3.0583415885084078,00,3.5540874599083496,0.33805107360484254,0.24072250096933867,103.60875186673056,172.01501549919558,nan,103.60894223224318,178.29850688133988,nan,11
WDWD eDR3 3784079978364077568A,3784079978364077568,1.0,1636042515805110273,3784079978364077568,563550728,2016.0,169.85838590916325,0.07535659,-6.813030557723691,0.054915186,5.9338439859938195,0.08143161,72.86905,104.06983,46.7771360050797,0.0932732,-92.96466932747424,0.064011976,0.027359145,-0.2220753,-0.016659224,0.2711907,-0.32364312,0.24037737,0.10072241,-0.013792779,-0.19637716,-0.035501856,230,0,228,2,0.3442895,254.4678,0.12738113,0.4829211,31,false,1.8059771,1e+20,1e+20,1e+20,1e+20,1e+20,1e+20,1e+20,26,15,0.12978095,34,10,0,0.06618417,107.0117,0,0,1.0148443,0.2314194,0.32482126,0.40832514,0.6496002,-67.83585,9.989939,-10.175387,-22.165646,false,279,2875.657263077922,2.66766,1077.97,17.040524,28,2204.6881062088373,11.238438,196.17389,16.980175,28,1089.2188056611346,13.73536,79.30035,17.155107,0,0,0,1,0,1.1454449,-0.17493248,-0.06034851,-0.11458397,1e+20,1e+20,0,1e+20,1e+20,1e+20,266.3276579656188,49.40723635564082,173.3924377555241,-10.27583732312906,3784079978364077568,0.0,0.0,0.0,0.0,0.0,0.0,0.0,0.0,0.0,0.0,0.0,0.0,0.0,0.0,0.0,0.0,0.0,0.0,0.0,0.0,0.0,0.0,0.0,0.0,0.0,0.0,0.0,0.0,3.7840799783640776e+18,169.85838590916325,-6.813030557723691,5.9338439859938195,0.08143161,17.040524,16.980175,17.155107,9.982169858276491e+16,16.9377002716064,17.2112998962402,17.4815006256104,17.7198009490967,17.8668994903564,0.00369699997827411,0.00216899998486042,0.00251700007356703,0.00438500009477139,0.0101819997653365,115000,115000,115000,115000,115000,436527104,52,0.17329955,3.7840799783640776e+18,9.982169858276491e+16,0.0,0.0,0.0,0.0,0.0,0.0,0.0,0.0,0.0,0.0,0.0,0.0,0.0,0.0,0.0,0.0,0.0,0.0,0.0,3.7840799783640776e+18,169.85838590916325,-6.813030557723691,5.9338439859938195,0.08143161,17.040524,16.980175,17.155107,93595965,16.8073,16.8977,16.917,17.165,17.5319,17.7407,0.0199,0.0301,0.0094,0.0304,0.0112,0.0137,0,0,0,0,0,0,0,0,0,0,0,0,0,0,0,0.01991825,3.7840799783640776e+18,93595965,0.0,0.0,0.0,0.0,0.0,0.0,0.0,0.0,0.0,0.0,0.0,0.0,0.0,0.0,0.0,0.0,0.0,71.96852233363245,5.943410375755982,0.08043352217459447,19440.99488931592,508.8722349825439,508.7067449345668,8.002745006630045,0.038,0.038,0.6239661453080105,0.01980907544435212,0.019751086407440593,0.07598589722865627,0.003169664043030838,0.003066554247880757,4.50804159983988,0.2476134430544008,1.6870768163501317,0.24688858009300763,0.5843927874743762,1.9948267741356225,1.3080362061478015,0.5844013833164814,2.070812671364279,1.3080398007509133,0,0.5599304648699697,1.8051676021883223,0.46660613862698863,0.6399084103868841,1.6573563889008003,3.684412326535294,0.6399162605013365,1.7333422861294565,3.6844136026890593,0,DB,16.8393,16.8892,17.2139,17.4552,17.741,1.8132256060471656e-31,4.401121687408661e-32,4.0100276892292525e-32,3.4916566685023507e-32,5.068790095088344e-32,0.0,1.0,0.0,0.0,0.0,0.0,16317,7.892,0.531,0,0.015,0.012,0.0291,0.0636,Pure He,0.0,-1.9207,1767.2198,,,,,,,,15984.84219083779,644.7085675021372,548.5776241352996,7.834056418047682,0.06327253443367198,0.05639514780107202,0.5010286517075313,0.03410048269084487,0.02916076955897129,0.12063514714875072,0.004985873691799023,0.004230988690300225,7.326718436246213,15922.728261574464,674.1574264051324,558.962351887938,7.839855637019831,0.06484157317025652,0.057782724060678525,0.5040554621585596,0.03537644902858961,0.03012234797319946,0.12370479479193561,0.004562058528531032,0.004659811689622886,0.2962683118231524,0.2880855925936696,0.25335160346630126,367.5615461052874,446.2058625337932,nan,367.5615461391034,446.32649768094194,nan,11,0.3073540315255393,0.31438281632110887,0.2617058902971281,203.81167672964892,272.84554670052705,nan,203.8116767807068,272.969251495319,nan,11
WDWD eDR3 3823125109439978624A,3823125109439978624,1.0,1636042515805110273,3823125109439978624,298643684,2016.0,149.0726561918914,0.11493849,-3.865025651053201,0.104711734,7.460256460485976,0.1415698,52.696667,38.326157,-36.900052616104425,0.12914583,-10.357619126180664,0.122230664,-0.28923154,-0.4419776,-0.069502816,0.10882498,0.23502073,0.03904526,-0.16546042,0.2701269,-0.28902978,-0.26108262,170,0,170,0,-1.0498556,153.13206,0.0,0.0,31,false,1.7492121,1e+20,1e+20,1e+20,1e+20,1e+20,1e+20,1e+20,19,13,0.20166415,23,8,0,0.15109989,20.699638,0,0,0.94078743,0.3830576,0.18316756,0.23225786,0.83082867,-144.47284,32.758793,9.01355,-23.72142,false,202,1309.8459038524154,1.8713312,699.9541,17.894316,19,948.6621451369273,13.03493,72.77846,17.895763,20,549.3245118616642,10.687992,51.39642,17.898323,0,0,0,1,0,1.1436357,-0.0025596619,0.0014476776,-0.0040073395,1e+20,1e+20,0,1e+20,1e+20,1e+20,242.29432146850309,37.611356216179914,152.5992103121168,-15.415489924507508,3823125109439978624,0.0,0.0,0.0,0.0,0.0,0.0,0.0,0.0,0.0,0.0,0.0,0.0,0.0,0.0,0.0,0.0,0.0,0.0,0.0,0.0,0.0,0.0,0.0,0.0,0.0,0.0,0.0,0.0,3.8231251094399785e+18,149.0726561918914,-3.865025651053201,7.460256460485976,0.1415698,17.894316,17.895763,17.898323,1.0336149072735234e+17,17.8610000610352,18.013599395752,18.1884994506836,18.3745994567871,18.4655990600586,0.00310599990189075,0.00719100004062057,0.00774500006809831,0.00857899989932776,0.0781650021672249,115000,115000,115000,115000,115000,436527104,52,0.02781324,3.8231251094399785e+18,1.0336149072735234e+17,0.0,0.0,0.0,0.0,0.0,0.0,0.0,0.0,0.0,0.0,0.0,0.0,0.0,0.0,0.0,0.0,0.0,0.0,0.0,3.8231251094399785e+18,149.0726561918914,-3.865025651053201,7.460256460485976,0.1415698,17.894316,17.895763,17.898323,90206042,17.896,17.7084,17.8547,17.8256,18.3032,18.3906,0.0581,0.0499,0.0101,0.0989,0.0203,0.0578,0,0,0,0,0,0,0,0,0,0,0,0,0,0,0,0.10860431,3.8231251094399785e+18,90206042,0.0,0.0,0.0,0.0,0.0,0.0,0.0,0.0,0.0,0.0,0.0,0.0,0.0,0.0,0.0,0.0,0.0,19.848010034575086,7.460053462970875,0.1093513129392019,13051.009551572119,503.1602080911962,482.2722912307436,8.437127596246302,0.038,0.038,0.8832335495154326,0.022914898172967126,0.02470881122155038,0.6083994797672885,0.02597085594068338,0.02799770126635529,6.853861389390521,0.21415792685015989,3.8526499954713334,0.23092346936028374,0.0322762712653161,0.22510291103800822,0.03826153033688423,0.041427563832356816,0.8335023908052968,0.04741113772016428,0,0.1807330710836741,3.940018827648027,0.38386608073008066,0.04610174434352794,0.21205037158831327,0.028580662019726574,0.05291366732525482,0.8204498513556018,0.04000906794322899,0,DB,17.9176,17.8422,18.0098,18.1696,18.4315,1.8756320521673396e-31,3.1480349971622134e-32,3.218014919344615e-32,3.0067515025623255e-32,4.516710939354967e-32,0.06,0.86,0.11,0.0,0.0,0.01,11842,8.294,0.769,0,0.02,0.018,-0.0446,-0.0058,Pure He,0.0,-2.7208,2503.4544,DC,,,,,LDT Deveny,,11828.950788883387,293.90845131941387,285.05224702772466,8.277732658618271,0.03764454299328257,0.03720505358175252,0.7574102803049385,0.025748986657067596,0.024760612307789587,0.6349551478408059,0.008864663737393474,0.008714014648851687,10.710858606120667,11609.318150934843,325.24041128028693,324.22095659402476,8.244534610238297,0.04440681923165535,0.047934501920213535,0.7362329190780155,0.029514886713848387,0.03152955268547808,0.632791077342222,0.007338095922600485,0.006903055775225986,0.13399539766217483,3.273780361464979,0.13458714582583475,0.04094695164895111,0.3560595062066272,0.04609301205158776,0.0418955261635249,0.991014654047433,0.046909485301889806,00,0.1807327926687079,3.1639351245537,0.16555657540976698,0.053966298007607695,0.39281018408638674,0.07197331534318227,0.054462913734166,1.0256012614286087,0.07230359811603457,00
WDWD eDR3 3874412413432647680B,3874412413432643328,1.0,1636042515805110273,3874412413432643328,1787285171,2016.0,151.596727611729,0.2201091,7.198104605922298,0.21094275,18.151803458994888,0.22549427,80.49785,79.50999,37.307736122831365,0.25893936,-70.21374852064537,0.26420823,-0.24757111,-0.15922858,-0.4415983,0.26496503,-0.065411426,0.25656217,-0.66811466,0.067766026,-0.24251072,-0.33158568,166,9,166,0,0.6302043,179.15872,0.0,0.0,31,false,1.458241,1e+20,1e+20,1e+20,1e+20,1e+20,1e+20,1e+20,19,12,0.45113143,21,12,0,0.018218243,117.31373,0,0,1.0332309,1e+20,1e+20,1e+20,1e+20,1e+20,1e+20,1e+20,1e+20,false,180,656.1861750468918,1.6574533,395.90024,18.644798,19,283.73614410501074,13.099934,21.659357,19.206255,20,505.0368375344794,12.69029,39.797108,17.989588,0,0,0,0,0,1.2020566,1.2166672,0.5614567,0.6552105,1e+20,1e+20,0,1e+20,1e+20,1e+20,232.18546645498938,46.125556630926624,151.0459627706928,-4.17253696254777,3874412413432643328,3.8744124134326436e+18,151.596727611729,7.198104605922298,18.151803458994888,0.22549427,18.644798,19.206255,17.989588,1.2376583006048095e+18,21.13466,19.40684,18.59513,18.3101,18.17289,0.08919718,0.01153532,0.00838505,0.009158913,0.02222171,68987912192.0,411074560.0,276856832.0,4503874773745664.0,275146375168.0,275146375168.0,0.04703546,3.8744124134326436e+18,1.2376583006048095e+18,3.8744124134326436e+18,151.596727611729,7.198104605922298,18.151803458994888,0.22549427,18.644798,19.206255,17.989588,1.1663151596635829e+17,19.2588005065918,18.5858993530273,18.3022003173828,18.2278995513916,18.1762008666992,0.0120249995961785,0.00220700004138052,0.00553099997341633,0.00683999992907047,0.0108019998297095,115000,115000,115000,115000,115000,436527104,52,0.047119696,3.8744124134326436e+18,1.1663151596635829e+17,0.0,0.0,0.0,0.0,0.0,0.0,0.0,0.0,0.0,0.0,0.0,0.0,0.0,0.0,0.0,0.0,0.0,0.0,0.0,0.0,0.0,0.0,0.0,0.0,0.0,0.0,0.0,0,0.0,0.0,0.0,0.0,0.0,0.0,0.0,0.0,0.0,0.0,0.0,0.0,0,0,0,0,0,0,0,0,0,0,0,0,0,0,0,0.0,0.0,0,0.0,0.0,0.0,0.0,0.0,0.0,0.0,0.0,0.0,0.0,0.0,0.0,0.0,0.0,0.0,0.0,0.0,18.474086367899258,18.31960916811685,0.05646286208014983,4804.480842274686,57.65377010729624,57.65377010729624,7.905126765124087,0.038,0.038,0.5219969523738697,0.015091439814407803,0.014292982236199856,5.7509942527174,0.1765853456062118,0.1654212902535182,3.01224048053158,0.18864299768009685,0.412461904673371,0.17866227795249873,82.47846317434741,147.99768728617804,797.5438188369839,82.47865220762561,153.74868153889543,797.5438359922814,11,0.13111589760562758,0.47026022913874654,0.12417882047089401,45.992730827222914,110.73708199775864,57.78615394681613,45.9930698185027,116.48807625047604,57.78639071761103,11,DC,20.7971,19.3752,18.6026,18.3189,18.1728,2.098840351418895e-31,2.0952057520556408e-32,2.5987436970833867e-32,3.2025109125160167e-32,5.1370778490823e-32,0.04,0.0,0.78,0.0,0.0,0.2,4885,7.958,0.553,98,0.052,0.043,-0.3013,-0.0471,Pure H,0.0,-4.0654,-0.7006,DC,-99.0,,,,Kilic2020,2020ApJ...898...84K,4777.936673203138,20.369008628709707,19.888771937449746,7.886300069306046,0.01798500021388083,0.018537429173122177,0.5013663696800192,0.009936659353625088,0.01067742171566971,5.416279728037415,0.0963589622343024,0.14080022080528742,16.17201494771101,6495.908650406795,4.1076138122971315,2840.025615368462,8.841121996272065,0.008565324876423475,1.154790551511324,1.1077027293572845,0.004372356037996239,0.7125181296040959,4.524442210012368,2.0580777464985482,0.01662055211631852,0.08633066336772444,0.2910197192008629,0.09276647885030198,254.23083883891326,424.19880345039616,677.4726683130862,254.23085709997338,429.61508317843357,677.4726829444528,11,0.043462783677893135,6.741975440927281,7.082685184931377,0.041800641135213645,0.05720456578818658,0.0008970251222415269,2.0585021992292982,4.581646775800555,0.016644741113072094,11
WDWD eDR3 3875652014008894720B,3875651975353757440,1.0,1636042515805110273,3875651975353757440,1114625411,2016.0,153.75596571638405,0.1172886,8.103827249476392,0.109125435,33.91636926200421,0.14278452,237.53532,333.73,-294.04428790732675,0.15171608,157.8406455787237,0.14796232,-0.25613707,-0.18083583,-0.2434499,-0.08262725,-0.07242484,-0.18759142,-0.060342453,0.17240168,-0.40071258,-0.28203586,135,0,135,0,0.800257,148.83766,0.19179937,0.4555012,31,false,1.4491998,1e+20,1e+20,1e+20,1e+20,1e+20,1e+20,1e+20,16,10,0.23847264,22,9,0,0.05809478,9.299643,0,0,1.047433,0.21603955,0.30959657,0.27627555,0.75301987,-135.75659,38.75353,-4.939633,-25.945206,false,186,1899.5251602233354,2.5076194,757.5014,17.490755,18,818.3107345082329,14.425506,56.726658,18.056246,18,1551.3493722386324,15.696673,98.833,16.771122,0,3,0,3,0,1.2475013,1.2851238,0.5654907,0.7196331,1e+20,1e+20,0,1e+20,1e+20,1e+20,232.73576524531828,48.41914717314494,152.7297257954085,-2.567913343110244,3875651975353757440,3.8756519753537577e+18,153.75596571638405,8.103827249476392,33.91636926200421,0.14278452,17.490755,18.056246,16.771122,1.2376605833712108e+18,20.32013,18.3258,17.43808,17.09367,16.94382,0.04559617,0.006705865,0.0054746,0.005570908,0.01085582,35255507619856.0,275146375184.0,268603408.0,4503599895973904.0,268468240.0,268468240.0,0.07228216,3.8756519753537577e+18,1.2376605833712108e+18,3.8756519753537577e+18,153.75596571638405,8.103827249476392,33.91636926200421,0.14278452,17.490755,18.056246,16.771122,1.1772153756467474e+17,18.19580078125,17.4228000640869,17.135799407959,16.9965991973877,16.9580993652344,0.00571000017225742,0.00497099990025163,0.000957000011112541,0.00466299988329411,0.00601800018921494,280,280,280,280,280,302309376,36,0.011827041,3.8756519753537577e+18,1.1772153756467474e+17,3.8756519753537577e+18,153.75600697541063,8.103805357769591,33.54573487378209,0.31097513001555466,17.511059,18.09243,16.785477,10150173+0806114,16.059,15.977,15.218,0.114,0.226,0.195,BDC,0.2901698101628944,3.8756519753537577e+18,10150173+0806114,0.0,0.0,0.0,0.0,0.0,0.0,0.0,0.0,0,0.0,0.0,0.0,0.0,0.0,0.0,0.0,0.0,0.0,0.0,0.0,0.0,0,0,0,0,0,0,0,0,0,0,0,0,0,0,0,0.0,0.0,0,0.0,0.0,0.0,0.0,0.0,0.0,0.0,0.0,0.0,0.0,0.0,0.0,0.0,0.0,0.0,0.0,0.0,27.71963387492175,33.91285216888254,0.05470569605467077,4594.183527089361,55.13020232507233,55.13020232507233,7.875162898264035,0.038,0.038,0.5040124828743533,0.010120353462198792,0.01033609304650965,6.362808027745641,0.12199051752607823,0.1503380997545792,4.326358367513464,0.12650441827748507,0.18765603592941632,0.12920116308137025,1044.9730733978558,1303.2113200740973,nan,1044.9730805184633,1309.574128101843,nan,11,0.08792661565767856,0.314009408117753,0.08980098215907562,120.83510624412378,275.049929102935,652.0146763278831,120.83516782259645,281.4127371306806,652.0146936599652,11,DC:,19.9332,18.365,17.4625,17.129,16.9473,1.529181370609935e-31,3.0782970364027005e-32,4.283853706425352e-32,4.7357112787759726e-32,7.911276731481197e-32,0.12,0.0,0.53,0.0,0.0,0.03,4595,7.897,0.517,51,0.027,0.022,-0.178,0.0054,Pure H,0.0,-4.142,-0.3765,DC,,,,,SOAR Goodman Spect,2015ApJ...815...63A,4533.649375993275,11.453544553708525,10.677669451527436,7.8155983648188805,0.01232902028393923,0.011854841563986085,0.46146175044182813,0.006730433443604855,0.006380319292126013,5.313526320556753,0.08309143388569051,0.08049138418432644,57.08515249070769,4785.528164350856,1714.4793416227594,1729.6608236813413,8.090123743941469,0.909839830724124,0.9263619178169886,0.6947909176764472,0.4904867738671449,0.4947969172118374,4.1618058243656195,0.1728774934234245,0.0011768375698837374,0.058474660674238566,-0.0556754957269483,0.05543283485774109,nan,nan,nan,nan,nan,nan,11,5.175265803164483,2.8853799978586845,4.670562694867803,0.4698728162878296,0.5146103291267028,nan,0.5006666468006659,4.6764161534923225,nan,01
WDWD eDR3 3930720057454344960A,3930720057454344960,1.0,1636042515805110273,3930720057454344960,773741650,2016.0,193.65982855369265,0.06349323,14.541075595983012,0.04232636,13.270000710985336,0.083024785,159.8318,62.193707,41.8482006160185,0.10790347,-46.008534915437004,0.10463771,-0.43189296,-0.1700045,-0.24632253,0.25546962,0.16961174,0.13282822,0.07672398,-0.06825879,-0.019120706,-0.51916254,350,0,348,2,-0.9636096,336.766,0.0,0.0,31,false,1.7293773,1e+20,1e+20,1e+20,1e+20,1e+20,1e+20,1e+20,41,17,0.18212232,49,8,0,0.035232723,0.44800162,0,0,0.9624761,0.13520464,0.5344551,0.3146112,0.18933804,7.411651,25.202549,15.105985,-6.441288,false,391,3192.5165538052192,2.6124558,1222.0365,16.927034,44,2225.6021064463475,13.080667,170.1444,16.969923,43,1453.1932116729536,9.709543,149.66649,16.842087,0,2,0,1,0,1.1523184,0.12783623,0.04288864,0.084947586,1e+20,1e+20,0,1e+20,1e+20,1e+20,306.4829034956726,77.39074744943748,186.66180283681408,18.740640642003353,3930720057454344960,3.930720057454345e+18,193.65982855369265,14.541075595983012,13.270000710985336,0.083024785,16.927034,16.969923,16.842087,1.237662525232644e+18,17.07882,16.92336,17.01201,17.18175,17.32526,0.008132159,0.004134441,0.004773877,0.005887311,0.0157688,35255507619856.0,268468240.0,268468240.0,4503599895838736.0,268468240.0,268603408.0,0.056995418,3.930720057454345e+18,1.237662525232644e+18,3.930720057454345e+18,193.65982855369265,14.541075595983012,13.270000710985336,0.083024785,16.927034,16.969923,16.842087,1.2544193659758987e+17,16.9528007507324,17.0233993530273,17.1744003295898,17.3428993225098,17.4395008087158,0.00264300010167062,0.00394500000402331,0.00201399996876717,0.00480000022798777,0.0088670002296567,115000,115000,115000,115000,115000,436527104,52,0.12992662,3.930720057454345e+18,1.2544193659758987e+17,0.0,0.0,0.0,0.0,0.0,0.0,0.0,0.0,0.0,0.0,0.0,0.0,0.0,0.0,0.0,0.0,0.0,0.0,0.0,0.0,0.0,0.0,0.0,0.0,0.0,0.0,0.0,0,0.0,0.0,0.0,0.0,0.0,0.0,0.0,0.0,0.0,0.0,0.0,0.0,0,0,0,0,0,0,0,0,0,0,0,0,0,0,0,0.0,0.0,0,0.0,0.0,0.0,0.0,0.0,0.0,0.0,0.0,0.0,0.0,0.0,0.0,0.0,0.0,0.0,0.0,0.0,19.63599653932135,13.279616191658114,0.08242552458620767,10657.61754507328,152.20163405143285,138.87376107895398,8.34363863798484,0.038,0.038,0.8182965809801697,0.01592116083245497,0.015055223001321186,0.8934160333061087,0.007157910299638315,0.007152203378119002,6.686350493578674,0.08513989749975925,3.3919603260971645,0.08050921391080834,0.019314387037322224,0.31954016503363686,0.026309476178167344,0.02059808793274631,1.2129561983397457,0.02726430908590078,0,0.06331492918465642,3.563022976868719,0.06460336310001757,0.013786667959746092,0.279196042677977,0.014703983069137455,0.015534088106160521,1.1726120759840857,0.01635118134140337,0,DC,17.2041,16.9194,17.0164,17.1496,17.3251,1.075641416616618e-31,2.84744123880399e-32,3.024176391682302e-32,2.9222644294934825e-32,4.2038707997243564e-32,0.0,0.01,0.92,0.0,0.15,0.0,9390,8.027,0.595,109,0.02,0.017,-0.0521,-0.0093,logH/He=-5,0.0,-2.9683,2731.1672,DC,-99.0,,,,Kilic2020,2020ApJ...898...84K,10152.609932455096,113.62773054315403,111.3269091881557,8.214365379233723,0.01928710029190306,0.01979221302997125,0.7141784867000611,0.012333311728968788,0.012460057179163542,0.85908483011732,0.005274288241535752,0.005220797543357358,2.188089399990956,9772.629403620067,131.69639709906005,125.55286568230986,8.107212851841968,0.02719176715377536,0.027893658470230065,0.645305969542181,0.017279356674173463,0.017755732826336912,0.8110838225727064,0.006248603658849938,0.006642810607900063,0.09410624825627112,3.035588910680007,0.07766277383781972,0.030043343950707138,0.442460090439598,0.043573759290421545,0.03050279712084276,1.301544920556918,0.04388541016885138,00,0.3199990619513531,2.2990716416182293,0.28229163998459006,0.27560654209183694,0.9833322393962872,0.3682058992288239,0.2756773677535116,1.7944160619689935,0.36826581589889557,00
WDWD eDR3 3930720057454344960B,3930720263611949056,1.0,1636042515805110273,3930720263611949056,1424134921,2016.0,193.65576477913407,0.53914464,14.544854217890462,0.30146018,13.93850368635607,0.6872708,20.280949,63.180965,43.05616903807253,0.9582047,-46.23852100841505,0.77116483,-0.401369,-0.23305845,0.027877104,0.3265568,0.24266957,0.16454254,0.013592079,-0.14631413,-0.032538217,-0.3973599,369,0,368,1,0.9978222,411.02817,0.0,0.0,95,false,1e+20,1.3036919,0.10513279,-0.09394354,0.012351062,0.052546624,0.021529647,-0.2498649,43,16,1.4464831,52,6,0,0.01557475,10.275234,0,0,1.03638,0.15809053,0.59073687,0.34049135,0.13601953,14.880481,23.095665,19.036972,2.2352598,false,415,177.86261378298354,0.720983,246.6946,20.062155,39,70.16767240582666,5.6416364,12.437469,20.7232,45,172.68824437798926,7.402228,23.329226,19.15474,0,1,0,0,0,1.365413,1.5684605,0.6610451,0.9074154,1e+20,1e+20,0,1e+20,1e+20,1e+20,306.4658942753319,77.39474343992951,186.65638211420483,18.742484595172503,3930720263611949056,3.930720263611949e+18,193.65576477913407,14.544854217890462,13.93850368635607,0.6872708,20.062155,20.7232,19.15474,1.2376625252326446e+18,25.64478,21.28432,20.06256,19.63385,19.41482,0.5635923,0.04474473,0.02363228,0.02314936,0.07645082,35253360001296.0,9007199397380368.0,275146375184.0,4503874773745680.0,275146375184.0,275280592912.0,0.011371097,3.930720263611949e+18,1.2376625252326446e+18,3.930720263611949e+18,193.65576477913407,14.544854217890462,13.93850368635607,0.6872708,20.062155,20.7232,19.15474,1.2545193655778435e+17,21.1221008300781,20.0307998657227,19.6067008972168,19.4020004272461,19.2434997558594,0.0432129986584187,0.0154640004038811,0.0137710003182292,0.0116680003702641,0.0195029992610216,115000,115000,115000,115000,115000,436527104,52,0.17441687,3.930720263611949e+18,1.2545193655778435e+17,0.0,0.0,0.0,0.0,0.0,0.0,0.0,0.0,0.0,0.0,0.0,0.0,0.0,0.0,0.0,0.0,0.0,0.0,0.0,0.0,0.0,0.0,0.0,0.0,0.0,0.0,0.0,0,0.0,0.0,0.0,0.0,0.0,0.0,0.0,0.0,0.0,0.0,0.0,0.0,0,0,0,0,0,0,0,0,0,0,0,0,0,0,0,0.0,0.0,0,0.0,0.0,0.0,0.0,0.0,0.0,0.0,0.0,0.0,0.0,0.0,0.0,0.0,0.0,0.0,0.0,0.0,19.63599653932135,13.279616191658114,0.08242552458620767,3732.6412325657784,60.2829891524334,61.602050540814616,7.6793555111033385,0.042117596746778396,0.039841929977330715,0.3985147867591632,0.020751637521078115,0.01925471662799616,6.999307170369146,0.23966941468837266,0.17078747012701712,2.625947999965896,nan,nan,nan,nan,nan,nan,nan,nan,nan,0,0.18029224605628236,-0.6025648413626121,0.16728685167676938,nan,nan,nan,nan,nan,nan,11,,,,,,,,,,,,,,,,,,,,,,,,,,,,,,DC,-99.0,,,,Kilic2020,2020ApJ...898...84K,4114.384246014251,22.26201488181414,22.005280370904984,7.78398875247767,0.027457305989833536,0.026590448791528054,0.44412281954579685,0.014555023314955284,0.0136551312151168,5.9930136768238995,0.15155818889246664,0.11408953382518394,9.877234255695937,4231.865307142529,19.365206883770952,42.91969959936796,8.69926101928916,0.014873434862030521,0.01850770158888082,1.0254379994516758,0.009066163354883416,0.011176176889698075,7.887441514616614,0.1298695733590689,0.08940867192825053,0.12645545886147058,-0.2063178145456388,0.1186371087325524,nan,nan,nan,nan,nan,nan,11,0.24945759719993532,5.924234586994789,0.11109519771071685,0.003322121735640481,0.0765979683644016,0.008227714967979848,0.12991205708975972,7.964039482981016,0.0897864461350813,01
WDWD eDR3 405374818877376128A,405374818877376128,1.0,1636042515805110273,405374818877376128,639232851,2016.0,25.93964833842406,0.046261586,48.95583889862585,0.0661333,5.3165115548000115,0.0862567,61.635925,43.361813,-42.846038665293676,0.08739259,6.66812310504957,0.08388897,0.17247757,-0.012334216,0.09654829,-0.13025168,-0.09631453,-0.16102356,-0.12568331,0.12820642,0.16353187,0.04057538,452,0,450,2,2.5787456,562.6296,0.1820879,0.88298255,31,false,1.8059304,1e+20,1e+20,1e+20,1e+20,1e+20,1e+20,1e+20,52,18,0.12335657,56,18,0,0.045075975,71.877144,0,0,1.0869031,0.3373031,0.2863985,0.34821075,0.7499854,93.98609,-75.94001,-15.467057,17.22958,false,470,1842.9076937898067,1.7158592,1074.0437,17.523607,48,1382.3937983536703,15.375338,89.90982,17.486963,44,691.5430914903899,9.556036,72.36715,17.648348,0,4,0,0,0,1.1253612,-0.16138458,-0.036643982,-0.1247406,1e+20,1e+20,0,1e+20,1e+20,1e+20,131.7054877427668,-13.022572932908814,43.66203006542396,35.289966164676066,405374818877376128,0.0,0.0,0.0,0.0,0.0,0.0,0.0,0.0,0.0,0.0,0.0,0.0,0.0,0.0,0.0,0.0,0.0,0.0,0.0,0.0,0.0,0.0,0.0,0.0,0.0,0.0,0.0,0.0,4.053748188773761e+17,25.93964833842406,48.95583889862585,5.3165115548000115,0.0862567,17.523607,17.486963,17.648348,1.6674025939796774e+17,17.4283008575439,17.7003002166748,17.9468994140625,18.1455993652344,18.2870998382568,0.00672800000756979,0.00431900005787611,0.0036740000359714,0.00712000019848347,0.0230349991470575,115000,115000,115000,115000,115000,436527104,52,0.100327335,4.053748188773761e+17,1.6674025939796774e+17,0.0,0.0,0.0,0.0,0.0,0.0,0.0,0.0,0.0,0.0,0.0,0.0,0.0,0.0,0.0,0.0,0.0,0.0,0.0,0.0,0.0,0.0,0.0,0.0,0.0,0.0,0.0,0,0.0,0.0,0.0,0.0,0.0,0.0,0.0,0.0,0.0,0.0,0.0,0.0,0,0,0,0,0,0,0,0,0,0,0,0,0,0,0,0.0,0.0,0,0.0,0.0,0.0,0.0,0.0,0.0,0.0,0.0,0.0,0.0,0.0,0.0,0.0,0.0,0.0,0.0,0.0,4.034088144300826,5.31519266362373,0.08593334215319026,15626.629596091938,979.3464911751871,869.2934916057966,7.8953191675344865,0.07199734625441767,0.06885379376607137,0.5558640560851205,0.042024958521271305,0.038278502467513076,0.14589542331800737,0.012362391026498498,0.012225356833914236,1.6674184623591335,0.5253119815158913,0.8358007010640058,0.4784812808439134,16.929333667092,21.391895054316464,274.4421085748917,16.92933818081636,21.53779047763447,274.44210884718836,1,0.365116928942409,0.7645009216778497,0.33256735419212025,20.683942870659706,28.919107822578813,128.52689818490137,20.683946565039914,29.06500324589682,128.52689876633355,11,DB,17.3683,17.3895,17.6937,17.9595,18.2129,1.3270427997008328e-31,2.126799530455456e-32,2.257041330272873e-32,2.503599614651633e-32,3.9099270763610456e-32,0.02,0.99,0.01,0.0,0.01,0.0,15834,8.013,0.598,0,0.017,0.014,0.0317,0.0696,Pure He,0.0,-2.043,1879.8077,,,,,,,,15939.739491004173,1170.0782000588697,886.3796283624688,7.972357668693135,0.10451334928806588,0.0873856995505804,0.5754239948032519,0.062866788035019,0.04953674443241085,0.15807166351544344,0.007470570770644752,0.008352871713470184,1.5174868818869998,15884.789350470193,1137.5783008371109,891.2784068587025,7.9788340762756205,0.10083205776832838,0.09146145885529577,0.5791812552560662,0.061108267028982644,0.05219267429863461,0.16151949518212444,0.00750522045233909,0.007920153877585961,0.5461927718072889,0.9344395725738656,0.9484306802122896,13.004584602847673,14.500112112297819,151.86975078905118,13.004586748607217,14.658183775813262,151.86975101875612,11,0.5309145701909869,0.9670830169944938,1.0808639248668892,11.507527475577112,12.860676949095621,118.10105806029961,11.50752992303284,13.022196444277746,118.10105832587232,11
WDWD eDR3 4113135633609628800A,4113135633609628800,1.0,1636042515805110273,4113135633609628800,1075724037,2016.0,255.09604620083275,0.06667961,-24.647532223357313,0.037627634,11.146278106797023,0.07417793,150.26408,42.554874,19.460480086244075,0.09449284,-37.844510454368105,0.060874905,0.021597188,0.029056389,-0.11094541,-0.15682024,-0.2600437,-0.078641444,-0.21202147,-0.15389585,0.020526353,-0.043664116,319,0,318,1,-0.9520587,314.36737,0.0,0.0,31,false,1.7672703,1e+20,1e+20,1e+20,1e+20,1e+20,1e+20,1e+20,36,17,0.13124962,36,11,0,0.05063838,111.421745,0,0,0.96113926,0.21353687,0.5637028,0.26670146,0.17067097,-132.15657,1.0364033,-35.241096,-28.992226,false,315,3430.078002352877,3.1609435,1085.1437,16.849108,35,2526.1170256673713,16.00553,157.82777,16.832409,35,1562.291977790041,20.650896,75.652504,16.76349,0,3,0,5,0,1.1919289,0.06891823,-0.016698837,0.085617065,1e+20,1e+20,0,1e+20,1e+20,1e+20,357.881095381688,10.756939791652771,256.47349032441093,-1.9053808943276431,4113135633609628800,0.0,0.0,0.0,0.0,0.0,0.0,0.0,0.0,0.0,0.0,0.0,0.0,0.0,0.0,0.0,0.0,0.0,0.0,0.0,0.0,0.0,0.0,0.0,0.0,0.0,0.0,0.0,0.0,4.1131356336096287e+18,255.09604620083275,-24.647532223357313,11.146278106797023,0.07417793,16.849108,16.832409,16.76349,7.842255096030336e+16,16.8251991271973,16.9874000549316,17.1368007659912,17.3033008575439,17.4074001312256,0.00646999990567565,0.00509099988266826,0.00552299991250038,0.0183210000395775,0.0145150003954768,16892216,16892216,16892216,16892216,16892216,512024576,61,0.0872526,4.1131356336096287e+18,7.842255096030336e+16,4.1131356336096287e+18,255.0960432222687,-24.647526943760774,11.192107178200617,0.0995435360671701,16.875967,16.783895,16.772892,17002307-2438501,16.443,15.71,16.144,0.134,0.0,0.0,BUU,0.7747084047103042,4.1131356336096287e+18,17002307-2438501,4.1131356336096287e+18,255.09604620083275,-24.647532223357313,11.146278106797023,0.07417793,16.849108,16.832409,16.76349,172345112,16.7371,16.7462,16.7523,16.8068,16.9188,17.1879,0.0086,0.0257,0.0254,0.0321,0.0295,0.0567,0,0,2,2,3,3,0,0,0,0,0,0,3,0,1,0.18292762,4.1131356336096287e+18,172345112,0.0,0.0,0.0,0.0,0.0,0.0,0.0,0.0,0.0,0.0,0.0,0.0,0.0,0.0,0.0,0.0,0.0,2.5233469579252885,11.07449363006613,0.06998400467279424,13483.222959010072,393.07168435568383,396.36723099461597,8.301097065062404,0.038,0.038,0.7959057934912187,0.020690517553589326,0.021924611028793457,0.44602046445808774,0.01478321614402438,0.013508078031265865,12.802218657511286,0.11064447889619888,3.272223494605447,0.11724390924488581,0.036230086339042844,0.3565406008844021,0.03718102873632765,0.03913007329018746,0.8025610653424898,0.039558779935564115,0,0.09912231032666563,3.4704601875733214,0.09070994167950941,0.021066081315008103,0.3006924212439581,0.025220382736882867,0.02573564185194293,0.7467128857020459,0.028610066016939332,0,DB,16.9258,16.7942,16.9724,17.137,17.3308,2.0534386645033823e-31,3.286857333311882e-32,3.5414690522507926e-32,3.494377352886531e-32,5.345254851116401e-32,0.14,0.8,0.11,0.0,0.0,0.0,11374,8.116,0.654,0,0.007,0.006,-0.0521,-0.0173,Pure He,0.0,-2.6839,2469.525,,,,,,,,11693.221922499597,191.4568204719708,184.1845995849053,8.090765215279564,0.027389030486146382,0.02736428970207072,0.6379180590398122,0.0172812078247232,0.016833662648938374,0.4928562919656735,0.004028543716742661,0.004120558182684919,20.947066511035906,11474.392827013176,221.27561239198621,201.95378644121956,8.05270587756521,0.03467884798030241,0.035401587151874025,0.6147753610526232,0.021668967814234996,0.021506481977241254,0.48913159115132365,0.0040166120205396005,0.003958196817168247,0.491987733026892,2.1696833465385468,0.28708406924765306,0.34160010756192266,1.1596263923933363,0.867634471335294,0.34162386136040734,1.65248268435901,0.8676442559303968,00,0.39070700110913825,1.478772971903128,0.6603268978139645,1.8219774167808445,3.0243443472696208,5.455944263051988,1.821981844155293,3.513475938420944,5.4559456988547765,00
WDWD eDR3 4209104577563403136A,4209104577563403136,1.0,1636042515805110273,4209104577563403136,105820980,2016.0,295.63112556314485,0.2056481,-5.2005196615163625,0.1613543,10.222213281135664,0.2242825,45.5774,48.407288,14.33668867875714,0.26699415,-46.23553467495286,0.20281622,0.119738646,0.07160823,0.07503971,-0.22558694,-0.15324491,-0.16112064,0.05019356,-0.26487422,-0.19937898,0.10263172,203,0,202,1,-0.8783971,188.13762,0.0,0.0,31,false,1.6186837,1e+20,1e+20,1e+20,1e+20,1e+20,1e+20,1e+20,23,14,0.37571806,35,6,0,0.12869385,87.73427,0,0,0.9544086,0.15964182,0.30662456,0.20553292,0.66528904,-147.48067,-17.287983,-44.076557,38.524994,false,262,581.3039921539028,1.3083894,444.28973,18.776358,26,346.4600627432889,6.5810027,52.64548,18.989408,26,319.7367038241228,7.7180357,41.42721,18.485914,0,3,0,3,0,1.1460385,0.50349426,0.21305084,0.29044342,1e+20,1e+20,0,1e+20,1e+20,1e+20,34.0949412013399,-13.725305637177945,296.6114278622039,15.902215559210797,4209104577563403136,0.0,0.0,0.0,0.0,0.0,0.0,0.0,0.0,0.0,0.0,0.0,0.0,0.0,0.0,0.0,0.0,0.0,0.0,0.0,0.0,0.0,0.0,0.0,0.0,0.0,0.0,0.0,0.0,4.2091045775634033e+18,295.63112556314485,-5.2005196615163625,10.222213281135664,0.2242825,18.776358,18.989408,18.485914,1.0175295631124982e+17,18.9571990966797,18.8227996826172,18.8062992095947,18.8815994262695,18.9130001068115,0.00495600001886487,0.00697299977764487,0.00728200003504753,0.0101509997621179,0.0101659996435046,115000,115000,115000,115000,115000,436527104,52,0.13479665,4.2091045775634033e+18,1.0175295631124982e+17,0.0,0.0,0.0,0.0,0.0,0.0,0.0,0.0,0.0,0.0,0.0,0.0,0.0,0.0,0.0,0.0,0.0,0.0,0.0,4.2091045775634033e+18,295.63112556314485,-5.2005196615163625,10.222213281135664,0.2242825,18.776358,18.989408,18.485914,293372599,0.0,19.1734,18.9629,18.9135,18.852,18.7313,0.0,0.019,0.0572,0.078,0.0241,0.0384,0,0,0,2,0,0,0,0,1,0,0,0,2,1,3,0.37455022,4.2091045775634033e+18,293372599,0.0,0.0,0.0,0.0,0.0,0.0,0.0,0.0,0.0,0.0,0.0,0.0,0.0,0.0,0.0,0.0,0.0,3.4408744839932934,10.235024318657496,0.20243084660034552,7619.838885884089,146.03519035828322,137.15184270575446,8.414731180578126,0.038,0.038,0.8596943897776788,0.025233371638023406,0.02417571786802131,2.9038016293860993,0.06291472778742482,0.07338682475857097,3.5775483358110067,0.15425668186730057,3.6326578483895213,0.22594128848618045,0.040248309243513344,0.26446244334656965,0.03438579957292965,0.07468727715968261,3.168264072732669,0.08104325548998445,0,0.12322135759912056,3.756175335215141,0.19157809911900303,0.030321562244588852,0.2412164158251274,0.023190295913505493,0.06984024706083335,3.1450180452112266,0.07696373089125264,0,DC,19.2888,18.9902,18.7925,18.8038,18.8698,1.6096152628789447e-31,2.461581237891058e-32,2.507560434501433e-32,2.4521970571149638e-32,3.7259389930290427e-32,0.06,0.0,0.91,0.0,0.0,0.08,6672,8.163,0.675,302,0.068,0.062,-0.0399,0.0504,logH/He=-5,0.0,-3.642,3351.0147,,,,,,,,7391.203158797543,130.64668752694433,126.39532393567242,8.34063733179112,0.03504862527539743,0.036535144959993104,0.7947455894066038,0.022974112124823365,0.025622310207952137,2.6744025142551933,0.04590912894263166,0.07488772294099233,15.91807810657238,7097.973442372811,119.21211014627897,123.28887523248886,8.212007430296033,0.03908725007240932,0.04092495112680439,0.708555368660087,0.025907658112874987,0.027050523365310886,2.289548495819214,0.10887856782866745,0.1000353136931853,0.11321358509468338,3.465215141982838,0.10604042087310761,0.024626364954384923,0.30191050776087414,0.02997750261303109,0.05209708217489476,2.9763130220160674,0.08066487283942815,00,0.19391832115994045,2.998932950856909,0.16168982793547215,0.06267940029681278,0.4567709440111569,0.09877432653561426,0.1256314043302463,2.746319439830371,0.14058247247881986,00
WDWD eDR3 42174998299513728A,42174998299513728,1.0,1636042515805110273,42174998299513728,1243536963,2016.0,51.41071085663388,0.124053836,15.150403686853386,0.117694385,11.037658747950541,0.14788026,74.63917,215.24478,201.84209830291633,0.17867014,74.76685985572094,0.15427125,0.31525987,0.06130604,-0.0008092165,-0.00025690917,-0.30800554,-0.035327017,0.19097331,0.15871166,0.00716913,0.41850317,201,0,200,1,1.658236,238.56213,0.24361728,0.5205879,31,false,1.6423718,1e+20,1e+20,1e+20,1e+20,1e+20,1e+20,1e+20,23,16,0.27710828,24,9,0,0.03164413,173.69997,0,0,1.0833763,0.30249676,0.34034327,0.45058137,0.73442227,-67.17139,-32.387253,-44.03159,33.092556,false,208,1117.422408808783,1.7117733,652.78644,18.066824,21,697.341960526884,14.37572,48.508316,18.229927,23,585.6600950299008,12.80171,45.74858,17.828781,0,1,0,0,0,1.14818,0.40114594,0.1631031,0.23804283,1e+20,1e+20,0,1e+20,1e+20,1e+20,169.13483536234432,-33.54913052971697,52.903975431281204,-3.4583758030952487,42174998299513728,0.0,0.0,0.0,0.0,0.0,0.0,0.0,0.0,0.0,0.0,0.0,0.0,0.0,0.0,0.0,0.0,0.0,0.0,0.0,0.0,0.0,0.0,0.0,0.0,0.0,0.0,0.0,0.0,4.217499829951373e+16,51.41071085663388,15.150403686853386,11.037658747950541,0.14788026,18.066824,18.229927,17.828781,1.261805141043509e+17,18.1923007965088,18.0862007141113,18.1128997802734,18.1891002655029,18.2203006744385,0.00434699980542064,0.00834800023585558,0.00500199990347028,0.00947799999266863,0.0190190002322197,115000,115000,115000,115000,115000,436527104,52,0.38043007,4.217499829951373e+16,1.261805141043509e+17,0.0,0.0,0.0,0.0,0.0,0.0,0.0,0.0,0.0,0.0,0.0,0.0,0.0,0.0,0.0,0.0,0.0,0.0,0.0,0.0,0.0,0.0,0.0,0.0,0.0,0.0,0.0,0,0.0,0.0,0.0,0.0,0.0,0.0,0.0,0.0,0.0,0.0,0.0,0.0,0,0,0,0,0,0,0,0,0,0,0,0,0,0,0,0.0,0.0,0,0.0,0.0,0.0,0.0,0.0,0.0,0.0,0.0,0.0,0.0,0.0,0.0,0.0,0.0,0.0,0.0,0.0,2.892774712888619,11.080428146244955,0.14347954686372882,8020.0805244948915,185.2745128223578,168.17464778612975,8.168491453034576,0.04912923486549303,0.04629595257452479,0.6990618216688899,0.031854139159872896,0.030149219357140322,1.4290011342483497,0.03171576368764595,0.03077883296174222,1.3009014988782666,0.39817673949841126,2.6257727708611234,0.2897942934491988,0.17432919715886008,0.6735634280344488,0.40103522029070915,0.17719074086515724,2.1025645622827986,0.40221460002355014,0,0.2813186197980193,2.9176525827815913,0.2091886270759371,0.09101222409329211,0.49817195021409666,0.16773996096186017,0.09638005291915036,1.9271730844624464,0.17054040888297767,0,DA,18.7141,18.22,18.1128,18.1191,18.1954,1.8000094489837371e-31,2.9257240517785627e-32,3.097684421034187e-32,3.1735851254855347e-32,5.033199332608487e-32,0.98,0.0,0.0,0.0,0.0,0.0,7818,8.173,0.701,304,0.062,0.056,-0.0428,0.0274,Pure H,0.0,-3.3612,-0.9472,DC,-99.0,,,,McCookSion1999,1999ApJS..121....1M,7724.670214964393,171.57786387845044,166.00870767252036,8.074437023857717,0.04852257321259934,0.05131315567967221,0.6205612786835568,0.030476898841547473,0.031612319116475884,1.4084260995495144,0.02413407068619544,0.024481877774855887,3.2088214285465786,7423.467896154485,155.869262828307,151.16307253987998,7.924968348816581,0.0494962960019647,0.04948803339143293,0.5311892535709988,0.02901454039980056,0.02792226091116501,1.2728267182909478,0.022633776387767313,0.02369101960580222,0.6128379096702574,1.6746483340143874,0.7392218456866553,1.1795251113311014,2.038578452945495,7.203723706041806,1.1797719871350283,3.4470045524950095,7.203765306791169,00,0.25208115030235045,0.5501238364118056,0.2425913198189834,49.54864852820573,75.10333684411937,296.4205590821001,49.54865369774942,76.37616356241031,296.42056002883675,11
WDWD eDR3 4228388602763827584B,4228388774562523264,1.0,1636042515805110273,4228388774562523264,1151612267,2016.0,311.80697580091726,0.12782042,0.3673427979575364,0.08758385,7.360045817374664,0.15631926,47.08342,96.37684,-6.354240565625812,0.16515918,-96.16714043152078,0.13896641,0.30613264,0.14006701,-0.2723625,-0.21018812,0.16340865,-0.21445403,-0.44951823,-0.36541474,-0.20050938,0.2908426,379,0,376,3,1.7715517,439.84885,0.25167286,0.59392524,31,false,1.7236686,1e+20,1e+20,1e+20,1e+20,1e+20,1e+20,1e+20,44,20,0.25411904,49,20,0,0.020338876,177.44508,0,0,1.064818,0.07484705,0.46592194,0.058273338,0.27463582,164.14711,-11.332555,51.642807,26.588049,false,407,955.7455997756483,1.3705195,697.3601,18.236511,43,639.9641616550708,12.253676,52.2263,18.323153,41,500.8415472586375,11.867808,42.201687,17.998644,0,31,0,34,0,1.193629,0.32450867,0.08664131,0.23786736,1e+20,1e+20,0,1e+20,1e+20,1e+20,47.43799733558801,-25.32986175755223,314.3746599647163,17.600427565943185,4228388774562523264,4.228388774562523e+18,311.80697580091726,0.3673427979575364,7.360045817374664,0.15631926,18.236511,18.323153,17.998644,1.2376635436748644e+18,18.39857,18.21998,18.23195,18.24903,18.29133,0.01579781,0.006582111,0.007772058,0.009126918,0.02978312,68987912192.0,268468224.0,268468224.0,4503599895838720.0,268468224.0,275280592896.0,0.038542487,4.228388774562523e+18,1.2376635436748644e+18,4.228388774562523e+18,311.80697580091726,0.3673427979575364,7.360045817374664,0.15631926,18.236511,18.323153,17.998644,1.0844311806917155e+17,18.2607002258301,18.3187007904053,18.431999206543,18.5328998565674,18.6548004150391,0.00528200017288327,0.00303100002929568,0.00657799979671836,0.0139830000698566,0.0471020005643368,115000,115000,16892216,16892216,16892216,436527104,52,0.20209202,4.228388774562523e+18,1.0844311806917155e+17,0.0,0.0,0.0,0.0,0.0,0.0,0.0,0.0,0.0,0.0,0.0,0.0,0.0,0.0,0.0,0.0,0.0,0.0,0.0,4.228388774562523e+18,311.80697580091726,0.3673427979575364,7.360045817374664,0.15631926,18.236511,18.323153,17.998644,305843785,18.4223,18.3284,18.2452,18.3108,18.3224,18.3885,0.0295,0.0312,0.0131,0.0075,0.0207,0.0412,0,0,0,0,0,0,0,0,0,0,0,0,0,0,0,0.40066025,4.228388774562523e+18,305843785,0.0,0.0,0.0,0.0,0.0,0.0,0.0,0.0,0.0,0.0,0.0,0.0,0.0,0.0,0.0,0.0,0.0,49.82878678418381,7.427831028068693,0.07252721912299165,9691.794608132996,154.60345921135195,116.30153529759595,8.115833839125983,0.038,0.038,0.6695262890829521,0.02271381073056559,0.016268539633413966,0.8041148419095123,0.013753471820975945,0.0087982879136734,13.297911898026346,0.2839226341320693,2.256578613536901,0.20335674541767546,0.2212518905035411,1.0364771909921584,0.32311331864841986,0.22167895037310448,1.8405920329016707,0.3232330839474932,0,0.34173269152384833,2.6660216271824853,0.1598210512845304,0.10317649641880584,0.6481127823270626,0.3090112057147141,0.10408913199940825,1.452227624236575,0.30913643448722317,0,DC,18.6929,18.2609,18.32,18.4345,18.5449,1.4762330633893468e-31,1.8546396755612296e-32,2.123597736356784e-32,2.2601377572721842e-32,3.770681605093638e-32,0.01,0.0,0.75,0.0,0.02,0.0,8789,7.885,0.512,230,0.052,0.04,-0.0412,0.0209,logH/He=-5,0.0,-3.0067,2766.4591,DQ:M:,-99.0,,,,Kleinman2013,2013ApJS..204....5K,9341.416467788305,100.3211976417042,100.59224809084299,8.008398452475372,0.02391468094717375,0.02434158577290546,0.5838189913734866,0.015034433265990299,0.014930030026637287,0.7941375682814955,0.00683431112703814,0.0071180020732585225,91.97973084768667,8846.19821134898,108.94063750542591,106.33973818161576,7.831639444022528,0.03082098325134819,0.03097652070789625,0.48328562327446756,0.01687803088421791,0.016397937212710822,0.7210979934607851,0.007427396916076856,0.007386711954472158,0.13062061916585832,1.0073761196653919,0.16114749831412478,4.509518381470909,11.139216256321243,7.030306698775551,4.509523560270264,11.933353824602738,7.030310302170303,01,0.14663797466740125,0.1339324350518475,0.14246687413302184,1734.71355049244,2268.57095771837,nan,1734.7135505083406,2269.292055711831,nan,11
WDWD eDR3 4257063453704172416A,4257063453704172416,1.0,1636042515805110273,4257063453704172416,1549022510,2016.0,277.46749142258335,0.05833047,-5.605810489275295,0.053115383,25.096873878343093,0.06669485,376.29404,169.76807,117.07971876571845,0.07621314,122.93712146483155,0.060586307,0.11494268,0.23461822,0.06663661,-0.14440785,-0.31787705,-0.15784848,-0.19883749,0.14005774,-0.034068026,0.08208444,221,0,221,0,0.9847272,246.04344,0.046021286,0.07877496,31,false,1.6227623,1e+20,1e+20,1e+20,1e+20,1e+20,1e+20,1e+20,25,14,0.106827326,25,9,0,0.031047093,160.21404,0,0,1.0461829,0.27380338,0.17722507,0.34609547,0.8257608,-76.05218,-15.945612,-41.043507,40.618942,false,217,3521.497836361949,3.1415677,1120.9365,16.820549,24,2106.4189383772227,9.557969,220.38353,17.02968,25,2075.3938112522605,10.433855,198.90959,16.455145,0,0,0,0,0,1.1875097,0.57453537,0.20913124,0.36540413,1e+20,1e+20,0,1e+20,1e+20,1e+20,25.48093446303287,2.2172800230746073,277.8001288074831,17.63150273699266,4257063453704172416,0.0,0.0,0.0,0.0,0.0,0.0,0.0,0.0,0.0,0.0,0.0,0.0,0.0,0.0,0.0,0.0,0.0,0.0,0.0,0.0,0.0,0.0,0.0,0.0,0.0,0.0,0.0,0.0,4.2570634537041725e+18,277.46749142258335,-5.605810489275295,25.096873878343093,0.06669485,16.820549,17.02968,16.455145,1.0127277467349323e+17,17.069299697876,16.8502998352051,16.7984008789063,16.8295001983643,16.8218994140625,0.00619499990716577,0.00691800005733967,0.00363900000229478,0.00539400009438396,0.00260300002992153,115000,115000,115000,115000,16892216,436527104,52,0.44575164,4.2570634537041725e+18,1.0127277467349323e+17,0.0,0.0,0.0,0.0,0.0,0.0,0.0,0.0,0.0,0.0,0.0,0.0,0.0,0.0,0.0,0.0,0.0,0.0,0.0,0.0,0.0,0.0,0.0,0.0,0.0,0.0,0.0,0,0.0,0.0,0.0,0.0,0.0,0.0,0.0,0.0,0.0,0.0,0.0,0.0,0,0,0,0,0,0,0,0,0,0,0,0,0,0,0,0.0,0.0,0,4.2570634537041725e+18,277.4674750764008,-5.6058275645098306,16.840332,16.998943,16.42704,0.0,0.0,0.0,0.0,16.142,0.035,14.647,0.0,13.536,0.0,8.364557779172497,2.7408553376729023,25.131434824012562,0.05371070915287656,6800.298774140045,81.60358528968054,81.60358528968054,8.178241783130819,0.038,0.038,0.7023165582153901,0.010347839516138845,0.01105055657950496,2.317138102702414,0.06201977181161482,0.04693816070833569,1.1230189908358834,0.12934799395173524,2.666456977692376,0.13813195724381133,0.09196542739313078,0.6477275300218548,0.099993467001531,0.1109238113804515,2.964865632724269,0.1104621400013046,0,0.0788161701332295,2.9455184778714907,0.08481883471682661,0.039486527546935615,0.48397816489070417,0.040145841189524294,0.07352304368889849,2.8011162675931183,0.06176471076185861,0,DC,17.5925,17.0725,16.8291,16.7861,16.8272,1.7269844259739414e-31,3.9755398034714614e-32,4.501103600223754e-32,4.4744473794860454e-32,6.702940485697815e-32,0.01,0.0,0.91,0.0,0.06,0.01,6261,8.0,0.572,77,0.019,0.015,-0.044,-0.0153,logH/He=-5,0.0,-3.6617,3369.1996,,,,,,,,6625.91900171921,38.533276153638326,37.696734106468284,8.098921428664953,0.015561718544839565,0.01527490713432833,0.6336347720471867,0.00985290494995772,0.009509409720545925,2.232800704634927,0.04203613141485585,0.04180192068451172,3.3854943192405953,6413.775084936951,77.5809246673125,597.7328689077667,8.01253938547347,0.007043614698607925,0.04102997015712617,0.5806706585876547,0.004185905385788891,0.026659449481626907,2.0853060996954813,0.7300112173446367,0.07948970138457634,0.2940961541212277,2.089737006417498,0.1721905153648482,0.24933682788609446,1.2790746962707207,0.40034925753512074,0.25285547272034065,3.5118754009056476,0.4025256868596545,00,0.03636755330833086,0.9800230980682421,0.3068549605837465,7.481818123083507,12.267254620082689,1.7417904757534313,7.517347857080302,14.35256071977817,1.7436033591535587,11
WDWD eDR3 428567401760258560A,428567401760258560,1.0,1636042515805110273,428567401760258560,1641420397,2016.0,8.125580070784833,0.07941413,60.10442752121946,0.090245664,5.919496990344822,0.11385837,51.99,7.6978455,-5.422729299300181,0.10712908,-5.463591675694811,0.15345459,-0.27296153,0.22874777,-0.12895516,-0.1732804,-0.113952845,-0.1513783,0.02922251,-0.067151055,0.017613309,-0.42559645,470,0,469,1,-1.6636002,433.10623,0.0,0.0,31,false,1.758074,1e+20,1e+20,1e+20,1e+20,1e+20,1e+20,1e+20,54,27,0.22635067,60,15,0,0.02692498,123.53296,0,0,0.94518465,0.29018813,0.2895697,0.04940675,0.16355172,-115.814125,58.080875,29.943014,-0.951665,false,491,1008.5069760595471,1.184427,851.4725,18.17817,58,717.1094744918692,9.052929,79.21298,18.19958,56,417.09873209848234,7.02398,59.382107,18.197298,0,1,0,2,0,1.124641,0.002281189,0.021409988,-0.0191288,1e+20,1e+20,0,1e+20,1e+20,1e+20,120.57188073430014,-2.6805244674712245,39.68896912942678,50.11873130084397,428567401760258560,0.0,0.0,0.0,0.0,0.0,0.0,0.0,0.0,0.0,0.0,0.0,0.0,0.0,0.0,0.0,0.0,0.0,0.0,0.0,0.0,0.0,0.0,0.0,0.0,0.0,0.0,0.0,0.0,4.2856740176025856e+17,8.125580070784833,60.10442752121946,5.919496990344822,0.11385837,18.17817,18.19958,18.197298,1.8012008125641606e+17,18.1854000091553,18.3160991668701,18.4899005889893,18.6562004089355,18.7548999786377,0.00676999986171722,0.00702500017359853,0.00598700018599629,0.0130500001832843,0.0288180001080036,115000,115000,115000,115000,115000,436527104,52,0.022081384,4.2856740176025856e+17,1.8012008125641606e+17,0.0,0.0,0.0,0.0,0.0,0.0,0.0,0.0,0.0,0.0,0.0,0.0,0.0,0.0,0.0,0.0,0.0,0.0,0.0,0.0,0.0,0.0,0.0,0.0,0.0,0.0,0.0,0,0.0,0.0,0.0,0.0,0.0,0.0,0.0,0.0,0.0,0.0,0.0,0.0,0,0,0,0,0,0,0,0,0,0,0,0,0,0,0,0.0,0.0,0,0.0,0.0,0.0,0.0,0.0,0.0,0.0,0.0,0.0,0.0,0.0,0.0,0.0,0.0,0.0,0.0,0.0,4.87260320485776,5.911766861399843,0.0969444581267924,11698.772932398238,467.2212832544574,378.9435974849348,8.147141707531265,0.04971654795712688,0.046502357548638074,0.6939525856781064,0.03232225803423616,0.029835836104447067,0.5149054232644006,0.013209156118301868,0.01648237712650258,2.1609623536485487,0.40402822542795214,2.5619073209763297,0.32466177946513275,0.20980564401600135,0.723810291296383,0.45272556185537016,0.21022105048335848,1.2387157145607834,0.4530254994070432,0,0.3188584763599023,2.8798318046201614,0.2179573331309932,0.09903802628839743,0.5174363594231005,0.20716603213907206,0.09991502617954405,1.0323417826875012,0.2078206766132458,0,DB,18.3655,18.1496,18.2984,18.4671,18.7081,9.747526052794363e-32,1.7036445499678568e-32,1.7604138277651048e-32,1.770607683467375e-32,2.7373125631756577e-32,0.0,0.89,0.87,0.0,0.0,0.0,10875,8.031,0.601,0,0.021,0.018,-0.0468,0.0081,Pure He,0.0,-2.7136,2496.8499,DC,,,,,LDT Deveny,,11762.5113771541,415.6188405813955,392.2619699413244,8.09038895245082,0.05379745807252334,0.052990038034471,0.6378251015139056,0.034388087672804435,0.03217913854214194,0.48445290948912445,0.00975832086137951,0.009440665450353936,2.1851230725587723,11527.660510067322,462.24280221914705,420.99448167147966,8.049281132867488,0.06812617741663907,0.06612194822231121,0.6128689047161535,0.04279165976408883,0.040136303951901486,0.4814940740142776,0.007151734433375467,0.0068617713427321925,0.9321582394732735,2.1679458226898243,0.504195535262129,0.519441383566431,1.162138666582881,4.318259605003358,0.5195330362810836,1.6465915760720056,4.318269924676769,00,0.5191151914661811,1.4071016810584027,1.020605617910898,2.715511805238209,3.560838283494703,13.804475924662858,2.7155212228398216,4.042332357508981,13.804477630048247,01
WDWD eDR3 42871268333859584A,42871268333859584,1.0,1636042515805110273,42871268333859584,124797037,2016.0,56.04552566847743,0.05363478,15.172686012247354,0.042602103,18.366979856199862,0.06217061,295.42865,47.648666,23.02743752372053,0.06957098,-41.71489760951847,0.054363616,0.17351681,0.10386604,-0.018120099,-0.083425134,-0.2543668,-0.09761083,0.19594808,0.15323685,-0.034218796,0.2672851,209,0,209,0,-1.0366943,190.2481,0.0,0.0,31,false,1.6792744,1e+20,1e+20,1e+20,1e+20,1e+20,1e+20,1e+20,24,15,0.10064023,32,8,0,0.011986582,151.1014,0,0,0.9475122,0.24314718,0.34952256,0.35568458,0.57962716,-64.32302,-19.584736,-40.42461,32.53414,false,258,4955.2394388348075,3.3066387,1498.573,16.449705,28,3228.250230093112,14.533124,222.13051,16.566124,28,2555.4036768175297,20.954023,121.95289,16.229246,0,2,0,2,0,1.1671795,0.33687782,0.11641884,0.22045898,1e+20,1e+20,0,1e+20,1e+20,1e+20,172.9531246951848,-30.461349321699412,57.26700586648443,-4.491742989938524,42871268333859584,4.287126833385958e+16,56.04552566847743,15.172686012247354,18.366979856199862,0.06217061,16.449705,16.566124,16.229246,1.2376662736798351e+18,16.97122,16.51585,16.49874,16.5383,16.65435,0.007384862,0.003893869,0.004416319,0.005046144,0.009114844,68988043776.0,268599296.0,268468224.0,4503599895838720.0,268468736.0,268468224.0,0.0024400305,4.287126833385958e+16,1.2376662736798351e+18,4.287126833385958e+16,56.04552566847743,15.172686012247354,18.366979856199862,0.06217061,16.449705,16.566124,16.229246,1.2620056045488782e+17,16.5335006713867,16.5193004608154,16.5692005157471,16.6681995391846,16.7474994659424,0.00295199989341199,0.00234499992802739,0.00328500010073185,0.003658999921754,0.00607000011950731,115000,115000,115000,115000,115000,503635968,60,0.076010756,4.287126833385958e+16,1.2620056045488782e+17,4.287126833385958e+16,56.04552235351004,15.172691798570515,18.419116923326392,0.07863619612171323,16.468391,16.55952,16.239365,03441088+1510226,16.033,16.177,16.356,0.09,0.179,0.0,ACU,0.2318725497556443,4.287126833385958e+16,03441088+1510226,0.0,0.0,0.0,0.0,0.0,0.0,0.0,0.0,0,0.0,0.0,0.0,0.0,0.0,0.0,0.0,0.0,0.0,0.0,0.0,0.0,0,0,0,0,0,0,0,0,0,0,0,0,0,0,0,0.0,0.0,0,4.287126833385958e+16,56.04552235351004,15.172691798570515,16.468391,16.55952,16.239365,16.522,0.119,16.714,0.061,16.534,0.03,16.465,0.129,0.0,0.0,0.419511707871671,37.46575696645849,18.430459998864034,0.04799591382733536,8883.865395291286,106.60638474349544,106.60638474349544,8.048887259093974,0.038,0.038,0.6262006072488739,0.013907154705136999,0.01299457924735462,0.9139021852486567,0.013787555676701353,0.013902358062061056,2.8347204819505603,0.17383943381421285,1.7150075906109243,0.1624322405919323,0.39852471760609914,1.9035229858703506,0.7348531758511154,0.39876314678585734,2.8174251711190075,0.7349846703286784,0,0.5372363497774517,1.9283502013576101,0.2652046864223627,0.29742799900989747,1.4198956989786826,2.277276476529316,0.2977473950961951,2.3337978842273395,2.277318911815704,0,DA,16.9999,16.5417,16.5105,16.5421,16.6408,1.8874213374025115e-31,5.349358944413797e-32,5.416978992544538e-32,4.5133842998472076e-32,5.866829764834837e-32,1.0,0.0,0.0,0.0,0.0,0.0,8433,8.001,0.597,285,0.058,0.048,-0.0521,-0.0173,Pure H,0.0,-3.1288,-0.7709,DC,-99.0,,,,Andrews2015,2015ApJ...815...63A,8515.11883305139,65.0209133966473,66.33871842287044,7.933968458357969,0.018421742844703992,0.019150390201868817,0.5383503209666922,0.010630920880170147,0.010892647746532536,0.911235320398388,0.006455008999926792,0.006234312159882349,10.6107193702392,8097.643126210311,61.828351431919145,57.68809461805449,7.748832391850917,0.0212625079044253,0.02054623587827553,0.43899658553945753,0.010895054529370563,0.010244733522176586,0.8165071706820446,0.005590027736747105,0.005597865573793159,0.09236247506663897,0.6123398867653542,0.09463638354937032,22.449871447696722,59.88330676777349,27.562735043700005,22.449872375700707,60.79454208817188,27.562735748757895,11,0.09465729391286315,-0.25085503440957724,0.08900724172177732,nan,nan,nan,nan,nan,nan,11
WDWD eDR3 4297600905539762432A,4297600905539762432,1.0,1636042515805110273,4297600905539762432,378295210,2016.0,296.9067122143853,0.16839524,6.419130812255457,0.13893627,7.862121324057901,0.19885974,39.536015,24.303818,-3.034976807424276,0.19193915,24.11357481977701,0.15779659,-0.12798166,0.066049255,0.27545846,-0.31566745,-0.1337736,-0.27865258,0.3279073,-0.18153784,-0.23830089,-0.004252624,308,0,306,2,-1.317929,281.52054,0.0,0.0,31,false,1.7025794,1e+20,1e+20,1e+20,1e+20,1e+20,1e+20,1e+20,36,20,0.27748266,39,8,0,0.029794868,150.89536,0,0,0.9456818,0.2570974,0.2154361,0.32958102,0.58314073,-96.25984,-9.160068,-33.893444,35.877403,false,318,665.5601517889567,1.3111663,507.60925,18.629398,33,433.1484053951367,8.761985,49.434963,18.74695,35,321.96709306689604,7.0701523,45.538918,18.478367,0,16,0,19,0,1.1345563,0.2685833,0.1175518,0.1510315,1e+20,1e+20,0,1e+20,1e+20,1e+20,45.19194474204637,-9.420897324247912,300.33294315933165,27.069229085355197,4297600905539762432,0.0,0.0,0.0,0.0,0.0,0.0,0.0,0.0,0.0,0.0,0.0,0.0,0.0,0.0,0.0,0.0,0.0,0.0,0.0,0.0,0.0,0.0,0.0,0.0,0.0,0.0,0.0,0.0,4.297600905539762e+18,296.9067122143853,6.419130812255457,7.862121324057901,0.19885974,18.629398,18.74695,18.478367,1.157029690669634e+17,18.6648998260498,18.7367000579834,18.8286991119385,19.0004005432129,19.0764007568359,0.00690700020641088,0.00698000006377697,0.00346500007435679,0.0187940001487732,0.0360030010342598,115000,115000,16892216,16892216,115000,436527104,52,0.06964232,4.297600905539762e+18,1.157029690669634e+17,0.0,0.0,0.0,0.0,0.0,0.0,0.0,0.0,0.0,0.0,0.0,0.0,0.0,0.0,0.0,0.0,0.0,0.0,0.0,0.0,0.0,0.0,0.0,0.0,0.0,0.0,0.0,0,0.0,0.0,0.0,0.0,0.0,0.0,0.0,0.0,0.0,0.0,0.0,0.0,0,0,0,0,0,0,0,0,0,0,0,0,0,0,0,0.0,0.0,0,0.0,0.0,0.0,0.0,0.0,0.0,0.0,0.0,0.0,0.0,0.0,0.0,0.0,0.0,0.0,0.0,0.0,6.334278011332774,7.915287236339458,0.15117693923593792,9775.74457952996,293.5891159985622,284.95505932433844,8.518274924979302,0.05141959312868316,0.05123526992479199,0.9303906818570404,0.03309718607588097,0.033184181265138446,1.6807550072429056,0.059180072567979636,0.06971507800415111,1.7442728516415928,0.3093194960362702,4.293370858477013,0.3101325351882105,0.028167607483611315,0.16904741743494642,0.036424676944743335,0.06554155247247453,1.849802424677852,0.07865716236716012,0,0.5707998032302628,4.706054668051965,0.4272112430575259,0.025781891281841336,0.13351029855167967,0.052969881915773336,0.06455220296178917,1.8142653057945852,0.08755569936500905,0,DC,18.817,18.6378,18.7067,18.7717,18.9588,1.800020122343831e-31,2.4715615535034545e-32,2.4454355184952775e-32,2.278669447308903e-32,3.4360127945009784e-32,0.01,0.0,0.77,0.0,0.02,0.01,8983,8.291,0.764,401,0.07,0.064,-0.031,0.0578,logH/He=-5,0.0,-3.2019,2946.0851,DC,,,,,SOAR Goodman Spect,,9431.691127769755,287.809006064781,289.18535735416117,8.43074112463,0.050098149973338835,0.05358251200527242,0.8557314996557523,0.034427541974710096,0.03567055170727729,1.5266977095123928,0.04563046340108046,0.054104005407181965,3.0425790654675726,9050.832344523456,289.8927930803475,277.66226798085154,8.314046466408453,0.06050404279520727,0.06050358318730531,0.7785235322392381,0.040746687352269495,0.040337893683497494,1.3376243547313504,0.04349097454424489,0.027364628657456924,0.16145400887834782,3.7364299933022043,0.3098744674861855,0.04752923351944411,0.2449324950081213,0.0314876333163321,0.06588753470227272,1.7716302045205141,0.06259963620472696,00,0.2178220530711621,3.3899131512590572,0.17535483730507462,0.04149810111177158,0.3201727720629779,0.06948232614330994,0.060112871023525194,1.6577971267943283,0.07467674703577952,00
WDWD eDR3 4359257394441596416A,4359257394441596416,1.0,1636042515805110273,4359257394441596416,1715264181,2016.0,246.97579983496024,0.09015794,-1.2633647767398442,0.048382293,7.379813074837554,0.12067013,61.156914,34.051346,15.034470477489133,0.10370328,-30.552560817284224,0.075383335,0.23486207,-0.5301004,0.17523097,-0.29668927,-0.2616552,-0.03569521,-0.054418303,-0.35471785,0.28966096,0.06252592,324,0,321,3,1.2683545,371.65634,0.12879217,0.45458645,31,false,1.7611481,1e+20,1e+20,1e+20,1e+20,1e+20,1e+20,1e+20,37,17,0.15058842,39,8,0,0.030386537,75.95236,1,0,1.0498021,0.32717776,0.45426837,0.07639596,0.53731084,-151.52649,-7.2501464,-9.978245,-26.896368,false,314,2249.5164941695866,2.2063117,1019.58234,17.307144,33,1637.9975278836587,7.983534,205.172,17.30276,35,964.4566862169322,15.570008,61.943233,17.28719,0,0,0,1,0,1.1568949,0.015569687,-0.0043849945,0.019954681,1e+20,1e+20,0,1e+20,1e+20,1e+20,13.432645960946028,30.762373223068224,245.37174919591223,20.228946591721353,4359257394441596416,0.0,0.0,0.0,0.0,0.0,0.0,0.0,0.0,0.0,0.0,0.0,0.0,0.0,0.0,0.0,0.0,0.0,0.0,0.0,0.0,0.0,0.0,0.0,0.0,0.0,0.0,0.0,0.0,4.3592573944415964e+18,246.97579983496024,-1.2633647767398442,7.379813074837554,0.12067013,17.307144,17.30276,17.28719,1.0648246975791445e+17,17.2705001831055,17.4316997528076,17.6315994262695,17.8069000244141,17.9235000610352,0.00640900013968349,0.00488399993628263,0.0033780001103878,0.00827999971807003,0.00946599990129471,115000,115000,115000,115000,115000,436527104,52,0.09115511,4.3592573944415964e+18,1.0648246975791445e+17,0.0,0.0,0.0,0.0,0.0,0.0,0.0,0.0,0.0,0.0,0.0,0.0,0.0,0.0,0.0,0.0,0.0,0.0,0.0,4.3592573944415964e+18,246.97579983496024,-1.2633647767398442,7.379813074837554,0.12067013,17.307144,17.30276,17.28719,194269959,17.2362,17.4213,17.2886,17.3791,17.6555,17.8659,0.015,0.0701,0.0112,0.0242,0.0083,0.0083,0,0,0,0,0,0,0,3,0,0,0,0,0,3,0,0.095034465,4.3592573944415964e+18,194269959,0.0,0.0,0.0,0.0,0.0,0.0,0.0,0.0,0.0,0.0,0.0,0.0,0.0,0.0,0.0,0.0,0.0,29.336104271298936,7.373630922411338,0.11906266324565225,14326.944625313881,541.6253498313054,526.3218565267052,8.097288169417933,0.04421691313605436,0.04457045545628979,0.6686000434415498,0.028433932118197225,0.02792415264565118,0.2749447017851046,0.011861515775083875,0.010824467326474574,7.7702766572771464,0.3554241514774652,2.2450005430193722,0.3490519080706398,0.35030891148279975,1.0511416139960086,0.43279432359381415,0.3505096703669481,1.3260863157811131,0.4329296659134472,0,0.4434039613378662,2.654161887855951,0.24268917824067993,0.1475389320767836,0.6563063525341568,0.44116621386424043,0.14801497233334313,0.9312510543192614,0.44129898861000194,0,DB,17.347,17.2307,17.4336,17.5977,17.7866,1.514049579692328e-31,2.959827234100027e-32,3.1029268017993527e-32,3.062191839470162e-32,4.646608919443138e-32,0.01,1.0,0.01,0.0,0.0,0.04,11961,7.856,0.504,0,0.018,0.014,-0.047,-0.0132,Pure He,0.0,-2.4488,2253.165,,,,,,,,12284.79426685754,282.61802408765834,268.7563396312071,7.880715121355092,0.038792417343400665,0.03821080431207147,0.5176152507377243,0.02148234536821192,0.020411282172274503,0.3140950185568948,0.0050507153203914745,0.00488988235007809,1.233423050378964,12125.91243651609,295.4557567844404,300.4533474971722,7.858358193751738,0.04346536103360865,0.04676925257255338,0.505819763008035,0.02387542869945891,0.025096771785691696,0.31604628179501887,0.004247903514098927,0.00436721795270778,0.18664070693494272,0.4321915789550336,0.1773352056670242,73.12445237592675,133.81958456441492,634.3545743415268,73.12445255035352,134.1336795829718,634.3545743603735,11,0.20743204777983393,0.32971123377962697,0.2180431953578773,122.88773727796533,198.94104208246634,2408.5429365842842,122.88773735138471,199.25708836426136,2408.5429365882437,11
WDWD eDR3 4387094623673782656B,4387094619380065280,1.0,1636042515805110273,4387094619380065280,560956481,2016.0,259.90447708432424,0.22138803,1.5680558434722944,0.16203026,15.450677673366034,0.32760954,47.16187,175.2417,-108.50903819350854,0.27340314,-137.60610526291617,0.19799247,-0.1354987,-0.17322923,-0.16843636,0.19015048,0.046424452,0.085212514,-0.64246225,-0.26365075,0.06384539,0.064525396,644,0,641,3,-0.2243786,656.00134,0.0,0.0,31,false,1.4221705,1e+20,1e+20,1e+20,1e+20,1e+20,1e+20,1e+20,75,20,0.38739946,75,48,0,0.020342313,176.4888,0,0,0.9931924,0.40347627,0.4978298,0.352728,0.21079768,1.1074076,-1.0222254,-2.5256314,-25.215878,false,621,317.1640198849665,0.6533501,485.44266,19.434156,72,126.19282631959572,5.22806,24.137602,20.085955,68,249.89523379171442,5.938454,42.080856,18.7535,0,0,0,1,0,1.1857841,1.3324547,0.65179825,0.68065643,1e+20,1e+20,0,1e+20,1e+20,1e+20,23.46924980297415,21.06643856687572,258.88701584917436,24.618717834665155,4387094619380065280,4.3870946193800653e+18,259.90447708432424,1.5680558434722944,15.450677673366034,0.32760954,19.434156,20.085955,18.7535,1.2376686342862945e+18,23.20672,20.49059,19.4901,19.09995,18.98984,0.7880183,0.02740903,0.01571341,0.01681661,0.04194172,35253360132368.0,9007199397347600.0,268435472.0,4503874773712912.0,268435472.0,275146473488.0,0.038681924,4.3870946193800653e+18,1.2376686342862945e+18,4.3870946193800653e+18,259.90447708432424,1.5680558434722944,15.450677673366034,0.32760954,19.434156,20.085955,18.7535,1.098825990463824e+17,20.3631000518799,19.4186000823975,19.0695991516113,18.9095001220703,18.886100769043,0.0372340008616447,0.00592100014910102,0.0111760003492236,0.0141449999064207,0.0378619991242886,115000,115000,115000,115000,115000,436527104,52,0.44237286,4.3870946193800653e+18,1.098825990463824e+17,0.0,0.0,0.0,0.0,0.0,0.0,0.0,0.0,0.0,0.0,0.0,0.0,0.0,0.0,0.0,0.0,0.0,0.0,0.0,0.0,0.0,0.0,0.0,0.0,0.0,0.0,0.0,0,0.0,0.0,0.0,0.0,0.0,0.0,0.0,0.0,0.0,0.0,0.0,0.0,0,0,0,0,0,0,0,0,0,0,0,0,0,0,0,0.0,0.0,0,0.0,0.0,0.0,0.0,0.0,0.0,0.0,0.0,0.0,0.0,0.0,0.0,0.0,0.0,0.0,0.0,0.0,7.447963063206354,15.724387674287932,0.21785801667360488,4338.152932266225,52.057835187194705,52.057835187194705,7.915468983775086,0.038,0.038,0.5260952607231763,0.02147322514773179,0.019457845539285736,7.63006797990738,0.20424395667767603,0.19648533784794492,3.6935555895909533,0.26841531434664695,0.46369075903970325,0.24322306924107195,76.62877181085187,114.07205469857274,1088.359757132793,76.62904400312877,121.70212267848012,1088.3597748688805,11,0.18656146957195252,0.5058667308703415,0.16905165542385525,49.442064304392716,93.23353415190381,150.5527926728433,49.44248616598425,100.86360213181119,150.55292088857038,11,DC,21.0088,20.3375,19.4149,19.0427,18.8707,7.065217452089056e-32,9.466596988879695e-33,1.1114317550626396e-32,1.4846673329522674e-32,2.5132460844634757e-32,0.25,0.0,0.8,0.0,0.0,0.01,4518,8.018,0.589,96,0.054,0.046,0.1892,0.6631,Pure H,0.0,-4.2357,-0.7595,,,,,,,,4437.585072870488,30.65009546185047,29.7142686717616,7.953143872764118,0.02780561164083384,0.027522202118793082,0.538886822865672,0.016580417668809244,0.01592689450886675,6.589533168949075,0.1461231857176788,0.13841134770601915,16.090630470259814,4012.401593261282,2487.614523672293,16.56535697678146,8.427290115567043,0.5725665723065472,0.022546757471795686,0.8494033463275407,0.3358245362055815,0.01563756369890401,9.037828680183331,0.024985612063884943,4.876632178122155,0.14405228209217402,0.6170010674689146,0.1383744092864182,28.530873689772527,58.538149431516665,50.83409468386554,28.53124787819766,65.12768260046573,50.834283117099034,11,3.307776992984274,3.7048995830968647,0.0779151155899549,0.014663647778856606,0.25086652752637084,159.00485479430682,0.02897073310065382,9.288695207709702,159.0796196549366,01
WDWD eDR3 441716426956171904A,441716426956171904,1.0,1636042515805110273,441716426956171904,167717750,2016.0,50.74659456387152,0.104364105,49.68658302991957,0.09254564,4.420213781294038,0.14417194,30.65932,27.53282,23.56523367752228,0.14415006,-14.238535464994595,0.12651521,0.2017601,0.042208586,-0.27114213,0.11232829,0.10800561,0.13151997,0.23537397,0.31186235,0.12469963,0.22573742,328,0,326,2,1.441049,374.62445,0.3309972,1.1286054,31,false,1.78762,1e+20,1e+20,1e+20,1e+20,1e+20,1e+20,1e+20,37,19,0.21508585,45,16,0,0.039721776,75.89242,0,0,1.0563517,0.12012953,0.21938953,0.1286888,0.5513732,127.060715,-33.791595,4.1013145,35.03178,false,378,1097.2790239441213,1.4402494,761.8674,18.086575,37,809.3888765045116,7.4267673,108.98266,18.06815,38,429.9599266162072,8.946129,48.061005,18.164326,0,1,0,1,0,1.1294746,-0.09617615,-0.018424988,-0.07775116,1e+20,1e+20,0,1e+20,1e+20,1e+20,146.48452569435693,-6.127090751840126,61.78383744397633,30.020905301415507,441716426956171904,0.0,0.0,0.0,0.0,0.0,0.0,0.0,0.0,0.0,0.0,0.0,0.0,0.0,0.0,0.0,0.0,0.0,0.0,0.0,0.0,0.0,0.0,0.0,0.0,0.0,0.0,0.0,0.0,4.417164269561719e+17,50.74659456387152,49.68658302991957,4.420213781294038,0.14417194,18.086575,18.06815,18.164326,1.676205074655346e+17,18.0196990966797,18.2516002655029,18.4587993621826,18.6746006011963,18.9027996063232,0.00969799980521202,0.00730799976736307,0.00733199995011091,0.00159400003030896,0.0703269988298416,115000,115000,115000,115000,115000,436527104,52,0.015618948,4.417164269561719e+17,1.676205074655346e+17,0.0,0.0,0.0,0.0,0.0,0.0,0.0,0.0,0.0,0.0,0.0,0.0,0.0,0.0,0.0,0.0,0.0,0.0,0.0,0.0,0.0,0.0,0.0,0.0,0.0,0.0,0.0,0,0.0,0.0,0.0,0.0,0.0,0.0,0.0,0.0,0.0,0.0,0.0,0.0,0,0,0,0,0,0,0,0,0,0,0,0,0,0,0,0.0,0.0,0,0.0,0.0,0.0,0.0,0.0,0.0,0.0,0.0,0.0,0.0,0.0,0.0,0.0,0.0,0.0,0.0,0.0,7.733931273781662,4.463210971605824,0.13520954966924043,16099.951551870608,1684.7578220986888,1422.6682405783904,8.007360700593757,0.11187261302721829,0.11203294044157186,0.6191947878458186,0.06988079329344854,0.06552174621105289,0.16187276525933317,0.021133912452278525,0.01961162987321169,1.3318187286548542,0.8735099161681068,1.6274348480727328,0.8190218276381611,1.3960161926376946,2.223158872549003,27.957087763792817,1.3961761537722184,2.385031637808336,27.957094642477433,1,0.911954547292307,1.6195478970088153,1.1991584832484412,1.7077244393816546,2.2562956734753636,35.07982168998604,1.707855205547861,2.4181684387346967,35.07982717199789,1,DB,18.006,17.9864,18.2481,18.4595,18.6714,1.190297553850512e-31,2.2833985315588772e-32,2.3305053996235671e-32,2.2442040606171062e-32,3.459987795644025e-32,0.01,1.0,0.03,0.0,0.0,0.0,13718,7.871,0.515,0,0.037,0.028,-0.045,-0.0067,Pure He,0.0,-2.2151,2038.1097,,,,,,,,16462.64906364188,2144.446986705494,1469.4430865856793,8.093079229315844,0.16105567695131384,0.14057274531116537,0.6469037767254162,0.10349903981687059,0.08463777643321069,0.1772033348291929,0.012060261383530502,0.015805973876616697,0.8603389832420992,16481.031640322824,2123.963148006238,1493.716559126624,8.105471860214074,0.15592454765764252,0.14243453197767852,0.6550327467228416,0.10096819690588688,0.08630851829772224,0.18069745385935682,0.012276536095455315,0.016767126115969228,1.6695625200079571,2.325815664304618,0.8133367559733897,0.5528277900106783,0.9552250036582048,46.749014778775376,0.5529593251883267,1.1324283384873977,46.749017450797496,01,1.7125767369761788,2.4614433730922065,0.7294772028220238,0.43131601886127824,0.8136870548613179,30.013329723503688,0.4314906968462305,0.9943845087206746,30.013334407030957,01
WDWD eDR3 4442677371703187328A,4442677371703187328,1.0,1636042515805110273,4442677371703187328,251154837,2016.0,253.3043959957479,0.16841632,8.77964669452446,0.12230113,7.050811356024901,0.22309864,31.60401,25.382095,-25.373941852632857,0.21840847,0.643287064125637,0.17329694,0.20363615,-0.32203048,-0.123590805,-0.054720387,-0.124227196,-0.06936925,-0.29798633,-0.20499784,-0.014406981,0.43613875,414,0,413,1,-0.09082408,422.7628,0.0,1.9899178e-15,31,false,1.7032529,1e+20,1e+20,1e+20,1e+20,1e+20,1e+20,1e+20,48,22,0.33422187,51,16,0,0.01596104,86.45274,0,0,0.9960062,0.20063475,0.31734717,0.07336399,0.30129763,-151.24622,-12.458024,9.478256,-35.06902,false,425,485.33015201198236,0.9525672,509.497,18.972273,49,316.676454043282,7.63594,41.471836,19.087004,48,230.34472544606095,5.873381,39.21842,18.84195,0,0,0,0,0,1.1271114,0.24505424,0.114730835,0.13032341,1e+20,1e+20,0,1e+20,1e+20,1e+20,27.19024189637408,30.228562068632996,250.6346160349532,31.103378924131828,4442677371703187328,0.0,0.0,0.0,0.0,0.0,0.0,0.0,0.0,0.0,0.0,0.0,0.0,0.0,0.0,0.0,0.0,0.0,0.0,0.0,0.0,0.0,0.0,0.0,0.0,0.0,0.0,0.0,0.0,4.4426773717031875e+18,253.3043959957479,8.77964669452446,7.050811356024901,0.22309864,18.972273,19.087004,18.84195,1.1853253304430611e+17,19.0226001739502,19.0575008392334,19.1455001831055,19.2830009460449,19.3402004241943,0.00741499988362193,0.00521200010553002,0.00667499983683228,0.0101180002093315,0.0337040014564991,115000,115000,115000,115000,115000,436527104,52,0.06922827,4.4426773717031875e+18,1.1853253304430611e+17,0.0,0.0,0.0,0.0,0.0,0.0,0.0,0.0,0.0,0.0,0.0,0.0,0.0,0.0,0.0,0.0,0.0,0.0,0.0,0.0,0.0,0.0,0.0,0.0,0.0,0.0,0.0,0,0.0,0.0,0.0,0.0,0.0,0.0,0.0,0.0,0.0,0.0,0.0,0.0,0,0,0,0,0,0,0,0,0,0,0,0,0,0,0,0.0,0.0,0,0.0,0.0,0.0,0.0,0.0,0.0,0.0,0.0,0.0,0.0,0.0,0.0,0.0,0.0,0.0,0.0,0.0,15.080307424793594,7.043766553106933,0.1936998886046744,9532.038607330167,355.1183389318903,333.1238004211755,8.504169147412629,0.06380533442398217,0.06351198390507484,0.9209835272968352,0.04120598056689617,0.04177552730592504,1.7603306769018934,0.07348488346032545,0.09256235605013496,0.7682155545035119,0.3851026221205247,4.205453526138647,0.39042548884042105,0.03649202388549387,0.17797567729813465,0.05195258340838849,0.08204691282697399,1.938306354200028,0.10614546942925789,0,0.6282146119975449,4.526795806145484,0.5759725902193846,0.03806882520078498,0.14738589800133314,0.0708550833557826,0.0827602776055369,1.9077165749032265,0.11656857464560015,0,DC,19.4331,19.0451,19.0471,19.0978,19.2591,7.238497526942869e-32,1.2825284639752791e-32,1.396333411484337e-32,1.6486142875899048e-32,2.6862390085877015e-32,0.01,0.0,0.66,0.0,0.08,0.02,8329,8.203,0.705,277,0.061,0.055,-0.076,0.032,logH/He=-5,0.0,-3.2802,3018.1935,,,,,,,,9185.838610582734,367.2075585548446,333.4153104157285,8.417313758685536,0.06542278388125489,0.06537860829676667,0.8463707670053687,0.04508862725148943,0.04274377879158053,1.5981600770844027,0.06286814671266261,0.06182439162423026,1.0220707810195786,8826.834346280913,347.1716447561139,343.8022936782363,8.297986775901919,0.07311997291990124,0.07771778977944876,0.767631333712228,0.04917375416422887,0.05186944074744748,1.39555010079192,0.06046215238522401,0.03726938920876455,0.19539183192606568,3.6901573823504745,0.32337479239091893,0.052213326383090466,0.25364101406333406,0.04140683569560626,0.08172291797942607,1.8518010911477367,0.07440955208862049,00,0.26547007848180204,3.3287553829995957,0.23905373647447226,0.06098688902314377,0.33907141881242614,0.09267450002160323,0.08587824231885106,1.7346215196043462,0.09988778867433452,00
WDWD eDR3 4500927474812609536B,4500927504877462016,1.0,1636042515805110273,4500927504877462016,1009398704,2016.0,267.90581912526534,0.14119935,15.217352417217407,0.16600156,15.006207879902352,0.20294605,73.94186,178.59607,-100.15251896453766,0.18472935,-147.87167196392775,0.20235148,-0.07361235,0.07198783,-0.20119104,-0.027015718,-0.13028054,-0.028740656,-0.38240135,-0.10156506,-0.028854169,0.0045654746,316,0,314,2,0.41412905,332.40717,0.0,2.2865777e-15,31,false,1.4854394,1e+20,1e+20,1e+20,1e+20,1e+20,1e+20,1e+20,36,21,0.2895393,37,19,0,0.046536997,73.46758,0,0,1.0156204,0.25272787,0.117118366,0.12952763,0.3205502,-65.0234,74.49572,51.72459,39.022694,false,310,532.9988745131329,1.0266196,519.1786,18.870552,34,249.13261277123686,8.10085,30.753885,19.347466,35,383.8994185945559,9.494201,40.43515,18.287352,0,0,0,0,0,1.1876799,1.0601139,0.47691345,0.58320045,1e+20,1e+20,0,1e+20,1e+20,1e+20,40.27089899737881,19.955217246098403,267.41268343368523,38.63782686546413,4500927504877462016,0.0,0.0,0.0,0.0,0.0,0.0,0.0,0.0,0.0,0.0,0.0,0.0,0.0,0.0,0.0,0.0,0.0,0.0,0.0,0.0,0.0,0.0,0.0,0.0,0.0,0.0,0.0,0.0,4.500927504877462e+18,267.90581912526534,15.217352417217407,15.006207879902352,0.20294605,18.870552,19.347466,18.287352,1.2626267905937157e+17,19.4370002746582,18.8384990692139,18.5977001190186,18.5534992218018,18.5009994506836,0.00971799995750189,0.00412099994719028,0.00764899980276823,0.00919099990278482,0.0165640003979206,115000,115000,115000,115000,115000,436527104,52,0.40635455,4.500927504877462e+18,1.2626267905937157e+17,0.0,0.0,0.0,0.0,0.0,0.0,0.0,0.0,0.0,0.0,0.0,0.0,0.0,0.0,0.0,0.0,0.0,0.0,0.0,0.0,0.0,0.0,0.0,0.0,0.0,0.0,0.0,0,0.0,0.0,0.0,0.0,0.0,0.0,0.0,0.0,0.0,0.0,0.0,0.0,0,0,0,0,0,0,0,0,0,0,0,0,0,0,0,0.0,0.0,0,0.0,0.0,0.0,0.0,0.0,0.0,0.0,0.0,0.0,0.0,0.0,0.0,0.0,0.0,0.0,0.0,0.0,14.067961372939305,14.853948770633842,0.13184663450891507,5098.711917795383,62.054012062775655,61.28881641742646,7.965420867215322,0.042914806083331314,0.04442703829374306,0.5597564371363015,0.026382964417123733,0.02666424571858972,4.804650326522207,0.20555962086863389,0.22200063147438787,1.7102313971527106,0.3297870552140466,0.8844554642037691,0.3333030714823716,11.85808763468996,17.618157611318445,56.422854156826745,11.859869186028934,22.422807937840652,56.423290895541676,1,0.22921776209490619,0.7983183070052263,0.23166156141259509,14.585921923299772,24.886537998777385,45.780862802559064,14.587370328826529,29.691188325299592,45.78140106229943,11,DA,21.3138,19.4876,18.866,18.6039,18.4789,4.101861820996935e-31,1.4675276698648778e-32,1.7486991140075292e-32,2.1595221847853488e-32,3.483571995894893e-32,0.74,0.0,0.26,0.0,0.0,0.0,5181,8.041,0.606,103,0.051,0.045,0.2826,0.4854,Pure H,0.0,-4.0066,-0.7072,DC,,,,,SOAR Goodman Spect,,5060.562801029726,47.02909852227367,43.700944526974126,7.939236849416315,0.03149439204385995,0.03174036269588587,0.5316863200651756,0.018578512796809443,0.01813809696951718,5.132549801223615,0.12200453082202944,0.12176640245420689,2.4658146241736203,6460.062840016579,39.203105361640155,2507.0175486651524,8.587355873524224,0.016621067063788075,0.8385492534884085,0.9572434303666709,0.010373627752147785,0.5309761136527662,4.615178016768211,1.7349112005574643,0.06562922983047059,0.1614119269922627,0.5544423984811089,0.15758555142934116,37.45709495522527,74.0938432779555,88.43664639636508,37.45729365010643,79.22639307917912,88.43673022501724,11,0.2370044482849698,5.085974197767555,5.438474549940569,0.08625897134309403,0.11019191013240487,0.013607392730321332,1.737054254753406,4.7253699269006155,0.06702504714700269,01
WDWD eDR3 4513673043671887872A,4513673043671887872,1.0,1636042515805110273,4513673043671887872,1475047856,2016.0,288.12351914152316,0.04015748,17.55670913618654,0.044792198,8.256958952271319,0.05940929,138.98431,65.3825,-65.29168872656368,0.052357785,-3.4448078042528505,0.054779045,0.1110149,0.15834187,-0.11376035,-0.3710596,-0.041787226,-0.38137123,-0.15973572,-0.03782913,-0.16549563,0.23099431,479,0,476,3,-1.3130234,477.1267,0.0,0.0,31,false,1.7980653,1e+20,1e+20,1e+20,1e+20,1e+20,1e+20,1e+20,55,22,0.08553088,58,27,0,0.018077811,5.6838484,0,0,0.9568284,0.21435769,0.100720905,0.21963929,0.4294197,-6.088656,-86.404724,53.66342,-44.79391,false,471,3044.901979392321,1.9962224,1525.332,16.978434,56,2322.5995594839446,6.0953164,381.0466,16.923607,53,1194.321021919965,6.417059,186.11658,17.055092,0,1,0,0,0,1.1550193,-0.13148499,-0.054826736,-0.07665825,1e+20,1e+20,0,1e+20,1e+20,1e+20,50.924950414538856,3.4224947968297537,292.63207616937285,39.582674366771585,4513673043671887872,0.0,0.0,0.0,0.0,0.0,0.0,0.0,0.0,0.0,0.0,0.0,0.0,0.0,0.0,0.0,0.0,0.0,0.0,0.0,0.0,0.0,0.0,0.0,0.0,0.0,0.0,0.0,0.0,4.513673043671888e+18,288.12351914152316,17.55670913618654,8.256958952271319,0.05940929,16.978434,16.923607,17.055092,1.290628812363886e+17,16.9025993347168,17.153600692749,17.394100189209,17.5909004211426,17.7532997131348,0.00271399994380772,0.00378599995747209,0.00129299995023757,0.00305499997921288,0.0190949998795986,115000,115000,16892216,115000,115000,436527104,52,0.17749403,4.513673043671888e+18,1.290628812363886e+17,0.0,0.0,0.0,0.0,0.0,0.0,0.0,0.0,0.0,0.0,0.0,0.0,0.0,0.0,0.0,0.0,0.0,0.0,0.0,0.0,0.0,0.0,0.0,0.0,0.0,0.0,0.0,0,0.0,0.0,0.0,0.0,0.0,0.0,0.0,0.0,0.0,0.0,0.0,0.0,0,0,0,0,0,0,0,0,0,0,0,0,0,0,0,0.0,0.0,0,0.0,0.0,0.0,0.0,0.0,0.0,0.0,0.0,0.0,0.0,0.0,0.0,0.0,0.0,0.0,0.0,0.0,7.602318546879586,8.25355885052804,0.05909148027374618,16559.75752367211,565.732264594375,550.3334781785416,8.202192846197253,0.038,0.03838936405877469,0.7378926324976597,0.024534808792198427,0.024900425239644308,0.21199336839974017,0.008535706179493585,0.008314605642239126,3.218932068379554,0.15751989083499351,2.96199268715326,0.1331573542226967,0.05616760339213467,0.4755868539651551,0.08023440508417583,0.056812480590084986,0.6875802223648952,0.08066407147049778,0,0.14242558406955252,3.172702760156681,0.12888655897472834,0.04195235000603288,0.38941848071245266,0.05509642004955256,0.042811890299440554,0.6014118491121928,0.05572026713201123,0,DB,16.7848,16.847,17.1396,17.3546,17.6091,1.2875015712096828e-31,2.5463651052127824e-32,2.6812178081697256e-32,2.5629292960650936e-32,3.6788730010276704e-32,0.0,1.0,0.0,0.0,0.0,0.0,15118,8.201,0.713,0,0.007,0.006,-0.0676,-0.0366,Pure He,0.0,-2.2366,2057.9581,,,,,,,,16263.5707487891,627.2720627269937,574.4957875333694,8.24102943094317,0.05231324088965117,0.050113864953104326,0.7388545353398168,0.034974945333098084,0.031865072753729184,0.24354110152858408,0.005133271662340733,0.005655903504159232,2.335197763334556,16162.345480125861,636.5527002039144,547.1764168745121,8.242595518216483,0.05448329997356893,0.04640801255757765,0.7409108026656035,0.03585045131661446,0.030503206068130062,0.2495277666800736,0.005423083277326768,0.006064286397761215,0.21888352814889123,3.1777841275214835,0.16831136991560758,0.05373971716248584,0.3874527864687798,0.08970905477090185,0.05398432808383712,0.6309938879973639,0.08988717234587495,00,0.21963674935138,3.188646606791355,0.1613478274238811,0.05074246561484903,0.3832507063120285,0.08876187852213353,0.051031437848712016,0.6327784729921021,0.08896879592470644,00
WDWD eDR3 4548553606950154240A,4548553606950154240,1.0,1636042515805110273,4548553606950154240,844123736,2016.0,258.80456862217443,0.11667743,18.867720225205062,0.146113,7.2964976124778405,0.21208829,34.403114,55.19015,34.94514982292817,0.1353028,-42.71755103603867,0.17883836,-0.18601744,0.004151863,0.19883089,0.40106186,-0.10467979,0.40780646,-0.18593498,-0.28410786,0.110850625,-0.27244884,712,0,708,4,-0.10557849,733.93695,0.0,0.0,31,false,1.639968,1e+20,1e+20,1e+20,1e+20,1e+20,1e+20,1e+20,82,24,0.2667058,85,20,1,0.02144468,177.77303,0,0,0.99671197,0.60252404,0.38480756,0.38683587,0.33896133,-112.22221,65.63393,4.294552,-28.998009,false,702,442.8788632355269,0.677779,653.42664,19.071655,81,270.98169736127755,5.8692484,46.169743,19.256193,78,227.85290110597344,4.6156974,49.364784,18.85376,0,0,0,0,0,1.1263455,0.4024334,0.18453789,0.21789551,1e+20,1e+20,0,1e+20,1e+20,1e+20,40.31268871444031,29.38892692338844,255.7427250920002,41.75449443548159,4548553606950154240,0.0,0.0,0.0,0.0,0.0,0.0,0.0,0.0,0.0,0.0,0.0,0.0,0.0,0.0,0.0,0.0,0.0,0.0,0.0,0.0,0.0,0.0,0.0,0.0,0.0,0.0,0.0,0.0,4.548553606950154e+18,258.80456862217443,18.867720225205062,7.2964976124778405,0.21208829,19.071655,19.256193,18.85376,1.3064258804515194e+17,19.2106990814209,19.1229991912842,19.130500793457,19.2176990509033,19.2784996032715,0.00776899978518486,0.00658199982717633,0.00920299999415874,0.0205899998545647,0.0484299995005131,115000,115000,115000,115000,115000,436527104,52,0.16092145,4.548553606950154e+18,1.3064258804515194e+17,0.0,0.0,0.0,0.0,0.0,0.0,0.0,0.0,0.0,0.0,0.0,0.0,0.0,0.0,0.0,0.0,0.0,0.0,0.0,0.0,0.0,0.0,0.0,0.0,0.0,0.0,0.0,0,0.0,0.0,0.0,0.0,0.0,0.0,0.0,0.0,0.0,0.0,0.0,0.0,0,0,0,0,0,0,0,0,0,0,0,0,0,0,0,0.0,0.0,0,0.0,0.0,0.0,0.0,0.0,0.0,0.0,0.0,0.0,0.0,0.0,0.0,0.0,0.0,0.0,0.0,0.0,83.54030800022306,7.302857584145116,0.20901816085987893,7895.6854628993115,274.8922720880546,255.20332015761687,8.248464532537255,0.07017962110252007,0.07142715474229178,0.7505945076051272,0.04675527650010669,0.04702751552689888,1.7093903282450296,0.10741622089766967,0.06950292527139568,0.9629091648813404,0.3444267641558385,3.0299171529685953,0.25148404025079607,0.09094961588705826,0.4446541733870454,0.18767496574714018,0.14074827580450286,2.154044501632075,0.20013133035452357,0,0.28018276747334037,3.238737828303996,0.2394810827811127,0.06799759342587733,0.36688816255336676,0.11044968235924137,0.12712952931419153,2.0762784907983964,0.1304982335303376,0,DC,20.4932,19.2325,19.0704,19.1143,19.2443,1.2020321122527751e-31,1.2516206696574703e-32,1.3146406769921807e-32,1.3414524767392147e-32,2.181820912097453e-32,0.08,0.0,0.67,0.0,0.0,0.0,7207,8.0,0.575,216,0.058,0.049,-0.2264,0.0683,logH/He=-5,0.0,-3.4164,3143.5137,,,,,,,,7598.236854203623,265.2244511181925,245.78551393831458,8.15491432696923,0.07432288454628555,0.07424079489928026,0.6711797370237704,0.04912257458470892,0.047430816252047814,1.6518281294080601,0.07591769006820148,0.04855203704475963,1.3290751170779567,7310.975608266865,242.23661615766287,229.08269266558545,8.01639764732773,0.07543269728771484,0.07706415197858796,0.5847115360893025,0.046937644412053725,0.04591409110737232,1.4934971178959509,0.04157762605321724,0.04273844054291143,0.9551939215281178,2.6871925355156265,0.37708289021782493,0.19990787362473583,0.6312707704423611,1.2209026390943292,0.21383791432403854,2.283098899850421,1.2218676501359276,00,0.40779882199872886,1.0151306350069722,1.0189844702920074,9.46595260021105,10.84024569764416,50.48832731989032,9.46604391118225,12.333742815540111,50.48834540896228,01
WDWD eDR3 4571341505129076992A,4571341505129076992,1.0,1636042515805110273,4571341505129076992,1025426998,2016.0,257.2933048679119,0.03491725,23.32595812785749,0.047174044,9.043994148119294,0.062039226,145.77864,14.000771,11.280719821427816,0.048086118,-8.292582739479371,0.061346143,0.13103995,-0.078143775,0.038892012,-0.0039607976,-0.13940334,0.00099634,-0.23016962,-0.058146987,0.028036673,0.14416824,645,0,642,3,0.5641628,696.18384,0.0,0.0,31,false,1.742624,1e+20,1e+20,1e+20,1e+20,1e+20,1e+20,1e+20,74,29,0.086934954,77,33,0,0.037208952,12.461139,0,0,1.0153215,0.0401209,0.31463832,0.114000805,0.4166087,169.6386,-78.87083,-10.95669,7.02933,false,643,2233.490659945672,1.5959255,1399.4956,17.314907,69,1574.24555010692,9.144068,172.16031,17.345861,63,984.7488730136599,7.7626743,126.85691,17.264582,0,1,0,1,0,1.1457376,0.081279755,0.030954361,0.050325394,1e+20,1e+20,0,1e+20,1e+20,1e+20,44.64244946056919,32.22446629834248,253.0893190691701,46.022078676408206,4571341505129076992,4.5713415051290767e+18,257.2933048679119,23.32595812785749,9.043994148119294,0.062039226,17.314907,17.345861,17.264582,1.2376623035269775e+18,17.39121,17.28033,17.42934,17.57617,17.74907,0.009623198,0.004744982,0.005532784,0.006781253,0.01677151,193585182015504.0,158329942999056.0,268468240.0,4503599895838736.0,268468240.0,275146506256.0,0.029000826,4.5713415051290767e+18,1.2376623035269775e+18,4.5713415051290767e+18,257.2933048679119,23.32595812785749,9.043994148119294,0.062039226,17.314907,17.345861,17.264582,1.3599257293287173e+17,17.2957000732422,17.4279003143311,17.5909996032715,17.7558002471924,17.867000579834,0.00549900019541383,0.0025069999974221,0.00511399982497096,0.00499999988824129,0.0188410002738237,115000,115000,115000,115000,115000,503635968,60,0.030104956,4.5713415051290767e+18,1.3599257293287173e+17,4.5713415051290767e+18,257.2933031688991,23.325959291287607,9.021855927611128,0.08172863244128593,17.344501,17.329361,17.278635,17091038+2319334,16.889,17.635,17.237,0.149,0.0,0.0,BUU,0.16127437631425978,4.5713415051290767e+18,17091038+2319334,0.0,0.0,0.0,0.0,0.0,0.0,0.0,0.0,0,0.0,0.0,0.0,0.0,0.0,0.0,0.0,0.0,0.0,0.0,0.0,0.0,0,0,0,0,0,0,0,0,0,0,0,0,0,0,0,0.0,0.0,0,0.0,0.0,0.0,0.0,0.0,0.0,0.0,0.0,0.0,0.0,0.0,0.0,0.0,0.0,0.0,0.0,0.0,5.768459887667319,9.059600615794489,0.05794597792239111,11374.583907481207,199.15965822598082,186.29436152092967,8.163129951790388,0.038,0.038,0.7033760425730216,0.016926610222912582,0.016946339013055624,0.5679768745083461,0.005851937853429937,0.006104776613975315,8.976241994970472,0.21158262778640635,2.6797005321627694,0.18833359396598537,0.11256235458426093,0.6360079850277683,0.17083011524866296,0.1127143684105682,1.2039848595361144,0.1709391604442294,0,0.12441447276427331,2.954589405590938,0.12076581503092054,0.05228104340238118,0.4793577929156257,0.06337181389085413,0.05260753440223245,1.0473346674239719,0.06366517959861255,0,DC,17.5406,17.2807,17.4184,17.5714,17.7611,9.81820678544358e-32,2.018324307171551e-32,2.1879477934380975e-32,2.1174565295144166e-32,3.2959270074014036e-32,0.0,0.53,0.77,0.0,0.0,0.02,9947,7.837,0.489,135,0.023,0.018,-0.044,-0.0153,logH/He=-5,0.0,-2.7635,2542.7486,DC,-99.0,,,,Kepler2015,2015MNRAS.446.4078K,10784.410851993569,145.27104798012442,141.21014526337603,8.014704243078363,0.02408529091518119,0.024178156800092054,0.590761793905838,0.014796606442790128,0.014950031083392434,0.5484073323521712,0.0037347148275256314,0.0036998357134825355,8.427067744591447,10470.47186844127,152.23397142388785,148.46203798296665,7.932804424116854,0.031030460643620472,0.030607526739252044,0.5425860798241959,0.01799346183970396,0.017545888286139455,0.5284652934088576,0.004067011936403242,0.0037430046311837106,0.12855435658375436,1.067695863647594,0.19794488424256973,4.008211608588977,9.066807360657458,5.173800121383477,4.008213348528528,9.61521469300963,5.17380144427789,01,0.1563289473475582,0.6491405718870198,0.15244038476228883,24.722562020413555,49.26309812989035,50.02583251124641,24.722562354937665,49.79156342329921,50.025832651274904,11
WDWD eDR3 4605588573619002752A,4605588573619002752,1.0,1636042515805110273,4605588573619002752,737070143,2016.0,273.7027614371316,0.05661921,35.02626675913732,0.060746305,7.851803854794784,0.07013264,111.95648,69.243195,7.187161372186785,0.07744206,-68.8691888343167,0.083383195,-0.032034144,-0.054335672,-0.01575179,0.0011778489,0.15392236,-0.019804299,-0.024828982,-0.16209769,0.13029052,0.09027908,410,0,408,2,0.39761934,435.86667,0.19693254,0.86172813,31,false,1.7438847,1e+20,1e+20,1e+20,1e+20,1e+20,1e+20,1e+20,48,29,0.11754643,54,22,0,0.020514878,32.96724,0,0,1.0132073,0.058985375,0.077676274,0.05599322,0.21354567,-74.60971,85.9974,-16.775093,30.64427,false,417,1681.2763744968868,1.5917052,1056.2737,17.62327,45,1166.1649405936514,7.0332794,165.80672,17.671642,42,728.4663057713076,7.9069095,92.13035,17.591871,0,0,0,3,0,1.1269006,0.07977104,0.04837227,0.031398773,1e+20,1e+20,0,1e+20,1e+20,1e+20,62.10813488985837,22.19072556436693,275.7911008396299,58.39113510892841,4605588573619002752,0.0,0.0,0.0,0.0,0.0,0.0,0.0,0.0,0.0,0.0,0.0,0.0,0.0,0.0,0.0,0.0,0.0,0.0,0.0,0.0,0.0,0.0,0.0,0.0,0.0,0.0,0.0,0.0,4.605588573619003e+18,273.7027614371316,35.02626675913732,7.851803854794784,0.07013264,17.62327,17.671642,17.591871,1.5003273702772227e+17,17.6245002746582,17.735200881958,17.9106998443604,18.0687007904053,18.1662006378174,0.00386000005528331,0.00459800008684397,0.0037370000500232,0.00746800005435944,0.0146129997447133,115000,115000,115000,115000,115000,436527104,52,0.13919367,4.605588573619003e+18,1.5003273702772227e+17,0.0,0.0,0.0,0.0,0.0,0.0,0.0,0.0,0.0,0.0,0.0,0.0,0.0,0.0,0.0,0.0,0.0,0.0,0.0,0.0,0.0,0.0,0.0,0.0,0.0,0.0,0.0,0,0.0,0.0,0.0,0.0,0.0,0.0,0.0,0.0,0.0,0.0,0.0,0.0,0,0,0,0,0,0,0,0,0,0,0,0,0,0,0,0.0,0.0,0,0.0,0.0,0.0,0.0,0.0,0.0,0.0,0.0,0.0,0.0,0.0,0.0,0.0,0.0,0.0,0.0,0.0,4.756841750641442,7.849275625826359,0.06876660934690164,10733.654008841579,227.54485150169785,205.29588777382924,8.080472607443687,0.038,0.038,0.650439478270656,0.022912825485848463,0.022817139778739497,0.5870384281486885,0.0060125658918798635,0.006035975725766544,1.3576047377148452,0.28641031857310617,2.0179934783831994,0.28521424723424316,0.406078486627135,1.3850882254623185,0.4683137016172044,0.4061229964554931,1.972126653611007,0.468352598076887,0,0.41975630862696334,2.3849411082049485,0.3261466162996385,0.2699784976042434,0.88740412390623,0.48156217812161994,0.27004544083773874,1.4744425520549185,0.4816000045683148,0,DC,17.7742,17.6084,17.7392,17.8958,18.0886,9.255052718267819e-32,2.1151278771156223e-32,2.1968559623582412e-32,2.3068991828832366e-32,3.569468609435723e-32,0.01,0.12,0.76,0.0,0.0,0.0,10530,7.963,0.56,210,0.031,0.025,-0.0551,-0.0225,logH/He=-5,0.0,-2.7321,2513.8023,,,,,,,,10623.485205223042,228.73403601683094,211.97423736905512,7.995838389941165,0.03783452112282504,0.03754078775118508,0.5789580230752408,0.023490316015491675,0.02259131492374966,0.5556087548816886,0.005309946513080255,0.005370855248888029,1.8957705570866872,10287.287191847234,235.33806171161632,231.10963037724287,7.904253121817195,0.0466894574066421,0.049759402941258024,0.5261044343732835,0.02697053154416751,0.027434735791446674,0.5325215608568754,0.005313860239257617,0.005309060075333938,0.2040861513074862,0.965143554085498,0.24587138028445588,7.077677843110987,12.949631832063993,16.380100001470932,7.0776798349739,13.505240586945682,16.380100881993194,11,0.23432260246887482,0.5059464324351306,0.23835565413941429,61.65396478810826,93.20084457431732,476.47446262154426,61.65396501710497,93.7333661351742,476.47446265112205,11
WDWD eDR3 4611751645528157440B,4611751649822913024,1.0,1636042515805110273,4611751649822913024,1769833191,2016.0,66.5652207196522,0.14533672,-89.03956122067166,0.14878029,9.34168038540844,0.158747,58.84634,19.700184,-5.573990202031812,0.1774211,-18.89518114568212,0.20018436,0.35592306,0.25436112,-0.120749965,-0.32624704,0.2522696,-0.24237661,-0.30959222,0.04470373,-0.3684595,0.3373735,277,0,277,0,0.087717,286.49582,0.0,0.0,31,false,1.6292359,1e+20,1e+20,1e+20,1e+20,1e+20,1e+20,1e+20,32,23,0.31592205,40,15,0,0.030772896,20.177141,0,0,1.0025364,0.0142195,0.20118743,0.12799597,0.22780038,-166.85246,-43.32267,46.604214,21.029585,false,325,621.8344930944537,1.3537853,459.33023,18.70318,34,373.58957103625744,8.701741,42.93274,18.907555,36,358.18223571563277,7.5576043,47.39362,18.362635,0,1,0,0,0,1.1767951,0.54491997,0.20437431,0.34054565,1e+20,1e+20,0,1e+20,1e+20,1e+20,302.0576722773231,-27.694054546152913,270.9955784849281,-67.43888313707535,4611751649822913024,0.0,0.0,0.0,0.0,0.0,0.0,0.0,0.0,0.0,0.0,0.0,0.0,0.0,0.0,0.0,0.0,0.0,0.0,0.0,0.0,0.0,0.0,0.0,0.0,0.0,0.0,0.0,0.0,0.0,0.0,0.0,0.0,0.0,0.0,0.0,0.0,0.0,0.0,0.0,0.0,0.0,0.0,0.0,0.0,0.0,0.0,0.0,0,0,0,0,0,0,0,0.0,0.0,0.0,0.0,0.0,0.0,0.0,0.0,0.0,0.0,0.0,0.0,0.0,0.0,0.0,0.0,0.0,0.0,0.0,0.0,0.0,0.0,4.611751649822913e+18,66.5652207196522,-89.03956122067166,9.34168038540844,0.158747,18.70318,18.907555,18.362635,490431070,0.0,0.0,0.0,0.0,18.7609,0.0,0.0,0.0,0.0,0.0,0.0425,0.0,0,0,0,0,0,0,0,0,0,0,0,0,0,0,0,0.11016539,4.611751649822913e+18,490431070,0.0,0.0,0.0,0.0,0.0,0.0,0.0,0.0,0.0,0.0,0.0,0.0,0.0,0.0,0.0,0.0,0.0,6.366770041269385,9.255004145901317,0.10578300229591746,7194.576115465552,249.08252291266308,210.5004318652518,8.102873668548138,0.07724507591377261,0.07232810388511979,0.6552943725553669,0.049764499890826985,0.04533973174124417,1.7116761059019772,0.07366292990925083,0.06462650553687022,1.2364645945572852,0.6220562486353372,2.0786796569420867,0.5667466467655524,0.6371248527116818,1.2977179412241466,1.876446861898062,0.641369086552897,3.009394047126124,1.8775594293510371,0,1.2025436262353884,2.4657965483422117,0.4653173583068564,0.31790483552508575,0.8092201195338725,4.281027711041206,0.3263276140522696,2.5208962254358496,4.281515484956304,0,DC,19.6208,18.9304,18.6985,18.6603,18.7279,1.1448452727061566e-31,1.675408736368051e-32,1.8278720647486669e-32,2.0601848660234372e-32,3.3772751107210416e-32,0.44,0.0,0.66,0.0,0.1,0.0,6357,7.814,0.467,184,0.054,0.04,-0.1268,0.0138,logH/He=-5,0.0,-3.5373,3254.675,,,,,,,,7007.827355957954,220.27298030097063,201.99641973474627,8.026202824723264,0.08048056826545924,0.07344924450051771,0.5900483439324394,0.049640696493954306,0.04491798044163753,1.687230829109342,0.06390506560634379,0.05056035776680279,1.304275524857246,6651.913868341773,257.4845702660341,375.7381406435079,7.846481008949622,0.10069920145848243,0.0575540994585122,0.48576171066559215,0.05723924319002338,0.03137502008760601,1.5533805524113349,0.09870159461580297,0.05165712139530898,0.4312832015113317,1.0614973408552515,1.0530133951088037,8.012695345077123,9.251637829768715,45.47338748202096,8.012950177708005,10.938868658878057,45.47341559020828,01,0.49730011459620616,0.15544492324580572,0.27258922752046955,1592.4503249510494,1729.2575130144917,nan,1592.450328009859,1730.810893566903,nan,11
WDWD eDR3 4633437622600713984A,4633437622600713984,1.0,1636042515805110273,4633437622600713984,1599475133,2016.0,23.999317358591757,0.17077072,-78.3376019201476,0.17654926,3.5973356902936193,0.1943979,18.505014,4.521425,3.4681969025854764,0.21883327,-2.9008435904863163,0.23330139,-0.0040105144,0.12156299,-0.113375865,0.021780074,-0.15051813,0.08122165,0.020616477,-0.24013808,-0.18955073,0.09885137,334,0,334,0,1.2333958,375.49347,0.25835845,0.1820106,31,false,1.7280688,1e+20,1e+20,1e+20,1e+20,1e+20,1e+20,1e+20,38,28,0.3332218,42,15,0,0.022482999,92.06753,0,0,1.047437,0.06489893,0.030134011,0.07620008,0.12185636,-78.92804,7.2653704,48.147224,24.589037,false,366,394.65303646304096,0.94293165,418.53833,19.196829,36,277.3638547940043,5.783908,47.954403,19.230917,35,181.0222271867455,6.1314797,29.523417,19.103565,0,1,0,1,0,1.1614914,0.12735176,0.034088135,0.093263626,1e+20,1e+20,0,1e+20,1e+20,1e+20,300.0697823857425,-38.54190877746338,300.45004876911224,-68.62981495228125,4633437622600713984,0.0,0.0,0.0,0.0,0.0,0.0,0.0,0.0,0.0,0.0,0.0,0.0,0.0,0.0,0.0,0.0,0.0,0.0,0.0,0.0,0.0,0.0,0.0,0.0,0.0,0.0,0.0,0.0,0.0,0.0,0.0,0.0,0.0,0.0,0.0,0.0,0.0,0.0,0.0,0.0,0.0,0.0,0.0,0.0,0.0,0.0,0.0,0,0,0,0,0,0,0,0.0,0.0,0.0,0.0,0.0,0.0,0.0,0.0,0.0,0.0,0.0,0.0,0.0,0.0,0.0,0.0,0.0,0.0,0.0,0.0,0.0,0.0,0.0,0.0,0.0,0.0,0.0,0.0,0.0,0.0,0,0.0,0.0,0.0,0.0,0.0,0.0,0.0,0.0,0.0,0.0,0.0,0.0,0,0,0,0,0,0,0,0,0,0,0,0,0,0,0,0.0,0.0,0,0.0,0.0,0.0,0.0,0.0,0.0,0.0,0.0,0.0,0.0,0.0,0.0,0.0,0.0,0.0,0.0,0.0,260.4659384062836,3.5949337521132296,0.1873235725440669,11089.90558652665,2231.268263668582,1461.8800669576958,7.994697698512238,0.24152847359615226,0.2993763662818738,0.599879490341651,0.15437412057337496,0.16295839469121454,0.46856204658629375,0.028351869036168154,0.05854371712840073,0.406506125578433,nan,1.3859936292706376,1.7093961302634024,3.321515358856862,3.7408418760040902,nan,3.321636359928623,4.209403922590384,nan,0,1.3809752705457363,1.1866691868643824,2.1151718296031388,5.943614838958042,6.291003191498608,nan,5.943682459751704,6.759565238084901,nan,1,DC,19.0433,19.1684,19.2589,19.3985,19.5991,7.261032575538645e-32,1.5086087766007943e-32,1.6000071554912166e-32,1.8146338418356667e-32,2.946045019141603e-32,0.0,0.05,0.86,0.0,0.01,0.31,11016,7.897,0.524,664,0.108,0.083,-0.0356,0.0513,logH/He=-5,0.0,-2.6165,2407.4497,,,,,,,,10921.558326680208,2043.694757237894,1431.5109292066918,7.897493179006384,0.28951977659153805,0.2891620473833667,0.5239336363777527,0.17707260302591643,0.14562959513694418,0.44558341426978276,0.02659089915185986,0.029759865050246803,0.08062036266892658,10721.463671147958,2404.638296319472,1510.639660518238,7.843865609522474,0.37087907143128795,0.360883797711792,0.49481103758038353,0.2239030770148272,0.16720066140680512,0.4312915563053821,0.023771458548527413,0.02677593612838547,1.5384240054380216,0.487086328216792,2.1794083134566637,101.54766673927426,102.19536093951884,nan,101.54767022077182,102.64094435378861,nan,11,1.9452917203720856,0.23406635604156045,2.332339612436911,861.1860528051301,861.9060478847864,nan,861.1860531332138,862.3373394410918,nan,11
WDWD eDR3 4652640009066103808A,4652640009066103808,1.0,1636042515805110273,4652640009066103808,1676038658,2016.0,66.45896227691587,0.15817206,-73.19782373763353,0.15179037,5.003681025378603,0.15497315,32.287407,14.66781,9.208689394228465,0.20459798,11.41686101109474,0.19286412,-0.058819912,0.108384505,0.07089141,-0.21838787,0.121342406,-0.19455938,0.006962011,0.0684958,-0.14874697,-0.22640462,357,0,355,2,1.0882747,394.82907,0.1813909,0.10829757,31,false,1.7189534,1e+20,1e+20,1e+20,1e+20,1e+20,1e+20,1e+20,41,26,0.30817023,45,17,0,0.048946153,28.813158,0,0,1.0404484,0.07098887,0.02896171,0.11026903,0.114862576,72.21259,-31.894829,-1.5034283,18.46037,false,361,479.6370978369223,1.0124688,473.73026,18.985085,40,320.6440709962902,6.536238,49.056362,19.073484,39,207.88127944383476,6.647146,31.273764,18.953358,0,0,0,0,0,1.1019276,0.120126724,0.08839989,0.031726837,1e+20,1e+20,0,1e+20,1e+20,1e+20,286.1962986994915,-36.09928328783984,309.98796905317624,-79.64994309954746,4652640009066103808,0.0,0.0,0.0,0.0,0.0,0.0,0.0,0.0,0.0,0.0,0.0,0.0,0.0,0.0,0.0,0.0,0.0,0.0,0.0,0.0,0.0,0.0,0.0,0.0,0.0,0.0,0.0,0.0,0.0,0.0,0.0,0.0,0.0,0.0,0.0,0.0,0.0,0.0,0.0,0.0,0.0,0.0,0.0,0.0,0.0,0.0,0.0,0,0,0,0,0,0,0,0.0,0.0,0.0,0.0,0.0,0.0,0.0,0.0,0.0,0.0,0.0,0.0,0.0,0.0,0.0,0.0,0.0,0.0,0.0,0.0,0.0,0.0,0.0,0.0,0.0,0.0,0.0,0.0,0.0,0.0,0,0.0,0.0,0.0,0.0,0.0,0.0,0.0,0.0,0.0,0.0,0.0,0.0,0,0,0,0,0,0,0,0,0,0,0,0,0,0,0,0.0,0.0,0,0.0,0.0,0.0,0.0,0.0,0.0,0.0,0.0,0.0,0.0,0.0,0.0,0.0,0.0,0.0,0.0,0.0,10.637524014590271,4.969823764306623,0.13203034605255656,11149.950838745697,1259.6269795480675,917.2780895672786,8.344508576572025,0.1465536674560326,0.1551145900306654,0.8197362705347642,0.0973272331201156,0.10242453511908967,0.7781909489432635,0.027599209874780484,0.03559326612293412,0.567041395128491,0.5204664872733455,3.3996592007206643,0.8167969268854463,0.14030276870051248,0.31716109993661534,0.20060078726444233,0.1429915497179525,1.095352048879879,0.20373403359383052,0,0.47988402982325384,3.568745113413212,0.972049246323456,0.13167725150906312,0.27786715863825656,0.1439849347566131,0.13453852589757792,1.05605810758152,0.14831905484516864,0,DC,19.5589,18.9931,19.0528,19.1964,19.3557,8.63435232349447e-32,1.4408445397738468e-32,1.5671595979503174e-32,1.7989261705651298e-32,2.8925479845894633e-32,0.02,0.0,0.8,0.0,0.0,0.02,9227,7.93,0.538,401,0.082,0.066,-0.0906,0.0307,logH/He=-5,0.0,-2.9456,2710.2459,,,,,,,,10807.611343494596,1018.8081735432352,847.5057067435882,8.240307078021697,0.14238281809334197,0.14645043918967815,0.7315502674448537,0.09527513040315905,0.0950519701264918,0.7510066936295354,0.024561332157919114,0.02392849676604436,0.5452088886691138,10505.535181265703,1172.8966009354335,928.3077786525482,8.16925104051753,0.1890119452582546,0.19488464949850126,0.6857305589700884,0.12561175054887375,0.12160984872240099,0.7272834104012733,0.02544593601983669,0.02733674083484683,1.0002239303984548,3.1391984545422806,0.45683587602745535,0.13084977574839068,0.40237940558882956,0.8001704554085708,0.13313497981663483,1.1533860992183649,0.800528157322553,00,2.0239507087044637,2.8254173326941654,0.6940596454158876,0.2558439646821637,0.5451529402295543,24.00590319247189,0.2571062619311592,1.2724363506308276,24.005918757334236,01
WDWD eDR3 4677774711732166144A,4677774711732166144,1.0,1636042515805110273,4677774711732166144,1558559085,2016.0,70.61148456174632,0.09913863,-60.43399534218102,0.11030244,9.644384639772118,0.112230524,85.9337,132.51195,1.80876269636029,0.1295452,132.49960834642613,0.14137498,0.13643244,0.19871293,0.2208741,-0.011465862,0.32823792,0.12114344,-0.014614836,0.31341285,-0.08161186,-0.04903721,309,0,308,1,-0.51930845,302.58282,0.0,0.0,31,false,1.6855627,1e+20,1e+20,1e+20,1e+20,1e+20,1e+20,1e+20,35,23,0.19737469,39,12,0,0.009553217,5.7839704,0,0,0.97788674,0.13335024,0.073860034,0.039011106,0.15040101,-67.15577,-67.06108,58.1142,20.797995,false,323,1020.6676231039589,1.4290576,714.22424,18.165155,38,670.48735523826,9.546493,70.233894,18.272566,37,490.8980940660613,6.5228868,75.2578,18.020416,0,0,0,0,0,1.1378684,0.25214958,0.10741043,0.14473915,1e+20,1e+20,0,1e+20,1e+20,1e+20,270.3921129690098,-39.11871912852948,26.327444247063834,-79.46940871569211,4677774711732166144,0.0,0.0,0.0,0.0,0.0,0.0,0.0,0.0,0.0,0.0,0.0,0.0,0.0,0.0,0.0,0.0,0.0,0.0,0.0,0.0,0.0,0.0,0.0,0.0,0.0,0.0,0.0,0.0,0.0,0.0,0.0,0.0,0.0,0.0,0.0,0.0,0.0,0.0,0.0,0.0,0.0,0.0,0.0,0.0,0.0,0.0,0.0,0,0,0,0,0,0,0,0.0,0.0,0.0,0.0,0.0,0.0,0.0,0.0,0.0,0.0,0.0,0.0,0.0,0.0,0.0,0.0,0.0,0.0,0.0,0.0,0.0,0.0,4.677774711732167e+18,70.61148456174632,-60.43399534218102,9.644384639772118,0.112230524,18.165155,18.272566,18.020416,500809117,18.6045,18.4953,18.2457,18.225,18.3635,18.4903,0.0242,0.0202,0.0095,0.0063,0.0223,0.0175,0,0,0,0,0,0,0,0,0,0,0,0,0,0,0,0.052567083,4.677774711732167e+18,500809117,0.0,0.0,0.0,0.0,0.0,0.0,0.0,0.0,0.0,0.0,0.0,0.0,0.0,0.0,0.0,0.0,0.0,107.15189499955132,9.642452524643335,0.10457815506914778,9043.761240801869,166.6726463131963,165.31115659619536,8.367852349107544,0.038,0.03811719706191674,0.8311701164280534,0.02522010307985344,0.025247141711372212,1.4665953973832737,0.043794568154106636,0.04226234220358682,0.8654039120489491,0.13486686138959092,3.4608027616473445,0.13501145300199058,0.03135447112783009,0.30293521972980764,0.03700746057352483,0.05386155455898596,1.7695306171130813,0.05617524104651506,0,0.10319676480139028,3.617147533275953,0.12269929352736364,0.02309204330092481,0.26738148923442256,0.023210869141680777,0.04950966232581755,1.7339768866176963,0.04821669850627794,0,DC,18.6167,18.2581,18.2183,18.303,18.4621,1.3748448128810398e-31,2.171930240768357e-32,2.3122317333005367e-32,2.33926898973379e-32,3.447367476371845e-32,0.02,0.0,0.92,0.0,0.06,0.0,8221,8.108,0.643,202,0.04,0.036,-0.0412,0.0209,logH/He=-5,0.0,-3.2467,2987.3163,,,,,,,,8499.955288387013,110.63421969485898,120.81375265869247,8.233030569322068,0.029322630743141787,0.030329902779358875,0.7233798947905943,0.01917591085082948,0.019299448408096498,1.4062832955414308,0.026206559045452327,0.030399509729813534,3.173521530708155,8075.980825127856,105.64851546391947,106.68306280899014,8.072192879357189,0.03290618120682254,0.03422268526096772,0.6203274675389069,0.020854645582694897,0.021083430431220518,1.2563095580765355,0.019932887631362473,0.019017858586558578,0.13346700541116663,3.095144950100934,0.10284418459896472,0.03978461054827875,0.41942122009997784,0.05632595123322022,0.04764030828490713,1.8257045156414087,0.06400580422227449,00,0.48507886084492347,1.6652204652785032,0.5669255479539264,1.0052760732943036,2.0735935362809568,4.333116075842178,1.0054736712352734,3.3299030943574923,4.33315780991959,00
WDWD eDR3 469805964049371392A,469805964049371392,1.0,1636042515805110273,469805964049371392,1511906374,2016.0,57.92466891962167,0.06596798,57.037447867992384,0.05791027,6.237698308532285,0.09902269,62.99262,53.72655,48.22222811883572,0.107734494,-23.68879672858154,0.092793964,0.23062593,-0.02520844,-0.094220765,0.2986584,0.12097459,0.24139388,0.26133937,-0.082740106,-0.0008201619,0.09622795,458,0,456,2,0.18660669,483.92404,0.10059954,0.21231224,31,false,1.7815949,1e+20,1e+20,1e+20,1e+20,1e+20,1e+20,1e+20,53,22,0.15188213,57,14,0,0.02573258,0.5386359,0,0,1.0054792,0.256208,0.24286556,0.15704083,0.20088878,-79.17919,-32.227444,-55.149227,37.51204,false,489,1741.8941014239444,1.5681915,1110.7661,17.584812,53,1305.5465703522796,9.165406,142.44286,17.54906,53,708.4398944489773,7.207099,98.29751,17.622137,0,2,0,1,0,1.1562049,-0.07307625,-0.035751343,-0.037324905,1e+20,1e+20,0,1e+20,1e+20,1e+20,145.60577782061,2.3249468432633837,69.10260758647816,35.90211678899837,469805964049371392,0.0,0.0,0.0,0.0,0.0,0.0,0.0,0.0,0.0,0.0,0.0,0.0,0.0,0.0,0.0,0.0,0.0,0.0,0.0,0.0,0.0,0.0,0.0,0.0,0.0,0.0,0.0,0.0,4.698059640493714e+17,57.92466891962167,57.037447867992384,6.237698308532285,0.09902269,17.584812,17.54906,17.622137,1.7644057924552566e+17,17.5564994812012,17.7360992431641,17.9370002746582,18.148099899292,18.2695007324219,0.00469500012695789,0.00641799997538328,0.0105999996885657,0.00786400027573109,0.0153759997338057,115000,115000,115000,115000,115000,436527104,52,0.08744539,4.698059640493714e+17,1.7644057924552566e+17,0.0,0.0,0.0,0.0,0.0,0.0,0.0,0.0,0.0,0.0,0.0,0.0,0.0,0.0,0.0,0.0,0.0,0.0,0.0,0.0,0.0,0.0,0.0,0.0,0.0,0.0,0.0,0,0.0,0.0,0.0,0.0,0.0,0.0,0.0,0.0,0.0,0.0,0.0,0.0,0,0,0,0,0,0,0,0,0,0,0,0,0,0,0,0.0,0.0,0,0.0,0.0,0.0,0.0,0.0,0.0,0.0,0.0,0.0,0.0,0.0,0.0,0.0,0.0,0.0,0.0,0.0,13.315736592432435,6.2851533821095265,0.09484147544895166,13031.429768478194,552.5424782174305,509.3733794126656,7.968958712014372,0.04843504003386556,0.04447546548631465,0.5900272984941546,0.029072771362111394,0.02629692040488041,0.29765512974610553,0.015615672547279857,0.014616401287340097,2.518297829103378,0.36340964202639237,1.2628412311769324,0.3287115050610052,2.713159077230372,5.095705043460659,11.450068775295003,2.71320401510588,5.393360173206764,11.450078104457289,0,0.25258706656916907,1.0613144960395706,0.4678908125371355,6.551284880030207,9.257089982513659,14.625881960165433,6.551303490797958,9.554745112259765,14.62588926362699,1,DB,17.4771,17.4769,17.7113,17.9308,18.1531,1.0434719805239226e-31,2.036480539945912e-32,2.2301457331871703e-32,2.2047171209945015e-32,3.2916178757611316e-32,0.0,1.0,0.01,0.0,0.0,0.0,13362,8.007,0.591,0,0.017,0.014,-0.0478,-0.0182,Pure He,0.0,-2.3385,2151.6761,,,,,,,,13189.008893657769,481.64529384567504,448.40056214287506,7.97256632744014,0.055583277766809935,0.05494594614134396,0.5704287820908291,0.03375621679735363,0.03197271954165004,0.2922574895734582,0.007179529970589904,0.007535864009317772,1.4554755789019083,13064.513470186752,522.6207472439328,462.20681672553656,7.963745239706958,0.06269264448295964,0.059403460010670095,0.5655956949002156,0.03735519198397552,0.0341930619858406,0.29653167935488045,0.006465004489918547,0.006620114020749079,0.2932772962411261,0.8910406784607225,0.33115750569254776,11.457495890631408,17.146615268769217,46.82065030529142,11.457498140060341,17.438872758342676,46.82065091174654,11,0.3245455428668591,0.8490503466569554,0.33616244445149035,13.85594434285569,20.172763269615945,65.41636976688864,13.855945851099362,20.469294948970827,65.41637010186527,11
WDWD eDR3 4735885340073322880A,4735885340073322880,1.0,1636042515805110273,4735885340073322880,365731226,2016.0,51.79603854134128,0.065136276,-52.522399662559536,0.063922025,4.172731146393044,0.069385305,60.138542,20.592579,19.700874433142445,0.07698733,-5.994154243933101,0.088016994,-0.037507102,0.13893227,0.010901741,-0.19369426,0.037114937,-0.13301353,-0.20757167,0.13012484,-0.097093,-0.14714703,360,0,360,0,-0.52513933,364.52698,0.0,0.0,31,false,1.8215609,1e+20,1e+20,1e+20,1e+20,1e+20,1e+20,1e+20,42,29,0.1263811,46,19,0,0.04562675,161.63693,0,0,0.9794241,0.18217546,0.08169388,0.0034982287,0.1631728,-47.503044,49.621513,48.17004,31.157585,false,368,1687.786343781877,1.7425209,968.58887,17.619074,41,1298.2479413441208,8.0998535,160.28043,17.555147,38,609.0967350747623,8.148149,74.75278,17.78618,0,1,0,0,0,1.1300865,-0.23103333,-0.0639267,-0.16710663,1e+20,1e+20,0,1e+20,1e+20,1e+20,264.99125969720853,-51.543219368801466,18.101084870524076,-66.67805240368372,4735885340073322880,0.0,0.0,0.0,0.0,0.0,0.0,0.0,0.0,0.0,0.0,0.0,0.0,0.0,0.0,0.0,0.0,0.0,0.0,0.0,0.0,0.0,0.0,0.0,0.0,0.0,0.0,0.0,0.0,0.0,0.0,0.0,0.0,0.0,0.0,0.0,0.0,0.0,0.0,0.0,0.0,0.0,0.0,0.0,0.0,0.0,0.0,0.0,0,0,0,0,0,0,0,0.0,0.0,0.0,0.0,0.0,0.0,0.0,0.0,0.0,0.0,0.0,0.0,0.0,0.0,0.0,0.0,0.0,0.0,0.0,0.0,0.0,0.0,4.735885340073322e+18,51.79603854134128,-52.522399662559536,4.172731146393044,0.069385305,17.619074,17.555147,17.78618,502419715,17.482,17.5658,17.5698,17.8618,0.0,0.0,0.0162,0.0872,0.04,0.019,0.0,0.0,0,0,0,0,0,0,0,0,0,0,0,0,0,0,0,0.22934785,4.735885340073322e+18,502419715,0.0,0.0,0.0,0.0,0.0,0.0,0.0,0.0,0.0,0.0,0.0,0.0,0.0,0.0,0.0,0.0,0.0,14.34109951491341,4.222504477293817,0.0646472683142574,19459.97464294212,677.674493300794,661.2100116662623,7.949389556053831,0.04517931370295525,0.04778299488797533,0.5945125390555308,0.026572690693056567,0.027322011764383203,0.0658671244629161,0.0037304313087131585,0.003443899190289923,2.630990488872121,0.3321586336632072,1.3189067381941353,0.34152514705479,2.3177940162364425,4.409172328004993,7.574074480367402,2.31779701825229,4.475039452467909,7.574075263330459,0,0.2311057161975767,1.1005222962364496,0.6232618668600076,6.265577651843993,8.142041579018926,10.55299377564,6.265578762365425,8.207908703481841,10.552994337586759,1,DB,17.3029,17.4575,17.8106,18.0861,18.3509,1.3903312306119296e-31,2.3102815436608674e-32,2.4153567649048696e-32,2.4391360605924543e-32,3.5844825366060643e-32,0.0,1.0,0.0,0.0,0.0,0.0,19299,7.999,0.596,0,0.017,0.014,0.0317,0.0696,Pure He,0.0,-1.6871,1552.2837,,,,,,,,15354.694954255614,1009.7642450251715,742.1570027832331,7.700176501487606,0.10973936460128009,0.08779305254642455,0.4353211833872767,0.05464966198656124,0.03940217023679288,0.11298807445624046,0.005563210440741068,0.007972384586276318,12.635711572266251,15423.687843750758,1004.7338940114278,840.3924077396823,7.7201618630913,0.10647711723404729,0.09859664640760357,0.44477247932026176,0.05353620610290383,0.045309594600995984,0.11394569694842861,0.007348226530311627,0.007348787255052225,0.47480158111695214,-0.28278728594894154,0.34232988911201434,nan,nan,nan,nan,nan,nan,11,0.46512776805303035,-0.20067350720884547,0.3936541668201211,nan,nan,nan,nan,nan,nan,11
WDWD eDR3 476450411592802048B,476450411592804480,1.0,1636042515805110273,476450411592804480,1173504861,2016.0,63.93479430776363,0.16174908,63.34325687488654,0.14840114,5.38135928087278,0.21037294,25.580093,11.081528,-1.6689392641701155,0.16871727,-10.955131220376675,0.20750393,0.00789021,0.13386674,-0.49328735,0.24130346,0.06941562,0.26818138,-0.0028300146,0.014833018,0.20402303,0.262982,632,0,628,4,1.1015013,689.71906,0.0,0.0,31,false,1.7202108,1e+20,1e+20,1e+20,1e+20,1e+20,1e+20,1e+20,73,24,0.30330816,75,37,0,0.024933347,128.83578,0,0,1.0308263,0.43581533,0.22985862,0.26157644,0.2017918,-78.77512,-65.115616,52.763813,22.781733,false,634,374.4719888956155,0.763144,490.69635,19.253819,64,262.10276250204464,4.6369276,56.525093,19.292364,63,162.874995757509,4.989523,32.643402,19.21826,0,1,0,0,0,1.134872,0.07410431,0.03854561,0.0355587,1e+20,1e+20,0,1e+20,1e+20,1e+20,143.62707327738576,9.012233336632525,74.7938470567252,41.2734322066827,476450411592804480,0.0,0.0,0.0,0.0,0.0,0.0,0.0,0.0,0.0,0.0,0.0,0.0,0.0,0.0,0.0,0.0,0.0,0.0,0.0,0.0,0.0,0.0,0.0,0.0,0.0,0.0,0.0,0.0,4.764504115928045e+17,63.93479430776363,63.34325687488654,5.38135928087278,0.21037294,19.253819,19.292364,19.21826,1.8401063934857267e+17,19.2455005645752,19.3363990783691,19.5408000946045,19.6730995178223,19.4284000396729,0.010606000199914,0.0194649994373322,0.0101429997012019,0.0142170004546642,0.0521290004253387,115000,115000,115000,115000,115000,436527104,52,0.021198366,4.764504115928045e+17,1.8401063934857267e+17,0.0,0.0,0.0,0.0,0.0,0.0,0.0,0.0,0.0,0.0,0.0,0.0,0.0,0.0,0.0,0.0,0.0,0.0,0.0,0.0,0.0,0.0,0.0,0.0,0.0,0.0,0.0,0,0.0,0.0,0.0,0.0,0.0,0.0,0.0,0.0,0.0,0.0,0.0,0.0,0,0,0,0,0,0,0,0,0,0,0,0,0,0,0,0.0,0.0,0,0.0,0.0,0.0,0.0,0.0,0.0,0.0,0.0,0.0,0.0,0.0,0.0,0.0,0.0,0.0,0.0,0.0,7.081601661321694,5.381134359574518,0.1337829716805364,13284.725836384168,887.1979268014857,835.3574805132557,8.652075575254592,0.05031911201172612,0.057322893906306405,1.0179570886139966,0.030766976956213332,0.03573371897165334,0.8529991282473788,0.061072939908509816,0.07437092494644482,4.821818691426803,0.28754184071227407,5.111748491719594,0.3339599903892836,0.015374643538933128,0.10884928491448585,0.016446795948808893,0.06297843800077697,0.9618484131618646,0.07616778567328503,0,0.24888076056850572,5.686306099010885,0.5187715111844424,0.015436061510821417,0.08443530795272097,0.00936772528991729,0.06299345985127594,0.9374344362000997,0.07495858025934779,1,DC,19.5613,19.1974,19.3232,19.5082,19.6562,6.805941786376208e-32,1.0591139942025847e-32,1.1695345616977885e-32,1.458489433285007e-32,2.3831588336638707e-32,0.01,0.69,0.79,0.0,0.0,0.01,10314,8.437,0.862,523,0.079,0.07,-0.0906,0.0307,logH/He=-5,0.0,-3.0542,2810.1831,,,,,,,,12810.295652529552,754.7514088905682,660.2565387995146,8.58162675748179,0.06839159558357188,0.06547041962373434,0.9565859281478507,0.04501471936910362,0.04166267946934532,0.8416616599018083,0.02418449880034157,0.03786811227076803,19.90123779982057,12652.02245653468,780.3847811983233,723.7630307708332,8.569543759210168,0.07350782147725887,0.07813777039829084,0.950757550049798,0.046508309492357514,0.05104549051268559,0.8386726013081054,0.024017000587255866,0.02508258864011703,0.6414780790681691,5.023055325153178,0.5096943113579364,0.023445632263340236,0.11346945733553256,0.046620345835979,0.03368364075410352,0.9551311172373409,0.06006205601557257,00,0.61455245517622,4.872503329599262,0.6907302944357596,0.03356157877145311,0.12237684173459064,0.05026757772001146,0.04126979387930961,0.961049443042696,0.05617798165408509,00
WDWD eDR3 4848810205061914496B,4848810205061914112,1.0,1636042515805110273,4848810205061914112,405667782,2016.0,55.049166004332335,0.16705668,-42.116760405922584,0.2048796,8.985489545255891,0.21567017,41.66311,46.56606,9.526136387447323,0.2177249,45.581254523015865,0.28059116,-0.053302392,0.106370024,0.0045845164,-0.1560759,0.18402281,-0.13118854,-0.22524701,-0.044436123,-0.15158536,-0.11185465,385,0,384,1,0.3266991,408.50958,0.2185562,0.109122165,31,false,1.6000562,1e+20,1e+20,1e+20,1e+20,1e+20,1e+20,1e+20,45,28,0.39587447,49,17,0,0.020648926,61.15797,0,0,1.0110068,0.19881625,0.13818514,0.0238111,0.15955552,-49.135426,72.22992,-12.3147335,27.602045,false,415,328.8404148860927,0.81064564,405.65247,19.394903,21,190.94279988771862,6.791605,28.114532,19.636284,21,190.59678041150434,7.9648733,23.929668,19.047607,0,0,0,1,0,1.1602576,0.58867645,0.24138069,0.34729576,1e+20,1e+20,0,1e+20,1e+20,1e+20,247.73328218455825,-52.64988904962434,34.408436419119866,-58.998087784038,4848810205061914112,0.0,0.0,0.0,0.0,0.0,0.0,0.0,0.0,0.0,0.0,0.0,0.0,0.0,0.0,0.0,0.0,0.0,0.0,0.0,0.0,0.0,0.0,0.0,0.0,0.0,0.0,0.0,0.0,0.0,0.0,0.0,0.0,0.0,0.0,0.0,0.0,0.0,0.0,0.0,0.0,0.0,0.0,0.0,0.0,0.0,0.0,0.0,0,0,0,0,0,0,0,0.0,0.0,0.0,0.0,0.0,0.0,0.0,0.0,0.0,0.0,0.0,0.0,0.0,0.0,0.0,0.0,0.0,0.0,0.0,0.0,0.0,0.0,4.848810205061915e+18,55.049166004332335,-42.116760405922584,8.985489545255891,0.21567017,19.394903,19.636284,19.047607,504755793,0.0,0.0,0.0,0.0,19.2641,0.0,0.0,0.0,0.0,0.0,0.0364,0.0,0,0,0,0,3,0,0,0,0,0,0,0,3,0,2,0.30842212,4.848810205061915e+18,504755793,0.0,0.0,0.0,0.0,0.0,0.0,0.0,0.0,0.0,0.0,0.0,0.0,0.0,0.0,0.0,0.0,0.0,3.2447477366527364,9.132373554060074,0.14972307904851784,6699.808618595302,358.28895922227093,316.82920868382644,8.416207309002878,0.11206805960810229,0.11600529085688116,0.8590051232990439,0.07402302866107036,0.07805193416201228,4.053916624627435,0.10270359293498199,0.2165108200911967,0.4752501306714323,0.4124081128821051,3.6262161055985414,0.7294573286169368,0.10295437091328534,0.26567478124344235,0.10891706588998148,0.14542224895766404,4.319591405870877,0.24236307981754382,0,0.33166464570898846,3.752741022915017,1.0279651076679182,0.1137170386771522,0.24186275441489014,0.07029834761069545,0.1532305220484986,4.295779379042325,0.2276374154073902,0,DA,20.1109,19.6324,19.3615,19.3134,19.2873,1.043447337591349e-31,1.741795519989017e-32,1.962876462504972e-32,2.4278762853796608e-32,3.932520998306751e-32,0.77,0.0,0.12,0.0,0.09,0.0,6700,8.359,0.821,285,0.075,0.068,-0.2183,-0.0285,Pure H,0.0,-3.7469,-1.2223,DC,,,,,SOAR Goodman Spect,,6536.501778963955,352.8752506970168,314.9258152287466,8.33915842062699,0.12513067787934418,0.1207645270680544,0.7924041156677664,0.08372182291472563,0.0814989547898256,3.673103429818424,0.078794759115,0.11700169777622049,0.21185982835748005,5771.239369621666,698.3002385894879,438.6499508668794,8.279008912120322,0.06946443089227294,0.17138547007386862,0.750911910963033,0.04725495889546749,0.11443654107004253,5.254067163942386,0.33864244167052426,1.5335815017889756,0.4546149778407065,3.454629817666213,0.3926459068542405,0.07846299260009706,0.30436879732286737,0.15185289334801316,0.11119827009335065,3.9774722271412917,0.1916995005227742,00,0.2833752695417098,3.2403697221749765,0.5439773233311298,0.13046939180612468,0.3663838834294228,0.11174887360268491,0.3629062764665755,5.620451047371809,1.5376475647497376,00
WDWD eDR3 4855870439806768512B,4855870439806768384,1.0,1636042515805110273,4855870439806768384,1476328856,2016.0,57.55085359380972,0.19532897,-38.514432245966155,0.23671357,10.962325775946368,0.25553656,42.89925,11.008061,10.929372253364983,0.24314137,1.3138634175687298,0.32896543,-0.10203593,-0.015352344,0.22680712,-0.17174968,0.056214165,-0.13753428,-0.018812586,-0.06129566,-0.009324818,-0.19821298,393,8,390,3,1.074459,438.42557,0.8237502,1.2512152,31,false,1.5853223,1e+20,1e+20,1e+20,1e+20,1e+20,1e+20,1e+20,47,28,0.46647313,48,17,0,0.021978762,148.61847,0,0,1.0380929,1e+20,1e+20,1e+20,1e+20,1e+20,1e+20,1e+20,1e+20,false,399,277.2995154931943,0.7935686,349.43356,19.579994,39,157.6994409271483,5.613902,28.090878,19.843967,40,159.18761323751846,7.371213,21.59585,19.243122,0,3,0,1,0,1.142761,0.60084534,0.26397324,0.3368721,1e+20,1e+20,0,1e+20,1e+20,1e+20,241.5751327783467,-51.16922641269231,40.463346872934444,-56.50909057036523,4855870439806768384,0.0,0.0,0.0,0.0,0.0,0.0,0.0,0.0,0.0,0.0,0.0,0.0,0.0,0.0,0.0,0.0,0.0,0.0,0.0,0.0,0.0,0.0,0.0,0.0,0.0,0.0,0.0,0.0,0.0,0.0,0.0,0.0,0.0,0.0,0.0,0.0,0.0,0.0,0.0,0.0,0.0,0.0,0.0,0.0,0.0,0.0,0.0,0,0,0,0,0,0,0,0.0,0.0,0.0,0.0,0.0,0.0,0.0,0.0,0.0,0.0,0.0,0.0,0.0,0.0,0.0,0.0,0.0,0.0,0.0,0.0,0.0,0.0,4.855870439806768e+18,57.55085359380972,-38.514432245966155,10.962325775946368,0.25553656,19.579994,19.843967,19.243122,17336852,0.0,0.0,19.7552,19.5905,19.4588,0.0,0.0,0.0,0.0489,0.0112,0.0635,0.0,0,0,3,3,0,0,0,0,0,0,0,0,3,0,8,0.18019591,4.855870439806768e+18,17336852,0.0,0.0,0.0,0.0,0.0,0.0,0.0,0.0,0.0,0.0,0.0,0.0,0.0,0.0,0.0,0.0,0.0,5.355578101142786,11.199096996788175,0.14142837619059107,6461.600436050273,278.95929890054595,250.46239468393105,8.699529202762736,0.08403032040320824,0.08399496845562027,1.0388271630275656,0.0484032001669521,0.0515912844289087,5.373633486316196,0.2456455713182235,0.32032552066527575,1.3911404085612773,0.4523663567004865,5.306795916145473,0.48216153671877215,0.018505281470911756,0.09946481688281522,0.02400447382706307,0.2463416167653653,5.473098303199011,0.32122368211760816,0,0.5919520129449429,6.057327664289917,0.5128358293132056,0.011993770293381958,0.07272156098388298,0.01997335971003406,0.24593819799719369,5.446355047300079,0.32094761922716675,11,DA,20.6674,19.844,19.5749,19.5684,19.5182,1.3353092771748006e-31,1.3244794797861862e-32,1.5350768861380258e-32,1.8133528738405483e-32,2.8832964104343396e-32,0.97,0.0,0.01,0.0,0.0,0.01,6782,8.763,1.077,272,0.064,0.045,-0.2499,-0.0033,Pure H,0.0,-4.0136,-1.2225,DC,,,,,SOAR Goodman Spect,,6276.361336957578,270.6145499314607,235.63317137895228,8.621136390481897,0.0851330006077422,0.08808820272228246,0.977366119993208,0.0518098974222061,0.05680464534435847,4.936927633470766,0.4141829438865896,0.39628989257233194,2.0847277107766677,5263.023366315123,450.01651278148347,291.1635274428818,8.521560458029684,0.13966971895926505,0.10763480174917994,0.9127832366128852,0.09089270890593193,0.07227260513084244,7.255478789924698,0.45321545913069095,0.9821898026410398,0.7547261229954794,5.335894048928915,0.6751473560170744,0.024272598762932793,0.09816044529770251,0.04458007569794989,0.41489356473349664,5.035088078768469,0.39878949598030455,01,0.8235799330541007,4.400887276881419,1.0180914763055098,0.06360875018226206,0.15814311307669549,0.11773559050578913,0.4576574324697376,7.413621903001394,0.9892211470059622,00
WDWD eDR3 4863323277513982848A,4863323277513982848,1.0,1636042515805110273,4863323277513982848,1600482502,2016.0,54.87244635893583,0.15060513,-31.488927897535962,0.18299899,3.26583999852562,0.23603499,13.836253,9.875101,9.281451500572679,0.21956721,3.3722811630949345,0.25272116,-0.22550917,-0.036331445,-0.38683492,0.1404566,-0.044585958,0.12809573,-0.2156522,0.17425816,-0.100644216,-0.24167536,455,0,453,2,1.91928,524.8858,0.34535238,0.3256384,31,false,1.7634321,1e+20,1e+20,1e+20,1e+20,1e+20,1e+20,1e+20,52,26,0.3766913,60,24,0,0.020426735,80.20052,0,0,1.0640393,0.09972908,0.27407056,0.15278032,0.11013948,-88.9884,68.42774,-6.8622713,38.176952,false,488,362.22377677071574,0.79441553,455.96262,19.289925,49,260.62606943217855,5.6199746,46.374954,19.298498,51,148.4878856906732,6.584459,22.551266,19.318668,0,49,0,51,0,1.1294508,-0.020170212,0.008573532,-0.028743744,1e+20,1e+20,0,1e+20,1e+20,1e+20,230.0673199707517,-53.326817688967424,41.36916028157597,-49.17020641335034,4863323277513982848,0.0,0.0,0.0,0.0,0.0,0.0,0.0,0.0,0.0,0.0,0.0,0.0,0.0,0.0,0.0,0.0,0.0,0.0,0.0,0.0,0.0,0.0,0.0,0.0,0.0,0.0,0.0,0.0,4.863323277513983e+18,54.87244635893583,-31.488927897535962,3.26583999852562,0.23603499,19.289925,19.298498,19.318668,7.021054872409362e+16,0.0,0.0,19.6445007324219,0.0,0.0,0.0,0.0,0.0254139993339777,0.0,0.0,0,0,115000,0,0,1375805440,164,0.14621446,4.863323277513983e+18,7.021054872409362e+16,0.0,0.0,0.0,0.0,0.0,0.0,0.0,0.0,0.0,0.0,0.0,0.0,0.0,0.0,0.0,0.0,0.0,0.0,0.0,4.863323277513983e+18,54.87244635893583,-31.488927897535962,3.26583999852562,0.23603499,19.289925,19.298498,19.318668,17860422,19.2653,19.1445,19.235,19.4255,19.5957,0.0,0.0675,0.0837,0.0209,0.0145,0.0362,0.0,0,0,3,3,0,0,0,0,0,0,0,0,3,0,12,0.14904198,4.863323277513983e+18,17860422,0.0,0.0,0.0,0.0,0.0,0.0,0.0,0.0,0.0,0.0,0.0,0.0,0.0,0.0,0.0,0.0,0.0,3.6306965692296918,3.278540859981412,0.19626323846529903,15833.013994184792,1406.1335803300572,1424.2260400968353,8.381796515686307,0.10034519524086072,0.10843278535227974,0.8517998897550281,0.06548385607302465,0.0723723841862256,0.327870081845489,0.0336834029568478,0.02802924688488584,2.060770784186459,0.35018104851884857,3.5711224051071024,0.6641324915401281,0.1023658050159822,0.27731506678144635,0.09507246636561972,0.10776515982136096,0.6051851486269353,0.09911817462895378,0,0.2897336639536068,3.7168405070006383,0.847871430469679,0.10447277501143315,0.24861924211899813,0.06214137081551525,0.10976853990712873,0.5764893239644872,0.06817029153352105,0,DB,19.4721,19.2166,19.4803,19.594,19.7274,7.545181594713923e-32,1.2191526151396073e-32,1.3231218509005047e-32,1.6220462995622627e-32,2.553771717119604e-32,0.03,0.99,0.08,0.0,0.0,0.03,11049,7.91,0.531,0,0.082,0.063,-0.076,0.032,Pure He,0.0,-2.6181,2408.9307,,,,,,,,11971.025104156357,913.2801753329222,785.0872172169275,8.048346740226158,0.12289902888413096,0.12279180949807333,0.6128033781537635,0.07802867780111333,0.07304421708040953,0.43191931250421267,0.01928129023543984,0.018401634850887583,0.8483352755573615,11749.793630343309,971.2208567357084,845.8384778281106,8.010256623533621,0.1469898504572189,0.15059199030616277,0.5897889326352888,0.09218198385139587,0.08626991750168578,0.42976319969614046,0.01806866961253567,0.016314659860616587,0.8233637295185238,1.4046382764572747,1.421553617878748,3.0370815340997495,3.581839943250048,64.23980420924208,3.037142738318835,4.013759255754261,64.23980684483665,01,0.8008860456246376,1.0592435502631516,1.6807034130424563,8.726479773896099,9.320909283437226,659.856854483804,8.726498479976907,9.750672483133366,659.8568546854902,01
WDWD eDR3 4887153126165424128A,4887153126165424128,1.0,1636042515805110273,4887153126165424128,1697505693,2016.0,61.517790207304074,0.07458554,-30.03628732839233,0.09879008,9.197649062479211,0.1188731,77.37368,89.127625,85.27572855487557,0.10360288,-25.918796820951563,0.1327149,-0.20650768,-0.14003691,-0.28230855,0.11065191,0.09748424,0.13515554,-0.32853618,0.2805057,-0.032710247,-0.26350442,541,0,539,2,1.3175654,603.6511,0.0,0.0,31,false,1.6608381,1e+20,1e+20,1e+20,1e+20,1e+20,1e+20,1e+20,62,29,0.19585504,67,30,0,0.0064851446,0.6647026,0,0,1.0399541,0.15512323,0.2793324,0.133576,0.20929044,-100.66744,69.49027,6.735804,17.946224,false,572,866.7801729384967,1.0074317,860.386,18.342594,61,554.4123975251954,7.9709406,69.5542,18.47896,61,445.0930556995512,8.301649,53.615017,18.126768,0,1,0,2,0,1.1531245,0.35219193,0.13636589,0.21582603,1e+20,1e+20,0,1e+20,1e+20,1e+20,228.79810938855204,-47.49129320426816,50.39934734710277,-49.63408909311887,4887153126165424128,0.0,0.0,0.0,0.0,0.0,0.0,0.0,0.0,0.0,0.0,0.0,0.0,0.0,0.0,0.0,0.0,0.0,0.0,0.0,0.0,0.0,0.0,0.0,0.0,0.0,0.0,0.0,0.0,4.887153126165424e+18,61.517790207304074,-30.03628732839233,9.197649062479211,0.1188731,18.342594,18.47896,18.126768,7.195061517580682e+16,18.4046993255615,18.4018001556396,18.4610004425049,18.5534992218018,18.6040000915527,0.00395700009539723,0.00877700001001358,0.00563099980354309,0.0213450007140636,0.0328099988400936,16892216,115000,115000,115000,98616,168091648,20,0.08071418,4.887153126165424e+18,7.195061517580682e+16,0.0,0.0,0.0,0.0,0.0,0.0,0.0,0.0,0.0,0.0,0.0,0.0,0.0,0.0,0.0,0.0,0.0,0.0,0.0,0.0,0.0,0.0,0.0,0.0,0.0,0.0,0.0,0,0.0,0.0,0.0,0.0,0.0,0.0,0.0,0.0,0.0,0.0,0.0,0.0,0,0,0,0,0,0,0,0,0,0,0,0,0,0,0,0.0,0.0,0,0.0,0.0,0.0,0.0,0.0,0.0,0.0,0.0,0.0,0.0,0.0,0.0,0.0,0.0,0.0,0.0,0.0,2.9289908048135684,9.250914635547339,0.10846242466769312,8337.058355213914,183.18527388808798,174.80787050326126,8.2403654627798,0.045291718728231345,0.04518351447412883,0.7461692482836577,0.029836292640497142,0.029893448187859106,1.4481862949158713,0.031269008126815656,0.02935843640240865,1.5587937284752065,0.16459071907898348,3.006252664618491,0.15985801169978053,0.061840042422408224,0.4538086283181088,0.0830699483338697,0.06929604401435996,1.9019949232339801,0.0881052444760586,0,0.16645215887489728,3.2159858523581373,0.16011014130562895,0.04947638031365216,0.3739188565843938,0.06314678442502672,0.05852916433860995,1.822105151500265,0.06963787885350235,0,DC,19.2453,18.446,18.3995,18.4351,18.5427,1.0054636520973282e-31,1.484482021769371e-32,1.6467946381700594e-32,1.7152777491108414e-32,2.7530234778012963e-32,0.04,0.0,0.83,0.0,0.73,0.0,7423,7.922,0.529,142,0.036,0.028,-0.0399,0.0504,logH/He=-5,0.0,-3.3221,3056.6721,,,,,,,,8019.199191911343,166.44502508408914,167.6458114527877,8.145821887104027,0.04654665769090549,0.046758045625782785,0.6659872150711861,0.03121258750058442,0.030046850057698027,1.4170412889274842,0.025594821476366825,0.02166013714925641,3.794639668338311,7698.839372439516,159.1659441430529,147.71177892109972,8.000153994354338,0.0473639423721437,0.04685054399414046,0.5756774333619494,0.02914928613075951,0.027699889727544114,1.2843298204963514,0.022153925232863525,0.022623393239640688,0.5097793610024213,2.620706979144508,0.272900334746188,0.1668139024810577,0.6772335620753684,0.5673885176243403,0.1687660301937772,2.0942748510028526,0.5678018065075796,00,0.25325183432458287,0.9366414714330968,0.29836276858650357,8.886157307909333,14.378587035641335,27.637065734232948,8.886184923650513,15.662916856137686,27.637074993859873,11
WDWD eDR3 4968004755937495424A,4968004755937495424,1.0,1636042515805110273,4968004755937495424,1418668003,2016.0,30.9337778752137,0.12735327,-36.219896122982504,0.17087731,3.8578498987456196,0.2600275,14.836315,33.885063,-20.920250424248216,0.15484896,-26.655969754147208,0.2216667,-0.2798327,0.14838713,-0.019438587,-0.15280664,-0.21022213,-0.13958105,0.14179078,0.18870053,-0.17514119,-0.176109,763,0,756,7,-0.13032864,777.6018,0.0,0.0,31,false,1.7159132,1e+20,1e+20,1e+20,1e+20,1e+20,1e+20,1e+20,91,29,0.31669313,105,26,0,0.021342935,108.13365,0,0,0.99619573,0.28155068,0.3932433,0.3052425,0.48220512,53.275,65.60908,-55.031914,-29.193918,false,835,325.6361390381405,0.5763816,564.9662,19.405535,89,216.5342644152274,5.092452,42.52063,19.499725,92,152.82210371400723,5.6804247,26.903288,19.28743,0,1,0,7,0,1.134261,0.21229553,0.0941906,0.118104935,1e+20,1e+20,0,1e+20,1e+20,1e+20,248.07107714005744,-72.17707897749807,11.869903246624084,-44.99859320246255,4968004755937495424,0.0,0.0,0.0,0.0,0.0,0.0,0.0,0.0,0.0,0.0,0.0,0.0,0.0,0.0,0.0,0.0,0.0,0.0,0.0,0.0,0.0,0.0,0.0,0.0,0.0,0.0,0.0,0.0,0.0,0.0,0.0,0.0,0.0,0.0,0.0,0.0,0.0,0.0,0.0,0.0,0.0,0.0,0.0,0.0,0.0,0.0,0.0,0,0,0,0,0,0,0,0.0,0.0,0.0,0.0,0.0,0.0,0.0,0.0,0.0,0.0,0.0,0.0,0.0,0.0,0.0,0.0,0.0,0.0,0.0,0.0,0.0,0.0,0.0,0.0,0.0,0.0,0.0,0.0,0.0,0.0,0,0.0,0.0,0.0,0.0,0.0,0.0,0.0,0.0,0.0,0.0,0.0,0.0,0,0,0,0,0,0,0,0,0,0,0,0,0,0,0,0.0,0.0,0,0.0,0.0,0.0,0.0,0.0,0.0,0.0,0.0,0.0,0.0,0.0,0.0,0.0,0.0,0.0,0.0,0.0,3.1997893170528506,4.156388988228495,0.20962690348080235,9656.74666990562,1592.0456238095485,1136.435610545257,8.132690334580891,0.2858046823053293,0.2892550035505401,0.6800207462343406,0.18814984488100295,0.17224549419470114,0.8188676153530963,0.05842704242006902,0.055809972461448476,0.2942998332929718,2.351873061012537,2.387759327929258,1.1858569310495755,0.6078631250240651,0.8845990300567887,nan,0.6106646363184778,1.703466645409885,nan,1,2.5722270224130996,2.7807491888191618,0.9384149388791032,0.3258256914501228,0.5740076274671705,1069.8131944866388,0.3310228096293474,1.3928752428202666,1069.813195942385,1,DC,20.0083,19.4266,19.4925,19.6074,19.7953,7.41578308877677e-32,1.0521265329690735e-32,1.1206085264767344e-32,1.294128592657426e-32,2.178069484954771e-32,0.44,0.0,0.66,0.0,0.02,0.0,9255,7.837,0.487,441,0.114,0.085,-0.1801,0.0218,logH/He=-5,0.0,-2.8902,2659.3429,,,,,,,,9347.66123843448,1363.4133116795892,1020.4423132533138,8.030622288905505,0.26266705245298994,0.2679511230785012,0.5976269456088528,0.16848391058759282,0.15152236754454157,0.8054292984530662,0.04561757628221408,0.04485943515569801,0.09701032864215658,9020.17576463041,1428.5652099349263,1098.180666320417,7.8993540541211935,0.32353846696586963,0.3250245266056453,0.5204238327089744,0.20000990589770906,0.16157618708936267,0.7483338979720529,0.05864857751416297,0.05375781966830517,1.4869764107356507,1.1505127706075888,2.080794752031971,6.609635390234661,6.9788196261404245,nan,6.609792807275306,7.7842489245934905,nan,01,1.737705524741172,0.4565928124150692,2.344135313318466,117.11757834944947,117.67530699565486,nan,117.11759303407443,118.42364089362692,nan,11
WDWD eDR3 4968426689228543488A,4968426689228543488,1.0,1636042515805110273,4968426689228543488,50846107,2016.0,31.528899722484283,0.08917229,-35.464930563050885,0.1216847,4.870997048166118,0.176174,27.648785,44.89023,29.22606323790476,0.09490767,34.07300870804802,0.15029903,-0.3600057,0.10590475,0.22626437,-0.23187342,-0.054224554,-0.21770902,0.40391064,0.15611218,-0.20136692,-0.38017935,813,0,809,4,0.38359764,851.2596,0.0,0.0,31,false,1.7370983,1e+20,1e+20,1e+20,1e+20,1e+20,1e+20,1e+20,93,26,0.2276198,102,28,0,0.046483617,100.867645,0,0,1.0091654,0.09978618,0.41262466,0.12990914,0.48005152,15.484938,61.812542,45.475353,-32.014835,false,880,533.4424891075662,0.72462815,736.16034,18.869648,90,384.1681964937871,5.414805,70.94775,18.87724,88,236.16579490542642,5.081805,46.472816,18.814854,0,10,0,5,0,1.1628883,0.06238556,0.0075912476,0.05479431,1e+20,1e+20,0,1e+20,1e+20,1e+20,245.1867313169497,-72.04361308212236,12.976184236839027,-44.56714128978489,4968426689228543488,0.0,0.0,0.0,0.0,0.0,0.0,0.0,0.0,0.0,0.0,0.0,0.0,0.0,0.0,0.0,0.0,0.0,0.0,0.0,0.0,0.0,0.0,0.0,0.0,0.0,0.0,0.0,0.0,0.0,0.0,0.0,0.0,0.0,0.0,0.0,0.0,0.0,0.0,0.0,0.0,0.0,0.0,0.0,0.0,0.0,0.0,0.0,0,0,0,0,0,0,0,0.0,0.0,0.0,0.0,0.0,0.0,0.0,0.0,0.0,0.0,0.0,0.0,0.0,0.0,0.0,0.0,0.0,0.0,0.0,0.0,0.0,0.0,0.0,0.0,0.0,0.0,0.0,0.0,0.0,0.0,0,0.0,0.0,0.0,0.0,0.0,0.0,0.0,0.0,0.0,0.0,0.0,0.0,0,0,0,0,0,0,0,0,0,0,0,0,0,0,0,0.0,0.0,0,0.0,0.0,0.0,0.0,0.0,0.0,0.0,0.0,0.0,0.0,0.0,0.0,0.0,0.0,0.0,0.0,0.0,2.795495832845144,4.964373461000623,0.15648045780540953,11219.980709389412,1356.7946371772414,974.1200016636321,8.313944657001922,0.1488295118844576,0.16062741758143595,0.8003019600618813,0.09910210365900418,0.10603978456486218,0.726003373288384,0.02797487483189487,0.037040849280014276,0.32878931318903015,0.6432342017120649,3.2957324067480283,0.7728820290159293,0.15461239874111232,0.3492760024745718,0.30784675442131426,0.15712284196239865,1.075279375762956,0.3100671680831779,0,0.5543766836446014,3.4903343583267685,0.8077797419946022,0.12751120300865912,0.2960769304894861,0.19277112957417644,0.13054386433140266,1.02208030377787,0.1962975621669527,0,DC,18.9586,18.8174,18.97,19.0962,19.2533,6.273721151155514e-32,1.3744309165546288e-32,1.3700663380623666e-32,1.3385547745659867e-32,2.1966346863490102e-32,0.01,0.63,0.66,0.0,0.0,0.0,10327,8.042,0.606,390,0.069,0.058,-0.0357,0.0576,logH/He=-5,0.0,-2.8101,2585.6199,,,,,,,,10940.26648473364,1084.5024263685846,909.9667659978331,8.216258853927247,0.1493197264007513,0.15665211488606623,0.7163118251014842,0.0999666140892772,0.10054129673263379,0.7022505495927698,0.024206533320735413,0.025331742207347907,0.027898307663970105,10577.917343973151,1185.6374247027288,956.8072041747855,8.13450948834478,0.1941943510443842,0.198683840052162,0.6637765518516905,0.128075857381721,0.12125904168025847,0.6809490906678737,0.02499247840327179,0.027418251927452175,1.519568706276404,3.0493969262231984,0.5078889316230573,0.15659014236020644,0.4371185485432566,2.2651634106530723,0.15845008343259903,1.1393690981360263,2.265305051008521,00,2.00222664873821,2.5915463226736537,0.8297719121000755,0.3900891443809644,0.702194078459647,65.23884634255884,0.3908889414406743,1.3831431691275207,65.23885210416061,01
WDWD eDR3 5069637804011629696A,5069637804011629696,1.0,1636042515805110273,5069637804011629696,1674880754,2016.0,41.54908783605606,0.12855414,-26.857350360963796,0.14819272,11.15748082294774,0.21035601,53.040943,241.29044,191.52351336470804,0.1538804,146.76451096285462,0.19581819,-0.13065939,0.29193652,-0.111840956,0.25870907,-0.1778434,0.25869605,0.11415815,-0.047895268,-0.008023391,-0.093471274,459,0,455,4,0.68218523,492.02133,0.0,0.0,31,false,1.5472893,1e+20,1e+20,1e+20,1e+20,1e+20,1e+20,1e+20,53,21,0.2754127,54,19,0,0.034811478,114.55857,1,0,1.0220792,0.2539093,0.23095144,0.27505332,0.42413583,-1.6590892,50.219776,34.34736,35.05046,false,440,510.41286561454365,1.1777312,433.38657,18.917562,44,263.6980357949908,7.520591,35.063473,19.285774,41,330.9819790932068,12.778976,25.900507,18.448385,0,5,0,3,0,1.165096,0.837389,0.36821175,0.46917725,1e+20,1e+20,0,1e+20,1e+20,1e+20,218.95825611045447,-64.49043639645932,28.544788975438692,-40.53131332834135,5069637804011629696,0.0,0.0,0.0,0.0,0.0,0.0,0.0,0.0,0.0,0.0,0.0,0.0,0.0,0.0,0.0,0.0,0.0,0.0,0.0,0.0,0.0,0.0,0.0,0.0,0.0,0.0,0.0,0.0,5.06963780401163e+18,41.54908783605606,-26.857350360963796,11.15748082294774,0.21035601,18.917562,19.285774,18.448385,7.577041548694122e+16,19.2591991424561,18.8826999664307,18.7644996643066,18.7310009002686,18.7040996551514,0.00934199988842011,0.00919099990278482,0.00788099970668554,0.0110170003026724,0.0448819994926453,115000,115000,115000,115000,115000,436527104,52,0.5119264,5.06963780401163e+18,7.577041548694122e+16,0.0,0.0,0.0,0.0,0.0,0.0,0.0,0.0,0.0,0.0,0.0,0.0,0.0,0.0,0.0,0.0,0.0,0.0,0.0,5.06963780401163e+18,41.54908783605606,-26.857350360963796,11.15748082294774,0.21035601,18.917562,19.285774,18.448385,11308464,0.0,0.0,19.1685,18.8897,18.7626,18.8301,0.0,0.0,0.0107,0.0147,0.0101,0.0332,0,0,0,0,0,0,0,0,0,0,0,0,0,0,0,0.19158532,5.06963780401163e+18,11308464,0.0,0.0,0.0,0.0,0.0,0.0,0.0,0.0,0.0,0.0,0.0,0.0,0.0,0.0,0.0,0.0,0.0,16.47965134838454,11.28135409838218,0.19487868557054702,5909.056734897993,85.94477814360016,84.62983972367965,8.053191150653525,0.04150528992343183,0.043113952089843366,0.6195205478711856,0.026445925237886136,0.026654106363106944,2.7312584582318093,0.16268218817444602,0.15976168514817024,3.183862608399019,0.3305740654735767,1.63150684838982,0.3331763295388368,0.8365124659837336,2.2061082670398577,2.4105587922225666,0.8521846044698372,4.9373667252716675,2.4158471571692823,0,0.5448934372171592,1.6326833819026454,0.6809395986039182,1.2324376982081833,2.2011817917860883,6.2866227301781406,1.243128382072387,4.932440250017898,6.288652411099999,0,DC,-999.0,19.3686,18.8952,18.7471,18.818,-999.0,1.8277346554496248e-32,2.0874404364863924e-32,2.1201652508653582e-32,3.435762387485926e-32,0.11,0.0,0.76,0.0,0.0,0.01,-999,-999.0,-999.0,-999,-999.0,-999.0,-999.0,-999.0,-,0.0,-999.0,-999.0,,,,,,,,5746.2704276871145,86.0978334474803,73.07385240305484,7.9585393114829355,0.042907161118092674,0.0379086412009757,0.5451576166797226,0.026048173226065896,0.022074105861900395,3.007464334602653,0.08284232999712904,0.08548734959914128,9.489006695020858,4863.176543738004,1631.4837665962168,149.54051926997636,7.827444452225725,0.43087829592144544,0.08260824680936185,0.4687073933478243,0.2694346956468653,0.043441693403347026,4.241744134261969,0.41188908759565557,0.8929943353395569,0.22630906364957326,0.6714823343155749,0.1917819796863629,25.37618895954757,44.51176486852166,79.97893996109534,25.376324181455107,47.51922920312431,79.97898564865295,11,2.340874853578324,0.007275354889873187,0.37742565945566453,nan,nan,nan,nan,nan,nan,11
WDWD eDR3 5083460894260804352A,5083460894260804352,1.0,1636042515805110273,5083460894260804352,501306990,2016.0,57.4164569840925,0.1153866,-25.616683495914685,0.16221215,4.92840216039143,0.25522718,19.309864,44.19538,10.611648889482977,0.16452362,-42.902500713048084,0.24080333,-0.654391,0.19345815,-0.15459743,0.083957374,-0.16097511,0.10082648,0.00988575,0.03097964,0.02493611,-0.5358127,1050,0,1045,5,-0.4511567,1062.8318,0.0,0.0,31,false,1.7129666,1e+20,1e+20,1e+20,1e+20,1e+20,1e+20,1e+20,120,29,0.3627514,125,43,0,0.03622346,51.16556,0,0,0.9898046,0.3767743,0.6253778,0.39266562,0.23011751,-115.811676,64.1572,0.9798448,-30.564188,false,1068,379.5370922230997,0.5579107,680.2829,19.239231,107,251.69807093547956,4.048666,62.168148,19.336342,104,182.20760792106032,4.9075875,37.127735,19.09648,0,2,0,2,0,1.1432498,0.23986244,0.09711075,0.1427517,1e+20,1e+20,0,1e+20,1e+20,1e+20,221.1888847425006,-50.26180080279196,47.23896535526122,-44.33855241458039,5083460894260804352,0.0,0.0,0.0,0.0,0.0,0.0,0.0,0.0,0.0,0.0,0.0,0.0,0.0,0.0,0.0,0.0,0.0,0.0,0.0,0.0,0.0,0.0,0.0,0.0,0.0,0.0,0.0,0.0,5.083460894260805e+18,57.4164569840925,-25.616683495914685,4.92840216039143,0.25522718,19.239231,19.336342,19.09648,7.726057416417034e+16,19.2893009185791,19.3525009155273,19.4468994140625,19.6180992126465,19.6832008361816,0.00820100028067827,0.0162439998239279,0.0198279991745949,0.0268709994852543,0.0549740009009838,115000,115000,115000,115000,115000,436527232,52,0.10269346,5.083460894260805e+18,7.726057416417034e+16,0.0,0.0,0.0,0.0,0.0,0.0,0.0,0.0,0.0,0.0,0.0,0.0,0.0,0.0,0.0,0.0,0.0,0.0,0.0,5.083460894260805e+18,57.4164569840925,-25.616683495914685,4.92840216039143,0.25522718,19.239231,19.336342,19.09648,18078050,0.0,0.0,0.0,0.0,19.2806,0.0,0.0,0.0,0.0,0.0,0.179,0.0,0,0,0,0,0,0,0,0,0,0,0,0,0,0,0,0.17574891,5.083460894260805e+18,18078050,0.0,0.0,0.0,0.0,0.0,0.0,0.0,0.0,0.0,0.0,0.0,0.0,0.0,0.0,0.0,0.0,0.0,9.29523768318171,4.83022030627987,0.24215560565776156,9578.949169411344,571.1628816420634,497.2052449293551,8.223744226312904,0.11129300059763914,0.11086566862852365,0.7380594170476957,0.07371925487496533,0.07186257671151819,0.9750704137376138,0.03782099044861842,0.0371433922999197,1.1180935544705666,0.7711325559836282,2.9628845831427584,0.3842918540722895,0.141753514335705,0.47513255740784394,0.6502934161689585,0.14671225628773285,1.4502029711454578,0.6513533286199127,0,0.5740088598608439,3.173583819586348,0.3561538344645818,0.10215156763710499,0.389077648545657,0.30875512372803116,0.10892827956610955,1.364148062283271,0.310981282426865,0,DC,19.6732,19.2696,19.3517,19.3595,19.5036,5.121410296311102e-32,8.028398211289297e-33,9.072322173564401e-33,1.11255570024864e-32,1.8687268153745112e-32,0.19,0.0,0.87,0.0,0.01,0.0,8488,7.886,0.512,239,0.078,0.06,-0.1268,0.0138,logH/He=-5,0.0,-3.0685,2823.4019,,,,,,,,9333.521381409115,618.3726466178887,546.0895585616763,8.137458649741642,0.1148233366221536,0.11877787987440946,0.6630022693125566,0.07500858181025227,0.07400834151403679,0.9485142364104501,0.029562558689355645,0.027136888253945335,1.2597881373257431,8963.90071886648,637.9722357457649,543.6655795194947,8.001398929237487,0.14485637081115676,0.14415862790290657,0.5789251239871719,0.09062731641381927,0.08289603966512599,0.8727293373851726,0.03383949964501598,0.033142198623397734,1.5368703710156038,2.580516656874025,0.587526717804228,0.3169646657508749,0.7081855997316031,9.12042702372813,0.31834029624102794,1.656699836142053,9.120467395142338,00,0.7873789436474301,0.9648577236070539,1.59883406631172,12.240444736333153,12.962741655737783,1424.859922121373,12.240491511984404,13.835470993122955,1424.8599225068162,11
WDWD eDR3 5127242248983674752A,5127242248983674752,1.0,1636042515805110273,5127242248983674752,672107346,2016.0,39.40207241791205,0.12342498,-20.14225807191205,0.095864184,5.550886121095522,0.13077703,42.44542,69.81322,45.705024634033705,0.1502918,52.77249754724509,0.12221945,-0.36553437,0.09981083,-0.7454224,0.56667334,-0.26125643,0.5906232,-0.5379176,-0.22400092,0.290869,-0.3366008,506,0,503,3,-0.6044232,503.1139,0.0,0.0,31,false,1.7787349,1e+20,1e+20,1e+20,1e+20,1e+20,1e+20,1e+20,59,16,0.2559515,61,46,0,0.06889718,99.76899,0,0,0.9802444,0.47513282,0.42773864,0.5040522,0.7658818,-62.405323,-44.42361,-47.095673,37.39299,false,504,1357.7154966392654,1.386812,979.01917,17.855345,55,1004.022196753585,10.952829,91.66784,17.834185,53,579.9794272434686,10.63897,54.51462,17.839363,0,8,0,7,0,1.1666669,-0.0051784515,-0.021160126,0.015981674,1e+20,1e+20,0,1e+20,1e+20,1e+20,202.59698121027992,-64.75740171134069,29.46082028179829,-33.57218326911169,5127242248983674752,0.0,0.0,0.0,0.0,0.0,0.0,0.0,0.0,0.0,0.0,0.0,0.0,0.0,0.0,0.0,0.0,0.0,0.0,0.0,0.0,0.0,0.0,0.0,0.0,0.0,0.0,0.0,0.0,5.127242248983675e+18,39.40207241791205,-20.14225807191205,5.550886121095522,0.13077703,17.855345,17.834185,17.839363,8.382039401971949e+16,17.7847995758057,17.9820003509521,18.1998996734619,18.3894004821777,18.5158004760742,0.00938200019299984,0.00809499993920326,0.00446100020781159,0.0120109999552369,0.0251189991831779,115000,115000,115000,16892216,115000,436527104,52,0.018474977,5.127242248983675e+18,8.382039401971949e+16,0.0,0.0,0.0,0.0,0.0,0.0,0.0,0.0,0.0,0.0,0.0,0.0,0.0,0.0,0.0,0.0,0.0,0.0,0.0,5.127242248983675e+18,39.40207241791205,-20.14225807191205,5.550886121095522,0.13077703,17.855345,17.834185,17.839363,14592866,17.7049,17.7604,17.7035,17.9142,18.1849,18.3972,0.0347,0.0088,0.0312,0.0264,0.034,0.0195,0,0,0,0,0,0,0,0,0,0,0,0,0,0,0,0.19717103,5.127242248983675e+18,14592866,0.0,0.0,0.0,0.0,0.0,0.0,0.0,0.0,0.0,0.0,0.0,0.0,0.0,0.0,0.0,0.0,0.0,2.58998885093874,5.489503670392519,0.12673254568321912,16044.549083672602,544.798532463752,519.0560188447471,8.177404637324482,0.03933985154243658,0.03959353384506059,0.7213075293587303,0.025986871893598495,0.025293190128470866,0.22374910860033942,0.00863780287852714,0.008517513099888241,6.625140156407026,0.29429407772184346,2.8733022960359915,0.1352577012217684,0.06784618141712731,0.5207622329617743,0.18854513438942522,0.06839382992239902,0.7445113415621136,0.18873742535950092,0,0.19284569501075266,3.0817315816099047,0.13647263169190094,0.05137674478606564,0.42461009532551514,0.08821447267672503,0.052097807471915884,0.6483592039258546,0.0886247212635359,0,DB,17.8415,17.7626,18.0025,18.189,18.3932,1.080907693123292e-31,1.6506328801053313e-32,1.7528130516391627e-32,1.8774612158900807e-32,2.94785073892609e-32,0.0,1.0,0.02,0.0,0.0,0.0,12471,7.913,0.535,0,0.026,0.02,-0.0494,-0.0083,Pure He,0.0,-2.4059,2213.6809,,,,,,,,12514.433249950296,346.18405775331485,307.6900477392701,7.865297997798707,0.04511777322540045,0.044169688087990266,0.5100439993462857,0.024757253559796744,0.023670968680975568,0.29026748304556044,0.005432729036621398,0.005648836617521691,6.958763874666696,12376.873821830668,349.8408466608271,332.3154105117119,7.847892973526832,0.05110506687069272,0.05082224460466733,0.5009099430470341,0.027899310279446587,0.02686267366569639,0.2931125356594768,0.004833580542877802,0.005001172468907689,0.2150934279739073,0.36641181013280466,0.20565567924392258,53.011393951970184,122.9852510917965,1660.8527148663145,53.01139423034944,123.27551857484205,1660.8527148759208,11,0.24239192249736363,0.2870542402001228,0.23338552272542468,366.6849869203645,453.94139548760074,nan,366.68498695222223,454.2345080232602,nan,11
WDWD eDR3 5131731039563630720A,5131731039563630720,1.0,1636042515805110273,5131731039563630720,806739973,2016.0,36.48508661325054,0.06557039,-17.937477598508917,0.06767323,14.73806987651559,0.08585644,171.65947,27.108908,-25.716412369331888,0.08719616,-8.576657877840367,0.08161148,-0.026808064,0.0022202996,-0.49910486,0.2933838,-0.18793462,0.3487588,-0.54865754,-0.20977405,0.11942335,0.06527888,557,0,555,2,1.0922997,610.97644,0.112182125,0.43481335,31,false,1.6820444,1e+20,1e+20,1e+20,1e+20,1e+20,1e+20,1e+20,63,18,0.13031623,64,50,0,0.03984598,154.72816,0,0,1.0325016,0.46001408,0.49978247,0.54955566,0.60304314,-59.40078,-42.92673,-41.531475,38.833263,false,550,2141.670718743684,1.4729855,1453.966,17.360485,58,1406.9120142249437,9.379169,150.0039,17.467875,58,1099.729729840524,8.992867,122.28911,17.14468,0,11,0,4,0,1.1704142,0.3231945,0.10738945,0.21580505,1e+20,1e+20,0,1e+20,1e+20,1e+20,195.00317168649585,-66.37562909027518,27.401216272784385,-30.503581808252516,5131731039563630720,5.131731039563631e+18,36.48508661325054,-17.937477598508917,14.73806987651559,0.08585644,17.360485,17.467875,17.14468,1.2376672448666665e+18,17.79408,17.46406,17.39101,17.4512,17.5571,0.01221747,0.005219259,0.005914841,0.006985531,0.01424974,35253360001040.0,268468240.0,268468240.0,4503599895838736.0,268468240.0,402685968.0,0.06627174,5.131731039563631e+18,1.2376672448666665e+18,5.131731039563631e+18,36.48508661325054,-17.937477598508917,14.73806987651559,0.08585644,17.360485,17.467875,17.14468,8.64703648506454e+16,17.4768009185791,17.4027996063232,17.4766998291016,17.5625,17.6457004547119,0.00662600016221404,0.00298899994231761,0.00358200003392994,0.00800800044089556,0.0122300004586577,115000,115000,115000,115000,115000,436527104,52,0.09879274,5.131731039563631e+18,8.64703648506454e+16,0.0,0.0,0.0,0.0,0.0,0.0,0.0,0.0,0.0,0.0,0.0,0.0,0.0,0.0,0.0,0.0,0.0,0.0,0.0,5.131731039563631e+18,36.48508661325054,-17.937477598508917,14.73806987651559,0.08585644,17.360485,17.467875,17.14468,14310226,17.8313,17.7499,17.4279,17.4016,17.4999,17.6086,0.0173,0.0128,0.0123,0.007,0.0142,0.0186,0,0,3,3,0,0,3,0,0,0,0,0,3,3,0,0.27884325,5.131731039563631e+18,14310226,0.0,0.0,0.0,0.0,0.0,0.0,0.0,0.0,0.0,0.0,0.0,0.0,0.0,0.0,0.0,0.0,0.0,7.152352899609384,14.785714652413326,0.07210726294786113,8508.415123759834,102.10098148511801,102.10098148511801,8.294920456396696,0.038,0.038,0.7821053255060889,0.014520326159566574,0.014668197980765576,1.5045994641022913,0.02488986000988106,0.02423532210713618,2.7548878596484214,0.07764880299233479,3.1984242005673202,0.07843956139446862,0.024361616861156107,0.3794683071224882,0.03003793941909635,0.03482805632534268,1.8840677712247795,0.03859570756161812,0,0.07957586806850347,3.4080710917996786,0.06631192577199618,0.015399992488179625,0.3151813927988178,0.023970419040567993,0.0292688383771455,1.8197808569011091,0.03408712112539086,0,DC,17.883,17.4649,17.4127,17.4621,17.5709,7.220662361822116e-32,1.7619009035947702e-32,2.1242941784738947e-32,2.2614875399435043e-32,3.4276507468233217e-32,0.01,0.0,0.83,0.0,0.43,0.01,7630,8.014,0.584,71,0.017,0.014,-0.0494,-0.0083,logH/He=-5,0.0,-3.3244,3058.849,DZ,,,,,SOAR Goodman Spect,2020ApJ...898...84K,8151.760658531566,68.92675075625084,61.50514081982237,8.198090392415319,0.018713383389078686,0.017733535828863722,0.7009490271109495,0.011796880361964246,0.012014176843128666,1.4647209546561966,0.021736823346155676,0.013693521831334321,10.004573221552405,7778.5196219068785,65.7137153553549,61.098897292878064,8.041750529008045,0.01980898464756642,0.019655830857008283,0.6011976182082119,0.012135147800762303,0.012220931807117807,1.324289665549928,0.010797439050468594,0.010992422173635275,0.08574830558682667,2.9338101636211436,0.09391283931787386,0.04443895110280734,0.48994191729959347,0.043676796938248934,0.04947029274523934,1.9546628719557901,0.0457730830393831,00,0.1534672133460957,1.2063991890841466,0.22136584908614454,2.5567102990359616,5.948534450672257,3.577821594712712,2.5567330986801506,7.272824116222186,3.577838481113682,00
WDWD eDR3 5146493662498666752A,5146493662498666752,1.0,1636042515805110273,5146493662498666752,1082234090,2016.0,35.12909545430675,0.11236969,-15.54659837770755,0.10272931,12.840751141588141,0.14182048,90.5423,32.5299,-25.21024472231997,0.15680246,20.558162370808063,0.12721077,0.048626628,0.013021778,-0.3148745,0.20405363,-0.18867353,0.25624657,-0.4671018,-0.07983197,0.15019754,-0.031623725,323,0,319,4,-0.68539995,309.48288,0.0,0.0,31,false,1.6661049,1e+20,1e+20,1e+20,1e+20,1e+20,1e+20,1e+20,37,18,0.22381943,38,25,0,0.007077295,136.0466,1,0,0.97172296,0.19430564,0.32647395,0.3256481,0.5405385,-83.51816,-24.753107,-36.599102,37.187996,false,323,1013.5136660161154,1.3706092,739.4622,18.172792,33,655.1821946318024,13.282514,49.32667,18.297638,32,543.1520442379,12.982817,41.836224,17.910591,0,3,0,1,0,1.1823562,0.3870468,0.124845505,0.2622013,1e+20,1e+20,0,1e+20,1e+20,1e+20,188.22287642420426,-66.30317923814214,27.03099106702697,-27.802171350232623,5146493662498666752,0.0,0.0,0.0,0.0,0.0,0.0,0.0,0.0,0.0,0.0,0.0,0.0,0.0,0.0,0.0,0.0,0.0,0.0,0.0,0.0,0.0,0.0,0.0,0.0,0.0,0.0,0.0,0.0,5.146493662498666e+18,35.12909545430675,-15.54659837770755,12.840751141588141,0.14182048,18.172792,18.297638,17.910591,8.934035129116442e+16,18.2786998748779,18.1996002197266,18.2360000610352,18.3257999420166,18.3521003723145,0.0162499994039536,0.00343700009398162,0.0131980003789067,0.0191879998892546,0.028074000030756,115000,115000,115000,115000,115000,436527232,52,0.098373435,5.146493662498666e+18,8.934035129116442e+16,0.0,0.0,0.0,0.0,0.0,0.0,0.0,0.0,0.0,0.0,0.0,0.0,0.0,0.0,0.0,0.0,0.0,0.0,0.0,5.146493662498666e+18,35.12909545430675,-15.54659837770755,12.840751141588141,0.14182048,18.172792,18.297638,17.910591,14480854,18.7882,18.654,18.2938,18.1985,18.2654,18.2582,0.1067,0.0112,0.0115,0.021,0.0125,0.0548,0,0,3,3,3,0,0,0,0,0,0,0,3,0,8,0.16651988,5.146493662498666e+18,14480854,0.0,0.0,0.0,0.0,0.0,0.0,0.0,0.0,0.0,0.0,0.0,0.0,0.0,0.0,0.0,0.0,0.0,5.997329702825875,12.806676980779288,0.10870137096616733,7703.795985717234,117.17383002737824,109.44607979429384,8.400271083725091,0.038,0.038,0.8505420344952441,0.020177835563484462,0.02082136356048363,2.729774872682497,0.0581361433913963,0.07507538675365666,2.578917032620974,0.1079028639758528,3.56439590639168,0.17731809412914012,0.034939156224130866,0.2788771995122228,0.025058890619384527,0.06782739716426699,3.0086520721947196,0.07914708898806957,0,0.0972965144641611,3.7105731663938424,0.11452201313216381,0.020579271757599413,0.2497987574732695,0.018311232774412066,0.061671043403676254,2.9795736301557665,0.07727622494616199,0,DC,19.0052,18.2992,18.2124,18.232,18.3119,1.2241959100634183e-31,2.0607748313713575e-32,2.3343644562648396e-32,2.468859273949458e-32,3.8297173396497177e-32,0.25,0.0,0.84,0.0,0.01,0.0,7093,8.214,0.71,164,0.036,0.032,-0.0356,0.0513,logH/He=-5,0.0,-3.5664,3281.4597,DC,,,,,SOAR Goodman Spect,,7432.918651399687,91.05319180734023,99.52607515101863,8.313517508449587,0.027504823327673122,0.029231360041524823,0.7758228370621367,0.01936648143989128,0.020055571219965374,2.4854571581598117,0.06977848386013852,0.06683642217614683,6.609702146912252,7123.98434045793,83.44671903133803,82.61644012366924,8.180669297023915,0.0285179068678989,0.029578614111175128,0.688026706228108,0.018866936498904696,0.019387767512627163,2.095459122649717,0.06492891215485841,0.0677586887981918,0.10587336112156986,3.3747492255032943,0.09558715913550353,0.02413747467357147,0.32485864737120074,0.03271642031678891,0.07383532009436213,2.8103158055310127,0.07441418875223278,00,0.1792848645005014,2.8406135422111713,0.14855147269238334,0.07566624743497938,0.537412591860416,0.11485309613958096,0.09970528889936002,2.632871714510133,0.13335094150585525,00
WDWD eDR3 5188987587889866496A,5188987587889866496,1.0,1636042515805110273,5188987587889866496,1786047487,2016.0,162.92706304966282,0.10348994,-86.51152585866684,0.10612646,7.88120049344163,0.10676271,73.819786,31.637276,28.37947313275013,0.123653114,13.982944124360008,0.12999384,-0.09261279,-0.035371967,-0.30817384,0.22086985,0.08474063,0.22125673,-0.068178065,0.0029915674,-0.027482893,-0.061677244,339,0,339,0,0.40522864,359.7003,0.0,0.0,31,false,1.7042843,1e+20,1e+20,1e+20,1e+20,1e+20,1e+20,1e+20,39,26,0.18791942,42,16,1,0.05237093,124.57438,0,0,1.0147166,0.15599556,0.05680594,0.1183168,0.18503231,-71.99112,59.104107,-24.83115,7.925241,false,361,823.7024962554756,1.2241529,672.8755,18.397942,39,555.0841686158149,9.354988,59.335636,18.477646,37,381.38166266677234,7.964155,47.88727,18.294497,0,1,0,0,0,1.1368982,0.18314934,0.079704285,0.10344505,1e+20,1e+20,0,1e+20,1e+20,1e+20,301.0259726230724,-24.09233994415899,261.31195899676857,-67.35201723916146,5188987587889866496,0.0,0.0,0.0,0.0,0.0,0.0,0.0,0.0,0.0,0.0,0.0,0.0,0.0,0.0,0.0,0.0,0.0,0.0,0.0,0.0,0.0,0.0,0.0,0.0,0.0,0.0,0.0,0.0,0.0,0.0,0.0,0.0,0.0,0.0,0.0,0.0,0.0,0.0,0.0,0.0,0.0,0.0,0.0,0.0,0.0,0.0,0.0,0,0,0,0,0,0,0,0.0,0.0,0.0,0.0,0.0,0.0,0.0,0.0,0.0,0.0,0.0,0.0,0.0,0.0,0.0,0.0,0.0,0.0,0.0,0.0,0.0,0.0,0.0,0.0,0.0,0.0,0.0,0.0,0.0,0.0,0,0.0,0.0,0.0,0.0,0.0,0.0,0.0,0.0,0.0,0.0,0.0,0.0,0,0,0,0,0,0,0,0,0,0,0,0,0,0,0,0.0,0.0,0,0.0,0.0,0.0,0.0,0.0,0.0,0.0,0.0,0.0,0.0,0.0,0.0,0.0,0.0,0.0,0.0,0.0,8.45614950984877,7.899661653410561,0.08867890468231182,10504.370655698192,505.67377143441263,443.6180344830973,8.457556088875087,0.07660943457083214,0.07738246404718829,0.8925736270078579,0.04985024080095879,0.05133460963183867,1.1290917486133587,0.041827280171598424,0.028522423417406406,0.1138304008023033,0.41735548634770536,3.9399404393257753,0.479762706839614,0.05552653605127749,0.21206208247700312,0.07652511053936156,0.06951775005282615,1.341153831090362,0.0816677487179812,0,0.3904504695585884,4.063089212146961,0.7679533825243254,0.07045920958113484,0.19534209941748396,0.061595927826040446,0.08193913339395087,1.3244338480308426,0.06787920861613368,0,DC,18.7937,18.4489,18.4833,18.5783,18.7419,1.1821996268484646e-31,1.8825769159424104e-32,2.0140896029585455e-32,2.0754580487135466e-32,3.4717592168244097e-32,0.01,0.0,0.91,0.0,0.03,0.01,8767,8.111,0.646,260,0.05,0.044,-0.0428,0.0274,logH/He=-5,0.0,-3.1362,2885.6149,,,,,,,,10195.187210279037,484.3751469342478,423.8272592819958,8.367208785972334,0.07565645510683261,0.07340648627257451,0.8150180203364576,0.0501184539306645,0.0497238320699942,1.0635398049930358,0.018891492158860546,0.016429137417011352,0.06410070464072344,9832.53812697871,511.3707599209447,462.0665541078106,8.272850759938574,0.09553916360856363,0.09725242856284311,0.752542097239528,0.06378362391494863,0.06447530546065039,1.0128155790103444,0.02079883968451046,0.023032539763581217,0.23657513896967464,3.5499921317029317,0.23133249413888102,0.0457389574410091,0.2822222693382876,0.06158893687316394,0.049486773018441316,1.3457620743313234,0.06374255800823822,00,0.4032946679368261,3.2487511426196813,0.30918765984525676,0.08341713249796158,0.3637939016699335,0.1711518918473106,0.08597098188577612,1.3766094806802778,0.17269472479168105,00
WDWD eDR3 522336364715248256A,522336364715248256,1.0,1636042515805110273,522336364715248256,1685903620,2016.0,31.100131763739377,0.13381144,71.69168702821719,0.1395697,4.442192559929684,0.17042309,26.065674,9.924288,-1.6949372349902112,0.1602174,9.778480415535917,0.19547242,-0.10914708,0.1633666,-0.33364087,0.07536962,-0.13287556,0.061238028,-0.2836799,-0.0439279,0.12545237,-0.036661513,394,0,394,0,1.898194,461.57486,0.36972606,0.62255716,31,false,1.7333635,1e+20,1e+20,1e+20,1e+20,1e+20,1e+20,1e+20,45,25,0.27554983,52,19,0,0.008436019,128.56819,0,0,1.0679437,0.13394523,0.15188128,0.11993648,0.24320994,-93.46941,51.857414,-35.791325,33.879513,false,443,539.33342786784,0.9354475,576.5513,18.857723,48,364.0702363879661,8.487428,42.895237,18.93558,49,234.82892357730265,9.141377,25.688572,18.821016,0,1,0,2,0,1.1104432,0.11456299,0.077856064,0.036706924,1e+20,1e+20,0,1e+20,1e+20,1e+20,128.65568588331791,9.635413380716562,62.938877694509436,53.75498480464071,522336364715248256,0.0,0.0,0.0,0.0,0.0,0.0,0.0,0.0,0.0,0.0,0.0,0.0,0.0,0.0,0.0,0.0,0.0,0.0,0.0,0.0,0.0,0.0,0.0,0.0,0.0,0.0,0.0,0.0,5.2233636471524826e+17,31.100131763739377,71.69168702821719,4.442192559929684,0.17042309,18.857723,18.93558,18.821016,1.9403031100049078e+17,18.8854999542236,18.9719009399414,19.1149005889893,19.2945995330811,19.4612998962402,0.00835299957543612,0.00805999990552664,0.00958700012415648,0.017748000100255,0.0555789992213249,115000,115000,115000,115000,115000,436527104,52,0.022838663,5.2233636471524826e+17,1.9403031100049078e+17,0.0,0.0,0.0,0.0,0.0,0.0,0.0,0.0,0.0,0.0,0.0,0.0,0.0,0.0,0.0,0.0,0.0,0.0,0.0,0.0,0.0,0.0,0.0,0.0,0.0,0.0,0.0,0,0.0,0.0,0.0,0.0,0.0,0.0,0.0,0.0,0.0,0.0,0.0,0.0,0,0,0,0,0,0,0,0,0,0,0,0,0,0,0,0.0,0.0,0,0.0,0.0,0.0,0.0,0.0,0.0,0.0,0.0,0.0,0.0,0.0,0.0,0.0,0.0,0.0,0.0,0.0,8.622116996026634,4.364723700291484,0.16003670190960195,13793.800836291528,1405.3439640781362,1116.0007353720557,8.171713531044782,0.10446989425414976,0.08982514947409648,0.713558151797607,0.0690772090905517,0.05773292416821463,0.3428433033312409,0.0389110696850094,0.03499113200951981,1.2546367979603628,0.863465113631896,2.806976897470087,0.33361709165195386,0.15270621689521344,0.5545457689183901,0.8413664619461156,0.1575857227748746,0.897389072249631,0.8420937611733221,0,0.7466778752411276,3.0315737980427633,0.3177303904233879,0.11129177415783262,0.4440133109080486,0.55704474976386,0.11789796579767473,0.7868566142392894,0.5581426632670082,0,DC,19.073,18.8444,18.9739,19.0917,19.2802,7.69703263152851e-32,1.4324016953191727e-32,1.5256756592860858e-32,1.741744574159218e-32,2.829937339442992e-32,0.01,0.1,0.92,0.0,0.0,0.0,10179,7.862,0.503,440,0.082,0.062,-0.0356,0.0513,logH/He=-5,0.0,-2.7365,2517.9085,,,,,,,,13906.316374800012,1373.1314722279785,1021.8267348995341,8.184021713768349,0.1284635972430408,0.1130558115092608,0.7004593959358043,0.08437999768922633,0.07237751113332891,0.35052161895195055,0.01837797015870607,0.021333319169583753,0.763124882356603,13829.830213119869,1286.9189134535463,1077.788238280922,8.185180882156065,0.12306687693501672,0.12231011306322159,0.7011686144557145,0.08096355089033491,0.07805615562864554,0.35639844855199754,0.01697388183780757,0.019208152638382325,1.4076775151000718,2.929618115888736,0.4283656408161107,0.1620377577357195,0.49207718068830747,2.2548166026338357,0.16307662223376473,0.842598799640258,2.2549175200037768,00,1.2754053710731679,2.9356901922578302,0.4581602854758029,0.1700282245611039,0.48898430503611257,1.6029402023371997,0.1708733736193121,0.8453827535881101,1.6030552845727442,00
WDWD eDR3 5247321906718780160A,5247321906718780160,1.0,1636042515805110273,5247321906718780160,142445394,2016.0,144.44377516879211,0.123212755,-66.97329397343229,0.13303235,5.458384413307889,0.13828506,39.471977,44.47347,-25.956322824937832,0.1610921,36.11314006258292,0.16511457,-0.11773762,0.011346666,-0.037311986,0.13434276,-0.1504003,0.095956996,-0.21028775,0.23499097,0.11181797,-0.09151947,346,0,346,0,-1.6147324,312.95078,0.0,2.176647e-15,31,false,1.7222602,1e+20,1e+20,1e+20,1e+20,1e+20,1e+20,1e+20,40,26,0.23914559,44,17,0,0.013306134,138.72969,0,0,0.93785334,0.19077405,0.056795508,0.014709288,0.2082114,-55.34043,44.217827,-6.707774,44.74708,false,344,627.7480796513548,1.2077262,519.7768,18.692904,42,428.11704742696674,6.7895293,63.05548,18.759636,41,287.71910803356815,5.7800083,49.77832,18.600473,0,1,0,1,0,1.1403239,0.15916252,0.06673241,0.092430115,1e+20,1e+20,0,1e+20,1e+20,1e+20,285.59883602302637,-10.870646059969493,206.31666520569232,-69.20521363052562,5247321906718780160,0.0,0.0,0.0,0.0,0.0,0.0,0.0,0.0,0.0,0.0,0.0,0.0,0.0,0.0,0.0,0.0,0.0,0.0,0.0,0.0,0.0,0.0,0.0,0.0,0.0,0.0,0.0,0.0,0.0,0.0,0.0,0.0,0.0,0.0,0.0,0.0,0.0,0.0,0.0,0.0,0.0,0.0,0.0,0.0,0.0,0.0,0.0,0,0,0,0,0,0,0,0.0,0.0,0.0,0.0,0.0,0.0,0.0,0.0,0.0,0.0,0.0,0.0,0.0,0.0,0.0,0.0,0.0,0.0,0.0,0.0,0.0,0.0,5.24732190671878e+18,144.44377516879211,-66.97329397343229,5.458384413307889,0.13828506,18.692904,18.759636,18.600473,452964216,0.0,0.0,0.0,0.0,18.9653,0.0,0.0,0.0,0.0,0.0,0.0531,0.0,0,0,0,0,3,0,0,0,0,0,0,0,3,0,2,0.18166332,5.24732190671878e+18,452964216,0.0,0.0,0.0,0.0,0.0,0.0,0.0,0.0,0.0,0.0,0.0,0.0,0.0,0.0,0.0,0.0,0.0,983.8360389277426,5.4079435149431125,0.13566587229332902,10490.625132170826,825.5221993957275,705.1210519348933,8.15455047112092,0.12815890211365755,0.14467764153472373,0.6958454854363041,0.08405813706825427,0.09057065843838741,0.6848939717687217,0.019902295799901104,0.019775226424118775,0.18052849322264314,1.0507267133531784,2.585568567953801,0.6359081372584532,0.3332192043322687,0.7054413069081952,1.9684838841780585,0.3338130307731216,1.390335278676917,1.968583211817286,0,1.5128799954459484,2.8923592682746797,0.5352001524969814,0.20039985643433075,0.511055364691541,3.285906722480307,0.20138570911811776,1.1959493364602627,3.2859662275229486,0,DC,18.8173,18.697,18.7604,18.8633,19.063,1.0187702878337747e-31,1.7260178087803347e-32,1.8561033377440214e-32,1.9027512829580446e-32,2.9875083580273617e-32,0.0,0.01,0.88,0.0,0.01,0.41,9464,7.903,0.524,365,0.071,0.055,-0.031,0.0578,logH/He=-5,0.0,-2.8872,2656.5401,,,,,,,,10282.750569093645,782.0831935970655,682.7529702010324,8.06026827540095,0.12980898030913934,0.1369884992517436,0.6166354464547104,0.08360343659423031,0.08203982113958641,0.6602536830240209,0.01768703176913944,0.01752354736900197,0.046602080815552324,9938.21687963968,861.9870473608771,745.1583006090805,7.954950960149055,0.17571430530541132,0.1778005846588746,0.5540607547824627,0.10770236764245056,0.09779044339466852,0.626585499784412,0.02390403300498989,0.022922414373204858,0.9723066652501846,1.5384405476175183,1.375902496854201,2.1537135360498603,2.6535712342414874,68.70730732706782,2.1537861608008337,3.3138249172655083,68.7073095617261,01,0.9357286502384925,0.748833664487079,1.659672128809615,29.967995449913303,30.832216646560717,nan,29.96800498346225,31.45880214634513,nan,11
WDWD eDR3 5332179774612262912A,5332179774612262912,1.0,1636042515805110273,5332179774612262912,1403151338,2016.0,135.01929133859275,0.039665285,-42.61988694907286,0.04702504,9.622871803962331,0.05320126,180.87677,101.84117,-87.42383015332237,0.054681923,52.23693462852855,0.057619717,0.01360395,-0.048523612,-0.04247794,0.06741544,0.15461473,0.06549505,-0.3104114,0.044196352,-0.15177979,0.053911693,419,0,418,1,-0.35099503,434.41354,0.0,0.0,31,false,1.7653707,1e+20,1e+20,1e+20,1e+20,1e+20,1e+20,1e+20,50,28,0.082199305,52,19,0,0.018375196,1.454384,0,0,0.9870085,0.2656292,0.13197696,0.094592586,0.18609503,-88.91525,-72.95042,13.972647,-10.113232,false,426,2971.08639044119,2.1423993,1386.8032,17.00508,47,2172.4201227849912,12.3682165,175.64539,16.996183,47,1289.7006272882827,9.993816,129.04987,16.971674,0,17,0,20,0,1.1652709,0.02450943,-0.008895874,0.033405304,1e+20,1e+20,0,1e+20,1e+20,1e+20,264.3633174869853,2.2830079473878215,158.22851114196814,-55.91046851791256,5332179774612262912,0.0,0.0,0.0,0.0,0.0,0.0,0.0,0.0,0.0,0.0,0.0,0.0,0.0,0.0,0.0,0.0,0.0,0.0,0.0,0.0,0.0,0.0,0.0,0.0,0.0,0.0,0.0,0.0,0.0,0.0,0.0,0.0,0.0,0.0,0.0,0.0,0.0,0.0,0.0,0.0,0.0,0.0,0.0,0.0,0.0,0.0,0.0,0,0,0,0,0,0,0,0.0,0.0,0.0,0.0,0.0,0.0,0.0,0.0,0.0,0.0,0.0,0.0,0.0,0.0,0.0,0.0,0.0,0.0,0.0,0.0,0.0,0.0,5.332179774612263e+18,135.01929133859275,-42.61988694907286,9.622871803962331,0.05320126,17.00508,16.996183,16.971674,437434848,0.0,0.0,17.0184,17.1329,17.4732,17.5226,0.0,0.0,0.0093,0.0133,0.03,0.0321,0,0,0,0,0,0,0,0,0,0,0,0,0,0,0,0.21209145,5.332179774612263e+18,437434848,0.0,0.0,0.0,0.0,0.0,0.0,0.0,0.0,0.0,0.0,0.0,0.0,0.0,0.0,0.0,0.0,0.0,2.0826768846580066,9.6265728880844,0.05257056263542699,12273.970711444548,305.94896389804126,269.392791886281,8.111307398289718,0.038,0.038,0.6729180405563346,0.017766883307136206,0.01673128387331207,0.4316428939595699,0.010936868718459426,0.01210614030270694,6.393994968042792,0.22208604133920185,2.298975506954183,0.20914104841640047,0.21508864214027262,0.9834524495877648,0.31750594329319237,0.21536652264247355,1.4150953435473346,0.3177366561470815,0,0.2441872314660154,2.707600829622396,0.14375141676838288,0.08733258450623911,0.6192753049957543,0.19239003756666934,0.08801474543452485,1.0509181989553242,0.19277055062413775,0,DB,17.0049,16.943,17.1202,17.2984,17.4979,1.4522058422468695e-31,2.6832001567657107e-32,2.899640968281435e-32,2.7705909657104737e-32,4.179626308381388e-32,0.01,0.83,0.03,0.0,0.01,0.0,11923,8.074,0.629,0,0.006,0.005,-0.0622,-0.0348,Pure He,0.0,-2.577,2371.1253,,,,,,,,12207.465675791416,248.89121970825727,239.25029953454577,8.059303305404457,0.031838851854480765,0.032867396010415106,0.6197833129965145,0.019550989758862825,0.019536987856061394,0.41732199996826,0.004080830242002287,0.00420590152177025,22.834806418298914,12042.129188402634,270.73223688930557,279.53129769095176,8.035645876555431,0.03883758104801771,0.042295832915053566,0.605739241995932,0.023779196669309277,0.025680190317648788,0.41805822054788244,0.0034405604026245817,0.0034593083407274405,0.4509461136210646,1.643278749859454,0.5526147240204686,1.0391992571109931,2.157829623533536,4.032784570598706,1.0392072695836494,2.575151623501796,4.0327867638230765,00,0.27477513560536404,1.2660005511277161,0.7827874768497469,3.7021854995367307,5.053826342004568,6.740336440341049,3.7021870982482663,5.47188456255245,6.74033732804254,01
WDWD eDR3 5354009169246673280A,5354009169246673280,1.0,1636042515805110273,5354009169246673280,1202572204,2016.0,158.25059839259495,0.13353485,-54.50252339832749,0.12507714,5.48342846846286,0.15661533,35.012077,91.04102,-85.98231144197345,0.17882937,29.92506600222576,0.1545553,-0.0024419401,-0.05456488,-0.22693855,0.108340494,0.22575445,0.1747158,-0.117133506,0.24917386,0.022076229,0.13845026,320,0,319,1,-0.2167667,321.03537,0.0,0.0,31,false,1.7247012,1e+20,1e+20,1e+20,1e+20,1e+20,1e+20,1e+20,37,27,0.25680235,54,18,0,0.0026594603,42.312252,0,0,0.99030423,0.09997422,0.0858061,0.06989656,0.30008394,-113.75342,-26.739859,45.734055,43.924232,false,415,597.7857396065368,1.1117139,537.71545,18.746002,49,411.96807408273907,6.0658674,67.91577,18.801384,45,256.2144940266553,6.239969,41.06022,18.726387,0,3,0,0,0,1.1177627,0.07499695,0.055381775,0.019615173,1e+20,1e+20,0,1e+20,1e+20,1e+20,283.6457808486469,3.101524828525403,193.193730907489,-56.361322852537626,5354009169246673280,0.0,0.0,0.0,0.0,0.0,0.0,0.0,0.0,0.0,0.0,0.0,0.0,0.0,0.0,0.0,0.0,0.0,0.0,0.0,0.0,0.0,0.0,0.0,0.0,0.0,0.0,0.0,0.0,0.0,0.0,0.0,0.0,0.0,0.0,0.0,0.0,0.0,0.0,0.0,0.0,0.0,0.0,0.0,0.0,0.0,0.0,0.0,0,0,0,0,0,0,0,0.0,0.0,0.0,0.0,0.0,0.0,0.0,0.0,0.0,0.0,0.0,0.0,0.0,0.0,0.0,0.0,0.0,0.0,0.0,0.0,0.0,0.0,0.0,0.0,0.0,0.0,0.0,0.0,0.0,0.0,0,0.0,0.0,0.0,0.0,0.0,0.0,0.0,0.0,0.0,0.0,0.0,0.0,0,0,0,0,0,0,0,0,0,0,0,0,0,0,0,0.0,0.0,0,0.0,0.0,0.0,0.0,0.0,0.0,0.0,0.0,0.0,0.0,0.0,0.0,0.0,0.0,0.0,0.0,0.0,2.502960853067918,5.520134573918627,0.14991063005357738,11676.978322833951,1321.4040249721984,995.5814396225651,8.412517011065468,0.1208910908533305,0.1375528757223492,0.8651786104687949,0.07969733983865712,0.0916821357349129,0.7761463196768184,0.02992403386441478,0.05341272757880677,0.3969032161189879,0.4674348643230495,3.683912247371915,0.8568423900459154,0.1086230494369378,0.2548163503118094,0.11895061608504236,0.11266949308352317,1.0309626699886278,0.13039236378875477,0,0.3601677496805662,3.783500799545565,1.2658529041585282,0.12397422367130252,0.23607375536314756,0.07556326684433842,0.12753452841337043,1.012220075039966,0.09253500291023133,0,DC,18.9838,18.7544,18.825,18.9952,19.1878,9.764139875513997e-32,1.5758563942168268e-32,1.6565909245352644e-32,1.8205528130646035e-32,2.9182081576934004e-32,0.01,0.0,0.9,0.0,0.03,0.03,9871,8.071,0.623,417,0.073,0.063,-0.0357,0.0576,logH/He=-5,0.0,-2.906,2673.8193,,,,,,,,11266.45673779595,1108.3317476955071,884.3540074576631,8.309324794856845,0.13578882419828986,0.13655251594479623,0.7778372640633632,0.09073772477932707,0.09009804616592165,0.7481068634506043,0.025950363297187473,0.0269873662622504,0.2858200225397839,10942.952501632959,1202.2559591796162,905.7857766668349,8.247888746042692,0.17188569769754913,0.17023405549093518,0.7374749226482167,0.11517905893016112,0.11025955189403458,0.7327693036662193,0.022628204634133953,0.02381708358118151,0.5515824494038788,3.386059876829664,0.41117634753149623,0.08787474598320508,0.3213634903370791,0.21917459581313056,0.0916263735878968,1.0694703537876835,0.2208298471394254,00,1.4296893784127493,3.1704961576767916,0.5262112128431475,0.13786378631816615,0.3902720906724089,1.4361025478875484,0.1397084794239248,1.1230413943386282,1.4363000318594374,00
WDWD eDR3 5436014972680358784A,5436014972680358784,1.0,1636042515805110273,5436014972680358784,1589824876,2016.0,144.2472834660978,0.012308924,-37.35780983957744,0.015885115,38.09532101907259,0.02104008,1810.6072,368.625,-328.12690982249694,0.016525215,167.9795019206536,0.019490262,0.2102433,0.028907033,-0.030274792,0.064185806,0.10818662,0.085302465,-0.25649723,0.03535302,0.01209738,0.18117394,544,0,541,3,-0.17615815,635.5134,0.044428546,0.7406595,31,false,1.7223988,1e+20,1e+20,1e+20,1e+20,1e+20,1e+20,1e+20,63,29,0.02809919,65,24,0,0.018706573,135.64034,0,0,0.99400383,0.30391645,0.29763293,0.12744725,0.09961559,-72.62256,-64.17555,55.54268,-17.414062,false,546,23069.75691929913,8.675501,2659.1843,14.779759,63,16006.848311076908,17.8005,899.23584,14.827778,59,10734.12976301695,13.338882,804.7248,14.670979,0,4,0,2,0,1.1591357,0.15679932,0.048018456,0.10878086,1e+20,1e+20,0,1e+20,1e+20,1e+20,265.5205193342445,11.012540163204644,164.01912109734027,-47.8557997490995,5436014972680358784,0.0,0.0,0.0,0.0,0.0,0.0,0.0,0.0,0.0,0.0,0.0,0.0,0.0,0.0,0.0,0.0,0.0,0.0,0.0,0.0,0.0,0.0,0.0,0.0,0.0,0.0,0.0,0.0,0.0,0.0,0.0,0.0,0.0,0.0,0.0,0.0,0.0,0.0,0.0,0.0,0.0,0.0,0.0,0.0,0.0,0.0,0.0,0,0,0,0,0,0,0,0.0,0.0,0.0,5.436014972680359e+18,144.24734081278328,-37.357833181188255,38.059707607312845,0.03088366432878822,14.800467,14.818254,14.676993,09365978-3721306,14.766,14.736,14.826,0.045,0.049,0.128,AAB,0.11231774745403984,5.436014972680359e+18,09365978-3721306,5.436014972680359e+18,144.2472834660978,-37.35780983957744,38.09532101907259,0.02104008,14.779759,14.827778,14.670979,79112358,15.0234,14.8548,14.8013,14.8446,15.0167,15.1725,0.047,0.0116,0.0077,0.0085,0.005,0.0067,0,3,3,3,3,3,3,1,4,0,0,0,3,8,31,1.0298046,5.436014972680359e+18,79112358,0.0,0.0,0.0,0.0,0.0,0.0,0.0,0.0,0.0,0.0,0.0,0.0,0.0,0.0,0.0,0.0,0.0,4.431561279275667,38.11922394404356,0.01566347923945268,9965.245006188217,119.58294007425862,119.58294007425862,8.310117887008937,0.038,0.038,0.795222679612525,0.00603155614838601,0.006219398384024749,1.0111309262228647,0.013162650327530103,0.013174227433185325,4.202952819496082,0.03225431095393638,3.268570479211364,0.03325881488783233,0.010277461257314444,0.35766943618150104,0.009967054819254278,0.016699747708885538,1.3688003624043659,0.01651975938781533,0,0.027267432858887997,3.4673719693152125,0.028116629222534772,0.006529683368098199,0.3014096155860477,0.006332469707525074,0.014693268136546294,1.3125405418089124,0.014617128345130431,0,DC,15.0769,14.7882,14.8619,14.986,15.1477,3.271130763416628e-31,7.563041288340475e-32,7.145377089805804e-32,6.585904143514702e-32,8.068196269904641e-32,0.0,0.0,0.83,0.0,0.23,0.01,9158,8.067,0.62,34,0.006,0.006,-0.0636,-0.0597,logH/He=-5,0.0,-3.0355,2792.9759,DQ,,,,,,1991AJ....101.1476S,9682.681612063761,34.523753404551826,36.03320119748787,8.222637889671164,0.006456408505028932,0.006532039458168271,0.718786339244329,0.004138731612837954,0.004145716425613233,0.9820653310554128,0.001556134465362069,0.001606877209032631,3.7242271216837453,9262.927549185191,36.21442181828752,36.874574221748844,8.091140330341977,0.00831732745406022,0.008530954306372962,0.6342406300347037,0.005299119305391953,0.0054032544823313655,0.9104318777154844,0.002064849849957695,0.002115591617719459,0.026787906879210066,3.0654131989924207,0.02683311602338634,0.010380218142134488,0.4309227565590696,0.010362729275833666,0.010496212800462158,1.4129880876144825,0.01048657295827043,00,0.09796094489584561,2.100946355788853,0.10083860154851854,0.15094379012091805,1.26044336458422,0.08179105801216578,0.15095791261464445,2.1708752422997044,0.0818184141782425,00
WDWD eDR3 5481401472641916416A,5481401472641916416,1.0,1636042515805110273,5481401472641916416,820041645,2016.0,93.06949321654265,0.06879265,-61.0560915490957,0.06860053,6.874234426898781,0.068012774,101.07269,37.001873,-36.98260076254033,0.10500129,-1.1941008192617266,0.095059134,-0.14999847,0.20821798,0.09298287,-0.004540836,0.16866386,0.09121945,-0.2768503,0.10112341,-0.15891597,-0.33332,274,0,274,0,-0.27290657,280.63013,0.0,0.0,31,false,1.7859325,1e+20,1e+20,1e+20,1e+20,1e+20,1e+20,1e+20,31,23,0.16157535,41,18,0,0.024881374,134.19044,0,0,0.98702323,0.12957446,0.14930862,0.05515143,0.112239406,114.98897,48.91132,-38.781715,-3.9042065,false,327,2053.1664020643047,1.9536053,1050.9628,17.406307,34,1524.1163408929265,9.880005,154.26271,17.380997,38,788.056783271657,8.942763,88.12229,17.506502,0,0,0,0,0,1.1261499,-0.12550545,-0.025310516,-0.10019493,1e+20,1e+20,0,1e+20,1e+20,1e+20,270.17725530119156,-28.181476265443997,105.21397368191501,-84.33280215220773,5481401472641916416,0.0,0.0,0.0,0.0,0.0,0.0,0.0,0.0,0.0,0.0,0.0,0.0,0.0,0.0,0.0,0.0,0.0,0.0,0.0,0.0,0.0,0.0,0.0,0.0,0.0,0.0,0.0,0.0,0.0,0.0,0.0,0.0,0.0,0.0,0.0,0.0,0.0,0.0,0.0,0.0,0.0,0.0,0.0,0.0,0.0,0.0,0.0,0,0,0,0,0,0,0,0.0,0.0,0.0,0.0,0.0,0.0,0.0,0.0,0.0,0.0,0.0,0.0,0.0,0.0,0.0,0.0,0.0,0.0,0.0,0.0,0.0,0.0,5.481401472641917e+18,93.06949321654265,-61.0560915490957,6.874234426898781,0.068012774,17.406307,17.380997,17.506502,471944965,17.2431,17.2962,17.3568,17.5547,17.8245,18.0828,0.017,0.0228,0.0193,0.0132,0.0231,0.0137,0,0,0,0,0,0,0,0,0,0,0,0,0,0,0,0.080403686,5.481401472641917e+18,471944965,0.0,0.0,0.0,0.0,0.0,0.0,0.0,0.0,0.0,0.0,0.0,0.0,0.0,0.0,0.0,0.0,0.0,26.856082217789325,6.887731734151267,0.06642181917371735,17859.56900868134,449.95038652315634,454.5161199569411,8.368375720306961,0.038,0.038,0.8459767563807485,0.01872731012780334,0.019958871502124928,0.22615239532411724,0.006233394655552231,0.005988246903585231,6.0878679829606765,0.1001460434641892,3.5399826544425057,0.1510045220329479,0.031061980127130805,0.28454682669092995,0.023257480447366478,0.031681253421386855,0.5106992220150472,0.02401602585229147,0,0.08965821805828211,3.6882649201765063,0.09900776484030205,0.01863329060089624,0.25399717600371957,0.016935057485122917,0.019648275434483182,0.4801495713278368,0.017962607633712758,0,DB,17.2725,17.2945,17.5609,17.7817,18.0427,1.4871535442027887e-31,2.7476197029565896e-32,3.0046754807279615e-32,2.733030753722847e-32,4.123494034711606e-32,0.0,1.0,0.0,0.0,0.0,0.0,14271,8.146,0.677,0,0.011,0.009,-0.0521,-0.0093,Pure He,0.0,-2.3042,2120.1339,,,,,,,,13681.123728097184,347.6803436429509,310.0167597161726,8.083740864682655,0.038723536655490776,0.03719653256640143,0.6368138830211953,0.024402864664203494,0.022563350601059184,0.3126598135536395,0.00425594095214249,0.00455145213967878,4.023485253348917,13586.954476135434,322.2740849416459,308.25526260198785,8.08153825676423,0.0385264366314626,0.037791643738717795,0.6359933168144265,0.024127298869722646,0.023303981920652084,0.3180588542098151,0.0037964623405034037,0.003978225192561802,0.7552280284984136,2.1490445424522493,0.3798334293747385,0.4359351276976777,1.188650584403847,2.48547094031872,0.4359559021210502,1.5013103979574867,2.4854751076776855,00,0.7524190875006538,2.1337068563444204,0.39403244187607234,0.45683115745284436,1.2102375449314569,2.5707399937441053,0.4568469322935291,1.528296399141272,2.5707430718979145,00
WDWD eDR3 549206401673285120A,549206401673285120,1.0,1636042515805110273,549206401673285120,1807298580,2016.0,43.91300355293002,0.12787397,76.76785498959701,0.14189187,5.8076677301607065,0.17131026,33.90146,15.539582,-7.791713742251938,0.17042637,13.444992228739437,0.20362888,0.04124427,0.21930465,-0.28067863,0.00758864,0.19285715,-0.013179744,0.067113236,-0.13570416,0.2227964,0.16386248,360,0,357,3,-0.8120493,346.44705,0.0,0.0,31,false,1.6475991,1e+20,1e+20,1e+20,1e+20,1e+20,1e+20,1e+20,42,25,0.2899509,48,16,0,0.013507808,116.03609,0,0,0.9686143,0.0736514,0.10332254,0.055137765,0.27754018,3.2498207,87.09678,-0.69181615,-28.970707,false,399,542.9555298694436,1.0856535,500.1186,18.850456,43,341.98878715272554,8.955185,38.188915,19.003513,44,267.7151191431276,9.608058,27.863604,18.678713,0,0,0,0,0,1.1229353,0.3248005,0.1530571,0.1717434,1e+20,1e+20,0,1e+20,1e+20,1e+20,129.9744109320075,15.626031822020353,72.80542121998319,56.096112402793075,549206401673285120,5.492064016732851e+17,43.91300355293002,76.76785498959701,5.8076677301607065,0.17131026,18.850456,19.003513,18.678713,1.237670445694387e+18,19.46206,18.94164,18.89458,18.90983,19.01852,0.03917961,0.009441403,0.01203105,0.01553417,0.0565895,35255507615760.0,275146506256.0,268468240.0,4503599895838736.0,275146375184.0,275280592912.0,0.067646585,5.492064016732851e+17,1.237670445694387e+18,5.492064016732851e+17,43.91300355293002,76.76785498959701,5.8076677301607065,0.17131026,18.850456,19.003513,18.678713,2.0012043912802218e+17,18.9738006591797,18.9022006988525,18.9447002410889,19.0634994506836,19.1453990936279,0.00606600008904934,0.00520699983462691,0.00713700009509921,0.0225840006023645,0.0405529998242855,115000,115000,115000,115000,115000,436527104,52,0.021025581,5.492064016732851e+17,2.0012043912802218e+17,0.0,0.0,0.0,0.0,0.0,0.0,0.0,0.0,0.0,0.0,0.0,0.0,0.0,0.0,0.0,0.0,0.0,0.0,0.0,0.0,0.0,0.0,0.0,0.0,0.0,0.0,0.0,0,0.0,0.0,0.0,0.0,0.0,0.0,0.0,0.0,0.0,0.0,0.0,0.0,0,0,0,0,0,0,0,0,0,0,0,0,0,0,0,0.0,0.0,0,0.0,0.0,0.0,0.0,0.0,0.0,0.0,0.0,0.0,0.0,0.0,0.0,0.0,0.0,0.0,0.0,0.0,6.2226204205812,5.808522735392171,0.15867322354390423,8900.75577172179,225.82692706666967,217.26300368731427,7.95908653082713,0.05914664348075416,0.05904065720641949,0.5730344747308413,0.035457276336019805,0.034060174838614454,0.8076086667162559,0.014322022597291428,0.013816644880077944,1.4953124011729206,0.4432159542002475,1.050430934135517,0.4257521854826807,6.566245929765337,9.607766935281576,51.75452261787409,6.56626154904685,10.415375601997832,51.75452446215419,1,0.30805626703753064,0.9136791896684741,0.37010886242412144,10.856188662426016,15.678831909561586,46.1429050881052,10.856198109583227,16.486440576277843,46.14290715667534,11,DC,19.7501,18.9332,18.9096,18.9305,19.0992,9.36981004068768e-32,1.5442573536863803e-32,1.6933412865943602e-32,1.9165631727811236e-32,3.12116513575209e-32,0.16,0.0,0.71,0.0,0.0,0.01,7823,7.655,0.394,253,0.07,0.046,-0.1372,0.0206,logH/He=-5,0.0,-3.0932,2846.065,,,,,,,,8403.22319739082,159.69309930396776,162.07272905444006,7.803610986104484,0.04781779666808195,0.04796825663727411,0.46717508707387145,0.02601441714790459,0.024810997544368163,0.797492048841445,0.012463686435944754,0.013227522733522346,4.995689563229603,7963.202598364796,155.25690396364826,154.7463459051305,7.600435150358464,0.054038298242313765,0.05172602794790482,0.3701461842079121,0.024264253738019992,0.022041485964573393,0.7201427598236815,0.010850250180085452,0.010403351525387738,0.22601578755781548,-0.006037471121880467,0.21556036094151299,nan,nan,nan,nan,nan,nan,11,0.21081019755012997,-0.8490340207826907,0.1914985748442517,nan,nan,nan,nan,nan,nan,11
WDWD eDR3 5494075405738673536A,5494075405738673536,1.0,1636042515805110273,5494075405738673536,167505822,2016.0,115.87143281906975,0.034313813,-49.62086689194732,0.03431016,8.850633124916515,0.036765747,240.7304,79.371414,-10.60525224339752,0.054062266,78.65971302076409,0.048110694,0.0052378234,-0.095533065,0.16127881,-0.05442498,0.034559377,-0.0681224,-0.08547132,0.058146995,-0.09108146,-0.0023343088,339,0,339,0,0.12764212,407.7888,0.10935089,0.86681986,31,false,1.8137038,1e+20,1e+20,1e+20,1e+20,1e+20,1e+20,1e+20,39,27,0.075027905,43,13,0,0.012829328,166.85205,0,0,1.0039432,0.16249998,0.036221586,0.038255956,0.023956424,-139.5835,-46.14031,-25.49586,38.519417,false,360,5521.878327445714,3.41908,1615.0188,16.33215,36,4234.761537289186,19.495989,217.21194,16.27147,37,2132.379971998302,22.058872,96.66768,16.425734,0,26,0,27,0,1.1530753,-0.15426445,-0.06068039,-0.09358406,1e+20,1e+20,0,1e+20,1e+20,1e+20,262.6390226018652,-12.564528791463488,140.64930374212386,-68.55729108423498,5494075405738673536,0.0,0.0,0.0,0.0,0.0,0.0,0.0,0.0,0.0,0.0,0.0,0.0,0.0,0.0,0.0,0.0,0.0,0.0,0.0,0.0,0.0,0.0,0.0,0.0,0.0,0.0,0.0,0.0,0.0,0.0,0.0,0.0,0.0,0.0,0.0,0.0,0.0,0.0,0.0,0.0,0.0,0.0,0.0,0.0,0.0,0.0,0.0,0,0,0,0,0,0,0,0.0,0.0,0.0,0.0,0.0,0.0,0.0,0.0,0.0,0.0,0.0,0.0,0.0,0.0,0.0,0.0,0.0,0.0,0.0,0.0,0.0,0.0,5.494075405738673e+18,115.87143281906975,-49.62086689194732,8.850633124916515,0.036765747,16.33215,16.27147,16.425734,470054165,15.9791,16.1454,16.2434,16.4783,16.7787,0.0,0.0075,0.0111,0.0141,0.017,0.026,0.0,0,0,0,1,0,0,0,4,0,0,0,0,1,4,14,0.10974203,5.494075405738673e+18,470054165,0.0,0.0,0.0,0.0,0.0,0.0,0.0,0.0,0.0,0.0,0.0,0.0,0.0,0.0,0.0,0.0,0.0,12.514321363857865,8.853845616297548,0.03529576230703887,19409.54034633177,538.8490305952109,534.6890031298972,8.103229193951261,0.038,0.038,0.682513022245198,0.021537534780683716,0.022021570619497697,0.0985687172756485,0.0033044629817872034,0.0032052020415129683,7.896257860179998,0.2692191847585472,2.4189127780649757,0.2752696327437216,0.2272709122125088,0.8541954854925035,0.33356506219055365,0.22729493398116882,0.952764202768152,0.333580461109932,0,0.2524781239311329,2.8041232445082596,0.1603852560456427,0.08169390884466374,0.555999306922354,0.1780085539260087,0.08176071316909014,0.6545680241980025,0.17803740784159844,0,DB,16.0842,16.1866,16.5068,16.7485,16.9959,2.4062617755474185e-31,4.6581079723672576e-32,4.552033867570246e-32,3.9268610886850704e-32,5.631183879827252e-32,0.0,1.0,0.0,0.0,0.0,0.0,15674,7.939,0.556,0,0.004,0.004,0.0403,0.0813,Pure He,0.0,-2.0188,1857.5111,,,,,,,,16472.835388170184,646.5732807269815,575.1819286364043,7.972925046140901,0.059484129913233375,0.05841938251399359,0.5766708174649481,0.03563059985706074,0.033709699687724526,0.14044573712064679,0.002902600667188865,0.003430260561106624,7.5241881701488635,16398.685383282864,657.194542738689,549.6282358127592,7.976629861922902,0.06053148421544918,0.054331135805820274,0.5787414929527774,0.036159951354968856,0.03106428546621476,0.1437505877305555,0.0031944034323427017,0.0036756367595083828,0.3095621186538725,0.945272089182868,0.4018662361659272,9.81666180623101,13.927596986545385,39.21140149908266,9.816662235352977,14.068042723666032,39.21140164912432,11,0.3141611759771401,0.9632623193117068,0.3706636213547799,8.789204043827384,13.035916039079467,36.238560668463904,8.789204624324372,13.179666626810022,36.23856085487177,11
WDWD eDR3 552870180574698624A,552870180574698624,1.0,1636042515805110273,552870180574698624,1958556,2016.0,72.05304595645906,0.07519361,77.4247944850741,0.08037915,2.9512461696190506,0.101954244,28.94677,8.775263,7.959519491896735,0.09532189,3.6947637766877675,0.10009901,-0.045142435,0.24052575,-0.23831609,0.0076873526,-0.17010632,0.0050420626,-0.16932063,-0.098576695,0.08286829,0.003426978,430,0,429,1,-0.7818196,422.53165,0.0,0.0,31,false,1.8336471,1e+20,1e+20,1e+20,1e+20,1e+20,1e+20,1e+20,49,27,0.13956253,53,21,0,0.028396467,131.59183,1,0,0.9724937,0.013939787,0.10357292,0.079217695,0.25358254,-103.33189,-86.254745,13.4756,-4.869043,false,448,1135.3021828566343,1.4460688,785.0956,18.049587,44,898.1651728497071,8.850264,101.484566,17.955153,44,411.42165308799645,6.8192134,60.332714,18.212177,0,1,0,0,0,1.1535139,-0.25702477,-0.09443474,-0.16259003,1e+20,1e+20,0,1e+20,1e+20,1e+20,134.42774790656316,20.23115665334926,83.3824478699902,54.3981855955628,552870180574698624,0.0,0.0,0.0,0.0,0.0,0.0,0.0,0.0,0.0,0.0,0.0,0.0,0.0,0.0,0.0,0.0,0.0,0.0,0.0,0.0,0.0,0.0,0.0,0.0,0.0,0.0,0.0,0.0,5.528701805746986e+17,72.05304595645906,77.4247944850741,2.9512461696190506,0.101954244,18.049587,17.955153,18.212177,2.0091072052957053e+17,17.9330005645752,18.2360992431641,18.5398998260498,18.7935009002686,18.8806991577148,0.00433700019493699,0.00451100012287498,0.00467699998989701,0.0117480000481009,0.0640890002250671,115000,115000,115000,115000,115000,436527104,52,0.05465408,5.528701805746986e+17,2.0091072052957053e+17,0.0,0.0,0.0,0.0,0.0,0.0,0.0,0.0,0.0,0.0,0.0,0.0,0.0,0.0,0.0,0.0,0.0,0.0,0.0,0.0,0.0,0.0,0.0,0.0,0.0,0.0,0.0,0,0.0,0.0,0.0,0.0,0.0,0.0,0.0,0.0,0.0,0.0,0.0,0.0,0,0,0,0,0,0,0,0,0,0,0,0,0,0,0,0.0,0.0,0,0.0,0.0,0.0,0.0,0.0,0.0,0.0,0.0,0.0,0.0,0.0,0.0,0.0,0.0,0.0,0.0,0.0,3.5901336439491955,2.8980319174099978,0.08744516888218222,22974.056429436037,2986.388207968812,2409.7862606624512,7.782932722221129,0.15502963146421234,0.1356381052100577,0.5191533982798615,0.08486576918461619,0.06684068467939935,0.021762323596248273,0.00750157088858288,0.006298034120762495,1.3730074673123218,nan,0.376917478498269,0.8355085584924926,172.96509802550077,178.81364021775715,nan,172.96509818817395,178.8354025413534,nan,10,0.7373220606830245,0.4455551544731674,0.580718372540394,113.78497298660832,124.21627618125322,nan,113.78497323388862,124.23803850484947,nan,11,DB,17.5969,17.8703,18.22,18.5151,18.8314,1.4216341716492218e-31,1.917565162208759e-32,1.941650174529188e-32,1.959191593145903e-32,3.050456732558666e-32,0.0,1.0,0.01,0.0,0.0,0.0,29486,8.035,0.634,0,0.036,0.028,0.0255,0.0568,Pure He,0.0,-0.9601,883.4158,,,,,,,,26916.38684294672,4349.765966999927,4083.185570387617,7.896760959333188,0.14524701792901062,0.1093230424665439,0.5554890206742638,0.08531965845310052,0.06164872588920445,0.014003435079239106,0.009887429716494197,0.0050964800782042265,1.116411517380198,26946.377834358347,4203.524470871274,4255.707836008747,7.9051388665415026,0.13837606065863106,0.1146195287996159,0.5600292924737615,0.08184747924603819,0.06519836434205456,0.01406605289179206,0.01055664809228565,0.005160159991726329,0.7412654948140786,0.7612425775348721,0.7921030178202677,26.735729695028404,29.307650583627055,nan,26.735731523317067,29.321654018706294,nan,11,0.7110988639968561,0.8006889007277287,1.10063489971161,23.158812562997902,24.62261632212091,nan,23.158814969054188,24.6366823750127,nan,11
WDWD eDR3 5551794951535528448A,5551794951535528448,1.0,1636042515805110273,5551794951535528448,245103030,2016.0,101.81480581650744,0.13157924,-47.1257416574818,0.14476396,5.6597488645716165,0.1447938,39.088337,43.12303,-4.134300505586059,0.18146995,42.924392573645335,0.20164888,0.043743685,0.087853715,-0.070040345,-0.12242917,0.051834382,-0.11343565,-0.14180203,0.09029293,-0.01661791,0.015264507,377,0,377,0,0.8246833,407.3673,0.0,0.0,31,false,1.777276,1e+20,1e+20,1e+20,1e+20,1e+20,1e+20,1e+20,43,26,0.28060228,48,19,0,0.011367693,37.03969,0,0,1.0294813,0.13249071,0.103816465,0.06795288,0.09033064,-64.700935,-73.24338,41.078907,-36.10636,false,398,517.6370987155343,1.0736585,482.12454,18.902304,43,359.5983194032437,6.258258,57.459812,18.948997,42,195.34198565331587,6.2477946,31.26575,19.020906,0,1,0,0,0,1.0720644,-0.07190895,0.046693802,-0.11860275,1e+20,1e+20,0,1e+20,1e+20,1e+20,256.47663985881246,-20.194451160039037,113.557581250349,-69.60065323057931,5551794951535528448,0.0,0.0,0.0,0.0,0.0,0.0,0.0,0.0,0.0,0.0,0.0,0.0,0.0,0.0,0.0,0.0,0.0,0.0,0.0,0.0,0.0,0.0,0.0,0.0,0.0,0.0,0.0,0.0,0.0,0.0,0.0,0.0,0.0,0.0,0.0,0.0,0.0,0.0,0.0,0.0,0.0,0.0,0.0,0.0,0.0,0.0,0.0,0,0,0,0,0,0,0,0.0,0.0,0.0,0.0,0.0,0.0,0.0,0.0,0.0,0.0,0.0,0.0,0.0,0.0,0.0,0.0,0.0,0.0,0.0,0.0,0.0,0.0,5.551794951535528e+18,101.81480581650744,-47.1257416574818,5.6597488645716165,0.1447938,18.902304,18.948997,19.020906,472666036,0.0,0.0,0.0,0.0,19.3056,0.0,0.0,0.0,0.0,0.0,0.0368,0.0,0,0,0,0,0,0,0,0,0,0,0,0,0,0,0,0.13504201,5.551794951535528e+18,472666036,0.0,0.0,0.0,0.0,0.0,0.0,0.0,0.0,0.0,0.0,0.0,0.0,0.0,0.0,0.0,0.0,0.0,15.633103397771091,5.786568214970792,0.10663792315493144,13959.003518560487,1180.793670103254,1034.7610604833262,8.773202005852365,0.06379939179896787,0.06035283762895993,1.0876516267092624,0.03423828787197114,0.03416705729872005,1.0000989499099133,0.10445062063774246,0.10744156402304206,1.3672545579022497,0.31998399880346806,5.7630993150398355,0.31931829251140265,0.009745727481627851,0.08183509137909656,0.01174235813510774,0.10490429617396872,1.08193404128901,0.10808132426229139,0,0.34034083371740564,6.542660305261057,0.3396327763292257,0.006677068761142321,0.06127442014867748,0.007794011455604672,0.10466382086877306,1.0613733700585908,0.10772388915318432,11,DB,19.3247,18.8152,19.0163,19.3097,19.5619,9.549215700948227e-32,1.4894836003314875e-32,1.6036994158474739e-32,1.8000331749363632e-32,2.930650475431897e-32,0.0,1.0,0.04,0.0,0.0,0.04,10445,8.43,0.858,0,0.025,0.022,-0.0603,0.0299,Pure He,0.0,-3.0281,2786.1602,DAH,,,,,SOAR Goodman Spect,,12941.317279102506,966.0189116443235,821.494700817053,8.684366099840911,0.08275002568241696,0.08098557745759116,1.0203342566618525,0.04818484482588281,0.050308851804888755,1.011036359906326,0.04277648571801018,0.04130916324294309,3.0933378919387766,12815.03417665487,1051.8307957392644,898.3641119050226,8.675962777148015,0.09404495796357182,0.09602496261377347,1.0163519715512577,0.055279273339233104,0.059805231127106784,1.0248535037622952,0.03362709706168454,0.035949485305080686,0.4552528193226575,5.731282067205857,0.6423074801772577,0.018140130428454273,0.08291242267765601,0.01793156063307297,0.046463879114258866,1.093948782583982,0.045033185925156274,01,0.6349054844092485,5.674632520372783,0.7537690967083748,0.02128524857380586,0.08483057506377485,0.02777042552949004,0.03979753087371951,1.10968407882607,0.04542644634779573,01
WDWD eDR3 5557190396826389632A,5557190396826389632,1.0,1636042515805110273,5557190396826389632,645093814,2016.0,99.36582645845695,0.11419705,-43.59381349785082,0.12662745,2.8399302368440456,0.13431005,21.144585,15.837514,-11.306864709219202,0.15630898,11.089709044080152,0.15178534,-0.04367943,-0.19520551,-0.0732363,0.009826492,0.21046922,0.020700643,-0.103824176,0.077511854,-0.04173711,-0.09253419,345,0,345,0,0.23311263,358.05975,0.0,0.0,31,false,1.8188025,1e+20,1e+20,1e+20,1e+20,1e+20,1e+20,1e+20,40,27,0.22366959,44,18,0,0.019417161,18.275497,0,0,1.0079696,0.049175307,0.053966705,0.101686865,0.099728286,-89.95173,-79.26704,-51.85354,-26.286379,false,357,719.8046677994327,1.2902277,557.88965,18.54433,36,578.5679539371572,7.677934,75.35464,18.432655,34,265.83092960612316,6.5951357,40.30712,18.686382,0,0,0,1,0,1.1730945,-0.25372696,-0.11167526,-0.1420517,1e+20,1e+20,0,1e+20,1e+20,1e+20,252.32065965983426,-20.713699336583137,107.174953442952,-66.4755717218812,5557190396826389632,0.0,0.0,0.0,0.0,0.0,0.0,0.0,0.0,0.0,0.0,0.0,0.0,0.0,0.0,0.0,0.0,0.0,0.0,0.0,0.0,0.0,0.0,0.0,0.0,0.0,0.0,0.0,0.0,0.0,0.0,0.0,0.0,0.0,0.0,0.0,0.0,0.0,0.0,0.0,0.0,0.0,0.0,0.0,0.0,0.0,0.0,0.0,0,0,0,0,0,0,0,0.0,0.0,0.0,0.0,0.0,0.0,0.0,0.0,0.0,0.0,0.0,0.0,0.0,0.0,0.0,0.0,0.0,0.0,0.0,0.0,0.0,0.0,0.0,0.0,0.0,0.0,0.0,0.0,0.0,0.0,0,0.0,0.0,0.0,0.0,0.0,0.0,0.0,0.0,0.0,0.0,0.0,0.0,0,0,0,0,0,0,0,0,0,0,0,0,0,0,0,0.0,0.0,0,0.0,0.0,0.0,0.0,0.0,0.0,0.0,0.0,0.0,0.0,0.0,0.0,0.0,0.0,0.0,0.0,0.0,103.96757680239806,2.809238786800688,0.12681527615977042,21557.558983031708,7236.740624782564,4701.766729082388,8.039509270168654,0.36013793291188456,0.3067365100545114,0.6494537316225352,0.230851267060727,0.17142301129540255,0.05077955954507075,0.02879178294859667,0.01471918283387589,0.4782618829509463,nan,2.00567164528169,1.4000863382366942,1.0341860755781715,1.34990465455793,nan,1.034586780161596,1.400684214103001,nan,0,2.796498192491865,2.3684570505440656,1.20482094197556,0.6284290563043141,0.9052435188645136,nan,0.6290882653276009,0.9560230784095843,nan,1,DB,18.1754,18.364,18.728,18.9471,19.3077,1.4630424843494895e-31,1.954571333282697e-32,2.0346692472937627e-32,2.0489409135120047e-32,3.251247568131217e-32,0.01,1.0,0.0,0.0,0.0,0.0,21618,8.144,0.686,0,0.049,0.041,0.0101,0.066,Pure He,0.0,-1.575,1449.1492,,,,,,,,23916.462327127956,7534.292569064706,5977.660465071673,8.175318913174994,0.1938684367542347,0.2694724717655541,0.708851784494362,0.12916829489661363,0.16627919443052974,0.043937870077604024,0.04312712552161328,0.02644556683440687,0.15956590889176533,23927.711007312115,7670.992870464561,6220.07209930291,8.178455656752,0.20303386416284575,0.28522277583999145,0.7116172466574877,0.13584217183091996,0.17617279001959407,0.04483297312320761,0.04510322920131929,0.027379295141090984,2.0296653959241264,3.0011118737499163,0.8568879421880027,0.23149364000784756,0.45579731016155883,12.204746320691859,0.23547665344963586,0.49973518023916286,12.204774972134745,01,2.081521515247589,3.0190113052264578,0.9763718864756292,0.24509386404874284,0.44887303035802223,13.882894426867244,0.24920935672388062,0.49370600348122984,13.882921425022328,01
WDWD eDR3 5568526224270980864A,5568526224270980864,1.0,1636042515805110273,5568526224270980864,970753065,2016.0,93.66697993876797,0.07087304,-43.31655773228254,0.070236586,8.191106850237219,0.077340364,105.90986,41.568253,41.257989646459315,0.09376314,-5.069308193707169,0.093507804,-0.055903096,0.05217959,-0.025391271,-0.072776854,0.17291804,-0.051595446,-0.11260256,0.089020215,-0.032608174,-0.081673704,371,0,369,2,1.5503305,428.19006,0.27438122,1.2745675,31,false,1.7507969,1e+20,1e+20,1e+20,1e+20,1e+20,1e+20,1e+20,42,27,0.13474333,46,15,0,0.037950553,2.3066182,0,0,1.0570729,0.19860858,0.04264331,0.03228124,0.20259078,-92.11464,9.068046,-47.438477,-25.29722,false,374,1536.0613215884932,1.6708792,919.3132,17.721346,36,1241.8460066242983,22.996273,54.002056,17.603373,35,839.6660164521896,23.934036,35.082508,17.43763,0,4,0,3,0,1.3550969,0.16574287,-0.11797333,0.2837162,1e+20,1e+20,0,1e+20,1e+20,1e+20,250.75387934765033,-24.598850514008937,96.74793750530262,-66.66996337652688,5568526224270980864,0.0,0.0,0.0,0.0,0.0,0.0,0.0,0.0,0.0,0.0,0.0,0.0,0.0,0.0,0.0,0.0,0.0,0.0,0.0,0.0,0.0,0.0,0.0,0.0,0.0,0.0,0.0,0.0,0.0,0.0,0.0,0.0,0.0,0.0,0.0,0.0,0.0,0.0,0.0,0.0,0.0,0.0,0.0,0.0,0.0,0.0,0.0,0,0,0,0,0,0,0,0.0,0.0,0.0,0.0,0.0,0.0,0.0,0.0,0.0,0.0,0.0,0.0,0.0,0.0,0.0,0.0,0.0,0.0,0.0,0.0,0.0,0.0,0.0,0.0,0.0,0.0,0.0,0.0,0.0,0.0,0,0.0,0.0,0.0,0.0,0.0,0.0,0.0,0.0,0.0,0.0,0.0,0.0,0,0,0,0,0,0,0,0,0,0,0,0,0,0,0,0.0,0.0,0,0.0,0.0,0.0,0.0,0.0,0.0,0.0,0.0,0.0,0.0,0.0,0.0,0.0,0.0,0.0,0.0,0.0,409.1246596447211,8.21004211308347,0.07231729432453535,9861.398543348834,496.1971429917703,447.03581995589593,7.940956218943887,0.10744187047104603,0.11214446666818212,0.5653937647552887,0.06436491091944418,0.06265524981742154,0.6079148466166107,0.012158587656615483,0.012973981908726562,4.515972783855588,0.8045613864930523,0.9549220594411086,0.7831906227177693,11.607298256278035,13.441392078666688,1783.0638905049377,11.60730462430658,14.049306925283298,1783.0638905521384,1,0.5592086092045538,0.847295957908677,1.1323988913332739,18.983431566253955,20.334188801396614,425.85850223992844,18.983435459945095,20.942103648013223,425.8585024375577,11,DB,17.6542,17.6597,17.7542,17.8726,18.0224,1.561350025933369e-31,2.5810447289404575e-32,3.0937260342387217e-32,3.125590764303927e-32,5.559934057401798e-32,0.04,0.65,0.11,0.0,0.02,0.06,11022,8.128,0.66,0,0.01,0.008,-0.0435,-0.0086,Pure He,0.0,-2.7451,2525.8451,,,,,,,,9788.449284626204,494.6194583103552,436.7639063712868,7.8717726465191245,0.10294456800722607,0.10039412614953402,0.507186576609111,0.05829736738717095,0.053948586613191185,0.5833002018932679,0.010581544529309705,0.01046948516258317,18.23731193114159,9335.158694726288,541.8138930313762,453.23289725812174,7.7168342905436536,0.1382376468209925,0.12651848751051098,0.42707655568663005,0.07138723644143835,0.05813404357819946,0.5443402874101325,0.014212983425058612,0.01180504668376492,0.5064932005835875,0.34158624334588283,0.4687105700537897,137.16701675265156,160.90558590227855,nan,137.1670171608003,161.48888610417183,nan,11,0.6202192566588904,-0.3544174136695901,0.5050742274387439,nan,nan,nan,nan,nan,nan,11
WDWD eDR3 5718256515157378048B,5718256515152213760,1.0,1636042515805110273,5718256515152213760,1432887452,2016.0,118.21096227726957,0.11773903,-17.0315984765715,0.11924946,6.075669007056151,0.191801,31.67694,28.117712,-23.159252026760964,0.17804915,-15.945369494013054,0.1745515,-0.29151973,-0.07075935,-0.07060393,-0.085914195,0.13279599,-0.022207215,0.09752377,0.202792,-0.15359934,-0.040321197,446,0,445,1,0.72402984,481.11844,0.0,0.0,31,false,1.7140274,1e+20,1e+20,1e+20,1e+20,1e+20,1e+20,1e+20,51,20,0.25229445,53,13,0,0.013589612,58.275436,0,0,1.0237424,0.32937324,0.3347466,0.10385516,0.27586132,-109.50235,47.26679,-9.0868,-41.259186,false,458,531.6840392426132,0.90275425,588.95764,18.873232,14,391.3660674486162,11.47395,34.109097,18.857084,14,249.99785741478425,10.217802,24.466892,18.753056,0,0,0,0,0,1.2062877,0.1040287,-0.016147614,0.120176315,1e+20,1e+20,0,1e+20,1e+20,1e+20,235.122688370133,5.26283065197114,124.54542114435615,-37.14850401955925,5718256515152213760,0.0,0.0,0.0,0.0,0.0,0.0,0.0,0.0,0.0,0.0,0.0,0.0,0.0,0.0,0.0,0.0,0.0,0.0,0.0,0.0,0.0,0.0,0.0,0.0,0.0,0.0,0.0,0.0,5.718256515152214e+18,118.21096227726957,-17.0315984765715,6.075669007056151,0.191801,18.873232,18.857084,18.753056,8.756118211016246e+16,18.8808002471924,19.0160999298096,19.1399002075195,19.2042007446289,19.3507995605469,0.0109339999035001,0.00315600004978478,0.0144260004162788,0.0287260003387928,0.0136940004304051,115000,115000,115000,115000,115000,436527104,52,0.05535206,5.718256515152214e+18,8.756118211016246e+16,0.0,0.0,0.0,0.0,0.0,0.0,0.0,0.0,0.0,0.0,0.0,0.0,0.0,0.0,0.0,0.0,0.0,0.0,0.0,0.0,0.0,0.0,0.0,0.0,0.0,0.0,0.0,0,0.0,0.0,0.0,0.0,0.0,0.0,0.0,0.0,0.0,0.0,0.0,0.0,0,0,0,0,0,0,0,0,0,0,0,0,0,0,0,0.0,0.0,0,0.0,0.0,0.0,0.0,0.0,0.0,0.0,0.0,0.0,0.0,0.0,0.0,0.0,0.0,0.0,0.0,0.0,2.9544417191853594,6.287886088908646,0.10499086345195466,10187.629979688933,328.031924728366,289.675144953535,8.454717828620844,0.05191482209320597,0.04910317396616115,0.8901712353225542,0.03381947929447182,0.032505812940241796,1.2297380820869024,0.04045827604908303,0.028434449859832345,2.842731646220118,0.322024244605569,3.9174881805846185,0.30379264430132524,0.03904798712492231,0.21541635637139406,0.05624573942158064,0.05622826157166789,1.4451544384582964,0.06302460743163475,0,0.28915053462426377,4.0286709931598015,0.5182618042575102,0.053903186658782215,0.19956864564499954,0.04478222289293984,0.06739751948577427,1.4293067277319018,0.05304682295919582,0,DC,19.4031,18.7584,18.8854,19.045,19.1953,2.1259331943050483e-31,2.975954440449038e-32,2.9466381661215516e-32,3.0072141724613406e-32,4.9080646237202373e-32,0.05,0.02,0.86,0.0,0.11,0.0,10132,8.293,0.766,826,0.12,0.108,-0.076,0.032,logH/He=-5,0.0,-2.9923,2753.2676,,,,,,,,10033.606688368724,338.8808921497184,321.8168094328048,8.38531665794095,0.0516880137781186,0.051600106257279066,0.8263427999406452,0.03439858140976382,0.03378747646744229,1.153158998499746,0.023134415149652643,0.020676426637098677,6.1253048278304885,9649.299271394497,361.38545027493274,329.684353893801,8.28244131739623,0.06770463539788096,0.06691117200914753,0.7585056974783276,0.04552139826480184,0.0446081010099153,1.07821663710834,0.01619794735942559,0.016274706908981917,0.1424524627286088,3.595003179414329,0.16334398754176238,0.030961423438757896,0.2717690998884367,0.03308253878022188,0.03864985000838353,1.4249280983881827,0.03901242097876276,00,0.25155278453160435,3.2794123263667228,0.22326572803805833,0.061108862170231044,0.35431914650723817,0.09113100049683183,0.06321919435107519,1.432535783615578,0.09257281100045968,00
WDWD eDR3 5731858088166046720B,5731858088166044800,1.0,1636042515805110273,5731858088166044800,52438811,2016.0,139.60136977158115,0.18646574,-13.952490922718589,0.17057815,10.461349510876943,0.24025925,43.541924,127.9911,-127.85436033369481,0.22483334,-5.914643685703405,0.1743702,-0.2044511,-0.4212597,-0.32303149,0.092296734,0.23447482,0.06333299,-0.5960167,0.32802346,-0.18287458,-0.14091325,305,0,305,0,1.0777735,342.15515,0.22696483,0.2109306,31,false,1.5688115,1e+20,1e+20,1e+20,1e+20,1e+20,1e+20,1e+20,36,17,0.33518043,38,21,0,0.010054979,14.628928,0,0,1.0431939,0.18194146,0.2626092,0.28569195,0.4718681,-99.90516,27.75755,9.656578,-19.978788,false,322,501.3057465186896,1.0856732,461.74646,18.93711,36,279.6047499750668,10.486844,26.66243,19.222181,35,294.69073606017866,8.53543,34.52559,18.57448,0,36,0,35,0,1.1455992,0.64770126,0.28507042,0.36263084,1e+20,1e+20,0,1e+20,1e+20,1e+20,244.57874074137624,24.000668854292556,146.93464562318727,-28.126154254020733,5731858088166044800,0.0,0.0,0.0,0.0,0.0,0.0,0.0,0.0,0.0,0.0,0.0,0.0,0.0,0.0,0.0,0.0,0.0,0.0,0.0,0.0,0.0,0.0,0.0,0.0,0.0,0.0,0.0,0.0,5.731858088166045e+18,139.60136977158115,-13.952490922718589,10.461349510876943,0.24025925,18.93711,19.222181,18.57448,9.125139601569739e+16,19.2227993011475,18.9207992553711,18.8519992828369,18.8628005981445,18.8894004821777,0.00751300016418099,0.0110710002481937,0.00735000008717179,0.0123659996315837,0.0232239998877048,115000,115000,115000,115000,115000,436527104,52,0.39163867,5.731858088166045e+18,9.125139601569739e+16,0.0,0.0,0.0,0.0,0.0,0.0,0.0,0.0,0.0,0.0,0.0,0.0,0.0,0.0,0.0,0.0,0.0,0.0,0.0,5.731858088166045e+18,139.60136977158115,-13.952490922718589,10.461349510876943,0.24025925,18.93711,19.222181,18.57448,88244432,0.0,0.0,0.0,0.0,18.9732,0.0,0.0,0.0,0.0,0.0,0.0522,0.0,0,0,0,0,0,0,0,0,0,0,0,0,0,0,2,0.073146015,5.731858088166045e+18,88244432,0.0,0.0,0.0,0.0,0.0,0.0,0.0,0.0,0.0,0.0,0.0,0.0,0.0,0.0,0.0,0.0,0.0,9.729585675239932,10.488228540232344,0.16148971262104622,6420.883759005623,124.98125107514261,114.64911832503367,8.197746887702738,0.04591906482877661,0.043853985940376816,0.7136340109963993,0.03064775011054599,0.028761149310189582,3.013035500433309,0.17152906165049364,0.1799651367133026,2.427710405128681,0.383096876381825,2.807925137454992,0.17814523851607156,0.0907401418014459,0.5540627729572922,0.29418544638646116,0.1940515197694812,3.5670982733906014,0.3448659555506155,0,0.22480959499555997,3.0320647960931995,0.164423108326182,0.06360602065544944,0.4438233714740131,0.11058064057880855,0.18294246323453806,3.456858871907322,0.2112238824164004,0,DC,19.5805,19.2552,18.9292,18.8485,18.8843,8.639609231309589e-32,1.3454009619193942e-32,1.584692077253725e-32,2.0283064652443688e-32,3.1677427551185424e-32,0.62,0.0,0.69,0.0,0.0,0.02,5662,7.951,0.542,253,0.062,0.051,-0.0906,0.0307,logH/He=-5,0.0,-3.813,3508.4346,,,,,,,,6219.795494610319,120.50360603176978,104.07678733179728,8.097618967166898,0.047269959461033295,0.0434358752756836,0.6320082994390933,0.03058691893695331,0.026770907264301202,2.7466395381166846,0.12022182195432451,0.0898522130979944,6.463743047027908,5330.7947832843765,152.31451394020587,133.08148551973045,7.95850923027619,0.0637479021857299,0.058855614870955364,0.5444131452491774,0.038757081269115146,0.03470666921248755,4.387326471626136,0.10544649944141682,0.1336142928404067,0.8503371156003352,2.059672817728157,0.46068625212076775,0.5742325161828904,1.332117120123611,4.567697240767971,0.5866824261180411,4.078756658240295,4.568580906968589,00,0.3367252933893581,0.6650142940849473,0.30153491930918785,32.98249132607687,45.86765156721059,159.04043894833032,32.98265988423281,50.254978038836725,159.04049507486084,11
WDWD eDR3 5830145326669899776A,5830145326669899776,1.0,1636042515805110273,5830145326669899776,690952764,2016.0,248.93565680880815,0.14933094,-61.89476460901948,0.11482108,6.377391654670733,0.19546285,32.62713,38.36428,30.71743631875406,0.14560187,-22.983844401250995,0.15975223,0.48128557,-0.20553102,-0.5512076,-0.5796392,0.06280563,-0.6410073,-0.120369196,0.016143791,0.22107676,0.07698829,745,0,741,4,2.7744203,883.44293,0.39292538,1.0650407,31,false,1.7187414,1e+20,1e+20,1e+20,1e+20,1e+20,1e+20,1e+20,85,24,0.26205978,86,33,0,0.008792332,22.707293,1,0,1.0727143,0.43711415,0.15643328,0.26626626,0.39485556,-78.3803,-29.93874,-19.835308,-32.377785,false,740,568.9046425965762,0.74591666,762.69196,18.799768,76,388.0134998570454,4.775164,81.25658,18.866425,72,265.6801703463813,4.275774,62.136158,18.686998,1,1,0,4,0,1.149039,0.1794262,0.06665611,0.11277008,1e+20,1e+20,0,1e+20,1e+20,1e+20,326.29490284560427,-9.68476581231833,257.34702726130985,-39.37759185829503,5830145326669899776,0.0,0.0,0.0,0.0,0.0,0.0,0.0,0.0,0.0,0.0,0.0,0.0,0.0,0.0,0.0,0.0,0.0,0.0,0.0,0.0,0.0,0.0,0.0,0.0,0.0,0.0,0.0,0.0,0.0,0.0,0.0,0.0,0.0,0.0,0.0,0.0,0.0,0.0,0.0,0.0,0.0,0.0,0.0,0.0,0.0,0.0,0.0,0,0,0,0,0,0,0,0.0,0.0,0.0,0.0,0.0,0.0,0.0,0.0,0.0,0.0,0.0,0.0,0.0,0.0,0.0,0.0,0.0,0.0,0.0,0.0,0.0,0.0,0.0,0.0,0.0,0.0,0.0,0.0,0.0,0.0,0,0.0,0.0,0.0,0.0,0.0,0.0,0.0,0.0,0.0,0.0,0.0,0.0,0,0,0,0,0,0,0,0,0,0,0,0,0,0,0,0.0,0.0,0,0.0,0.0,0.0,0.0,0.0,0.0,0.0,0.0,0.0,0.0,0.0,0.0,0.0,0.0,0.0,0.0,0.0,2.399772510526295,6.393407287992144,0.1835711768733937,10103.38930043759,819.5887781624624,728.3472538815258,8.397528925826027,0.13115625471408876,0.1482694964359439,0.8529638704292185,0.08586010578632464,0.09863323503592625,1.1225853044053238,0.06319159532482388,0.055523510143903776,0.15638019715676513,0.45914495072900907,3.577346900691008,0.9142148326281023,0.1254733345254196,0.27586951706894897,0.13463225111003596,0.14048749195791116,1.3984548214742727,0.14563208169100642,0,0.39684693577014496,3.7226401117549504,1.1549452724166285,0.12545809220339363,0.24752775479038563,0.09245902940512249,0.14047387877826797,1.3701130591957094,0.1078495818129931,0,DC,19.0598,18.8607,18.8702,18.993,19.189,6.205383324876524e-32,9.62718859640321e-33,1.0915192571694001e-32,1.3578923413161658e-32,2.1609232273704995e-32,0.0,0.0,0.94,0.0,0.38,0.0,9146,8.163,0.68,240,0.053,0.047,-0.0356,0.0513,logH/He=-5,0.0,-3.093,2845.8638,,,,,,,,9789.59900076158,772.7863090519932,663.5076382261395,8.303596701129756,0.12809636453099493,0.132692987124436,0.7719532888689228,0.0855423996289163,0.08764175500596205,1.0703764482733846,0.03375418504563621,0.029858244836769243,0.029869892471514548,9422.449425907082,829.4540738330616,690.4638550607597,8.194154462949133,0.16639789991220155,0.1655025778484962,0.7003009039904851,0.110738219975411,0.10524168637691256,1.0062296405295879,0.03885619638391735,0.04577587594181132,0.523102547422182,3.3530223967935022,0.4026579413972544,0.09026298146984482,0.3315725558812387,0.2112869803530606,0.09636778939002699,1.4019490041546234,0.21338627615534947,00,1.870983284066876,2.928261164302098,0.5840702759498795,0.2017999340801052,0.492768358181542,8.892125045333774,0.2055067332039521,1.49899799871113,8.892242869640393,00
WDWD eDR3 5831427494700696448A,5831427494700696448,1.0,1636042515805110273,5831427494700696448,1039318054,2016.0,243.89377290376606,0.046647802,-60.263371085656026,0.038624916,6.416364019072088,0.062759824,102.2368,33.041714,30.585874094101456,0.07350721,-12.50036380688121,0.064325474,0.04947694,-0.10658783,-0.12368553,-0.27516374,0.02552446,-0.2538967,0.23780273,-0.038995788,0.0931602,0.062023114,468,0,464,4,-1.0212622,474.00186,0.0,0.0,31,false,1.8014076,1e+20,1e+20,1e+20,1e+20,1e+20,1e+20,1e+20,53,23,0.10292524,54,12,0,0.036338765,25.13776,0,0,0.9657655,0.32088754,0.21621329,0.11152941,0.17412777,-55.186325,-10.358751,-14.268556,-17.717283,false,456,2980.5540223228213,2.1696837,1373.7274,17.001625,49,2252.3650864527253,9.499128,237.11282,16.956945,47,1135.7937078568157,6.273445,181.04784,17.109648,0,0,0,2,0,1.1367548,-0.15270233,-0.04467964,-0.10802269,1e+20,1e+20,0,1e+20,1e+20,1e+20,325.7863223302402,-6.795818633238514,253.85663618124624,-38.27883426587423,5831427494700696448,0.0,0.0,0.0,0.0,0.0,0.0,0.0,0.0,0.0,0.0,0.0,0.0,0.0,0.0,0.0,0.0,0.0,0.0,0.0,0.0,0.0,0.0,0.0,0.0,0.0,0.0,0.0,0.0,0.0,0.0,0.0,0.0,0.0,0.0,0.0,0.0,0.0,0.0,0.0,0.0,0.0,0.0,0.0,0.0,0.0,0.0,0.0,0,0,0,0,0,0,0,0.0,0.0,0.0,0.0,0.0,0.0,0.0,0.0,0.0,0.0,0.0,0.0,0.0,0.0,0.0,0.0,0.0,0.0,0.0,0.0,0.0,0.0,5.831427494700697e+18,243.89377290376606,-60.263371085656026,6.416364019072088,0.062759824,17.001625,16.956945,17.109648,356214162,16.7409,16.8628,17.043,17.2131,17.5406,17.6371,0.0142,0.0128,0.0257,0.0089,0.0216,0.1274,0,0,1,1,0,0,0,4,3,0,0,0,1,7,0,0.09123275,5.831427494700697e+18,356214162,0.0,0.0,0.0,0.0,0.0,0.0,0.0,0.0,0.0,0.0,0.0,0.0,0.0,0.0,0.0,0.0,0.0,494.64480720661425,6.415127946145075,0.0626672647895835,19690.058347733797,619.5026637204937,589.6677829213622,8.105886610115054,0.038,0.038,0.6847135168427381,0.02376635924497409,0.023432206167750807,0.09366837546252221,0.00383654448292448,0.0036154196877666834,4.879012707906509,0.29707949056217586,2.446418960534226,0.2929025770968847,0.23217371968392192,0.8271760263489553,0.36107012699852076,0.23220541592615324,0.9208444018114774,0.36108822726619955,0,0.2674448507090519,2.8186864119307615,0.17673929877547856,0.09002401167925811,0.5485814051698084,0.18584088931248008,0.09010572541407487,0.6422497806323306,0.18587605386378353,0,DB,16.862,16.8743,17.1781,17.4071,17.6508,1.1836083501174668e-31,2.5876870283509505e-32,2.6809747297774824e-32,2.626953870410561e-32,3.73302248083235e-32,0.0,1.0,0.0,0.0,0.0,0.0,14548,7.799,0.48,0,0.011,0.008,0.0291,0.0636,Pure He,0.0,-2.0724,1906.8451,,,,,,,,16406.65282284479,753.8653921313562,689.6181334686389,7.964839588518069,0.06839841534268665,0.06858038683877243,0.571952445434956,0.04087194302209152,0.03912123885758856,0.140195774806079,0.004518487112194269,0.004513028769119187,3.9527990514695333,16319.61416253673,817.4012652792699,721.1862909077881,7.96701753571314,0.07316142578330265,0.07138395973644585,0.5731588835092266,0.043778771103128444,0.04055764976657383,0.14363288008599157,0.004968294863734901,0.005315598796012927,0.35509941808941337,0.9042784138571335,0.4587947882703284,12.292115889584815,16.24665051836345,59.22236862614102,12.292116720065316,16.386846293169526,59.222368798098245,11,0.38035422331128077,0.9147600652408917,0.5242073511425837,12.306911139298382,15.613545674027948,65.91467895616317,12.306912142147617,15.75717855411394,65.91467917049775,11
WDWD eDR3 6002657567182879616B,6002657567182879104,1.0,1636042515805110273,6002657567182879104,1386574494,2016.0,232.3140076124444,0.14847356,-40.924198963680524,0.11225595,13.636408373053051,0.19016564,71.70805,194.07744,-124.5943327402055,0.20447844,-148.8029130629927,0.15332256,-0.14939094,-0.26262528,-0.13772279,-0.06532004,0.063497536,-0.016607592,0.13557555,-0.26769358,0.04258147,0.01403413,262,0,259,3,-0.9416285,243.38858,0.0,0.0,31,false,1.61581,1e+20,1e+20,1e+20,1e+20,1e+20,1e+20,1e+20,30,17,0.28618154,34,12,0,0.0483346,32.800076,0,0,0.9572206,0.06887708,0.26971927,0.058367677,0.58417326,-22.80998,18.584726,4.943982,-35.836575,false,285,739.2305620971098,1.2554492,588.81757,18.515417,32,442.84424533788996,10.335883,42.84532,18.722916,30,427.2733518744364,9.727088,43.926132,18.171131,0,2,0,2,0,1.1770585,0.5517845,0.20749855,0.34428596,1e+20,1e+20,0,1e+20,1e+20,1e+20,332.4212823747994,12.7398667051448,240.28040162582988,-21.29425219788782,6002657567182879104,0.0,0.0,0.0,0.0,0.0,0.0,0.0,0.0,0.0,0.0,0.0,0.0,0.0,0.0,0.0,0.0,0.0,0.0,0.0,0.0,0.0,0.0,0.0,0.0,0.0,0.0,0.0,0.0,0.0,0.0,0.0,0.0,0.0,0.0,0.0,0.0,0.0,0.0,0.0,0.0,0.0,0.0,0.0,0.0,0.0,0.0,0.0,0,0,0,0,0,0,0,0.0,0.0,0.0,0.0,0.0,0.0,0.0,0.0,0.0,0.0,0.0,0.0,0.0,0.0,0.0,0.0,0.0,0.0,0.0,0.0,0.0,0.0,0.0,0.0,0.0,0.0,0.0,0.0,0.0,0.0,0,0.0,0.0,0.0,0.0,0.0,0.0,0.0,0.0,0.0,0.0,0.0,0.0,0,0,0,0,0,0,0,0,0,0,0,0,0,0,0,0.0,0.0,0,0.0,0.0,0.0,0.0,0.0,0.0,0.0,0.0,0.0,0.0,0.0,0.0,0.0,0.0,0.0,0.0,0.0,4.59861741434262,13.50519697513931,0.11793083842439434,6921.014060610994,223.96357501869807,206.52144220754053,8.449342047897535,0.06507863203456132,0.06727808642142108,0.8812110694974118,0.04284584131545033,0.04498213907114945,3.9360061159586293,0.06099181753651273,0.07658933615047347,0.13707137399326988,0.3344690179692211,3.8337483130599237,0.4203938230948543,0.05489553576186451,0.22792674362445708,0.06607285375536386,0.08205803832038276,4.1639328595830865,0.10115111672813071,0,0.26373815659921895,3.9154443438324633,0.6732977318935922,0.07362828678406322,0.21572169706522745,0.04515584328194681,0.09560923815805417,4.151727813023856,0.08890993529675952,0,DA:,18.9704,18.7981,18.5453,18.4491,18.4525,1.6456369626627806e-31,1.8742292193248512e-32,2.1525482553931784e-32,2.5379707218814396e-32,4.0829338618431167e-32,0.55,0.0,0.33,0.0,0.0,0.0,6645,8.382,0.836,196,0.049,0.044,-0.0357,0.0576,Pure H,0.0,-3.7761,-0.8321,DC,,,,,SOAR Goodman Spect,,6752.251281836542,219.10097162813872,196.56866130710023,8.38150161564987,0.06839586578077395,0.07182568160542324,0.8203167328904908,0.046084946064102295,0.04842869546056805,3.5592790235995277,0.047449241941458276,0.06426264723080077,0.03191179498220458,6157.882099159942,408.9317958573911,417.30795857247176,8.282307964426924,0.030909030883448096,0.057743218585754263,0.7539295564633933,0.020162938455371315,0.04003961348215013,4.269077107945728,0.8112611571097066,0.8117986114470526,0.2052364376642397,3.571052197497976,0.23117861779511406,0.04469604503721786,0.27733137149044956,0.0502878477057569,0.06518563494197208,3.8366103950899775,0.08159997215678291,00,0.104978016313928,3.2558846090662894,0.20582049918661927,0.05886389329764897,0.36158955598646214,0.03626063173020619,0.8133938916472985,4.630666663932191,0.8126080352549045,00
WDWD eDR3 6019850115143794816A,6019850115143794816,1.0,1636042515805110273,6019850115143794816,1809113080,2016.0,252.15716581342392,0.03665874,-35.63862579675115,0.022513872,16.78195702099454,0.040572193,413.632,41.020386,1.18592941314348,0.05414144,-41.00324053705562,0.04116891,-0.13551965,-0.0151492115,-0.016898433,-0.27120143,-0.11698771,-0.13999373,-0.34226185,0.0044330023,0.15272565,-0.35052025,435,0,434,1,-1.6924955,421.96768,0.0,0.0,31,false,1.7515174,1e+20,1e+20,1e+20,1e+20,1e+20,1e+20,1e+20,50,18,0.079563744,54,21,0,0.045278367,17.264482,0,0,0.94201744,0.026021963,0.55706495,0.1002779,0.18101968,-111.50036,13.994315,55.938408,41.805843,false,441,8067.448049674674,5.180301,1557.3319,15.9205265,50,5804.723370584825,12.165655,477.14023,15.929089,50,3528.1148329731477,8.964291,393.57434,15.879039,0,2,0,0,0,1.1568514,0.05004978,0.008562088,0.041487694,1e+20,1e+20,0,1e+20,1e+20,1e+20,347.5657723422082,5.947237382942802,255.18577072949662,-13.11245403207385,6019850115143794816,0.0,0.0,0.0,0.0,0.0,0.0,0.0,0.0,0.0,0.0,0.0,0.0,0.0,0.0,0.0,0.0,0.0,0.0,0.0,0.0,0.0,0.0,0.0,0.0,0.0,0.0,0.0,0.0,0.0,0.0,0.0,0.0,0.0,0.0,0.0,0.0,0.0,0.0,0.0,0.0,0.0,0.0,0.0,0.0,0.0,0.0,0.0,0,0,0,0,0,0,0,0.0,0.0,0.0,0.0,0.0,0.0,0.0,0.0,0.0,0.0,0.0,0.0,0.0,0.0,0.0,0.0,0.0,0.0,0.0,0.0,0.0,0.0,6.019850115143795e+18,252.15716581342392,-35.63862579675115,16.78195702099454,0.040572193,15.9205265,15.929089,15.879039,128724983,15.8857,15.9107,15.9277,15.9769,16.1815,16.3358,0.0177,0.0086,0.0167,0.0177,0.0231,0.0309,0,0,0,3,3,3,3,0,0,0,3,0,3,6,3,0.09155139,6.019850115143795e+18,128724983,6.019850115143795e+18,252.15716563484148,-35.638620070495975,15.948602,15.905435,15.882448,15.67,0.105,15.984,0.059,15.745,0.049,15.522,0.037,0.0,0.0,1.002288275782292,2.6503806623190562,16.757192027567335,0.03991935583344397,11655.69989149525,139.86839869794298,139.86839869794298,8.128223498763475,0.038,0.038,0.6819531175125215,0.009890985051546036,0.009385115807092162,0.5072631357122388,0.009510494778649169,0.009487033987615757,7.900933035033307,0.12363731314432602,2.411913968906519,0.11731394758865132,0.10843476873323835,0.8609378840462983,0.13589278829950308,0.10868070248747393,1.368201019758537,0.13608747274345628,0,0.10192690757530842,2.800417720135814,0.06211195107274747,0.031637372375782666,0.5578867545454579,0.06635892065940141,0.032470284165431525,1.0651498902576968,0.06675669761880175,0,DB,16.0542,15.8727,16.0335,16.1979,16.4036,1.7975064004764284e-31,4.211423496457352e-32,4.2086859093895695e-32,3.723135991333574e-32,4.751433278149251e-32,0.0,0.94,0.11,0.0,0.0,0.02,10909,8.024,0.597,0,0.003,0.002,-0.0337,-0.0236,Pure He,0.0,-2.7043,2488.2792,,,,,,,,11404.165730217654,96.25013570394185,91.99453354971956,8.038313146669577,0.013927497328639404,0.01378469993999687,0.6061938240830445,0.008289583296709035,0.008290342561416919,0.4873753241589269,0.0019782990737518547,0.0019445548202179364,0.6963856770577999,11126.151113255268,106.02771598441359,99.45165872314101,7.981317098507201,0.01847831040594361,0.017939113182608324,0.5717269794754706,0.011035204880714744,0.010525815791143978,0.47996550115819936,0.0017739779666320343,0.0017320787027658713,0.11700245877725424,1.2719661953155437,0.19585961838601174,1.8777990072678838,4.974748111300737,1.9171043210777006,1.8778000493565536,5.462123435459663,1.9171053072766346,00,0.09587493380290824,0.9023195436617776,0.09144931182575122,4.678219494279086,16.364968726506294,7.728050943686169,4.678219830624752,16.844934227664496,7.7280511377905174,11
WDWD eDR3 6093462311215003776A,6093462311215003776,1.0,1636042515805110273,6093462311215003776,1797623937,2016.0,207.5249773463832,0.09435494,-50.42627790508849,0.120376535,11.62862214849839,0.15717266,73.98629,150.21169,-148.28179734826895,0.14945191,-24.00118215532521,0.14387324,0.02639055,-0.13056776,-0.04947463,0.13924544,-0.39512593,0.26891115,-0.40345594,-0.30409026,0.19928122,0.029186372,317,0,316,1,1.5681363,366.71594,0.37030467,1.4040155,31,false,1.7024355,1e+20,1e+20,1e+20,1e+20,1e+20,1e+20,1e+20,36,18,0.2173915,42,19,0,0.0018311318,18.267551,0,0,1.062437,0.060309045,0.12368236,0.0826106,0.61291313,149.88695,88.354256,53.874207,-19.650959,false,331,1113.2056887848441,1.7640029,631.06793,18.070929,39,724.5511923189898,8.151055,88.89048,18.18837,41,515.8060356537071,6.3705773,80.96692,17.966679,0,0,0,1,0,1.1142211,0.22169113,0.11744118,0.104249954,1e+20,1e+20,0,1e+20,1e+20,1e+20,312.40102767008835,11.363815695055923,225.59051693413474,-36.163366894897315,6093462311215003776,0.0,0.0,0.0,0.0,0.0,0.0,0.0,0.0,0.0,0.0,0.0,0.0,0.0,0.0,0.0,0.0,0.0,0.0,0.0,0.0,0.0,0.0,0.0,0.0,0.0,0.0,0.0,0.0,0.0,0.0,0.0,0.0,0.0,0.0,0.0,0.0,0.0,0.0,0.0,0.0,0.0,0.0,0.0,0.0,0.0,0.0,0.0,0,0,0,0,0,0,0,0.0,0.0,0.0,0.0,0.0,0.0,0.0,0.0,0.0,0.0,0.0,0.0,0.0,0.0,0.0,0.0,0.0,0.0,0.0,0.0,0.0,0.0,6.093462311215004e+18,207.5249773463832,-50.42627790508849,11.62862214849839,0.15717266,18.070929,18.18837,17.966679,323101851,0.0,0.0,18.1367,18.044,18.3194,0.0,0.0,0.0,0.0162,0.0396,0.0119,0.0,0,0,0,0,0,0,0,0,0,0,0,0,0,0,0,0.16462235,6.093462311215004e+18,323101851,0.0,0.0,0.0,0.0,0.0,0.0,0.0,0.0,0.0,0.0,0.0,0.0,0.0,0.0,0.0,0.0,0.0,6.140225091261858,11.678314230564569,0.12346424151346094,9660.133189068736,268.9383500390013,254.25751560327626,8.662246565187193,0.046084213409848473,0.04695918127642251,1.0198052320766666,0.02802004059394725,0.028589834439604944,2.322990709106421,0.02420007189970752,0.02551194593300421,2.660682202286169,0.2618695382611893,5.129020860529595,0.2671947143888316,0.012493105073428348,0.10794953891249422,0.014750798964540332,0.027234558089433626,2.4309402480189153,0.02946939862604621,0,0.22260633440065547,5.699747142375758,0.4526889064937416,0.013655101441198782,0.08398019452563163,0.008248287107479572,0.02778678238516368,2.4069709036320526,0.026812191732417993,1,DC,18.5781,18.1203,18.1549,18.2549,18.3955,1.2495975821329436e-31,2.052947715801543e-32,2.1863313026156624e-32,2.208254640126413e-32,3.3953984379929093e-32,0.01,0.0,0.97,0.0,0.45,0.03,8483,8.388,0.827,195,0.035,0.032,-0.0395,0.0223,logH/He=-5,0.0,-3.3622,3093.5868,DAH,,,,,SOAR Goodman Spect,,9276.70758270857,245.1831715730259,240.3239350195363,8.577024007498219,0.04280927990291694,0.04443385428541724,0.950789442787338,0.028017920638858884,0.028156035121207124,2.1318194138905535,0.02109799686164404,0.02273536788748798,8.043775038488903,8891.96532997092,245.23353513667098,235.01416228152812,8.465554547150273,0.05168206594642655,0.05050307873128013,0.8794015892026483,0.034320922082114236,0.03352813812767785,1.9987469688544661,0.039819197250639426,0.053134304638202456,0.3246402357022209,4.872696384911247,0.48162657784890683,0.02503083374811484,0.12236517272054696,0.023204310743603646,0.03273634233844255,2.2541845866111005,0.03248595065663216,00,0.21133678511551324,3.895297722293871,0.5080310665448984,0.06079700013051435,0.218731518369451,0.03607566850639734,0.07267629389666959,2.217478487223917,0.0642238910964508,00
WDWD eDR3 6357630601240673792A,6357630601240673792,1.0,1636042515805110273,6357630601240673792,127831762,2016.0,337.67375451280134,0.02851331,-75.24012453291444,0.0313551,66.47070776146106,0.033906218,1960.4282,1871.5155,410.9685366421155,0.037637185,-1825.8354631837462,0.041449357,-0.18459311,0.038289297,-0.10490579,0.24586904,-0.0029277408,0.25178367,-0.21618542,-0.099204265,-0.11363021,-0.17603338,376,9,376,0,-1.7819299,337.3021,0.0,0.0,31,false,1.4306728,1e+20,1e+20,1e+20,1e+20,1e+20,1e+20,1e+20,43,26,0.061397966,48,18,0,0.02786369,118.27196,0,0,0.93442327,1e+20,1e+20,1e+20,1e+20,1e+20,1e+20,1e+20,1e+20,false,419,6321.438955180526,2.796612,2260.3918,16.185328,46,2508.0420258203926,7.5352716,332.8403,16.840204,43,5410.421517915409,12.234835,442.2145,15.414818,0,1,0,1,0,1.2526362,1.4253864,0.6548767,0.7705097,1e+20,1e+20,0,1e+20,1e+20,1e+20,313.7856701294118,-38.77399919145174,296.4630077033566,-58.07160238332565,6357630601240673792,0.0,0.0,0.0,0.0,0.0,0.0,0.0,0.0,0.0,0.0,0.0,0.0,0.0,0.0,0.0,0.0,0.0,0.0,0.0,0.0,0.0,0.0,0.0,0.0,0.0,0.0,0.0,0.0,0.0,0.0,0.0,0.0,0.0,0.0,0.0,0.0,0.0,0.0,0.0,0.0,0.0,0.0,0.0,0.0,0.0,0.0,0.0,0,0,0,0,0,0,0,0.0,0.0,0.0,6.357630601240674e+18,337.67353047042684,-75.23987095548685,66.44672190219379,0.04330321806311288,16.201168,16.86607,15.429631,22304008-7513567,14.662,14.658,14.436,0.038,0.058,0.079,AAA,0.10549152109568007,6.357630601240674e+18,22304008-7513567,6.357630601240674e+18,337.67375451280134,-75.24012453291444,66.47070776146106,0.033906218,16.185328,16.840204,15.414818,485559683,0.0,0.0,16.7727,16.0932,15.6822,15.6319,0.0,0.0,0.014,0.0132,0.0107,0.0133,0,0,0,0,0,0,0,0,0,0,0,0,0,0,0,0.1409597,6.357630601240674e+18,485559683,0.0,0.0,0.0,0.0,0.0,0.0,0.0,0.0,0.0,0.0,0.0,0.0,0.0,0.0,0.0,0.0,0.0,92.44460433163071,66.48792194906268,0.025279635954822518,4138.617853204363,49.66341423845236,49.66341423845236,7.647202528729741,0.038,0.038,0.38394104423983194,0.005387155508096051,0.005133749432043455,5.511884091946918,0.10089704792157117,0.09836934681811305,7.278359899025429,nan,nan,nan,nan,nan,nan,nan,nan,nan,0,0.04680413126060845,-0.729182934493205,0.044602514613757416,nan,nan,nan,nan,nan,nan,11,DC,19.9456,17.1983,16.1639,15.7632,15.5768,8.184708324550107e-32,2.7654234843068064e-32,4.0746401905460156e-32,4.6967194304625657e-32,6.704910268702688e-32,0.04,0.0,0.75,0.0,0.0,0.01,4247,7.738,0.429,15,0.008,0.006,-0.178,0.0054,Pure H,0.0,-4.2003,-0.1153,,,,,,,,4365.300996663682,5.8515804820954145,5.932383756597119,7.782566969139711,0.006076620212526862,0.006559018096249147,0.4436242496387001,0.0031863907846186312,0.0034180156831632447,5.505899814553133,0.03382809341574333,0.03877195420088242,105.12262538640715,6499.490828300084,0.5144321895577377,2255.2466434169173,8.97457230549092,0.0018859848267336332,0.5298423582331893,1.1735749795685189,0.0008655152419081436,0.3125962631699597,4.228363454693908,4.506858956376141,0.005089735357051595,0.02768367319390652,-0.21064943841268247,0.029696052851114096,nan,nan,nan,nan,nan,nan,11,0.008603531231693218,7.396769180601582,3.1073187193833,0.022750121108658844,0.046767977161298185,0.00012737310896692426,4.506916376046742,4.275131431855207,0.005091328894670725,11
WDWD eDR3 6398308610162161536A,6398308610162161536,1.0,1636042515805110273,6398308610162161536,902078328,2016.0,332.54284416477867,0.0715503,-66.20996752518721,0.07808923,4.2626135066404425,0.102572724,41.55699,22.393566,-18.693470702173848,0.08542559,-12.329881820954407,0.08894954,-0.3235,0.24415357,-0.1320957,0.081470594,-0.20018642,0.14970738,-0.13428688,-0.35917845,-0.03311454,-0.1953396,478,9,477,1,0.24349101,501.82193,0.0,0.0,31,false,1.8105757,1e+20,1e+20,1e+20,1e+20,1e+20,1e+20,1e+20,55,30,0.13515216,58,21,0,0.020413928,150.34546,0,0,1.0072274,1e+20,1e+20,1e+20,1e+20,1e+20,1e+20,1e+20,1e+20,false,488,1122.6738182691588,1.169685,959.80865,18.061733,49,840.8669738618497,8.14723,103.20894,18.026724,49,422.79933871124183,7.506951,56.32105,18.18256,0,1,0,0,0,1.1255864,-0.1558361,-0.035009384,-0.12082672,1e+20,1e+20,0,1e+20,1e+20,1e+20,324.0966433588594,-43.707418263840935,303.8034585447736,-49.95495924974658,6398308610162161536,0.0,0.0,0.0,0.0,0.0,0.0,0.0,0.0,0.0,0.0,0.0,0.0,0.0,0.0,0.0,0.0,0.0,0.0,0.0,0.0,0.0,0.0,0.0,0.0,0.0,0.0,0.0,0.0,0.0,0.0,0.0,0.0,0.0,0.0,0.0,0.0,0.0,0.0,0.0,0.0,0.0,0.0,0.0,0.0,0.0,0.0,0.0,0,0,0,0,0,0,0,0.0,0.0,0.0,0.0,0.0,0.0,0.0,0.0,0.0,0.0,0.0,0.0,0.0,0.0,0.0,0.0,0.0,0.0,0.0,0.0,0.0,0.0,0.0,0.0,0.0,0.0,0.0,0.0,0.0,0.0,0,0.0,0.0,0.0,0.0,0.0,0.0,0.0,0.0,0.0,0.0,0.0,0.0,0,0,0,0,0,0,0,0,0,0,0,0,0,0,0,0.0,0.0,0,0.0,0.0,0.0,0.0,0.0,0.0,0.0,0.0,0.0,0.0,0.0,0.0,0.0,0.0,0.0,0.0,0.0,3.054188023759238,4.271921551465303,0.09069919803931585,16063.342180010444,2019.1580435768628,1702.50993691827,8.00102552714418,0.14173659014387674,0.13867077084103396,0.6155715036860314,0.08842873885325353,0.08053053467305138,0.16191965522389323,0.02282274065938389,0.02131264400538449,0.2772970701547017,1.1053592356656692,1.5821437960753928,1.0066316834131424,1.7229084568402253,2.4266077092721834,104.99841618459992,1.7230596124750797,2.5885273644960765,104.99841834762678,1,0.9919019970758494,1.5068695455795673,1.3871876242356729,2.3294642824029372,2.839654803173649,86.66118119011908,2.3295760817114854,3.001574458397542,86.66118381083565,1,DB,17.891,17.9349,18.2234,18.4669,18.7075,1.0169464120848028e-31,1.7864536925897635e-32,1.839272051989226e-32,1.9045090986520938e-32,3.0048360449846824e-32,0.03,1.0,0.01,0.0,0.0,0.0,14725,7.931,0.55,0,0.026,0.02,0.0229,0.0636,Pure He,0.0,-2.1246,1954.9056,,,,,,,,16140.91533491665,2590.070578439061,1686.3277028894408,8.072310598600856,0.2015081080214749,0.17537224393709394,0.6338662943067933,0.1291668380518447,0.10295261315562254,0.18180677299729828,0.012966750928863208,0.017895648489077848,0.33687829176711537,16192.169564298383,2680.9366218870564,1735.0225493617709,8.08638939975248,0.20406155821806315,0.1792319448777251,0.6430349943109213,0.1318121213476855,0.10635054004671118,0.18514682829927787,0.013124025232349235,0.019065904036213138,1.7740386309291742,2.094016530624645,1.0730141479935051,0.8803185106242231,1.2719311995545588,238.5435341594152,0.8804140030561199,1.453737972551857,238.5435348306852,01,1.8833974698121025,2.260051448641258,0.9724705789044097,0.6632706161655547,1.0320795522549706,178.27663533676346,0.6634004449101115,1.2172263805542485,178.27663635627084,01
WDWD eDR3 6447863667946689024A,6447863667946689024,1.0,1636042515805110273,6447863667946689024,167336319,2016.0,300.04317201049173,0.13062167,-57.05317087281171,0.14907171,5.173449306847863,0.2139455,24.181156,10.960533,-10.312585697894102,0.16121052,-3.7126629125356976,0.1714213,0.08716808,0.20955002,-0.32505924,-0.052233376,-0.24775667,0.10728874,-0.1826291,-0.49840862,-0.17598274,0.27738798,404,0,403,1,1.7354269,466.54825,0.17653175,0.12787192,31,false,1.7334689,1e+20,1e+20,1e+20,1e+20,1e+20,1e+20,1e+20,46,20,0.27238414,47,20,0,0.03528097,166.11874,0,0,1.0612825,0.08330386,0.15427855,0.17993177,0.6218439,73.61407,-61.912155,11.1729145,27.226517,false,404,565.6546494067873,1.060281,533.495,18.805988,43,392.26860261940425,10.448438,37.543278,18.854584,44,247.41938814442761,7.3242526,33.780838,18.76431,0,0,0,0,0,1.1308808,0.0902729,0.04859543,0.041677475,1e+20,1e+20,0,1e+20,1e+20,1e+20,340.5772400374564,-31.71202771631184,289.57440565627405,-35.6377427559596,6447863667946689024,0.0,0.0,0.0,0.0,0.0,0.0,0.0,0.0,0.0,0.0,0.0,0.0,0.0,0.0,0.0,0.0,0.0,0.0,0.0,0.0,0.0,0.0,0.0,0.0,0.0,0.0,0.0,0.0,0.0,0.0,0.0,0.0,0.0,0.0,0.0,0.0,0.0,0.0,0.0,0.0,0.0,0.0,0.0,0.0,0.0,0.0,0.0,0,0,0,0,0,0,0,0.0,0.0,0.0,0.0,0.0,0.0,0.0,0.0,0.0,0.0,0.0,0.0,0.0,0.0,0.0,0.0,0.0,0.0,0.0,0.0,0.0,0.0,6.447863667946689e+18,300.04317201049173,-57.05317087281171,5.173449306847863,0.2139455,18.805988,18.854584,18.76431,481559888,0.0,0.0,0.0,0.0,19.1025,0.0,0.0,0.0,0.0,0.0,0.0545,0.0,0,0,0,0,0,0,0,0,0,0,0,0,0,0,0,0.17150429,6.447863667946689e+18,481559888,0.0,0.0,0.0,0.0,0.0,0.0,0.0,0.0,0.0,0.0,0.0,0.0,0.0,0.0,0.0,0.0,0.0,47.01027990197974,5.052758442717999,0.18620359838097328,11248.44126114318,1391.3677111621273,1040.4924856847356,8.286311380733071,0.14860037248351254,0.16823984857983199,0.7820258754911855,0.09897061141695063,0.10981560003040758,0.694837770370584,0.03009770974571624,0.042901066901243956,0.3050947728193669,0.7723085332495265,3.197999334177463,0.7350985678935009,0.1665483349203704,0.37963266394948275,0.4677402219585897,0.1692460339171505,1.0744704343200668,0.46970354137384973,0,0.6000000410939839,3.4077119145171135,0.6448880213223287,0.1186346273885721,0.3152648065647284,0.23890659465932823,0.1223930020367289,1.0101025769353125,0.2427279598912774,0,DC,19.2576,18.7858,18.8962,19.036,19.2218,8.115917812537515e-32,1.5259854744860264e-32,1.652259209628684e-32,1.7802356923959647e-32,2.8298030025305593e-32,0.11,0.0,0.84,0.0,0.0,0.0,9574,7.948,0.549,387,0.082,0.066,-0.0399,0.0504,logH/He=-5,0.0,-2.8908,2659.8482,,,,,,,,10822.346685369823,1166.1896349094804,961.432952319481,8.165685346243631,0.1594113448013168,0.16328203510763295,0.6835705449895562,0.10606417392161693,0.10258401732204625,0.6720204180381593,0.02550877977465682,0.026619859728985507,0.12021988646237028,10514.638466560998,1256.1865586536933,1011.7020251157555,8.091991395841026,0.2019758933847804,0.21306984813752194,0.6369929470943014,0.1319557878617632,0.12674129881592278,0.6481036244491977,0.025001942899655294,0.024282650065794553,1.8585906112161148,2.811122071406725,0.6152547925697776,0.24150424109737773,0.5524343811881575,13.009405849883025,0.24284768130170048,1.2244547992263168,13.009433084646798,01,1.8294796384473957,2.152391534472924,1.1544823897843708,0.8382277786074369,1.1840608888762774,226.28393514150028,0.8386005640219399,1.8321645133254751,226.28393644439237,01
WDWD eDR3 6458700149606803456A,6458700149606803456,1.0,1636042515805110273,6458700149606803456,875108099,2016.0,323.5296072506482,0.065044075,-57.855280677018904,0.054861225,12.704527811712165,0.089784496,141.50024,154.75888,120.61637166088256,0.081595495,-96.96391233127301,0.08386011,-0.37666708,0.13211402,0.3071488,-0.117686294,-0.11638027,-0.27801365,-0.53460985,-0.19018632,0.22238258,-0.14156301,710,0,709,1,-0.1907446,726.7418,0.0,0.0,31,false,1.6943489,1e+20,1e+20,1e+20,1e+20,1e+20,1e+20,1e+20,82,22,0.12588847,86,56,0,0.029878456,145.33397,0,0,0.9944483,0.5869317,0.53245527,0.4189054,0.47803807,-145.87569,25.682169,-34.290337,18.762323,false,712,1668.659467659791,1.1725607,1423.0901,17.631447,78,1101.1567997130824,7.9000072,139.38681,17.73392,77,821.3499601289309,8.041188,102.14286,17.461575,0,0,0,1,0,1.1521264,0.2723446,0.102472305,0.16987228,1e+20,1e+20,0,1e+20,1e+20,1e+20,337.0585791294852,-44.00199400310291,304.31109150894304,-40.61987120562703,6458700149606803456,0.0,0.0,0.0,0.0,0.0,0.0,0.0,0.0,0.0,0.0,0.0,0.0,0.0,0.0,0.0,0.0,0.0,0.0,0.0,0.0,0.0,0.0,0.0,0.0,0.0,0.0,0.0,0.0,0.0,0.0,0.0,0.0,0.0,0.0,0.0,0.0,0.0,0.0,0.0,0.0,0.0,0.0,0.0,0.0,0.0,0.0,0.0,0,0,0,0,0,0,0,0.0,0.0,0.0,0.0,0.0,0.0,0.0,0.0,0.0,0.0,0.0,0.0,0.0,0.0,0.0,0.0,0.0,0.0,0.0,0.0,0.0,0.0,0.0,0.0,0.0,0.0,0.0,0.0,0.0,0.0,0,0.0,0.0,0.0,0.0,0.0,0.0,0.0,0.0,0.0,0.0,0.0,0.0,0,0,0,0,0,0,0,0,0,0,0,0,0,0,0,0.0,0.0,0,0.0,0.0,0.0,0.0,0.0,0.0,0.0,0.0,0.0,0.0,0.0,0.0,0.0,0.0,0.0,0.0,0.0,4.428764221897664,12.622487327029082,0.06861364354123821,8885.194700628592,166.29536769605147,164.12348630071392,8.35215945411613,0.038,0.039737459322372715,0.8204913503961688,0.025820885007919663,0.026236906461246545,1.4980588352352713,0.04599652832125766,0.05012297348052819,0.3214651406771225,0.13807959897283295,3.4036970609420796,0.1403043126269865,0.03258366176762819,0.3161971986522279,0.042384763137909474,0.05636821472953932,1.8142560338874991,0.06564130267435604,0,0.10687070409324395,3.5717462257399397,0.12012820681248781,0.023852328689927517,0.2771701933978456,0.02481918630897993,0.05181326279574176,1.775229028633117,0.05593124779199538,0,DC,18.1426,17.709,17.6976,17.7709,17.8961,7.34620043477164e-32,1.4705767627990815e-32,1.6878045946817014e-32,1.8393537684185324e-32,2.7807145625251236e-32,0.0,0.0,0.9,0.0,0.57,0.04,7852,8.056,0.61,82,0.018,0.016,-0.0347,0.0047,logH/He=-5,0.0,-3.2976,3034.197,DC,,,,,SOAR Goodman Spect,,8621.66856576343,149.24430719140219,150.6078928825882,8.281384133034654,0.036151096900486124,0.03780428956731008,0.7551454508601132,0.02474728530259418,0.025022221015805868,1.471093040668653,0.020391450193864458,0.025223098127956423,0.17225840864206518,8244.385395265283,152.3890640588652,143.39171945648923,8.138432638686467,0.04051306979486213,0.041675007953221765,0.6623599572489176,0.026380387195396593,0.02666150904687936,1.308019436684066,0.01787950925196058,0.019348620609287437,0.1290236562761189,3.2621359941393995,0.13700871038569318,0.042337699573857426,0.3596577863756048,0.04507599425902426,0.04699246797323015,1.8307508270442578,0.051653169676333585,00,0.4379170048352954,2.571366912377744,0.27583008494718664,0.18172856373243504,0.7157878038246979,0.4948247346052133,0.1826059903928254,2.0238072405087637,0.49520287468531715,00
WDWD eDR3 6495983248875515904A,6495983248875515904,1.0,1636042515805110273,6495983248875515904,226400325,2016.0,354.1737510140091,0.06149428,-56.38008497485025,0.07173968,8.227697768438457,0.09349391,88.002495,167.72348,164.64423973571053,0.090883255,-31.99125905335623,0.09661922,-0.26318693,0.035019625,-0.17255813,0.1183157,-0.014792714,0.13898133,-0.28783202,-0.10420852,-0.16023922,-0.3230322,528,0,526,2,-0.38759562,531.48517,0.0,0.0,31,false,1.7273961,1e+20,1e+20,1e+20,1e+20,1e+20,1e+20,1e+20,61,29,0.15157846,65,23,0,0.0090482915,83.51053,0,0,0.9873796,0.05713969,0.25952417,0.06833422,0.33105007,0.04082259,56.52929,-58.610233,40.69314,false,543,1219.0920305443367,1.2769105,954.72,17.972275,61,906.0803707066442,11.417038,79.36212,17.945625,61,583.5526639524041,12.256773,47.61063,17.832695,0,32,0,30,0,1.2219201,0.1129303,-0.026649475,0.13957977,1e+20,1e+20,0,1e+20,1e+20,1e+20,322.3948362039811,-57.83370902474084,325.2016055579953,-47.872734059542246,6495983248875515904,0.0,0.0,0.0,0.0,0.0,0.0,0.0,0.0,0.0,0.0,0.0,0.0,0.0,0.0,0.0,0.0,0.0,0.0,0.0,0.0,0.0,0.0,0.0,0.0,0.0,0.0,0.0,0.0,0.0,0.0,0.0,0.0,0.0,0.0,0.0,0.0,0.0,0.0,0.0,0.0,0.0,0.0,0.0,0.0,0.0,0.0,0.0,0,0,0,0,0,0,0,0.0,0.0,0.0,0.0,0.0,0.0,0.0,0.0,0.0,0.0,0.0,0.0,0.0,0.0,0.0,0.0,0.0,0.0,0.0,0.0,0.0,0.0,6.495983248875516e+18,354.1737510140091,-56.38008497485025,8.227697768438457,0.09349391,17.972275,17.945625,17.832695,489600501,18.0991,18.0246,17.8403,17.6599,17.9584,18.1279,0.0128,0.013,0.0209,0.0909,0.0314,0.0228,0,0,0,0,0,0,0,1,0,0,2,0,0,3,0,0.5467091,6.495983248875516e+18,489600501,0.0,0.0,0.0,0.0,0.0,0.0,0.0,0.0,0.0,0.0,0.0,0.0,0.0,0.0,0.0,0.0,0.0,2.030889507693683,8.222742477339457,0.08454641106202336,10183.120859085087,275.83740132716594,265.3421564561904,8.205742643318924,0.05202636274216843,0.055420321477006596,0.7276571041722482,0.03433199203879045,0.035805799182498266,0.8073008584229191,0.013666764154932065,0.014530608239861187,7.444023097495432,0.3531933398946032,2.907257241562825,0.1914748619384934,0.08543337316060466,0.5034669260670729,0.22805697740600414,0.08651960293520573,1.3107677844899919,0.2285194160665194,0,0.24295325085884167,3.1186323516759016,0.1867180321239097,0.0640313634475932,0.41033527004752807,0.10921631252209973,0.06547362787736992,1.217636128470447,0.1101786798647782,0,DC,18.022,17.9649,18.0424,18.1978,18.3363,1.6346689347864791e-31,1.6688896439851054e-32,1.8210488638242758e-32,1.88331939165175e-32,2.9563454266767625e-32,0.01,0.0,0.82,0.0,0.01,0.05,9891,8.124,0.656,213,0.035,0.031,-0.045,-0.0067,logH/He=-5,0.0,-2.9328,2698.5352,,,,,,,,9539.997183805232,183.6987729777993,179.16784858722167,8.038050979906409,0.041315276698409065,0.042181380082400466,0.6024900162041831,0.024856216582896717,0.02627374381099834,0.7827856168333666,0.011622481590085831,0.011140357131881884,40.34400917553753,9070.67930222812,194.455074605341,190.62115146807264,7.876803002476493,0.05428968487240482,0.05406170067775662,0.5081749500017549,0.03063501477266506,0.029429375832448257,0.7163936956507774,0.014143126870901468,0.012930842547254406,0.269721220844074,1.2233597927058149,0.77618909660478,4.33719230153224,5.671278101909341,7.8347813222092215,4.337207874030116,6.454063718742707,7.834789242500114,01,0.2661599893367944,0.3501733275565162,0.2556852809074559,70.90250436915606,132.65622543963337,nan,70.90250577974119,133.37261913528414,nan,11
WDWD eDR3 6508010561756944768A,6508010561756944768,1.0,1636042515805110273,6508010561756944768,633254496,2016.0,333.71163792985317,0.10737242,-56.165855135406126,0.12831719,6.022369041807927,0.17228577,34.9557,47.973892,44.29440572025605,0.14346004,-18.425524775099582,0.16721112,0.010578797,0.12677044,0.017287739,-0.05376497,-0.18167385,-0.043233793,-0.3855993,-0.018014254,0.054242197,-0.0035817288,372,8,370,2,-1.0439833,349.3889,0.0,0.0,31,false,1.7693058,1e+20,1e+20,1e+20,1e+20,1e+20,1e+20,1e+20,43,21,0.23833217,46,19,0,0.05578119,175.19118,0,0,0.9607091,1e+20,1e+20,1e+20,1e+20,1e+20,1e+20,1e+20,1e+20,false,372,654.3274503848565,1.2585794,519.8937,18.647879,39,467.8211670518666,7.2460647,64.5621,18.663343,37,260.7377103194047,9.455704,27.57465,18.707386,0,0,0,1,0,1.113447,-0.044042587,0.015464783,-0.05950737,1e+20,1e+20,0,1e+20,1e+20,1e+20,335.8792674596034,-49.73496660106111,311.88522365082537,-41.60708894816447,6508010561756944768,0.0,0.0,0.0,0.0,0.0,0.0,0.0,0.0,0.0,0.0,0.0,0.0,0.0,0.0,0.0,0.0,0.0,0.0,0.0,0.0,0.0,0.0,0.0,0.0,0.0,0.0,0.0,0.0,0.0,0.0,0.0,0.0,0.0,0.0,0.0,0.0,0.0,0.0,0.0,0.0,0.0,0.0,0.0,0.0,0.0,0.0,0.0,0,0,0,0,0,0,0,0.0,0.0,0.0,0.0,0.0,0.0,0.0,0.0,0.0,0.0,0.0,0.0,0.0,0.0,0.0,0.0,0.0,0.0,0.0,0.0,0.0,0.0,6.508010561756944e+18,333.71163792985317,-56.165855135406126,6.022369041807927,0.17228577,18.647879,18.663343,18.707386,488883635,0.0,0.0,0.0,18.64,19.1866,0.0,0.0,0.0,0.0,0.027,0.0399,0.0,0,0,0,0,0,0,0,0,0,0,0,0,0,0,0,0.24850279,6.508010561756944e+18,488883635,0.0,0.0,0.0,0.0,0.0,0.0,0.0,0.0,0.0,0.0,0.0,0.0,0.0,0.0,0.0,0.0,0.0,29.692457111367187,6.244712865737951,0.12710320295453162,14975.522902982797,1343.1272623700825,1224.9813762516278,8.78588527841847,0.07104230219376895,0.06688710342135096,1.0956759297998526,0.03719472117168787,0.03812304165441893,0.8139949403282372,0.09263275665072035,0.0818362354379456,3.2873700761789797,0.3476142165578304,5.838092801867782,0.3562901089198034,0.010094788565256849,0.07936293689646191,0.012336757868026316,0.09318118029349497,0.8933578772246991,0.08276089067518047,0,0.369728838684769,6.6224247495015165,0.37895667648527986,0.007110918417370856,0.059671963513675624,0.008132825260595597,0.09290528922214321,0.8736669038419128,0.08223935966053143,11,DB,18.7569,18.5265,18.7871,19.0246,19.2339,1.304363987648002e-31,1.7060981994927924e-32,1.8195008044717628e-32,2.0706664380576403e-32,3.422932828456482e-32,0.0,0.81,0.13,0.0,0.01,0.01,11884,8.499,0.905,0,0.027,0.024,-0.0428,0.0274,Pure He,0.0,-2.8499,2622.2448,,,,,,,,13804.318915031548,1295.7205447746892,1010.9818965566446,8.711902812711024,0.10087726473965475,0.08946917331969217,1.0364741898483738,0.05989954969883193,0.05340037481431714,0.8811911577969025,0.04329697490754392,0.04250951309697648,15.688552691904206,13680.993400514904,1320.2786223739386,1077.4664902201985,8.709036821911564,0.1041809754953924,0.10111473381972225,1.0366558011341593,0.05977025560931448,0.06222185591967255,0.9016325051879301,0.03196776051331829,0.04305741647730732,0.707279690696164,6.033938268870515,0.5308188351323757,0.012475665584677146,0.07331090897415654,0.025263531466019437,0.04505852048087226,0.9545020667710591,0.049450022506330266,11,0.7054571378494572,6.035743550041346,0.6185075141120544,0.014250318288026162,0.07326542088817442,0.025146395934768154,0.03500013262184766,0.9748979260761046,0.049862634729909934,11
WDWD eDR3 659865375059492352A,659865375059492352,1.0,1636042515805110273,659865375059492352,421335952,2016.0,131.64980168262557,0.102803126,17.450739274399016,0.052863296,8.531657205264285,0.11469212,74.387474,141.85939,-75.61234846875536,0.11965444,-120.02858597548033,0.085949115,-0.18297659,-0.17619741,-0.05782852,0.16547406,0.08645069,0.116030075,-0.04471248,0.27776158,-0.19604944,-0.13276108,479,0,475,4,1.6115012,545.02435,0.22812004,0.8635978,31,false,1.7345073,1e+20,1e+20,1e+20,1e+20,1e+20,1e+20,1e+20,54,20,0.16961955,57,11,0,0.025766827,148.3591,0,0,1.0522977,0.36420065,0.56377435,0.2718999,0.19922547,-161.3363,10.086009,-45.52465,-17.992659,false,487,1270.9849565672412,1.4972634,848.87195,17.927015,45,899.2956158604595,12.467551,72.1309,17.953787,48,581.4280870010158,7.0466065,82.51179,17.836655,0,1,0,3,0,1.1650206,0.11713219,0.026771545,0.09036064,1e+20,1e+20,0,1e+20,1e+20,1e+20,209.00454755792106,33.06833998135265,129.3467100579257,-0.4817205540901093,659865375059492352,6.598653750594924e+17,131.64980168262557,17.450739274399016,8.531657205264285,0.11469212,17.927015,17.953787,17.836655,1.2376672931861627e+18,18.07952,17.89578,18.01487,18.13468,18.31711,0.01308743,0.005573511,0.006843652,0.008397227,0.0272004,35219000922644.0,268993044.0,269127696.0,4503599896363024.0,269123604.0,275281117200.0,0.08072197,6.598653750594924e+17,1.2376672931861627e+18,6.598653750594924e+17,131.64980168262557,17.450739274399016,8.531657205264285,0.11469212,17.927015,17.953787,17.836655,1.2894131649942166e+17,17.9351997375488,18.0130996704102,18.1569995880127,18.3127002716064,18.4489994049072,0.00437099998816848,0.00472000008448958,0.00570800015702844,0.00554199982434511,0.00830799993127584,115000,115000,115000,115000,115000,436527104,52,0.36085057,6.598653750594924e+17,1.2894131649942166e+17,0.0,0.0,0.0,0.0,0.0,0.0,0.0,0.0,0.0,0.0,0.0,0.0,0.0,0.0,0.0,0.0,0.0,0.0,0.0,0.0,0.0,0.0,0.0,0.0,0.0,0.0,0.0,0,0.0,0.0,0.0,0.0,0.0,0.0,0.0,0.0,0.0,0.0,0.0,0.0,0,0,0,0,0,0,0,0,0,0,0,0,0,0,0,0.0,0.0,0,0.0,0.0,0.0,0.0,0.0,0.0,0.0,0.0,0.0,0.0,0.0,0.0,0.0,0.0,0.0,0.0,0.0,3.1241207532540973,8.514353915457189,0.10649736671643198,10351.700343275425,257.34373124128433,234.56172259565574,8.316651382512447,0.040755710509184695,0.04097322098815326,0.8003459142191343,0.026904812669140354,0.02750245617591751,0.9228089305320717,0.010998245687164454,0.01092370871428816,0.8118068248196446,0.14387600357829156,3.295967455717296,0.14707195815998597,0.042142866739218236,0.34920336889807885,0.048188463594753685,0.04355436402009261,1.2720122994301506,0.04941108616188796,0,0.12915686423726136,3.4905330660901184,0.11065987528861276,0.025646635320742787,0.2960307834649908,0.032960324215575994,0.02790539932468989,1.2188397139970624,0.0347233406294743,0,DC,18.2191,17.9305,18.0058,18.1344,18.3144,1.137180123172136e-31,1.8652181162782294e-32,1.9581781582699068e-32,2.0577079815825334e-32,3.169896304546409e-32,0.0,0.0,0.91,0.0,0.02,0.01,9366,8.044,0.606,194,0.037,0.031,-0.0459,0.0063,logH/He=-5,0.0,-2.983,2744.701,,,,,,,,10120.44036680449,252.1448639695045,246.6860413487193,8.227638000059992,0.040129002716106754,0.04107327244782866,0.7224803025979786,0.026260026784676094,0.02622885799874397,0.8823559877812535,0.01066763259398118,0.009923746154250401,0.09579539285699294,9763.439048838824,278.8873907995476,271.32861272238006,8.124922724485224,0.05487970145054355,0.05893377509617537,0.6563993608888904,0.035495533304274574,0.037326084312866215,0.833300773073819,0.01145075163474285,0.011268188511686428,0.19448266581848817,3.0893223469124824,0.13972218057709362,0.05179012207421112,0.4216736566488504,0.08811828381184637,0.05287735932912932,1.3040296444301038,0.0886753217060931,00,0.7957215878167248,2.484182377518975,0.3941461810631339,0.2724130794625376,0.7906151329888967,1.1995424230746394,0.27265363664411923,1.6239159060627157,1.199595347118399,00
WDWD eDR3 6645357018814684288B,6645357023108224256,1.0,1636042515805110273,6645357023108224256,870780688,2016.0,292.29714184683206,0.11281166,-53.225609009344375,0.11838528,18.76778831119706,0.14990251,125.19997,390.02914,33.42167785904955,0.120020516,-388.59455088547526,0.12201,0.24669889,0.09211268,-0.4628851,0.054355554,-0.06410747,0.088637725,-0.31867456,-0.2813372,-0.13795453,0.3088422,408,0,407,1,-1.5362178,374.74527,0.0,0.0,31,false,1.4848944,1e+20,1e+20,1e+20,1e+20,1e+20,1e+20,1e+20,47,17,0.19839494,49,29,0,0.030020637,171.27702,0,0,0.9455,0.31621718,0.4009286,0.4195993,0.7721995,128.85867,-49.382645,7.221619,33.298477,false,421,797.0607599747565,1.1203635,711.43054,18.433638,43,368.0061410609771,7.0854683,51.938152,18.923904,41,588.4877498825246,7.2375784,81.310036,17.823551,0,0,0,2,0,1.2000263,1.1003532,0.4902668,0.61008644,1e+20,1e+20,0,1e+20,1e+20,1e+20,344.40602837567894,-26.911198524684266,285.3611650418107,-30.968892191769275,6645357023108224256,0.0,0.0,0.0,0.0,0.0,0.0,0.0,0.0,0.0,0.0,0.0,0.0,0.0,0.0,0.0,0.0,0.0,0.0,0.0,0.0,0.0,0.0,0.0,0.0,0.0,0.0,0.0,0.0,0.0,0.0,0.0,0.0,0.0,0.0,0.0,0.0,0.0,0.0,0.0,0.0,0.0,0.0,0.0,0.0,0.0,0.0,0.0,0,0,0,0,0,0,0,0.0,0.0,0.0,0.0,0.0,0.0,0.0,0.0,0.0,0.0,0.0,0.0,0.0,0.0,0.0,0.0,0.0,0.0,0.0,0.0,0.0,0.0,6.645357023108224e+18,292.29714184683206,-53.225609009344375,18.76778831119706,0.14990251,18.433638,18.923904,17.823551,480994749,0.0,0.0,0.0,0.0,18.1981,18.0706,0.0,0.0,0.0,0.0,0.0131,0.0189,0,0,0,0,0,0,0,0,0,0,0,0,0,0,0,0.20084839,6.645357023108224e+18,480994749,0.0,0.0,0.0,0.0,0.0,0.0,0.0,0.0,0.0,0.0,0.0,0.0,0.0,0.0,0.0,0.0,0.0,29.314510017909225,18.53933117157374,0.10461791021324313,4972.070676227795,59.664848114733545,66.65310465809762,7.923418031733355,0.04204463253987889,0.045143088214069316,0.5339086683172195,0.0252729401685029,0.026382669790897095,5.075357034651194,0.21114664131635852,0.22232015984967615,1.4567402243263012,0.31591175210628625,0.5613583539652439,0.3297833723862137,55.337811537961514,72.47719114859606,696.5479778639459,55.338214361461695,77.55254818324725,696.5480133433772,11,0.21957376341010326,0.5737503763442185,0.22921520235358017,45.167337042486174,69.58047074430841,9.03297158595955,45.16783057014896,74.6558277789596,9.03570705181549,11,DC,21.0961,19.0846,18.4087,18.1641,18.0259,2.366669385473122e-31,1.5672248284770554e-32,1.8696279838913603e-32,2.2565239530348522e-32,3.6785162947344576e-32,0.13,0.0,0.72,0.0,0.0,0.03,5103,8.024,0.595,62,0.03,0.026,0.1892,0.6631,Pure H,0.0,-4.0243,-0.4203,,,,,,,,4958.271406832891,47.162285544046426,48.511443562298155,7.9178222421725195,0.03208535970285453,0.032118071950246296,0.5192381181267962,0.018493097703165873,0.017905585087002462,5.232371787734902,0.13536371745233744,0.13712864809602987,2.2726564744304856,3995.0315041364647,2502.985574866506,116.96373345389884,7.838378105464658,0.7802377676070336,0.0855615251006192,0.4736174290897247,0.5032581853956556,0.04537615346718854,6.269262108576159,0.3792207622655299,1.696929392747295,0.16066983234722731,0.446291208747144,0.15556546556909168,60.778705940911976,123.68733419487017,341.00108162658074,60.77885667884722,128.91970598260508,341.0011091987299,11,4.372356085105606,0.049934223194828875,0.39423243672622454,nan,nan,nan,nan,nan,nan,11
WDWD eDR3 6655420165843004416A,6655420165843004416,1.0,1636042515805110273,6655420165843004416,537430706,2016.0,279.15043597931117,0.09701517,-51.24898605488823,0.09796062,4.08795685912877,0.11331445,36.076218,20.733501,8.594982627958885,0.10677491,-18.86807693394955,0.09790084,0.25908697,-0.0157915,-0.37740716,-0.17487273,-0.2793085,-0.11057713,-0.51472163,-0.18033327,0.1719832,0.20041762,310,0,310,0,0.30683705,326.47736,0.0,0.0,31,false,1.781361,1e+20,1e+20,1e+20,1e+20,1e+20,1e+20,1e+20,35,18,0.16784672,36,20,0,0.07092725,176.8344,0,0,1.011352,0.24649622,0.1700163,0.13309667,0.69575524,-146.69955,-33.033245,-17.389046,43.26091,false,309,1141.1443018450643,1.5559059,733.42755,18.044016,34,893.4531840253344,16.181465,55.214603,17.960863,33,485.5867540419099,9.441749,51.42975,18.032228,0,23,0,22,0,1.2084712,-0.07136536,-0.08315277,0.011787415,1e+20,1e+20,0,1e+20,1e+20,1e+20,344.17027996311685,-18.637068915183935,276.4740532917825,-28.0151488171763,6655420165843004416,0.0,0.0,0.0,0.0,0.0,0.0,0.0,0.0,0.0,0.0,0.0,0.0,0.0,0.0,0.0,0.0,0.0,0.0,0.0,0.0,0.0,0.0,0.0,0.0,0.0,0.0,0.0,0.0,0.0,0.0,0.0,0.0,0.0,0.0,0.0,0.0,0.0,0.0,0.0,0.0,0.0,0.0,0.0,0.0,0.0,0.0,0.0,0,0,0,0,0,0,0,0.0,0.0,0.0,0.0,0.0,0.0,0.0,0.0,0.0,0.0,0.0,0.0,0.0,0.0,0.0,0.0,0.0,0.0,0.0,0.0,0.0,0.0,6.655420165843004e+18,279.15043597931117,-51.24898605488823,4.08795685912877,0.11331445,18.044016,17.960863,18.032228,476619369,17.7822,0.0,17.9397,18.0701,0.0,18.2707,0.0186,0.0,0.0315,0.0192,0.0,0.1237,0,0,0,0,0,0,0,0,0,0,0,0,0,0,0,0.8436791,6.655420165843004e+18,476619369,0.0,0.0,0.0,0.0,0.0,0.0,0.0,0.0,0.0,0.0,0.0,0.0,0.0,0.0,0.0,0.0,0.0,15.296258345052815,4.1385617204535246,0.1056527374049677,19228.215821726662,1005.9029639130167,957.73139013943,8.102854693814102,0.06548468657373796,0.06540009215809839,0.6819347268366793,0.04149785234665848,0.04051514692281244,0.10247361514976294,0.0067174161592524345,0.0060206439576584725,4.678301613049152,0.5187231543332309,2.4116840854584916,0.46772700416445945,0.34350869040064314,0.8611593454110007,0.6169264099467737,0.34357436467324143,0.9636329605607636,0.6169557872680016,0,0.5848857935793399,2.800296008184509,0.2888293883170556,0.13619890415470315,0.5579487498017575,0.5332880762060579,0.1363644571462762,0.6604223649515204,0.533322060651182,0,DB,17.8286,17.9034,18.1728,18.3955,18.5852,1.5462492895644824e-31,2.2788796818204987e-32,2.2703427915192022e-32,2.4225873713472544e-32,3.749053970396003e-32,0.0,1.0,0.01,0.0,0.0,0.0,14668,7.802,0.482,0,0.031,0.022,-0.0494,-0.0083,Pure He,0.0,-2.0599,1895.3077,,,,,,,,13825.088639316975,938.9006104864675,731.5169823551005,7.688021175528501,0.11897929049998801,0.10047068307656826,0.4264670751118257,0.0587009044920665,0.04446115275127582,0.16237671448719665,0.0074259227726825305,0.007941970330936271,7.188405801007135,13757.938957583105,962.592187145925,743.8719632900265,7.6921920843078535,0.12162722224493372,0.10678716594853999,0.427910818577064,0.06028116972216779,0.04743156030642992,0.16543377942480958,0.00820601507232177,0.008490158152137106,0.5099991702177797,-0.3597126402100277,0.3862828214706846,nan,nan,nan,nan,nan,nan,11,0.5237286683072786,-0.3471692564981397,0.4120900113503898,nan,nan,nan,nan,nan,nan,11
WDWD eDR3 6697056948905594496B,6697056953199978112,1.0,1636042515805110273,6697056953199978112,81080366,2016.0,301.9579681833332,0.1923241,-37.0232514123655,0.16302124,8.066331941298765,0.23769344,33.935863,55.97121,-36.77599479251806,0.20092331,-42.193630474445186,0.17674823,0.055014566,0.3161519,0.14050129,-0.21693286,-0.31692275,-0.12615542,0.16556822,-0.032401845,-0.25693884,0.12694691,265,0,265,0,1.3395824,305.4414,0.0,0.0,31,false,1.6458143,1e+20,1e+20,1e+20,1e+20,1e+20,1e+20,1e+20,30,17,0.28520882,31,10,0,0.04008175,175.10164,0,0,1.0580094,0.2483648,0.2854421,0.3050804,0.59690505,-61.66337,-16.095514,-47.722202,28.701591,false,267,510.00701775967104,1.1216384,454.69824,18.918427,26,298.1212322979893,11.497154,25.930002,19.15256,28,270.4762493199641,12.059455,22.428564,18.667572,0,0,0,1,0,1.1148816,0.48498726,0.23413277,0.2508545,1e+20,1e+20,0,1e+20,1e+20,1e+20,4.0142041686435785,-30.467892821416577,296.14207286360613,-16.43957366769815,6697056953199978112,0.0,0.0,0.0,0.0,0.0,0.0,0.0,0.0,0.0,0.0,0.0,0.0,0.0,0.0,0.0,0.0,0.0,0.0,0.0,0.0,0.0,0.0,0.0,0.0,0.0,0.0,0.0,0.0,0.0,0.0,0.0,0.0,0.0,0.0,0.0,0.0,0.0,0.0,0.0,0.0,0.0,0.0,0.0,0.0,0.0,0.0,0.0,0,0,0,0,0,0,0,0.0,0.0,0.0,0.0,0.0,0.0,0.0,0.0,0.0,0.0,0.0,0.0,0.0,0.0,0.0,0.0,0.0,0.0,0.0,0.0,0.0,0.0,6.697056953199978e+18,301.9579681833332,-37.0232514123655,8.066331941298765,0.23769344,18.918427,19.15256,18.667572,232953585,0.0,0.0,19.0659,18.964,18.9128,0.0,0.0,0.0,0.0177,0.0115,0.1391,0.0,0,0,3,0,0,0,0,0,0,0,0,0,3,0,0,0.18761693,6.697056953199978e+18,232953585,0.0,0.0,0.0,0.0,0.0,0.0,0.0,0.0,0.0,0.0,0.0,0.0,0.0,0.0,0.0,0.0,0.0,6.87869317043428,8.058408155994819,0.15422409607394588,7349.988754003245,489.6818178376634,415.4301822833131,8.125074808972972,0.14879550287653132,0.14548334079593683,0.6694824283204992,0.09751841987154408,0.09015314171242639,1.6750969332708392,0.17943650195932026,0.12129231591615741,1.1685425948928756,1.2189802483943013,2.2560303540062403,0.8222347263837366,0.6112205104138269,1.03717159941378,9.014145010648534,0.6370148903957711,2.712268532684619,9.014961014829746,0,1.7610811552639816,2.6654600297118978,0.619761410046074,0.2960857083247683,0.6486097536529878,15.591972819463985,0.3462141027017486,2.3237066869238268,15.592444587966442,1,DC,19.2793,19.1216,18.9644,18.9681,19.0544,1.175386067561765e-31,2.1066076503092055e-32,2.281873884697966e-32,2.5564621372332736e-32,4.0864558400195997e-32,0.7,0.0,0.72,0.0,0.0,0.0,6981,7.993,0.57,322,0.082,0.069,-0.0399,0.0504,logH/He=-5,0.0,-3.4679,3190.8954,,,,,,,,7149.9588493952415,430.4000670456371,383.83199489140225,8.053567085110618,0.14254062369561105,0.14405678663587373,0.6070900325707741,0.09186948334130063,0.0865389863165158,1.661893273224071,0.12064628659976573,0.09741704278065377,1.2396206491796464,6768.376526171734,465.84838858938474,505.6826481784583,7.862424332257202,0.17638444618540206,0.1120669567304029,0.49487768041994273,0.1036116378092865,0.06026614925256607,1.5331225657023406,0.1093054000620668,0.08094804721489601,0.8723412823278415,1.2837274615587149,1.5939629347833757,4.304845709241841,4.8233728173845,143.94735033377592,4.306535975334259,6.485266090608571,143.94738329749188,01,0.9001879913925841,0.23464535551644494,0.5235981690057869,827.515218605558,857.1804926589381,nan,827.5152258245614,858.7136152246404,nan,11
WDWD eDR3 6811332628353575296A,6811332628353575296,1.0,1636042515805110273,6811332628353575296,1641933186,2016.0,327.15821445945966,0.16534357,-25.836944322577647,0.14163287,4.321054666829817,0.21131665,20.448246,78.41786,73.95573738932357,0.1955711,-26.07509174754268,0.1708901,0.5735133,0.46144006,-0.29001755,-0.27067816,0.32916614,-0.20727488,-0.64340115,-0.41884062,-0.24824598,0.40273657,490,0,490,0,0.08971362,503.23856,0.0,0.0,31,false,1.8009802,1e+20,1e+20,1e+20,1e+20,1e+20,1e+20,1e+20,56,19,0.3277566,59,31,0,0.03868039,163.8631,0,0,1.002194,0.0731966,0.5713304,0.1332903,0.17256372,35.047657,-25.993782,4.4062057,39.640163,false,500,619.6509896731066,0.9632915,643.2642,18.706999,50,472.5024669960009,8.472577,55.768448,18.652533,49,266.2227027269215,7.1963944,36.9939,18.684782,0,15,0,15,0,1.1921633,-0.03224945,-0.054466248,0.022216797,1e+20,1e+20,0,1e+20,1e+20,1e+20,23.999924473973724,-49.30199746381973,320.5977800390847,-11.86993060038343,6811332628353575296,0.0,0.0,0.0,0.0,0.0,0.0,0.0,0.0,0.0,0.0,0.0,0.0,0.0,0.0,0.0,0.0,0.0,0.0,0.0,0.0,0.0,0.0,0.0,0.0,0.0,0.0,0.0,0.0,6.811332628353575e+18,327.15821445945966,-25.836944322577647,4.321054666829817,0.21131665,18.706999,18.652533,18.684782,7.69932715808061e+16,18.6147003173828,18.8085994720459,18.9731998443604,19.2119007110596,19.2539005279541,0.016499999910593,0.0122379995882511,0.0143079999834299,0.0231209993362427,0.0401449985802174,16892216,16892216,16892216,16892216,115000,444915712,53,0.079741985,6.811332628353575e+18,7.69932715808061e+16,0.0,0.0,0.0,0.0,0.0,0.0,0.0,0.0,0.0,0.0,0.0,0.0,0.0,0.0,0.0,0.0,0.0,0.0,0.0,0.0,0.0,0.0,0.0,0.0,0.0,0.0,0.0,0,0.0,0.0,0.0,0.0,0.0,0.0,0.0,0.0,0.0,0.0,0.0,0.0,0,0,0,0,0,0,0,0,0,0,0,0,0,0,0,0.0,0.0,0,0.0,0.0,0.0,0.0,0.0,0.0,0.0,0.0,0.0,0.0,0.0,0.0,0.0,0.0,0.0,0.0,0.0,1.9875133595746193,4.258958432180971,0.19325549724367552,12058.851305961216,1054.4120292133466,848.0459805103637,8.057775456907038,0.08795746957689765,0.10258214696898893,0.639600003034664,0.05643757052177234,0.06216786915652972,0.4186774311936484,0.02864615098397727,0.04199614407425817,1.2891930444772757,0.7054696315221543,1.8825000379333003,0.7770983644566214,0.8425288866109123,1.4961674264317237,4.970102503346506,0.8430157333881856,1.914844857625372,4.970279928725173,0,1.1993591075800711,2.201030979977045,0.7397898435776962,0.6241392111967454,1.1105101754818467,10.248629817855766,0.6247962523251019,1.529187606675495,10.248715861977999,0,DB,18.5279,18.6245,18.818,19.0453,19.2236,1.0045802243561568e-31,1.4272226119711292e-32,1.5068245006886058e-32,1.7515948285189374e-32,2.878618616410377e-32,0.0,1.0,0.27,0.0,0.01,0.0,13585,8.224,0.726,0,0.05,0.044,-0.0395,0.0223,Pure He,0.0,-2.4379,2243.164,,,,,,,,12152.943596558145,1049.1718498627179,851.9730745929555,8.012103041829763,0.12358200617854109,0.11833920118842478,0.5919951397962195,0.07621610848848803,0.06932271719094607,0.39244526590411233,0.0188586829462582,0.02030931533341901,1.2476520842491683,11982.421393789169,1056.579563986219,929.1857142058725,7.985708859835498,0.13998218383182426,0.15119318958320171,0.5759911144080895,0.08641728794501047,0.08520351834248041,0.39238724010396253,0.014181054728290399,0.015631614406485916,0.6621729668852127,1.0784112927560343,1.478110886548319,8.01829026846503,8.747289653747004,136.53659268594677,8.018312445850652,9.139734919651115,136.53659419641468,01,0.7508018066464848,0.9393667628852258,1.6154000854134907,13.497373364856427,14.22817538015464,1276.9611434275591,13.497380814537646,14.620562620258603,1276.9611435232346,11
WDWD eDR3 6818115485520434048B,6818115279361744640,1.0,1636042515805110273,6818115279361744640,1360015926,2016.0,326.7913303557251,0.3948782,-20.61057883097603,0.3509066,5.635327297324826,0.38507423,14.634393,66.255264,59.41718617533332,0.4440532,-29.314816395022667,0.37971324,0.6948292,0.47416002,-0.5525731,-0.5664374,0.36316195,-0.48981446,-0.87622833,-0.47315875,-0.28934774,0.5557057,399,0,396,3,-0.26579204,401.4142,0.21291468,0.10800299,31,false,1.6877928,1e+20,1e+20,1e+20,1e+20,1e+20,1e+20,1e+20,46,15,0.8263187,53,39,0,0.037387017,175.67955,0,0,0.9896607,0.49157706,0.60982573,0.3587987,0.12098803,-18.772993,-18.540394,-15.6013565,-3.7238634,false,419,336.16043630999474,0.87554824,383.94278,19.371,47,208.6331451077567,7.9324336,26.30128,19.540085,45,174.00286124497313,4.9652314,35.044262,19.146505,0,0,0,0,0,1.1382542,0.39357948,0.16908455,0.22449493,1e+20,1e+20,0,1e+20,1e+20,1e+20,31.47236444457641,-47.60097671819598,322.06782389525654,-6.837439190263829,6818115279361744640,0.0,0.0,0.0,0.0,0.0,0.0,0.0,0.0,0.0,0.0,0.0,0.0,0.0,0.0,0.0,0.0,0.0,0.0,0.0,0.0,0.0,0.0,0.0,0.0,0.0,0.0,0.0,0.0,6.818115279361745e+18,326.7913303557251,-20.61057883097603,5.635327297324826,0.38507423,19.371,19.540085,19.146505,8.32632679121977e+16,19.533899307251,19.3920993804932,19.4477996826172,19.4992008209229,19.4955005645752,0.0136310001835227,0.010071000084281,0.00500199990347028,0.0147409997880459,0.0487810000777245,115000,115000,115000,115000,115000,436527104,52,0.013850232,6.818115279361745e+18,8.32632679121977e+16,0.0,0.0,0.0,0.0,0.0,0.0,0.0,0.0,0.0,0.0,0.0,0.0,0.0,0.0,0.0,0.0,0.0,0.0,0.0,0.0,0.0,0.0,0.0,0.0,0.0,0.0,0.0,0,0.0,0.0,0.0,0.0,0.0,0.0,0.0,0.0,0.0,0.0,0.0,0.0,0,0,0,0,0,0,0,0,0,0,0,0,0,0,0,0.0,0.0,0,0.0,0.0,0.0,0.0,0.0,0.0,0.0,0.0,0.0,0.0,0.0,0.0,0.0,0.0,0.0,0.0,0.0,3.9382926230853195,5.728282931484538,0.2127565150233347,7728.190130262716,322.0274383270835,299.7864388271828,8.037756025461505,0.09359230810695607,0.09292898087946799,0.6163634941259322,0.05892522701677372,0.05573924411043385,1.286408792343187,0.05273675806069811,0.047708107755302986,1.1031531456304564,0.7365653377096715,1.5920436765741521,0.6967405513804232,1.3840509234426577,2.380246909527886,17.312853297379238,1.385055278439538,3.666655701871073,17.312919030600263,0,0.752192925340667,1.5303707455766224,1.1686399872833781,2.075291075309133,2.6992134720525636,24.58898622813034,2.0759610335717986,3.985622264395751,24.589032510262154,1,DC,20.0753,19.5165,19.3694,19.3919,19.6063,7.269619331014764e-32,1.1450444447157719e-32,1.3340317650905467e-32,1.7128565166467519e-32,2.846075541726097e-32,0.33,0.0,0.83,0.0,0.0,0.0,7294,7.82,0.473,294,0.109,0.082,-0.1801,0.0218,logH/He=-5,0.0,-3.2994,3035.7764,,,,,,,,7452.2261662776655,320.5989265763492,287.3980721707085,7.936303946675773,0.10389810423763457,0.09466799590236086,0.5369463075885632,0.06343555758106179,0.052822396943987604,1.2845038253746188,0.04752074411939766,0.043747473986713636,1.7322036885906447,7174.150377306084,288.97695711368397,280.11002035328056,7.787032896391132,0.1005523477279473,0.10365275283649478,0.45582850070055425,0.05452949961220965,0.05169517552388275,1.1608829240929452,0.0404939953387331,0.036226037196730454,0.5511342969683904,0.600141681916275,0.4589261246219598,54.07692331883232,63.40355320004958,nan,54.07694419853985,64.6880570254242,nan,11,0.4737575987159828,-0.1046177176320211,0.4491327152379041,nan,nan,nan,nan,nan,nan,11
WDWD eDR3 733402121474544896A,733402121474544896,1.0,1636042515805110273,733402121474544896,1653804786,2016.0,164.28189384606338,0.11190475,30.27393764049227,0.11337527,19.7886385841985,0.13441183,147.22394,188.55103,-182.6800682705324,0.11302909,46.68491443331216,0.119968094,-0.04639451,0.095595434,-0.40436405,0.06728837,-0.47406265,-0.06832604,-0.5780116,0.21899143,0.28817672,0.019466868,202,0,200,2,0.6837114,216.71916,0.0,0.0,31,false,1.6082947,1e+20,1e+20,1e+20,1e+20,1e+20,1e+20,1e+20,23,13,0.18757343,25,16,0,0.11696258,110.29198,3,0,1.0330915,0.3443257,0.119405024,0.3451363,0.85141057,-5.1339707,4.608539,-23.36811,-22.041115,false,213,1441.1647928643438,2.1094413,683.1974,17.790583,24,813.6837087720919,15.037637,54.109814,18.062403,24,874.2272999431607,10.800871,80.940445,17.393835,0,4,0,2,0,1.171213,0.66856766,0.27182007,0.3967476,1e+20,1e+20,0,1e+20,1e+20,1e+20,198.9514157874514,64.80347619263792,153.46132236503175,21.68298879000275,733402121474544896,7.334021214745449e+17,164.28189384606338,30.27393764049227,19.7886385841985,0.13441183,17.790583,18.062403,17.393835,1.2376653679687762e+18,18.83637,18.07667,17.80368,17.66746,17.71412,0.01982195,0.006358666,0.006348206,0.007227154,0.01670274,158398662443520.0,268468224.0,158329942999040.0,4503599895838720.0,268468224.0,275280593408.0,0.09614154,7.334021214745449e+17,1.2376653679687762e+18,7.334021214745449e+17,164.28189384606338,30.27393764049227,19.7886385841985,0.13441183,17.790583,18.062403,17.393835,1.443216428223292e+17,18.0888004302979,17.8055992126465,17.7091007232666,17.720100402832,17.7280006408691,0.0144729996100068,0.00580399995669723,0.00434899982064962,0.00589800020679832,0.0107909999787807,115000,115000,115000,115000,115000,436527104,52,0.35246998,7.334021214745449e+17,1.443216428223292e+17,0.0,0.0,0.0,0.0,0.0,0.0,0.0,0.0,0.0,0.0,0.0,0.0,0.0,0.0,0.0,0.0,0.0,0.0,0.0,0.0,0.0,0.0,0.0,0.0,0.0,0.0,0.0,0,0.0,0.0,0.0,0.0,0.0,0.0,0.0,0.0,0.0,0.0,0.0,0.0,0,0,0,0,0,0,0,0,0,0,0,0,0,0,0,0.0,0.0,0,0.0,0.0,0.0,0.0,0.0,0.0,0.0,0.0,0.0,0.0,0.0,0.0,0.0,0.0,0.0,0.0,0.0,177.64799814271032,19.69973352927818,0.11611206954904547,6367.737661272045,76.41285193526454,76.41285193526454,8.32542084884684,0.038,0.038,0.7978876733743008,0.01200702717417723,0.011930626237798206,4.066851174916321,0.08359627725206895,0.09116030879559167,2.7804295566553914,0.06420870146618851,3.282821782750272,0.06380014030908043,0.0197151784406392,0.35326557451411067,0.019841429826251804,0.0706779295847494,4.420116749430432,0.07951244013544971,0,0.05428131633895683,3.4794198615474716,0.049905653603954825,0.011589871379412711,0.298611665628854,0.012606056212915063,0.06885496778034161,4.365462840545176,0.0780221664143375,0,DA,19.0783,18.1004,17.8056,17.7127,17.6837,1.4293878330322647e-31,2.610393883991623e-32,3.2109333841662635e-32,3.333130836763482e-32,4.980791954876129e-32,0.78,0.0,0.48,0.0,0.0,0.0,6343,8.326,0.798,160,0.044,0.04,-0.0356,0.0513,Pure H,0.0,-3.8213,-0.7325,DC,,,,,LDT Deveny,,6208.077145294637,43.452603073202226,41.185365895347786,8.243867188639198,0.017745448735523084,0.01719039359514163,0.7272171364094661,0.011690349794923005,0.011130759833940629,3.771728613074887,0.030540848847752766,0.02938790673541991,10.950329810384135,5247.22617047546,1238.0086035907316,60.167504274818384,8.103384530801405,0.22250795178757166,0.02622017904069729,0.6334223659843954,0.14993538927580752,0.016795830478343543,5.829563775420058,0.04904849249728649,2.065096540649037,0.07199239812593472,3.116308169093851,0.05879957651315726,0.022746237534982918,0.4112343651128499,0.027849795620877325,0.038080635109450936,4.182962978187737,0.040487778136301535,00,1.9501290182240145,2.0858108315045354,0.2954299120195265,0.39454111874029363,1.2856283728572413,2216.407925317449,0.3975782300291338,7.115192148277299,2216.4088873747373,01
WDWD eDR3 733402121474544896B,733402636870625152,1.0,1636042515805110273,733402636870625152,985721768,2016.0,164.32468544515018,0.17794415,30.30664560151414,0.22816543,19.438284749973366,0.23049822,84.331604,187.5459,-181.71411822834014,0.19611487,46.40519031811839,0.2277102,-0.30982304,-0.027776213,-0.27724656,0.38323116,-0.43512127,0.16963162,-0.6636406,0.31354445,0.15715286,-0.22829084,182,0,182,0,-0.7349452,169.82228,0.0,0.0,31,false,1.4469998,1e+20,1e+20,1e+20,1e+20,1e+20,1e+20,1e+20,21,14,0.37963808,24,15,0,0.08481206,109.21136,0,0,0.95933557,0.32322344,0.16475973,0.35749584,0.826164,-31.272846,42.856083,-14.517737,-21.814415,false,189,711.349763908173,1.6076669,442.47336,18.55716,21,298.7272705237204,8.569589,34.858997,19.150354,20,555.3374075420113,12.19473,45.53913,17.886503,0,1,0,0,0,1.2006255,1.2638512,0.59319496,0.6706562,1e+20,1e+20,0,1e+20,1e+20,1e+20,198.87442160708412,64.8403834783149,153.48304677311543,21.728018738555875,733402636870625152,7.334026368706252e+17,164.32468544515018,30.30664560151414,19.438284749973366,0.23049822,18.55716,19.150354,17.886503,1.2376653679688417e+18,21.16764,19.33651,18.5112,18.21687,18.08226,0.09215295,0.01137787,0.008753932,0.009342531,0.02149712,17661778072136.0,275364479048.0,17592538533960.0,4503600524984392.0,486572616.0,275364479560.0,0.121244505,7.334026368706252e+17,1.2376653679688417e+18,7.334026368706252e+17,164.32468544515018,30.30664560151414,19.438284749973366,0.23049822,18.55716,19.150354,17.886503,1.4436164325016842e+17,19.2175006866455,18.5044002532959,18.2217998504639,18.122200012207,18.0704002380371,0.0131059996783733,0.00701999990269542,0.00435800012201071,0.00639399979263544,0.015089999884367,115000,115000,115000,115000,115000,436527104,52,0.016175915,7.334026368706252e+17,1.4436164325016842e+17,0.0,0.0,0.0,0.0,0.0,0.0,0.0,0.0,0.0,0.0,0.0,0.0,0.0,0.0,0.0,0.0,0.0,0.0,0.0,0.0,0.0,0.0,0.0,0.0,0.0,0.0,0.0,0,0.0,0.0,0.0,0.0,0.0,0.0,0.0,0.0,0.0,0.0,0.0,0.0,0,0,0,0,0,0,0,0,0,0,0,0,0,0,0,0.0,0.0,0,0.0,0.0,0.0,0.0,0.0,0.0,0.0,0.0,0.0,0.0,0.0,0.0,0.0,0.0,0.0,0.0,0.0,177.64799814271032,19.69973352927818,0.11611206954904547,4723.4746965291,56.6816963583492,56.6816963583492,7.901782090093773,0.038,0.038,0.5196633807657042,0.01572666471555175,0.016642497328916022,6.064103992677324,0.15051273537258522,0.1458518189626321,3.613348290395383,0.19658330894439663,0.3832922595713023,0.20803121661144974,104.89375739952837,170.3663952726476,1145.371722353829,104.89386538532472,176.43049926532493,1145.371731640226,11,0.136634793358399,0.4499859319348761,0.14459163621994764,56.320267415313616,121.03223892384314,157.90372637162537,56.32046853334892,127.09634291652046,157.9037937314941,11,DA:,20.4212,19.3543,18.519,18.2109,18.1042,1.7780479004619658e-31,2.3142613144726e-32,2.677043330476286e-32,3.147932616592058e-32,4.763747240097954e-32,0.54,0.0,0.25,0.0,0.0,0.04,4806,7.955,0.551,104,0.056,0.047,-0.2264,0.0683,Pure H,0.0,-4.0928,-0.763,DC,,,,,LDT Deveny,,4712.994713337618,26.466562940742733,25.562867551057934,7.893566584164129,0.020451067372008858,0.022302003233021672,0.5053124985798487,0.011409192725214123,0.012673926278868541,5.606054165119034,0.0977331133817545,0.12996560161933424,22.311860329415374,6497.790274474737,2.365203155234667,2816.451175447829,8.907181236392445,0.0065687733340347165,1.0988617084911851,1.1418610297079892,0.003453782652841797,0.6846646761004497,4.400331832403339,2.6418962109958466,0.012616429449808564,0.099124176587438,0.3253040710673223,0.11011230476862321,85.92932181273719,217.43150869578818,708.8405900453746,85.92937739189317,223.03756286090723,708.8406019599416,11,0.034331835515327924,7.081521170059537,6.8058118896665025,0.03610103467321508,0.051399026657656305,0.0004978082518612295,2.642142856542524,4.451730859060995,0.01262624667577891,11
WDWD eDR3 78413183563424000A,78413183563424000,1.0,1636042515805110273,78413183563424000,1063945935,2016.0,31.383773166652386,0.17209825,15.375237506139374,0.17018683,5.065936666925431,0.20034778,25.285713,21.898842,16.383026746638755,0.22603916,-14.531196916204095,0.21068901,0.24342117,0.1507451,-0.091693446,0.11661196,-0.20125364,0.08177602,0.01603062,0.121935815,0.20568204,0.3631171,233,0,233,0,-1.5838151,203.15538,0.0,1.3309685e-15,31,false,1.7322742,1e+20,1e+20,1e+20,1e+20,1e+20,1e+20,1e+20,27,15,0.35468325,28,11,0,0.050289292,89.33003,0,0,0.9253306,0.28230837,0.27731642,0.3996115,0.83560824,-76.17238,-39.732048,-50.720196,26.333637,false,241,547.5447048706078,1.351696,405.07977,18.841318,26,371.97266005861394,8.02948,46.32587,18.912264,26,248.90995740519128,12.202792,20.397787,18.75779,0,0,0,0,0,1.1339396,0.15447426,0.07094574,0.08352852,1e+20,1e+20,0,1e+20,1e+20,1e+20,148.06905065271343,-43.85020815445892,34.520326621049215,2.494585678846671,78413183563424000,7.8413183563424e+16,31.383773166652386,15.375237506139374,5.065936666925431,0.20034778,18.841318,18.912264,18.75779,1.237679168235635e+18,18.93114,18.84014,18.90506,19.07871,19.20779,0.02401509,0.008876335,0.01083331,0.01513316,0.05796928,68987912192.0,275146375168.0,268468224.0,4503599895838720.0,275280592896.0,275280592896.0,0.081529275,7.8413183563424e+16,1.237679168235635e+18,7.8413183563424e+16,31.383773166652386,15.375237506139374,5.065936666925431,0.20034778,18.841318,18.912264,18.75779,1.2645031383744088e+17,18.861499786377,18.9461002349854,19.0909004211426,19.2742004394531,19.2544002532959,0.00266500003635883,0.0204019993543625,0.00767599977552891,0.0123359998688102,0.0523159988224506,115000,115000,115000,115000,115000,436527232,52,0.038896598,7.8413183563424e+16,1.2645031383744088e+17,0.0,0.0,0.0,0.0,0.0,0.0,0.0,0.0,0.0,0.0,0.0,0.0,0.0,0.0,0.0,0.0,0.0,0.0,0.0,0.0,0.0,0.0,0.0,0.0,0.0,0.0,0.0,0,0.0,0.0,0.0,0.0,0.0,0.0,0.0,0.0,0.0,0.0,0.0,0.0,0,0,0,0,0,0,0,0,0,0,0,0,0,0,0,0.0,0.0,0,0.0,0.0,0.0,0.0,0.0,0.0,0.0,0.0,0.0,0.0,0.0,0.0,0.0,0.0,0.0,0.0,0.0,14.91649891614025,4.964754028998782,0.17184474340651842,11384.165600199096,576.889169953256,497.17823954417145,8.282358268365694,0.06926639661385181,0.06916555986030559,0.7796851666288432,0.046229750583398066,0.04567240251960358,0.6767983853717889,0.015111223266384699,0.017005835576418882,4.701604565515586,0.24721791755827782,3.1854821744857924,0.24423744662889613,0.07432101382301563,0.3844748465721134,0.10319833168295872,0.07584169146509989,1.0612732319439022,0.10459012432251028,0,0.2471728919170646,3.3964355229019834,0.19465179485813922,0.04547876110644227,0.3181572636303397,0.08032888010979271,0.04792355141664036,0.9949556490021286,0.08210924079143374,0,DC,19.0944,18.8434,18.9206,19.0366,19.3435,1.0701626573724517e-31,1.9311413769993207e-32,2.0581852610687544e-32,2.3946870156950547e-32,4.001719917671537e-32,0.01,0.0,0.8,0.0,0.0,0.01,9936,7.996,0.578,558,0.1,0.082,-0.0356,0.0513,logH/He=-5,0.0,-2.8524,2624.5235,,,,,,,,10534.165302755137,338.003315706741,314.9954516427424,8.098563210291953,0.05665507859018604,0.05478871312866396,0.6403361042373128,0.03652548403863598,0.033463552933075125,0.6581728858310398,0.011833314765750225,0.011359460450700354,3.956696582006811,10207.050428329856,370.66783170155395,363.4996530395947,8.009505374702197,0.07433732987757402,0.07770339616975974,0.5862569876080246,0.04585272771484983,0.04569209965678844,0.6294580179503544,0.013429333681361122,0.01295183085346796,0.9729882131757277,2.2136787669641373,0.5030015334518043,0.4790986332837156,1.0935575889930944,4.3123934283467245,0.4792447472353448,1.7517304748241342,4.312408389541713,00,0.3983729601637689,1.0285576681844013,1.0300206546402384,9.016683156495182,10.350763439444432,44.38275537709297,9.016693157229376,10.980221457394785,44.38275726690262,01
WDWD eDR3 867739936760402560B,867740005479885184,1.0,1636042515805110273,867740005479885184,583177183,2016.0,116.84038569807535,0.1620333,24.646319276503476,0.13682936,18.721993214371086,0.18545368,100.95239,154.2292,137.10246279097825,0.19483729,-70.63682066332709,0.15370685,-0.075908504,-0.1694847,-0.12530613,0.2766193,-0.3541813,0.18191856,-0.12686436,0.17211342,-0.08221391,-0.089278705,244,0,242,2,-1.913301,205.53061,0.0,0.0,31,false,1.4691795,1e+20,1e+20,1e+20,1e+20,1e+20,1e+20,1e+20,28,17,0.2759166,29,9,0,0.017670745,109.05684,0,0,0.9120549,0.28454557,0.24998857,0.45351085,0.81707513,-82.443985,25.271282,-17.578384,-34.787437,false,243,703.8248762613415,1.3994988,502.91208,18.568705,27,336.1589796662772,15.098543,22.264332,19.02218,26,538.8283240254318,10.723928,50.245422,17.91927,0,1,0,1,0,1.243189,1.102911,0.45347595,0.64943504,1e+20,1e+20,0,1e+20,1e+20,1e+20,195.85094926729326,22.679984571632065,114.27491305130411,3.440656540683594,867740005479885184,8.677400054798852e+17,116.84038569807535,24.646319276503476,18.721993214371086,0.18545368,18.568705,19.02218,17.91927,1.2376576284303037e+18,21.05646,19.28493,18.56564,18.22641,18.14668,0.08710968,0.01114268,0.008804759,0.008734657,0.01827815,193583034531856.0,275146342416.0,268435472.0,4661929570336784.0,268468240.0,275146342416.0,0.07217588,8.677400054798852e+17,1.2376576284303037e+18,8.677400054798852e+17,116.84038569807535,24.646319276503476,18.721993214371086,0.18545368,18.568705,19.02218,17.91927,1.3757116840149629e+17,19.1548004150391,18.5037994384766,18.2710990905762,18.1732997894287,18.1173000335693,0.00530599988996983,0.0074189999140799,0.00655800011008978,0.00757100014016032,0.0174550004303455,115000,115000,115000,115000,115000,436527104,52,0.41712365,8.677400054798852e+17,1.3757116840149629e+17,0.0,0.0,0.0,0.0,0.0,0.0,0.0,0.0,0.0,0.0,0.0,0.0,0.0,0.0,0.0,0.0,0.0,0.0,0.0,0.0,0.0,0.0,0.0,0.0,0.0,0.0,0.0,0,0.0,0.0,0.0,0.0,0.0,0.0,0.0,0.0,0.0,0.0,0.0,0.0,0,0,0,0,0,0,0,0,0,0,0,0,0,0,0,0.0,0.0,0,0.0,0.0,0.0,0.0,0.0,0.0,0.0,0.0,0.0,0.0,0.0,0.0,0.0,0.0,0.0,0.0,0.0,35.79356523769987,18.501595486338978,0.10051650796656368,4879.58358444485,58.5550030133382,58.5550030133382,7.923391465052429,0.038,0.038,0.5330914629271359,0.016353256098206103,0.01544273392675382,5.6393279314226845,0.1862534388530382,0.1830350568773524,2.5910720424568803,0.2044157012275768,0.5511432865891993,0.19303417408442214,43.298499151571484,74.8650333582395,70.2081914060014,43.29889974493718,80.50436128966219,70.20842999479318,11,0.14207868026243398,0.5666504163956212,0.134167975036957,32.83555710752296,71.24013518194066,68.0552070006443,32.836085346838864,76.87946311336334,68.05545313736873,11,DC:,20.4774,19.2652,18.5371,18.2637,18.0897,2.0601258973315676e-31,2.179719024192555e-32,2.550050743661695e-32,2.7536447319985406e-32,4.384495406309388e-32,0.19,0.0,0.39,0.0,0.0,0.0,4941,7.991,0.574,90,0.045,0.038,-0.2264,0.0683,Pure H,0.0,-4.0638,-0.6255,DC,,,,,LDT Deveny,,4833.616104320072,24.479010022057082,21.583542374345598,7.893206367851952,0.01953813324165221,0.018783451744322832,0.5052677406849249,0.010872277455536206,0.010614109305629615,5.335236501040029,0.09581417081218202,0.1196308570777509,25.01348354637475,6493.91299003958,6.011249785832661,2836.406595368693,8.798487071741217,0.010456415500224026,1.1663247450322345,1.0842425642214268,0.005974214637299857,0.7146371974255967,4.5784869778740305,1.6381525562712653,0.011412651742798374,0.09445940447902856,0.3249152101209811,0.0922164144711517,74.42105217251047,219.06299380648562,672.3108792649462,74.42111385096877,224.39823030752564,672.3108899084909,11,0.059385831384692445,6.508773004189135,7.103749477391621,0.04618544154175925,0.06194793468065178,0.001180301150158763,1.638803494208042,4.640434912554682,0.011473523025098476,11
WDWD eDR3 868275776880649856A,868275776880649856,1.0,1636042515805110273,868275776880649856,1808219584,2016.0,114.89643986584227,0.08772584,24.751440514889484,0.07370732,4.01683469776654,0.09885293,40.634453,82.15777,-82.1512553882263,0.1167563,-1.0345160674130978,0.099061556,-0.027712608,-0.024472427,-0.030536836,0.1675825,-0.27237958,0.13365248,-0.08391823,0.12772927,0.25928128,-0.00590177,207,0,205,2,0.006403871,217.08047,0.0,0.0,31,false,1.8316778,1e+20,1e+20,1e+20,1e+20,1e+20,1e+20,1e+20,25,16,0.16201885,26,7,0,0.032164067,118.20713,1,0,0.9986538,0.23754784,0.2051638,0.41279963,0.8257555,-68.57746,13.135892,-19.330095,-34.812557,false,205,1974.2881978753276,5.5430937,356.1708,17.448841,24,1544.7346099729155,15.514012,99.57028,17.366407,23,658.6877992769296,13.457606,48.945393,17.701197,0,1,0,0,0,1.1160592,-0.33478928,-0.0824337,-0.25235558,1e+20,1e+20,0,1e+20,1e+20,1e+20,195.06717708903003,21.06717690685999,112.51444891246133,3.2371564155078443,868275776880649856,8.682757768806499e+17,114.89643986584227,24.751440514889484,4.01683469776654,0.09885293,17.448841,17.366407,17.701197,1.237657630040392e+18,17.14118,17.28944,17.59057,17.92864,18.26133,0.008404539,0.005061876,0.006078277,0.007870072,0.02014093,35255507619856.0,268468240.0,268468240.0,4503599895973904.0,268468240.0,275280723984.0,0.023076927,8.682757768806499e+17,1.237657630040392e+18,8.682757768806499e+17,114.89643986584227,24.751440514889484,4.01683469776654,0.09885293,17.448841,17.366407,17.701197,1.377011489657823e+17,17.3157997131348,17.6541004180908,17.9759998321533,18.2572994232178,18.4295997619629,0.00870699994266033,0.00603599986061454,0.00822899956256151,0.0103540001437068,0.0249060001224279,115000,115000,115000,115000,115000,436527232,52,0.0027041696,8.682757768806499e+17,1.377011489657823e+17,0.0,0.0,0.0,0.0,0.0,0.0,0.0,0.0,0.0,0.0,0.0,0.0,0.0,0.0,0.0,0.0,0.0,0.0,0.0,0.0,0.0,0.0,0.0,0.0,0.0,0.0,0.0,0,0.0,0.0,0.0,0.0,0.0,0.0,0.0,0.0,0.0,0.0,0.0,0.0,0,0,0,0,0,0,0,0,0,0,0,0,0,0,0,0.0,0.0,0,0.0,0.0,0.0,0.0,0.0,0.0,0.0,0.0,0.0,0.0,0.0,0.0,0.0,0.0,0.0,0.0,0.0,4.849394769493699,4.0348310235472935,0.0984089932730958,23758.25192425269,959.6819259295771,975.2052062268522,7.992559712541866,0.049275659313692266,0.051920397132528606,0.6281703040906653,0.02975832762210684,0.030094604917295653,0.026141364448438627,0.002705249546495113,0.0023663460017311934,2.279980131156036,0.3719790952763353,1.7396288011333165,0.37618256146619555,0.5927297240276792,1.8296105872730337,2.0809688899361567,0.5927358974459347,1.8557519517214724,2.08097023536511,0,0.8199504155432242,1.9830640025184811,0.5299688893328147,0.5837027468814648,1.3478213099212966,5.385811235093767,0.5837090157707658,1.3739626743697353,5.385811754940535,0,DB,17.1121,17.2574,17.6518,17.9606,18.2862,2.37902060440146e-31,3.62477302033813e-32,3.684222576594572e-32,3.48017806058386e-32,5.322900729881127e-32,0.01,1.0,0.0,0.0,0.0,0.0,26064,8.05,0.637,0,0.026,0.02,0.0266,0.0488,Pure He,0.0,-1.1873,1092.4849,DB,23000.0,1500.0,7.83,0.019,Kepler2015,2015MNRAS.446.4078K,24699.28889475378,1977.6261571622417,2142.5723360509546,8.014774156773488,0.052930116471284094,0.04349578525344011,0.6149792868241659,0.03329242304494551,0.027830711691024357,0.023677491284337333,0.010138184135005966,0.00556510037373871,5.041919451096723,24590.436658525377,2073.474124187629,2118.327713491224,8.019338477014161,0.055021184170307436,0.04360634682829456,0.6175275858017915,0.035240692547665264,0.028045453373347518,0.023997187196205978,0.010604520333175063,0.006236701588291961,0.49758736663582304,1.4864393542919518,0.7697461872061624,1.93616377182365,2.973138815600435,8.921257633177836,1.9361903145352055,2.996816306884772,8.921259368938669,01,0.5708484231547192,1.5649135252757114,0.738649002736645,1.5326342243853484,2.5112942573745016,9.1629440042591,1.5326709110597665,2.5352914445707078,9.16294612674518,01
WDWD eDR3 88698908686586752A,88698908686586752,1.0,1636042515805110273,88698908686586752,1720196016,2016.0,40.03821066072582,0.11360498,21.94301941630576,0.11006372,8.16249162183202,0.13289331,61.421387,111.98836,96.829714975603,0.13837054,-56.26187293228125,0.143839,0.22812337,0.2829918,-0.15675525,0.105863996,-0.21872863,0.09655978,0.08407468,-0.016102673,0.21792562,0.44695497,160,0,160,0,0.6915542,175.73578,0.15503399,0.25884297,31,false,1.7510893,1e+20,1e+20,1e+20,1e+20,1e+20,1e+20,1e+20,19,14,0.23540443,19,8,0,0.003508097,126.58337,0,0,1.0373559,0.38422,0.31208545,0.47280893,0.869952,-61.26692,-44.34724,-52.29298,29.509073,false,158,1620.1940089692202,3.0293124,534.83887,17.66345,15,1131.8270381877287,18.957375,59.703785,17.704092,13,728.293918665485,12.831945,56.756313,17.592129,0,0,0,1,0,1.1480854,0.11196327,0.040641785,0.07132149,1e+20,1e+20,0,1e+20,1e+20,1e+20,153.79943574616667,-34.33089891470499,44.42754068598036,6.055801274067035,88698908686586752,8.869890868658675e+16,40.03821066072582,21.94301941630576,8.16249162183202,0.13289331,17.66345,17.704092,17.592129,1.2376662763569807e+18,17.7814,17.6401,17.76561,17.94553,18.07379,0.01143489,0.005320348,0.006236062,0.007896473,0.02152019,68988043776.0,285245952.0,268468224.0,4503599895838720.0,268468256.0,275280724480.0,0.025044544,8.869890868658675e+16,1.2376662763569807e+18,8.869890868658675e+16,40.03821066072582,21.94301941630576,8.16249162183202,0.13289331,17.66345,17.704092,17.592129,1.3433040038124227e+17,17.6646003723145,17.7714004516602,17.9662990570068,18.1189994812012,18.2472991943359,0.00379400001838803,0.00582400010898709,0.00780599983409047,0.00773000018671155,0.0118909999728203,115000,115000,115000,115000,115000,436527104,52,0.23446152,8.869890868658675e+16,1.3433040038124227e+17,0.0,0.0,0.0,0.0,0.0,0.0,0.0,0.0,0.0,0.0,0.0,0.0,0.0,0.0,0.0,0.0,0.0,0.0,0.0,0.0,0.0,0.0,0.0,0.0,0.0,0.0,0.0,0,0.0,0.0,0.0,0.0,0.0,0.0,0.0,0.0,0.0,0.0,0.0,0.0,0,0,0,0,0,0,0,0,0,0,0,0,0,0,0,0.0,0.0,0,0.0,0.0,0.0,0.0,0.0,0.0,0.0,0.0,0.0,0.0,0.0,0.0,0.0,0.0,0.0,0.0,0.0,36.038767099701204,8.210138277915085,0.1284936952118711,12566.487895975763,401.1671918695374,363.9364866023425,8.329822922647782,0.038,0.038,0.8127931311167252,0.021208796792172444,0.021535063459781355,0.5635716456122093,0.01737071460562612,0.020548898458564457,6.263791765248486,0.11341602562659014,3.362530112923664,0.11516076716460688,0.02962133550370294,0.3286345322474191,0.03504721419771057,0.0343389755661558,0.8922061778596284,0.04062713933912401,0,0.09022541605267254,3.541149169780307,0.0911668464373041,0.01974914399312979,0.28427592025546833,0.0209535571962052,0.02630152874590158,0.8478475658676776,0.02934806274756539,0,DC,17.9927,17.6348,17.7457,17.9113,18.0962,2.0859526906175936e-31,3.669984428185674e-32,4.106076349093723e-32,4.3701160913546766e-32,6.507326042051861e-32,0.0,0.09,0.85,0.0,0.0,0.02,9980,7.924,0.537,360,0.061,0.048,-0.0446,-0.0058,logH/He=-5,0.0,-2.8054,2581.2823,,,,,,,,11199.65787280488,203.49100526358416,214.2624015172969,8.125395058601512,0.03162383354718479,0.03251527976052948,0.6584962631611424,0.020539847702761627,0.0206788893072255,0.5832512505195571,0.006452545960417888,0.006341483258198832,3.3179208847083994,10917.513955834303,220.4312651269138,214.3328288485718,8.065123761255009,0.0394467157169327,0.03972654277350074,0.6212426898708405,0.02491278740425007,0.024235322765795986,0.5707848795338379,0.006423836333700139,0.006758492378996284,0.3459282461173121,2.5163285350590088,0.25571217007351343,0.18334563943796695,0.7612727832702663,0.39731698686539696,0.18345914763316734,1.3445240337898232,0.39736759110641123,00,0.572250817144019,1.7019442756767713,0.600029179785377,0.9648203820044932,1.9450466613565227,5.477258479983016,0.9648417669258199,2.5158315408903604,5.477262649696936,00
WDWD eDR3 893134841431510016A,893134841431510016,1.0,1636042515805110273,893134841431510016,1781172712,2016.0,110.44749072934057,0.1397254,32.47326642688235,0.11370598,7.2216595859054955,0.14273775,50.5939,49.747417,24.340891250939208,0.18139674,-43.38578544188587,0.13535406,0.09456925,-0.15724051,-0.39043942,-0.02335105,-0.18872721,-0.042439718,-0.32248214,0.03331598,-0.15903887,0.2318278,187,0,187,0,-1.0092012,170.27933,0.0,1.4897024e-15,31,false,1.7348509,1e+20,1e+20,1e+20,1e+20,1e+20,1e+20,1e+20,21,14,0.26502892,22,10,0,0.09759303,20.810165,0,0,0.94577426,0.24975501,0.18136041,0.3934698,0.85668284,-72.533844,1.4538994,-21.401579,-36.21057,false,194,1095.0939085134364,2.119801,516.60223,18.08874,21,851.2581804700068,42.81328,19.883041,18.01339,20,496.97180658265074,17.579546,28.269888,18.007067,0,1,0,2,0,1.2311547,0.0063228607,-0.07534981,0.08167267,1e+20,1e+20,0,1e+20,1e+20,1e+20,185.8802962487721,20.118747473845612,107.42863270908828,10.262858864153978,893134841431510016,8.9313484143151e+17,110.44749072934057,32.47326642688235,7.2216595859054955,0.14273775,18.08874,18.01339,18.007067,1.2376737581894205e+18,18.27181,18.09921,18.2016,18.33669,18.47869,0.0154062,0.006333987,0.007579662,0.01079012,0.02950596,35255507615760.0,268468240.0,268468240.0,4503599895969808.0,268468240.0,268468240.0,0.0155145945,8.9313484143151e+17,1.2376737581894205e+18,8.9313484143151e+17,110.44749072934057,32.47326642688235,7.2216595859054955,0.14273775,18.08874,18.01339,18.007067,1.469611044744686e+17,18.1200008392334,18.1907005310059,18.3563003540039,18.4878005981445,18.5806007385254,0.00687800021842122,0.00225299992598593,0.00537799997255206,0.0103240003809333,0.0235070008784533,115000,115000,115000,115000,115000,436527104,52,0.13348667,8.9313484143151e+17,1.469611044744686e+17,0.0,0.0,0.0,0.0,0.0,0.0,0.0,0.0,0.0,0.0,0.0,0.0,0.0,0.0,0.0,0.0,0.0,0.0,0.0,0.0,0.0,0.0,0.0,0.0,0.0,0.0,0.0,0,0.0,0.0,0.0,0.0,0.0,0.0,0.0,0.0,0.0,0.0,0.0,0.0,0,0,0,0,0,0,0,0,0,0,0,0,0,0,0,0.0,0.0,0,0.0,0.0,0.0,0.0,0.0,0.0,0.0,0.0,0.0,0.0,0.0,0.0,0.0,0.0,0.0,0.0,0.0,2.76147411794311,7.299274890723945,0.10526733582814933,11003.895906681355,251.48632301920043,279.7105369580913,8.3016445496626,0.038,0.041049001467225565,0.7916445344261533,0.02337802081533784,0.027346221620401345,0.7661659791201456,0.009397124921476895,0.00933438686590482,5.600957218309711,0.1250161540927155,3.2494360129740825,0.14623647925348227,0.04518921540056389,0.36358226669263866,0.0445141434610349,0.04615594377009751,1.1297482458127843,0.045482301461469296,0,0.11887410029783751,3.451195906085684,0.11458611317725209,0.026610979271613776,0.3051662739747603,0.0328030679249115,0.028221448839209164,1.0713322530949059,0.034105308141823526,0,DA:,18.148,18.0539,18.1814,18.3313,18.5294,1.7948907890782392e-31,2.931978255753153e-32,2.9562737099184627e-32,3.152917234655434e-32,5.364740106422162e-32,0.6,0.05,0.14,0.0,0.0,0.0,11334,8.355,0.827,680,0.066,0.058,-0.0347,0.0047,Pure H,0.0,-2.8263,-1.1167,DC,-99.0,,,,Kleinman2013,2013ApJS..204....5K,10155.809969983331,162.6137432623509,159.23011488096927,8.115222956486068,0.030312965388002766,0.029772496286469163,0.6500512432912836,0.019573676257101713,0.01862198863878095,0.7433762370441935,0.007958314510170594,0.00813852151719896,5.064648511604001,9762.28125020539,191.9725145757584,182.7234229269543,8.001450011125112,0.04244026311848259,0.04187766356328915,0.5806118555874846,0.025946872880315608,0.02476023213449219,0.7001563793472549,0.009269945522537681,0.009322291964167784,0.3470705659080373,2.3784488844696248,0.27665011591532496,0.23821206245189966,0.8940585540396586,0.4834384928258158,0.23834496316773832,1.637434791083852,0.4835069925845771,00,0.22542895638849336,0.9795122118808396,0.2816700416884098,7.172907049446712,12.290602846942036,17.87076441963018,7.172913039476523,12.990759226289292,17.870766851118827,11
WDWD eDR3 959585652017507712A,959585652017507712,0.9970703,1636042515805110273,959585652017507712,9451950,2016.0,92.54185926806842,0.16694072,39.9675555968729,0.15004778,2.7727791579953283,0.19369389,14.315264,8.0639,4.222142035296029,0.2330458,-6.870225403327369,0.16400485,-0.05299417,0.047550533,-0.14955087,-0.1016586,-0.37603396,-0.11505991,-0.5385661,0.18205678,0.21792601,-0.26134065,277,0,276,1,0.3798784,291.20316,0.0,0.0,31,false,1.7320557,1e+20,1e+20,1e+20,1e+20,1e+20,1e+20,1e+20,32,18,0.33282387,35,17,0,0.048879508,2.0427675,4,0,1.015125,0.3203561,0.3000249,0.13136567,0.6378912,-24.189268,10.292099,-11.483015,40.820675,false,275,666.6995256674664,1.3253905,503.0212,18.62754,31,559.5238147745101,9.586205,58.367607,18.468996,31,412.4492284235486,10.258869,40.204163,18.209469,0,31,0,31,0,1.4578876,0.2595272,-0.15854454,0.41807175,1e+20,1e+20,0,1e+20,1e+20,1e+20,172.86132682197854,9.830645054025739,92.03202870252052,16.546202729289732,959585652017507712,0.0,0.0,0.0,0.0,0.0,0.0,0.0,0.0,0.0,0.0,0.0,0.0,0.0,0.0,0.0,0.0,0.0,0.0,0.0,0.0,0.0,0.0,0.0,0.0,0.0,0.0,0.0,0.0,9.595856520175077e+17,92.54185926806842,39.9675555968729,2.7727791579953283,0.19369389,18.62754,18.468996,18.209469,1.5596092541859158e+17,18.4736003875732,18.580099105835,18.6765003204346,18.7497005462646,18.761100769043,0.00300600007176399,0.00745700020343065,0.00825699977576733,0.0225300006568432,0.0307080000638962,115000,115000,16892216,16892216,115000,436527232,52,0.033553675,9.595856520175077e+17,1.5596092541859158e+17,0.0,0.0,0.0,0.0,0.0,0.0,0.0,0.0,0.0,0.0,0.0,0.0,0.0,0.0,0.0,0.0,0.0,0.0,0.0,0.0,0.0,0.0,0.0,0.0,0.0,0.0,0.0,0,0.0,0.0,0.0,0.0,0.0,0.0,0.0,0.0,0.0,0.0,0.0,0.0,0,0,0,0,0,0,0,0,0,0,0,0,0,0,0,0.0,0.0,0,0.0,0.0,0.0,0.0,0.0,0.0,0.0,0.0,0.0,0.0,0.0,0.0,0.0,0.0,0.0,0.0,0.0,75.32684456298666,2.57355941524989,0.16859715467884634,10781.590070323256,535.648544649086,337.8586711169337,6.862715783914224,0.05661089113851325,0.038,0.19999398849142286,0.01015341461972355,0.0011074000166410203,0.006132075116644011,0.011128620555589622,0.006132169121287914,3.3540660569388407,nan,nan,nan,nan,nan,nan,nan,nan,nan,0,0.08821385421132577,-2.3273328541144815,0.009621199102007427,nan,nan,nan,nan,nan,nan,11,DB,18.6652,18.4358,18.6287,18.5473,18.8325,1.3097405312604626e-31,2.117442640045748e-32,2.3534216282053228e-32,2.3206981693898015e-32,4.7574364403328454e-32,0.46,0.75,0.0,0.0,0.0,0.0,10327,6.853,0.176,0,0.082,0.022,-0.0412,0.0209,Pure He,0.0,-999.0,-999.0,,,,,,,,12759.35473567649,585.2637202533006,329.6270871764427,7.0451552710439636,0.071738509705078,0.03392471093315219,0.22214856324045112,0.017345770052010406,0.007686530745299097,0.012506801508359772,0.005582798302345326,0.0023260494450454937,15.347266790276642,12753.089691941917,548.7576065903504,337.1089942036233,7.048113790436345,0.07471447924705732,0.03590497850485619,0.22311801579673418,0.01825458422586168,0.00831553261011131,0.0167050265755355,0.012709617366775276,0.004312110809671631,0.15070173807133225,-2.1348517529065907,0.06678132706602158,nan,nan,nan,nan,nan,nan,11,0.1585976040474515,-2.1264290547633844,0.07224615647359967,nan,nan,nan,nan,nan,nan,11
WDWD eDR3 961949735161929728B,961949666442453248,1.0,1636042515805110273,961949666442453248,441600457,2016.0,94.35769499029753,0.2775545,43.646878273493535,0.23560737,7.796347643753269,0.33253518,23.44518,96.03441,53.78712014945144,0.31599614,-79.55849192682953,0.25996947,-0.25605664,-0.26886076,-0.1968522,-0.021005226,-0.26053965,0.07392673,-0.48297435,0.04421526,0.36249256,-0.37451175,244,0,243,1,0.035334185,250.97374,0.0,0.0,31,false,1.6047114,1e+20,1e+20,1e+20,1e+20,1e+20,1e+20,1e+20,28,15,0.48435766,32,15,0,0.10860542,8.9636345,0,0,1.000219,0.15023167,0.48607942,0.12330406,0.66790754,-31.431252,31.115145,-7.5949116,41.28724,false,257,347.35264369275103,1.0663167,325.74997,19.33544,31,209.44900449660577,7.000855,29.917633,19.535847,32,214.90572605080374,7.500765,28.651175,18.917276,0,0,0,0,0,1.2216828,0.6185703,0.20040703,0.4181633,1e+20,1e+20,0,1e+20,1e+20,1e+20,170.11657677374012,12.680606808260094,93.35987876776252,20.258408526000714,961949666442453248,0.0,0.0,0.0,0.0,0.0,0.0,0.0,0.0,0.0,0.0,0.0,0.0,0.0,0.0,0.0,0.0,0.0,0.0,0.0,0.0,0.0,0.0,0.0,0.0,0.0,0.0,0.0,0.0,9.619496664424532e+17,94.35769499029753,43.646878273493535,7.796347643753269,0.33253518,19.33544,19.535847,18.917276,1.60370943575387e+17,19.5233993530273,19.3719005584717,19.3069000244141,19.3388996124268,19.4395008087158,0.00626800023019314,0.00965400040149689,0.0114759998396039,0.0122670000419021,0.0719230026006699,115000,115000,115000,115000,115000,436527104,52,0.11662703,9.619496664424532e+17,1.60370943575387e+17,0.0,0.0,0.0,0.0,0.0,0.0,0.0,0.0,0.0,0.0,0.0,0.0,0.0,0.0,0.0,0.0,0.0,0.0,0.0,0.0,0.0,0.0,0.0,0.0,0.0,0.0,0.0,0,0.0,0.0,0.0,0.0,0.0,0.0,0.0,0.0,0.0,0.0,0.0,0.0,0,0,0,0,0,0,0,0,0,0,0,0,0,0,0,0.0,0.0,0,0.0,0.0,0.0,0.0,0.0,0.0,0.0,0.0,0.0,0.0,0.0,0.0,0.0,0.0,0.0,0.0,0.0,20.286223682538512,7.583944591035711,0.23100468475344882,7038.285773020609,251.0604200521575,227.81941874804033,8.185624697625965,0.07740362947771295,0.07721075962520985,0.7076441719539679,0.05108539753602326,0.04998439247199571,2.115291353459892,0.20419977531858624,0.1288858988310373,1.3591335529784325,0.6385674692002907,2.7330521494245987,0.33448028066076807,0.17064119042031323,0.6007441360778385,0.670405615594668,0.2661126906185098,2.7160354895377306,0.6826824037122607,0,0.5042967603106603,2.9911316091949307,0.28377103566863493,0.10503193485195136,0.4607446390396973,0.3273144318482271,0.22962851647586294,2.5760359924995893,0.35177594035637527,0,DA,21.0597,19.5759,19.294,19.271,19.2458,3.066780154355743e-31,1.4949065772668144e-32,1.7197956771856182e-32,2.0706315991856096e-32,3.303667213009295e-32,0.8,0.0,0.22,0.0,0.01,0.02,6698,8.118,0.663,238,0.079,0.07,0.1892,0.6631,Pure H,0.0,-3.5987,-1.0602,DC,,,,,LDT Deveny,,6810.978657827769,224.32670153639265,212.39068680559012,8.091693310575916,0.07657875804936509,0.08026845649329672,0.6296211225249381,0.049772740406081706,0.04986085492389292,2.0350487650715534,0.13164275004004944,0.11903993616477093,1.764222914083469,6315.033736725074,358.8472728730958,357.6130233421245,7.9476187904492335,0.05322823154528855,0.029557809991569428,0.5415683725803503,0.03251479331061902,0.017450165068769286,1.9620360189384807,0.38758691500382736,0.14353982629049944,1.042668471198434,2.015547551292755,0.7596530403532897,0.8014873040466395,1.378104163228667,11.216732118158907,0.8122263921998948,3.4131529283002204,11.217363768592856,01,0.2824916881895656,0.6402986323227657,0.15160873213526727,26.16375536122876,51.81476918235802,22.20937476821663,26.166626038121706,53.776805201296504,22.209838614380544,11
WDWD eDR3 99917779872376576A,99917779872376576,1.0,1636042515805110273,99917779872376576,1239829927,2016.0,36.00329363123691,0.09181321,22.50163523363848,0.083690226,9.50024569511384,0.10424445,91.13431,137.79861,119.05757222558427,0.11740142,-69.38122603080845,0.10548758,0.13331924,0.12559073,-0.03271359,0.17620689,-0.09047081,0.14892505,0.11663004,0.2161959,0.23288465,0.27183956,202,0,202,0,0.47063217,215.97774,0.0,0.0,31,false,1.7260137,1e+20,1e+20,1e+20,1e+20,1e+20,1e+20,1e+20,23,14,0.17740782,24,9,0,0.13248198,73.45663,0,0,1.0220987,0.17661914,0.17539577,0.32157752,0.8920355,-95.59447,-25.204378,-49.52682,25.584068,false,210,1620.674450333857,2.0864894,776.747,17.663128,22,1111.966928096111,15.304301,72.65715,17.723312,22,733.5178346679515,12.185025,60.198303,17.58437,0,1,0,2,0,1.1387141,0.13894272,0.06018448,0.07875824,1e+20,1e+20,0,1e+20,1e+20,1e+20,149.44223845428766,-35.55966058548442,41.03487725176862,7.76468407239593,99917779872376576,9.991777987237658e+16,36.00329363123691,22.50163523363848,9.50024569511384,0.10424445,17.663128,17.723312,17.58437,1.2376785851900232e+18,17.81383,17.65189,17.73678,17.87688,18.06056,0.01196399,0.005240499,0.005901997,0.007679061,0.02042409,35255507484688.0,268468240.0,268468240.0,4503599895838736.0,268468240.0,275280592912.0,0.07560997,9.991777987237658e+16,1.2376785851900232e+18,9.991777987237658e+16,36.00329363123691,22.50163523363848,9.50024569511384,0.10424445,17.663128,17.723312,17.58437,1.3500036003073264e+17,17.6912994384766,17.755199432373,17.9004993438721,18.0503005981445,18.1350002288818,0.00713300006464124,0.00418899999931455,0.00417699990794063,0.00779499998316169,0.0242049992084503,115000,115000,115000,115000,115000,436527104,52,0.3146132,9.991777987237658e+16,1.3500036003073264e+17,0.0,0.0,0.0,0.0,0.0,0.0,0.0,0.0,0.0,0.0,0.0,0.0,0.0,0.0,0.0,0.0,0.0,0.0,0.0,0.0,0.0,0.0,0.0,0.0,0.0,0.0,0.0,0,0.0,0.0,0.0,0.0,0.0,0.0,0.0,0.0,0.0,0.0,0.0,0.0,0,0,0,0,0,0,0,0,0,0,0,0,0,0,0,0.0,0.0,0,0.0,0.0,0.0,0.0,0.0,0.0,0.0,0.0,0.0,0.0,0.0,0.0,0.0,0.0,0.0,0.0,0.0,4.017389205842698,9.50007059250906,0.10056574312242061,11240.615946276677,263.0988513178927,212.688814755762,8.393443325721801,0.038,0.038,0.8522304321922505,0.02201970990627359,0.01978632648634401,0.8420876504291552,0.009161230665034496,0.009581303596385678,6.7282514335270545,0.11775245939183732,3.573424771081554,0.17439540348475013,0.03399151581871894,0.276780375347005,0.027346317709638416,0.03520442152560085,1.1188680257761603,0.02897623976437586,0,0.10644621872511983,3.7189857109728477,0.11181567486640542,0.019848511826506494,0.24821551409749545,0.020033209820169002,0.021860731209749976,1.0903031645266508,0.022206550256737963,0,DC,17.985,17.6624,17.7476,17.8832,18.0775,1.4117101123782284e-31,2.85587854723928e-32,3.125218697813981e-32,3.3380404282345057e-32,5.24503161839855e-32,0.0,0.0,0.94,0.0,0.26,0.0,9486,8.056,0.613,246,0.043,0.038,-0.0446,-0.0058,logH/He=-5,0.0,-2.967,2730.0149,,,,,,,,10409.617388096398,158.26043645417485,146.590587443372,8.22289053840587,0.025506305983448385,0.02455853286075893,0.7198802724255229,0.01649722990170288,0.015540787992632366,0.8149536274419509,0.0068611458065975794,0.007079099586387638,3.1049041713979406,10062.156273821078,177.69861345637946,173.6460900512975,8.129502132208223,0.035888959568518786,0.0353748680572572,0.6597717242602603,0.02310539097350961,0.022520465252826694,0.777132516034119,0.00799245272351956,0.008105639286546396,0.11784433598056454,3.0724936726571057,0.08715271095702626,0.03371446501494169,0.42818372091650714,0.05114354547339582,0.03440552968671052,1.243137348358458,0.05163115236505282,00,0.3882108930942376,2.5344974965849048,0.26816424737993305,0.19256187236023664,0.7493056098812284,0.44312690768502044,0.19272766793436216,1.5264381259153474,0.443201035313245,00
