System_Name,source_id_spur,fidelity_v1_spur,solution_id,source_id,random_index,ref_epoch,ra,ra_error,dec,dec_error,parallax,parallax_error,parallax_over_error,pm,pmra,pmra_error,pmdec,pmdec_error,ra_dec_corr,ra_parallax_corr,ra_pmra_corr,ra_pmdec_corr,dec_parallax_corr,dec_pmra_corr,dec_pmdec_corr,parallax_pmra_corr,parallax_pmdec_corr,pmra_pmdec_corr,astrometric_n_obs_al,astrometric_n_obs_ac,astrometric_n_good_obs_al,astrometric_n_bad_obs_al,astrometric_gof_al,astrometric_chi2_al,astrometric_excess_noise,astrometric_excess_noise_sig,astrometric_params_solved,astrometric_primary_flag,nu_eff_used_in_astrometry,pseudocolour,pseudocolour_error,ra_pseudocolour_corr,dec_pseudocolour_corr,parallax_pseudocolour_corr,pmra_pseudocolour_corr,pmdec_pseudocolour_corr,astrometric_matched_transits,visibility_periods_used,astrometric_sigma5d_max,matched_transits,new_matched_transits,matched_transits_removed,ipd_gof_harmonic_amplitude,ipd_gof_harmonic_phase,ipd_frac_multi_peak,ipd_frac_odd_win,ruwe,scan_direction_strength_k1,scan_direction_strength_k2,scan_direction_strength_k3,scan_direction_strength_k4,scan_direction_mean_k1,scan_direction_mean_k2,scan_direction_mean_k3,scan_direction_mean_k4,duplicated_source,phot_g_n_obs,phot_g_mean_flux,phot_g_mean_flux_error,phot_g_mean_flux_over_error,phot_g_mean_mag,phot_bp_n_obs,phot_bp_mean_flux,phot_bp_mean_flux_error,phot_bp_mean_flux_over_error,phot_bp_mean_mag,phot_rp_n_obs,phot_rp_mean_flux,phot_rp_mean_flux_error,phot_rp_mean_flux_over_error,phot_rp_mean_mag,phot_bp_n_contaminated_transits,phot_bp_n_blended_transits,phot_rp_n_contaminated_transits,phot_rp_n_blended_transits,phot_proc_mode,phot_bp_rp_excess_factor,bp_rp,bp_g,g_rp,dr2_radial_velocity,dr2_radial_velocity_error,dr2_rv_nb_transits,dr2_rv_template_teff,dr2_rv_template_logg,dr2_rv_template_fe_h,l,b,ecl_lon,ecl_lat,dr2_source_id,source_id_sdss,ra_sdss,dec_sdss,parallax_sdss,parallax_error_sdss,phot_g_mean_mag_sdss,phot_bp_mean_mag_sdss,phot_rp_mean_mag_sdss,objid_sdss,u_sdss,g_sdss,r_sdss,i_sdss,z_sdss,err_u_sdss,err_g_sdss,err_r_sdss,err_i_sdss,err_z_sdss,flags_sdss,flags_u_sdss,flags_g_sdss,flags_r_sdss,flags_i_sdss,flags_z_sdss,angular_distance_sdss,source_id_xmatch_sdss,original_ext_source_id_xmatch_sdss,source_id_pstarr,ra_pstarr,dec_pstarr,parallax_pstarr,parallax_error_pstarr,phot_g_mean_mag_pstarr,phot_bp_mean_mag_pstarr,phot_rp_mean_mag_pstarr,obj_id_pstarr,g_mean_psf_mag_pstarr,r_mean_psf_mag_pstarr,i_mean_psf_mag_pstarr,z_mean_psf_mag_pstarr,y_mean_psf_mag_pstarr,g_mean_psf_mag_error_pstarr,r_mean_psf_mag_error_pstarr,i_mean_psf_mag_error_pstarr,z_mean_psf_mag_error_pstarr,y_mean_psf_mag_error_pstarr,g_flags_pstarr,r_flags_pstarr,i_flags_pstarr,z_flags_pstarr,y_flags_pstarr,obj_info_flag_pstarr,quality_flag_pstarr,angular_distance_pstarr,source_id_xmatch_pstarr,original_ext_source_id_xmatch_pstarr,source_id_tmass,ra_tmass,dec_tmass,parallax_tmass,parallax_error_tmass,phot_g_mean_mag_tmass,phot_bp_mean_mag_tmass,phot_rp_mean_mag_tmass,designation_tmass,j_m_tmass,h_m_tmass,ks_m_tmass,j_msigcom_tmass,h_msigcom_tmass,ks_msigcom_tmass,ph_qual_tmass,angular_distance_tmass,source_id_xmatch_tmass,original_ext_source_id_tmass,source_id_smap,ra_smap,dec_smap,parallax_smap,parallax_error_smap,phot_g_mean_mag_smap,phot_bp_mean_mag_smap,phot_rp_mean_mag_smap,object_id_smap,u_psf_smap,v_psf_smap,g_psf_smap,r_psf_smap,i_psf_smap,z_psf_smap,e_u_psf_smap,e_v_psf_smap,e_g_psf_smap,e_r_psf_smap,e_i_psf_smap,e_z_psf_smap,u_flags_smap,v_flags_smap,g_flags_smap,r_flags_smap,i_flags_smap,z_flags_smap,u_nimaflags_smap,v_nimaflags_smap,g_nimaflags_smap,r_nimaflags_smap,i_nimaflags_smap,z_nimaflags_smap,flags_smap,nimaflags_smap,flags_psf_smap,angular_distance_smap,source_id_xmatch_smap,original_ext_source_id_xmatch_smap,source_id_apass,ra_apass,dec_apass,phot_g_mean_mag_apass,phot_bp_mean_mag_apass,phot_rp_mean_mag_apass,vmag_apass,e_vmag_apass,bmag_apass,e_bmag_apass,g_mag_apass,e_g_mag_apass,r_mag_apass,e_r_mag_apass,i_mag_apass,e_i_mag_apass,angular_distance_apass,min_sep,wtd_par,e_wtd_par,TeffH,e_TeffH_lower,e_TeffH_upper,LoggH,e_LoggH_lower,e_LoggH_upper,MassH,e_MassH_lower,e_MassH_upper,cool_ageH,e_cool_ageH_lower,e_cool_ageH_upper,Chi2H,init_mass_error_lower_Cummings2018,init_mass_Cummings2018,init_mass_error_upper_Cummings2018,mslife_error_lower_Cummings2018,mslife_Cummings2018,mslife_error_upper_Cummings2018,tot_age_error_lower_Cummings2018,tot_age_Cummings2018,tot_age_error_upper_Cummings2018,ifmr_flag_Cummings2018,init_mass_error_lower_MESA_IFMR,init_mass_MESA_IFMR,init_mass_error_upper_MESA_IFMR,mslife_error_lower_MESA_IFMR,mslife_MESA_IFMR,mslife_error_upper_MESA_IFMR,tot_age_error_lower_MESA_IFMR,tot_age_MESA_IFMR,tot_age_error_upper_MESA_IFMR,ifmr_flag_MESA_IFMR,spectype,mag_u,mag_g,mag_r,mag_i,mag_z,flux_error_u,flux_error_g,flux_error_r,flux_error_i,flux_error_z,P_DA,P_DB,P_DC,P_DO,P_DQ,P_DZ,teff,logg,M,teff_err,logg_err,M_err,u_corr,u_corr_err,comp,logCHe,logL,logL_err,SpecTypeBest,TeffBest,eTeffBest,loggBest,eloggBest,Source,SourceADS,TeffHe,e_TeffHe_lower,e_TeffHe_upper,LoggHe,e_LoggHe_lower,e_LoggHe_upper,MassHe,e_MassHe_lower,e_MassHe_upper,cool_ageHe,e_cool_ageHe_lower,e_cool_ageHe_upper,Chi2He,Teffmixed,e_Teffmixed_lower,e_Teffmixed_upper,Loggmixed,e_Loggmixed_lower,e_Loggmixed_upper,Massmixed,e_Massmixed_lower,e_Massmixed_upper,cool_agemixed,e_cool_agemixed_lower,e_cool_agemixed_upper,He_init_mass_error_lower_MESA_IFMR,He_init_mass_MESA_IFMR,He_init_mass_error_upper_MESA_IFMR,He_mslife_error_lower_MESA_IFMR,He_mslife_MESA_IFMR,He_mslife_error_upper_MESA_IFMR,He_tot_age_error_lower_MESA_IFMR,He_tot_age_MESA_IFMR,He_tot_age_error_upper_MESA_IFMR,He_ifmr_flag_MESA_IFMR,mixed_init_mass_error_lower_MESA_IFMR,mixed_init_mass_MESA_IFMR,mixed_init_mass_error_upper_MESA_IFMR,mixed_mslife_error_lower_MESA_IFMR,mixed_mslife_MESA_IFMR,mixed_mslife_error_upper_MESA_IFMR,mixed_tot_age_error_lower_MESA_IFMR,mixed_tot_age_MESA_IFMR,mixed_tot_age_error_upper_MESA_IFMR,mixed_ifmr_flag_MESA_IFMR
WDWD eDR3 1029820217121659904A,1029820217121659904,1.0,1636042515805110273,1029820217121659904,1744221942,2016.0,134.7899422582915,0.2508409,54.169569760730376,0.21062395,5.710551929909413,0.39017075,14.636033,18.992811,-16.085780777264052,0.33301044,-10.098244847779512,0.29567385,0.17941156,-0.14249362,-0.14426997,0.13075945,-0.06819789,0.14023693,-0.112734586,0.32043347,0.29835367,0.21716703,365,0,361,4,0.64706063,392.38666,0.0,0.0,31,false,1.6770717,1e+20,1e+20,1e+20,1e+20,1e+20,1e+20,1e+20,42,22,0.50209814,48,15,0,0.03155597,165.68365,0,0,1.0234036,0.19915748,0.26602215,0.12492388,0.50114393,-123.64947,-26.232182,23.529387,-22.236069,false,398,265.8071483689716,0.77585065,342.60092,19.62595,40,166.54579490649533,6.4034715,26.008673,19.784708,40,125.2666074029329,6.2324805,20.098997,19.503307,0,0,0,1,0,1.0978351,0.28140068,0.15875816,0.12264252,1e+20,1e+20,0,1e+20,1e+20,1e+20,163.49566110800168,40.18335188817955,120.37423193309422,35.3518718966173,1029820217121659904,1.0298202171216599e+18,134.7899422582915,54.169569760730376,5.710551929909413,0.39017075,19.62595,19.784708,19.503307,1.237651191359341e+18,20.04363,19.69861,19.65034,19.73002,19.83807,0.03985135,0.01377608,0.01734351,0.02354335,0.09288223,68987912704.0,275146342400.0,275146375168.0,4503874773712896.0,275146342400.0,275280593408.0,0.05031428,1.0298202171216599e+18,1.237651191359341e+18,1.0298202171216599e+18,134.7899422582915,54.169569760730376,5.710551929909413,0.39017075,19.62595,19.784708,19.503307,1.730013478994742e+17,19.6648006439209,19.8356990814209,19.7894992828369,19.8840007781982,19.9115009307861,0.0115269999951124,0.0655210018157959,0.00872800033539534,0.0486299991607666,0.0409930013120174,115000,115000,115000,115000,115000,436527104,52,0.02682662,1.0298202171216599e+18,1.730013478994742e+17,0.0,0.0,0.0,0.0,0.0,0.0,0.0,0.0,0.0,0.0,0.0,0.0,0.0,0.0,0.0,0.0,0.0,0.0,0.0,0.0,0.0,0.0,0.0,0.0,0.0,0.0,0.0,0,0.0,0.0,0.0,0.0,0.0,0.0,0.0,0.0,0.0,0.0,0.0,0.0,0,0,0,0,0,0,0,0,0,0,0,0,0,0,0,0.0,0.0,0,0.0,0.0,0.0,0.0,0.0,0.0,0.0,0.0,0.0,0.0,0.0,0.0,0.0,0.0,0.0,0.0,0.0,17.436164083739374,5.682405200843413,0.2984266328429252,8896.949884102327,403.20047153875385,352.09004630977506,8.50868776377466,0.08101206031108532,0.0759472483771173,0.9229237525793674,0.05205743119606743,0.049850697227800334,2.2183492209698334,0.0887164025172873,0.12065255111041084,2.03557131547074,0.48651804856137826,4.223586472704369,0.46589436661495576,0.04143290156773433,0.1761342240292731,0.06867811810594841,0.09791468433248866,2.3944834449991066,0.13882983107396227,0,0.7291123628039022,4.549866261348007,0.7331622919237484,0.044884605419631136,0.1454148333725059,0.08445322163116706,0.09942448329906131,2.3637640543423393,0.1472731636562932,0,DZ,20.1901,19.7279,19.6677,19.7762,19.9135,8.468581722520438e-32,1.1066134253945352e-32,1.3890034552414747e-32,1.8299657217434716e-32,3.191400979853146e-32,0.03,0.0,0.12,0.0,0.02,0.84,7850,8.26,0.741,457,0.108,0.098,-0.2183,-0.0285,"H/He=0, logCa/He=-9.5",0.0,-3.4169,3143.9746,,,,,,,,8507.118020415091,301.2969478483956,309.79736183645036,8.414041883576939,0.06890286160987635,0.07249867369472973,0.8433979045050909,0.047299631460990255,0.047175370239906145,2.016184723622356,0.09646005465708951,0.09022058612868178,4.699539818426554,8114.278288146164,292.10655905023305,279.34213299053135,8.278011891259945,0.07311030150923159,0.07766383888560568,0.753685380333837,0.0492248773061702,0.05168496870810546,1.7216400641226568,0.13307314875236576,0.09968540360904354,0.2045481555662758,3.6758785038669113,0.3585523664052519,0.05746696862634,0.25632830321351613,0.0441620356974659,0.11228087382786724,2.2725130268358718,0.10044918893822458,00,0.29075503504379707,3.2546292048012186,0.25701765148631095,0.07085008540795731,0.36197749430416964,0.11265100680395317,0.15075873945209314,2.0836175584268264,0.15042416370597583,00
WDWD eDR3 1218155666922068864B,1218155666922071552,1.0,1636042515805110273,1218155666922071552,1596919609,2016.0,236.01414749098817,0.19424886,23.754541245142494,0.21477222,6.339063097975156,0.3302858,19.192661,108.25673,104.84291174856108,0.25051433,-26.97191168950092,0.3022564,0.27659377,-0.119297765,-0.21115959,-0.053578265,-0.05792039,-0.070006855,-0.1374631,-0.0715834,-0.26352158,0.50048476,439,9,436,3,-1.0702664,422.03088,0.0,0.0,31,false,1.6235682,1e+20,1e+20,1e+20,1e+20,1e+20,1e+20,1e+20,50,22,0.4790873,56,25,0,0.028133355,162.19186,0,0,0.9630051,1e+20,1e+20,1e+20,1e+20,1e+20,1e+20,1e+20,1e+20,false,482,303.6175918561226,0.82410216,368.42227,19.48155,51,188.52229656807077,6.6171107,28.490122,19.650135,50,170.61176081891873,7.011959,24.33154,19.167873,0,1,0,1,0,1.18285,0.48226166,0.16858482,0.31367683,1e+20,1e+20,0,1e+20,1e+20,1e+20,37.865736710855614,51.07135184676648,226.33631597881134,42.18011161056432,1218155666922071552,1.2181556669220716e+18,236.01414749098817,23.754541245142494,6.339063097975156,0.3302858,19.48155,19.650135,19.167873,1.2376651022200343e+18,20.2204,19.64477,19.50002,19.47696,19.53149,0.04652146,0.01287605,0.01397714,0.01689506,0.0645783,35253360136208.0,275146477584.0,268468240.0,4503599895805968.0,275146342416.0,275146342416.0,0.011840174,1.2181556669220716e+18,1.2376651022200343e+18,1.2181556669220716e+18,236.01414749098817,23.754541245142494,6.339063097975156,0.3302858,19.48155,19.650135,19.167873,1.3650236014025613e+17,19.6387004852295,19.5198993682861,19.5093002319336,19.5548992156982,19.6830997467041,0.00550600001588464,0.00988699961453676,0.0073250001296401,0.0291210003197193,0.0393159985542297,115000,115000,115000,115000,115000,436527104,52,0.325335,1.2181556669220716e+18,1.3650236014025613e+17,0.0,0.0,0.0,0.0,0.0,0.0,0.0,0.0,0.0,0.0,0.0,0.0,0.0,0.0,0.0,0.0,0.0,0.0,0.0,0.0,0.0,0.0,0.0,0.0,0.0,0.0,0.0,0,0.0,0.0,0.0,0.0,0.0,0.0,0.0,0.0,0.0,0.0,0.0,0.0,0,0,0,0,0,0,0,0,0,0,0,0,0,0,0,0.0,0.0,0,0.0,0.0,0.0,0.0,0.0,0.0,0.0,0.0,0.0,0.0,0.0,0.0,0.0,0.0,0.0,0.0,0.0,17.74554989477184,6.556399105140347,0.14232736087565195,7496.083501390465,139.78025073154095,131.4547592809513,8.221559081626896,0.0422781712227529,0.03939685399473447,0.7319239630523119,0.028043436718549475,0.025765780515374037,1.8967701756906323,0.0757188352036744,0.06592677232366362,2.2567267976584686,0.24406808955691028,2.9300746687289405,0.1377849225421075,0.06186824526102841,0.49184463072062323,0.1401635491717087,0.09778047748032306,2.3886148064112556,0.15489402772678545,0,0.1822639306280167,3.1411725464992704,0.1340446440800913,0.04600023587597472,0.40161574082740836,0.07554201712477517,0.08859663484154752,2.2983859165180407,0.10026432895250437,0,DZ,20.2053,19.6298,19.5148,19.4431,19.5575,1.1099309696220283e-31,1.3059419083811618e-32,1.4518099314366575e-32,1.634782762190164e-32,2.6605645719619607e-32,0.19,0.0,0.04,0.0,0.0,0.99,6848,7.986,0.566,297,0.092,0.076,-0.2124,-0.0235,"H/He=0, logCa/He=-9.5",0.0,-3.4982,3218.7569,DC,-99.0,,,,Andrews2015,2015ApJ...815...63A,7298.23442493491,121.58830638385734,114.545611491807,8.150450430449844,0.03968120728776192,0.040636139785057424,0.6678968984849987,0.02669193074115561,0.02628683106768681,1.8310804603707374,0.04602303328445889,0.04587836761247632,2.980743096853874,6982.0112833497715,108.18572748117094,115.48592068276866,7.996927725305906,0.0416877448428119,0.04144897313706686,0.5723721355800999,0.025687477305864292,0.02450721350736662,1.634401710800349,0.03315796847559627,0.031435985062283844,0.41655105821525407,2.6451587514084336,0.23620279427446178,0.14406721228513025,0.6607243820868396,0.41247768145204733,0.1512398137009934,2.4918048424575767,0.41502127934702593,00,0.22317530239673566,0.9079247226768022,0.23058810376728356,8.807827678291899,16.026408908224354,25.70419431809903,8.807890091353222,17.660810619024705,25.704213541047142,11
WDWD eDR3 1248152852388496896A,1248152852388496896,1.0,1636042515805110273,1248152852388496896,86059303,2016.0,206.11049669049964,0.085118614,18.82510317718879,0.0723093,8.832930024218976,0.118442684,74.57556,84.10274,69.26421402754978,0.11759273,-47.704704529009135,0.08686151,-0.22650525,-0.026090361,-0.020283215,0.021029906,-0.13682829,0.037576556,-0.1596693,-0.17629535,0.14981703,-0.1733305,424,0,423,1,-0.9395883,408.3305,0.0,0.0,31,true,1.70749,1e+20,1e+20,1e+20,1e+20,1e+20,1e+20,1e+20,48,20,0.16640624,67,38,0,0.02112724,133.73914,0,0,0.96689165,0.09581457,0.2867289,0.13213903,0.4210714,-2.710345,24.525515,-34.563995,-22.562582,false,564,1158.776081133724,1.2039462,962.48157,18.027369,60,790.4081544793628,6.523068,121.17123,18.093914,59,536.7517052294702,5.7173357,93.88144,17.923462,0,0,0,0,0,1.1453117,0.17045212,0.06654549,0.10390663,1e+20,1e+20,0,1e+20,1e+20,1e+20,1.4379746030293397,75.25983567957365,196.62865491990323,27.50023500026531,1248152852388496896,1.248152852388497e+18,206.11049669049964,18.82510317718879,8.832930024218976,0.118442684,18.027369,18.093914,17.923462,1.2376682982128353e+18,18.35598,18.06578,18.0906,18.21434,18.30146,0.01703501,0.006388554,0.007330447,0.00885651,0.02545092,35255507484688.0,402685968.0,268468240.0,4503599895838736.0,268468240.0,275146375184.0,0.067453034,1.248152852388497e+18,1.2376682982128353e+18,1.248152852388497e+18,206.11049669049964,18.82510317718879,8.832930024218976,0.118442684,18.027369,18.093914,17.923462,1.3059206110394075e+17,18.0757999420166,18.1021003723145,18.215799331665,18.3474006652832,18.4295997619629,0.00940399989485741,0.00627100002020597,0.00454800017178059,0.00636600004509091,0.00830799993127584,115000,115000,115000,115000,115000,436527104,52,0.1648038,1.248152852388497e+18,1.3059206110394075e+17,0.0,0.0,0.0,0.0,0.0,0.0,0.0,0.0,0.0,0.0,0.0,0.0,0.0,0.0,0.0,0.0,0.0,0.0,0.0,0.0,0.0,0.0,0.0,0.0,0.0,0.0,0.0,0,0.0,0.0,0.0,0.0,0.0,0.0,0.0,0.0,0.0,0.0,0.0,0.0,0,0,0,0,0,0,0,0,0,0,0,0,0,0,0,0.0,0.0,0,0.0,0.0,0.0,0.0,0.0,0.0,0.0,0.0,0.0,0.0,0.0,0.0,0.0,0.0,0.0,0.0,0.0,32.15934025279031,8.860540787555188,0.11267612221182444,9692.447289814074,157.24031835679853,156.27905383777033,8.296522813151846,0.038,0.038,0.7856113954454891,0.02152844271313812,0.02206585213208382,1.0641932579186717,0.014652208004695551,0.014118145674195847,3.1786252395729964,0.11512536210234314,3.2171732376764126,0.11799920926247998,0.03646348511451495,0.373551937118164,0.043198930713832975,0.03929723840309033,1.4377451950368356,0.045447438344711544,0,0.11508946617667037,3.423921317565502,0.09689445182071754,0.02250234498264986,0.31150040548186203,0.03372767660702449,0.026852238810405583,1.3756936634005337,0.036563345123030555,0,DC,18.457,18.0485,18.1034,18.2064,18.4002,9.980798300448443e-32,1.623584920374755e-32,1.7830871570046632e-32,1.7893202669034612e-32,2.6534719467523525e-32,0.01,0.0,0.98,0.0,0.01,0.01,8881,8.051,0.609,160,0.032,0.028,-0.0433,0.014,logH/He=-5,0.0,-3.0794,2833.3513,DQ,-99.0,,,,Kleinman2013,2013ApJS..204....5K,9176.448190986339,125.55725900571633,119.53681413747836,8.164064887716968,0.028030576687097408,0.0275053674196446,0.6798394923012047,0.01909462235399273,0.01816461357746446,1.0341836772089636,0.009944808016570272,0.00946117455601625,5.874418334469734,8745.018337399964,127.31610846647163,129.13722350582248,8.010870254992074,0.033077689213946826,0.03521910100261039,0.584202732031245,0.02038705863603707,0.021108382276194937,0.942793472762847,0.01159521656974416,0.012062552820820027,0.2305225452173265,2.778882515975331,0.12971428093108273,0.07230549578957367,0.5750901053218872,0.16229142673308813,0.07298618998045106,1.6092737825308507,0.16256697393702302,00,0.17712474922708132,1.0107100958405297,0.249671981684928,5.882374244032686,11.010676860138437,10.585058289832315,5.882385672149218,11.953470332901285,10.585065162970341,01
WDWD eDR3 1377401818623167104A,1377401818623167104,1.0,1636042515805110273,1377401818623167104,710838352,2016.0,234.9711201792667,0.13729548,38.92243903197368,0.15126202,3.0002813138970073,0.17258386,17.384483,9.762359,4.79772113074669,0.17220429,8.502089418144585,0.20274684,0.20597623,-0.099077344,-0.075042,-0.015115759,-0.1896129,0.005352776,-0.23150356,-0.16334286,-0.0038270282,0.22913177,423,0,420,3,-0.42969042,414.53546,0.0,0.0,31,false,1.8080372,1e+20,1e+20,1e+20,1e+20,1e+20,1e+20,1e+20,49,30,0.2960148,51,18,0,0.026442964,167.41891,0,0,0.98432326,0.13616003,0.22652625,0.06275222,0.14701757,-154.35196,-59.018246,-0.83314264,-33.590176,false,421,469.88853447200177,0.9530755,493.0234,19.00738,48,346.86973392369157,7.352878,47.17469,18.988127,44,179.25663816478513,8.655922,20.709133,19.114208,0,0,0,0,0,1.1196834,-0.12608147,-0.019252777,-0.10682869,1e+20,1e+20,0,1e+20,1e+20,1e+20,62.499465530418995,53.14306852380463,216.84289787229912,56.082047808034545,1377401818623167104,1.377401818623167e+18,234.9711201792667,38.92243903197368,3.0002813138970073,0.17258386,19.00738,18.988127,19.114208,1.237662498930688e+18,18.83304,18.84663,19.18525,19.46879,19.93135,0.01938952,0.008865992,0.01259172,0.02030482,0.1140741,35253360001040.0,268468240.0,268468240.0,4503599895838736.0,275146375184.0,275280592912.0,0.06315626,1.377401818623167e+18,1.237662498930688e+18,1.377401818623167e+18,234.9711201792667,38.92243903197368,3.0002813138970073,0.17258386,19.00738,18.988127,19.114208,1.5470234971156755e+17,18.9314002990723,19.1406993865967,19.4122009277344,19.6522006988525,19.6823997497559,0.00647599995136261,0.0138680003583431,0.012474000453949,0.0257849991321564,0.0542679987847805,115000,115000,115000,115000,115000,436527104,52,0.028907623,1.377401818623167e+18,1.5470234971156755e+17,0.0,0.0,0.0,0.0,0.0,0.0,0.0,0.0,0.0,0.0,0.0,0.0,0.0,0.0,0.0,0.0,0.0,0.0,0.0,0.0,0.0,0.0,0.0,0.0,0.0,0.0,0.0,0,0.0,0.0,0.0,0.0,0.0,0.0,0.0,0.0,0.0,0.0,0.0,0.0,0,0,0,0,0,0,0,0,0,0,0,0,0,0,0,0.0,0.0,0,0.0,0.0,0.0,0.0,0.0,0.0,0.0,0.0,0.0,0.0,0.0,0.0,0.0,0.0,0.0,0.0,0.0,3.359063678419663,3.1264614927514875,0.15899357169778086,18895.87030153718,1399.7423281736446,1284.0736748237068,8.357233440288951,0.07754099410494852,0.07635090238107622,0.840112980222387,0.05130773592312632,0.05052595546438421,0.1874793433655222,0.01618195112984347,0.015509539602478445,3.2150840401951712,0.2743729193750073,3.5086255626865617,0.4132336493393378,0.07706571845901836,0.29182906094775235,0.07644508950527865,0.0787463047004323,0.47930840431327454,0.07800254821575325,0,0.2217407139575318,3.660100769559976,0.3752708018837372,0.060551860686877845,0.25929767747258614,0.04884953844768411,0.0626768168864031,0.44677702083810833,0.05125254359768513,0,DZ,18.7063,18.9143,19.1724,19.4165,19.7535,7.430072585266647e-32,1.453474017440767e-32,1.5349665279004443e-32,1.7300263596693887e-32,2.806734245681343e-32,0.01,0.42,0.01,0.0,0.0,0.98,-999,-999.0,-999.0,-999,-999.0,-999.0,-999.0,-999.0,-,0.0,-999.0,-999.0,DBZ:,-99.0,,,,Kepler2015,2015MNRAS.446.4078K,15623.78286795029,1769.4531692224646,1187.4345912823846,8.204949226365356,0.14597602327435588,0.11525433289472353,0.7154131343859063,0.0968350418540671,0.07355058858696617,0.2569537250481918,0.014154123392518314,0.01605277569031105,7.520067398723345,15590.235174248752,1728.325352203814,1218.241086984739,8.213117337050882,0.14248755160374493,0.12089616073551746,0.7211533790169296,0.09418870910081667,0.07731718777269503,0.2626714950177258,0.01318964071132317,0.01680966479805293,1.4474943260322641,3.0435801578375807,0.3954963474647357,0.13138789717017568,0.43936872793622606,1.921948907725085,0.13214809393938035,0.6963224529844179,1.9220159456968642,00,1.131159680433301,3.0807338447697705,0.40132115879996055,0.12699637166106773,0.42499606339720725,0.9634010250771339,0.12767946208051567,0.687667558414933,0.9635476635591491,00
WDWD eDR3 150577636388844160B,150577571966860288,1.0,1636042515805110273,150577571966860288,561071526,2016.0,65.13278947388089,0.34434134,26.285669612550567,0.2151644,11.60843456841302,0.3722197,31.187048,74.23615,-68.51020007902153,0.47688034,-28.589484076297968,0.35504013,0.5247845,0.11397299,-0.12837099,0.020348098,0.05326397,-0.0043523298,0.18349725,0.24182916,0.046741948,0.42622948,427,0,425,2,0.100157455,438.2379,0.0,0.0,95,false,1e+20,1.5645776,0.067524984,-0.0801838,-0.08090469,0.1283356,0.13001472,0.18355863,49,17,0.71469396,51,51,0,0.06943866,166.69362,0,0,1.0026655,0.3029188,0.61968213,0.30686194,0.2896315,173.02025,-18.501423,46.97086,-34.048897,false,414,260.20279283015566,0.7926205,328.2817,19.649088,45,116.34234932494864,5.833078,19.945276,20.174198,48,212.88927352349384,7.7753196,27.38013,18.927511,0,2,0,1,0,1.2652886,1.2466869,0.52511024,0.7215767,1e+20,1e+20,0,1e+20,1e+20,1e+20,170.67560956527365,-16.63882402428452,67.76968529741997,4.745208034157056,150577571963184512,1.505775719668603e+17,65.13278947388089,26.285669612550567,11.60843456841302,0.3722197,19.649088,20.174198,18.927511,1.2376605543754634e+18,22.3803,20.53158,19.66772,19.47876,19.56814,0.198327,0.02570925,0.01596993,0.01766268,0.0667419,35253361447440.0,275146342416.0,275147788304.0,4503599895805968.0,275146506768.0,275146342416.0,0.070115894,1.505775719668603e+17,1.2376605543754634e+18,1.505775719668603e+17,65.13278947388089,26.285669612550567,11.60843456841302,0.3722197,19.649088,20.174198,18.927511,1.3954065132972346e+17,20.2408008575439,19.5998001098633,19.3285007476807,19.2266998291016,19.1527004241943,0.0278699994087219,0.0213520005345345,0.00690100016072392,0.0107039995491505,0.0432629995048046,115000,115000,115000,115000,115000,436527104,52,0.011230296,1.505775719668603e+17,1.3954065132972346e+17,0.0,0.0,0.0,0.0,0.0,0.0,0.0,0.0,0.0,0.0,0.0,0.0,0.0,0.0,0.0,0.0,0.0,0.0,0.0,0.0,0.0,0.0,0.0,0.0,0.0,0.0,0.0,0,0.0,0.0,0.0,0.0,0.0,0.0,0.0,0.0,0.0,0.0,0.0,0.0,0,0,0,0,0,0,0,0,0,0,0,0,0,0,0,0.0,0.0,0,0.0,0.0,0.0,0.0,0.0,0.0,0.0,0.0,0.0,0.0,0.0,0.0,0.0,0.0,0.0,0.0,0.0,59.36954159209163,11.307106737497277,0.14464082063896005,5001.890097581412,60.022681170976945,60.022681170976945,7.980720777189363,0.038,0.038,0.5679655904309959,0.022567537140688952,0.021283563455716376,5.662165399668093,0.2199179636693261,0.20550382675890844,8.073897295663217,0.2820942142586116,0.9870698803874491,0.26604454319645443,6.739089483057137,11.969657697733052,25.779287605019938,6.742676840201952,17.631823097401146,25.780106695767323,1,0.1960689586506421,0.8696402296350647,0.1849136703363714,9.205459527213549,18.679020651054238,25.394843192937262,9.208086067034296,24.34118605072233,25.395674683234635,11,DZ,-999.0,20.3929,19.5737,19.2889,19.1596,-999.0,1.1573989841380171e-32,1.4141736956263932e-32,1.891977367901641e-32,2.942946189501766e-32,0.1,0.0,0.12,0.0,0.0,0.71,4692,7.909,0.514,56,0.055,0.044,0.0,0.0,"H/He=0, logCa/He=-9.5",0.0,-4.1193,3790.2133,,,,,,,,4947.810393164191,41.470230012881984,45.56117277542489,7.948869958757388,0.02876047115101077,0.031541078997734395,0.5370146358024159,0.017090091388252127,0.018166872476746865,5.487778475476789,0.13733450315766582,0.13891275153716975,79.68376893981545,3779.690108701504,2719.486099715272,85.18325227964033,7.729893172675872,0.9876966844304338,0.08697567292122521,0.41657992061322,0.6212047993484787,0.04199142130706013,6.017994107730847,0.3512251350981197,1.391912303924105,0.1484803769613563,0.6007353240870198,0.157835555836202,33.60599723005579,63.23223563656641,56.64517626281332,33.606277844954434,68.7200141120432,56.6453465926172,11,5.397087744122313,-0.4456132005801896,0.36482555436194697,nan,nan,nan,nan,nan,nan,11
WDWD eDR3 1570574260593313152B,1570574230528214400,1.0,1636042515805110273,1570574230528214400,1548691981,2016.0,192.1057716747519,0.25274247,55.140961758903025,0.23627143,16.99646844145073,0.322004,52.78341,242.67271,-111.9703345015891,0.32754493,-215.2967516370464,0.3212235,0.18690619,-0.029128341,0.057665814,-0.026557598,-0.12085477,-0.051292155,0.041372802,0.20867732,-0.07971183,0.21136165,463,0,461,2,0.6092803,500.07608,0.0,0.0,31,false,1.4557008,1e+20,1e+20,1e+20,1e+20,1e+20,1e+20,1e+20,54,29,0.4942217,57,19,0,0.021871252,127.679375,0,1,1.0195072,0.07966638,0.17663682,0.16959912,0.18405958,-127.39241,-46.359955,8.916821,-7.2843184,false,478,208.37657184636907,0.66338336,314.11185,19.890245,7,79.56666454900709,8.737019,9.106844,20.586714,7,189.12744830656487,8.173569,23.138906,19.05601,0,0,0,0,0,1.2894641,1.5307045,0.69646835,0.83423615,1e+20,1e+20,0,1e+20,1e+20,1e+20,123.84899266971313,61.98191959732632,158.83012158166255,53.18071318216785,1570574230528214400,1.5705742305282145e+18,192.1057716747519,55.140961758903025,16.99646844145073,0.322004,19.890245,20.586714,19.05601,1.237658917994824e+18,23.09139,20.85839,19.86358,19.52166,19.4894,0.458595,0.03031782,0.01910377,0.01887796,0.06579183,35253393555472.0,4.503599630725941e+16,301989904.0,4503599929360400.0,301989904.0,301989904.0,0.033756845,1.5705742305282145e+18,1.237658917994824e+18,1.5705742305282145e+18,192.1057716747519,55.140961758903025,16.99646844145073,0.322004,19.890245,20.586714,19.05601,1.7416192105859994e+17,20.6268997192383,19.8306007385254,19.4913005828857,0.0,19.4276008605957,0.0539399981498718,0.0138199999928474,0.00672899978235364,0.0,0.0239000003784895,20536,16696,115000,16416,115000,436527104,52,0.021820167,1.5705742305282145e+18,1.7416192105859994e+17,0.0,0.0,0.0,0.0,0.0,0.0,0.0,0.0,0.0,0.0,0.0,0.0,0.0,0.0,0.0,0.0,0.0,0.0,0.0,0.0,0.0,0.0,0.0,0.0,0.0,0.0,0.0,0,0.0,0.0,0.0,0.0,0.0,0.0,0.0,0.0,0.0,0.0,0.0,0.0,0,0,0,0,0,0,0,0,0,0,0,0,0,0,0,0.0,0.0,0,0.0,0.0,0.0,0.0,0.0,0.0,0.0,0.0,0.0,0.0,0.0,0.0,0.0,0.0,0.0,0.0,0.0,2.18068560958136,17.048093943508093,0.17949576601041753,4444.0001727129975,53.71559310119483,57.90912115726951,8.438665683391449,0.038,0.038,0.867118802471565,0.019950445962815037,0.021163017188988657,10.82691982905184,0.10625682306633205,0.11133324132544091,5.193150744051165,0.1556900352714483,3.702044882911823,0.1977852073737254,0.033349381466320396,0.25140378294479293,0.03166319338380811,0.11136738163544993,11.078323611996634,0.11574821138699852,0,0.0991796608908615,3.7931679246216494,0.20843407624588073,0.03136169037020907,0.23425439956708005,0.018665641488408834,0.11078839321439164,11.06117422861892,0.11288709756301946,0,DZ,-999.0,20.9285,19.7671,19.4738,19.4153,-999.0,2.6716911797241215e-32,3.1362499312121905e-32,4.1098019712372464e-32,6.03838104309152e-32,0.88,0.0,0.0,0.0,0.41,0.92,4399,8.401,0.832,53,0.04,0.037,0.0,0.0,"H/He=0, logCa/He=-9.5",0.0,-4.5148,4154.1137,,,,,,,,4423.871880698498,43.64440457451474,41.316556796495206,8.380938513271618,0.030790671029331307,0.030348668143005852,0.8174378785031846,0.020278079462095033,0.019796080119645065,8.473650723095714,0.05987261932650334,0.065091456494347,35.15814836583313,4222.1991188892425,23.98653491452842,31.49977571760428,8.886826847516208,0.01156575723847375,0.013887234695426187,1.130528500929326,0.006045223841946834,0.007216605468791659,6.731147965100819,0.10696007018742293,0.08476536753274644,0.08348071952822567,3.5596100099490644,0.0866626059146709,0.018088515148557843,0.2799886552331575,0.019387198285612466,0.0625453829254885,8.753639378328872,0.0679173112388964,00,0.06009168828972822,6.968871778621531,0.0717356408428591,0.0011220184633299111,0.05311429049674724,0.001029348278731309,0.10696595505080339,6.784262255597566,0.08477161724799469,11
WDWD eDR3 1628641771763439232B,1628641771759023232,1.0,1636042515805110273,1628641771759023232,1584185901,2016.0,246.55783801182602,0.36660728,62.383311205539236,0.45980477,8.225947258280508,0.42483816,19.362543,30.23499,14.732118158430165,0.44398397,26.403015358135065,0.5745993,-0.16768749,-0.23716979,-0.002984035,0.14016974,0.34694755,-0.0648758,-0.42425984,-0.23405385,-0.26386073,0.16095144,279,0,279,0,1.260165,322.44418,1.4230505,1.4148438,31,false,1.4634728,1e+20,1e+20,1e+20,1e+20,1e+20,1e+20,1e+20,32,24,0.8465089,60,15,0,0.0314772,150.00838,0,0,1.0530738,0.13268554,0.050747313,0.031216485,0.16593371,-143.2883,55.412437,14.788796,-26.578354,false,461,176.65785981085148,0.7538769,234.33249,20.069534,50,76.2207541972845,5.758303,13.23667,20.63336,55,143.81131419216024,5.3056784,27.10517,19.353413,0,1,0,1,0,1.2455267,1.2799473,0.5638256,0.7161217,1e+20,1e+20,0,1e+20,1e+20,1e+20,93.54839389143407,40.41219751406772,191.5663003160323,79.15020919199334,1628641771759023232,1.628641771759023e+18,246.55783801182602,62.383311205539236,8.225947258280508,0.42483816,20.069534,20.63336,19.353413,1.237671768003314e+18,21.1421,21.00785,20.13297,19.62215,19.66494,0.09624892,0.03201982,0.02167248,0.02107622,0.07941214,35253393555472.0,275179929616.0,275179929616.0,4503874807267344.0,275179929616.0,275179929616.0,0.06732929,1.628641771759023e+18,1.237671768003314e+18,1.628641771759023e+18,246.55783801182602,62.383311205539236,8.225947258280508,0.42483816,20.069534,20.63336,19.353413,1.828624655782207e+17,20.974100112915,20.0268993377686,19.5576000213623,19.5764007568359,19.6758003234863,0.0434469990432262,0.0114390002563596,0.0177250001579523,0.0245789997279644,0.116240002214909,115000,115000,115000,115000,115000,436527104,52,0.07802248,1.628641771759023e+18,1.828624655782207e+17,0.0,0.0,0.0,0.0,0.0,0.0,0.0,0.0,0.0,0.0,0.0,0.0,0.0,0.0,0.0,0.0,0.0,0.0,0.0,0.0,0.0,0.0,0.0,0.0,0.0,0.0,0.0,0,0.0,0.0,0.0,0.0,0.0,0.0,0.0,0.0,0.0,0.0,0.0,0.0,0,0,0,0,0,0,0,0,0,0,0,0,0,0,0,0.0,0.0,0,0.0,0.0,0.0,0.0,0.0,0.0,0.0,0.0,0.0,0.0,0.0,0.0,0.0,0.0,0.0,0.0,0.0,17.825027222988577,7.913398655743743,0.2599629332642499,4524.488275952237,73.65449792256913,81.46838032373944,7.304249423821732,0.08552679709142819,0.08623746703021773,0.2496351758789067,0.029618143835151822,0.02738299316294146,2.553462090503026,0.1658786792630802,0.148092155687082,9.623533925074282,nan,nan,nan,nan,nan,nan,nan,nan,nan,0,0.2573253156833344,-1.8960453876723982,0.23790610914805788,nan,nan,nan,nan,nan,nan,11,DQ,22.2673,20.9465,20.0017,19.627,19.6887,6.26429084993241e-32,1.029312285219208e-32,1.27025835976784e-32,1.567323000837777e-32,2.3449980336995868e-32,0.68,0.0,0.0,0.0,0.95,0.0,5913,8.273,0.746,90,0.062,0.058,0.0,0.0,H/He=0,-5.0,-3.9187,3605.688,,,,,,,,4701.391638112886,57.75757293917013,46.71106458899976,7.48579898959826,0.05470738827262256,0.051826940351867634,0.3089780357202923,0.021890135427083957,0.01990583033258586,2.817468050885674,0.1707847573494714,0.1352713806425938,76.82034739224369,3552.2014046359736,2945.2326303567643,57.07201029290809,7.222924316721342,1.4076355162901857,0.05908988550859284,0.21712016295332542,0.7673589060139856,0.01663107221675056,3.5676321471961914,1.0398582051461944,0.17703017721227887,0.19018362664712374,-1.380468846913184,0.17294379089996426,nan,nan,nan,nan,nan,nan,11,6.666888844604561,-2.1785389838981257,0.1444923737337147,nan,nan,nan,nan,nan,nan,11
WDWD eDR3 1904901906555692544B,1904901902257184512,1.0,1636042515805110273,1904901902257184512,742353050,2016.0,340.2331100962863,0.3020206,37.50227642791062,0.42104873,8.275061067993217,0.57997704,14.267912,98.66582,74.11280537040157,0.48952645,-65.13244106388488,0.59298116,0.017413877,0.29602298,-0.04871441,-0.33812824,0.06343076,-0.26274988,-0.41674992,-0.03321947,-0.16680713,-0.1765738,617,0,612,5,0.5789029,668.35297,0.974656,0.6733963,95,false,1e+20,1.3881294,0.09742627,-0.15989521,0.09330111,-0.012545994,0.062001504,0.16297823,73,22,0.86407125,78,32,0,0.009518512,76.75438,0,0,1.0161215,0.32406986,0.2884767,0.46934077,0.27855635,-42.99427,72.35288,35.116077,28.440886,false,630,142.59353684160573,0.5645984,252.55746,20.302116,67,67.81512638395395,4.7382393,14.312305,20.760225,66,104.66532447763143,4.007247,26.11901,19.69839,0,0,0,0,0,1.2095952,1.0618362,0.4581089,0.60372734,1e+20,1e+20,0,1e+20,1e+20,1e+20,96.12429723977029,-18.48410815332235,359.6933508163907,41.70379854677486,1904901902257184512,0.0,0.0,0.0,0.0,0.0,0.0,0.0,0.0,0.0,0.0,0.0,0.0,0.0,0.0,0.0,0.0,0.0,0.0,0.0,0.0,0.0,0.0,0.0,0.0,0.0,0.0,0.0,0.0,1.9049019022571845e+18,340.2331100962863,37.50227642791062,8.275061067993217,0.57997704,20.302116,20.760225,19.69839,1.5300340232917347e+17,20.8868007659912,20.2658996582031,20.0265007019043,19.9323997497559,19.7803993225098,0.0202649999409914,0.0139149995520711,0.0119669996201992,0.0248220004141331,0.0819410011172295,115000,115000,115000,115000,115000,436527104,52,0.25372493,1.9049019022571845e+18,1.5300340232917347e+17,0.0,0.0,0.0,0.0,0.0,0.0,0.0,0.0,0.0,0.0,0.0,0.0,0.0,0.0,0.0,0.0,0.0,0.0,0.0,0.0,0.0,0.0,0.0,0.0,0.0,0.0,0.0,0,0.0,0.0,0.0,0.0,0.0,0.0,0.0,0.0,0.0,0.0,0.0,0.0,0,0,0,0,0,0,0,0,0,0,0,0,0,0,0,0.0,0.0,0,0.0,0.0,0.0,0.0,0.0,0.0,0.0,0.0,0.0,0.0,0.0,0.0,0.0,0.0,0.0,0.0,0.0,20.7243721745339,7.924301371127421,0.11607133840611905,5054.630611348011,84.08973528715524,82.92376212280669,7.938840365056388,0.06037998739366124,0.062086713744477606,0.5437132310872761,0.03655153834528313,0.03631387834118527,4.733569822021313,0.31135114657549057,0.31291017858795556,1.338619164015566,0.45689422931603907,0.6839153885909512,0.4539234792648159,34.671290776787394,41.905440183614054,877.5006018149943,34.67268872852257,46.63901000563537,877.500657605712,11,0.31756332185302427,0.6589333717400185,0.31549850861151385,34.618771293358826,47.14238725673321,114.42894951493442,34.62017136581446,51.875957078754524,114.42937734634089,11,DZ,21.7199,20.9257,20.2311,19.9652,19.8731,2.5982065886098608e-31,8.26688160006114e-33,1.0339185045823575e-32,1.3759580905616862e-32,2.1044662365305478e-32,0.48,0.0,0.03,0.0,0.0,0.83,4842,7.985,0.559,116,0.106,0.09,0.0,0.0,"H/He=0, logCa/He=-9.5",0.0,-4.1042,3776.3497,,,,,,,,5048.54751294414,65.55945383153448,63.61026445329571,7.93718084166164,0.04647891626841272,0.0464220617558766,0.5304656945564791,0.027560559550566133,0.02623378984880842,5.150941778048019,0.18096577734559816,0.18401631377021044,2.1383959417995566,6470.907124965854,30.33499474396649,2553.1640686917945,8.609456024159687,0.013935504678761035,0.8633874335938678,0.9710691556884996,0.008830738925527548,0.5462195903893741,4.615684214408283,1.7402753091201593,0.050686400136443766,0.23944882320213823,0.5438374852865259,0.22792171892969937,49.60624783148277,77.65983838081505,253.67472243411504,49.6065779159484,82.81078015886307,253.67478917706632,11,0.18062701499051226,5.263932314540869,5.549474704125871,0.07865844321337902,0.10138624821261015,0.008944689202448397,1.7420520377480169,4.717070462620893,0.05146958930980588,01
WDWD eDR3 2310995767378550016A,2310995767378550016,1.0,1636042515805110273,2310995767378550016,1555755525,2016.0,358.4304062771182,0.05692238,-36.34810358728297,0.050249252,17.848850319025274,0.06967701,256.16556,240.77202,186.07198589682824,0.058460586,-152.8017707361943,0.05812473,-0.035501793,0.25094202,-0.17883998,0.11581065,-0.09494209,0.20042068,0.014383971,0.032851867,-0.25123137,0.11763181,265,0,265,0,-1.142322,245.57219,0.0,0.0,31,false,1.7061327,1e+20,1e+20,1e+20,1e+20,1e+20,1e+20,1e+20,31,18,0.086250015,35,13,0,0.011758941,69.33379,0,0,0.9490663,0.07905964,0.11984632,0.11821454,0.6484793,-56.910477,0.012698961,31.082798,19.438087,false,288,3137.369103688671,3.195903,981.6847,16.945953,30,2129.921665132243,13.089546,162.71928,17.017633,31,1505.5497759581108,10.918641,137.88802,16.803658,0,1,0,0,0,1.1587644,0.2139759,0.07168007,0.14229584,1e+20,1e+20,0,1e+20,1e+20,1e+20,352.36673475525913,-74.6810114530688,342.36138220739014,-32.34435733171278,2310995767378550016,0.0,0.0,0.0,0.0,0.0,0.0,0.0,0.0,0.0,0.0,0.0,0.0,0.0,0.0,0.0,0.0,0.0,0.0,0.0,0.0,0.0,0.0,0.0,0.0,0.0,0.0,0.0,0.0,0.0,0.0,0.0,0.0,0.0,0.0,0.0,0.0,0.0,0.0,0.0,0.0,0.0,0.0,0.0,0.0,0.0,0.0,0.0,0,0,0,0,0,0,0,0.0,0.0,0.0,0.0,0.0,0.0,0.0,0.0,0.0,0.0,0.0,0.0,0.0,0.0,0.0,0.0,0.0,0.0,0.0,0.0,0.0,0.0,2.31099576737855e+18,358.4304062771182,-36.34810358728297,17.848850319025274,0.06967701,16.945953,17.017633,16.803658,2761063,17.4858,17.3401,16.9764,17.0242,17.1774,17.3334,0.0399,0.0508,0.0158,0.0116,0.0177,0.012,0,0,0,0,0,0,0,0,0,0,0,0,0,0,0,0.28847206,2.31099576737855e+18,2761063,0.0,0.0,0.0,0.0,0.0,0.0,0.0,0.0,0.0,0.0,0.0,0.0,0.0,0.0,0.0,0.0,0.0,14.345756641529707,17.883120770974067,0.057075228642929965,9273.59767307145,115.95817787473788,111.85206165352247,8.487711798185714,0.038,0.038,0.9100778452746849,0.015651890799001606,0.015361458590409287,1.8533062584136184,0.03249234038566443,0.03344973958185081,4.455360163047682,0.14627935326169794,4.103531264249392,0.14356503355522676,0.016629095255567432,0.19037582841983913,0.01909999233007002,0.03650039715888877,2.0436820868334573,0.03851875887281898,0,0.26820852302343035,4.3578353779759125,0.2219423136423302,0.019641560584291548,0.16250085867646863,0.029582426735308767,0.037967658420348695,2.015807117090087,0.044654283665103704,0,DQ,17.3089,16.9746,17.0214,17.1188,17.2641,1.2687671465855084e-31,3.758288522436083e-32,4.0506209457941287e-32,3.60336347436504e-32,5.268685577845068e-32,0.0,0.0,0.89,0.0,0.96,0.1,8219,8.177,0.687,260,0.051,0.047,-0.047,-0.0132,H/He=0,-5.352,-3.2872,3024.5578,DC,,,,,SOAR Goodman Spect,,8756.453736652547,90.2120209334098,89.26642056307901,8.369871217474566,0.01971574838184509,0.019641037544470663,0.8149282563130453,0.012839931555368667,0.012573482389608648,1.67046235977327,0.02189493902663142,0.021841170466801563,39.50005254471967,8372.814399654455,85.93767824200404,85.15366829667255,8.234037233474176,0.021325095061264676,0.021995129484873033,0.7246224270745754,0.014321242469880202,0.014442077263902009,1.4421156814863838,0.010590733962758003,0.01116103060816398,0.05122521086410803,3.54963535895487,0.04997409534820596,0.011605765991657377,0.2823051246855901,0.011896319603582084,0.02478068116967366,1.95276748445886,0.02487084935160953,00,0.09210820096362848,3.1026013052011376,0.07629200878976228,0.029513072318890332,0.4165367771445687,0.03563146441318029,0.031355782298803626,1.8586524586309525,0.03733858407149509,00
WDWD eDR3 2576089944980543872A,2576089944980543872,1.0,1636042515805110273,2576089944980543872,52798877,2016.0,16.821541505903383,0.22251055,5.196173160591098,0.13259701,6.003137279626116,0.24878946,24.129387,94.9173,-55.24587441614721,0.29091918,-77.182817473137,0.19353187,0.5026159,0.29204804,-0.38476273,0.13584436,0.17175308,0.018828137,-0.015346287,-0.02882804,0.2777682,0.40434745,345,0,345,0,-0.89291745,329.54712,0.0,0.0,31,false,1.7410527,1e+20,1e+20,1e+20,1e+20,1e+20,1e+20,1e+20,40,16,0.43069813,50,30,0,0.082399294,71.56467,0,0,0.9649854,0.18228707,0.6417529,0.28282946,0.25893766,160.73985,-28.276405,36.91874,-44.555977,false,361,639.4496186338798,1.173631,544.8473,18.672852,45,443.7064093847106,9.048765,49.035023,18.720802,47,290.14043427167906,6.2958245,46.08458,18.591375,0,1,0,0,0,1.1476226,0.12942696,0.047950745,0.08147621,1e+20,1e+20,0,1e+20,1e+20,1e+20,130.27974026528062,-57.44930003495114,17.4933757702806,-1.807847275537824,2576089944980543872,2.576089944980544e+18,16.821541505903383,5.196173160591098,6.003137279626116,0.24878946,18.672852,18.720802,18.591375,1.237678623308448e+18,18.87926,18.66828,18.77119,18.8801,19.02736,0.02281325,0.008017838,0.009933583,0.01286373,0.05096704,68988043776.0,275297370624.0,293765120.0,4503599912616448.0,419463680.0,275297370624.0,0.09123409,2.576089944980544e+18,1.237678623308448e+18,2.576089944980544e+18,16.821541505903383,5.196173160591098,6.003137279626116,0.24878946,18.672852,18.720802,18.591375,1.14230168216046e+17,18.6718997955322,18.7677001953125,18.9008007049561,19.0552005767822,19.2171001434326,0.00715899979695678,0.00771400006487966,0.0068430001847446,0.022409999743104,0.0448260009288788,115000,115000,115000,115000,115000,436527104,52,0.1920368,2.576089944980544e+18,1.14230168216046e+17,0.0,0.0,0.0,0.0,0.0,0.0,0.0,0.0,0.0,0.0,0.0,0.0,0.0,0.0,0.0,0.0,0.0,0.0,0.0,0.0,0.0,0.0,0.0,0.0,0.0,0.0,0.0,0,0.0,0.0,0.0,0.0,0.0,0.0,0.0,0.0,0.0,0.0,0.0,0.0,0,0,0,0,0,0,0,0,0,0,0,0,0,0,0,0.0,0.0,0,0.0,0.0,0.0,0.0,0.0,0.0,0.0,0.0,0.0,0.0,0.0,0.0,0.0,0.0,0.0,0.0,0.0,41.64622612330214,6.05322444504433,0.23688261115749207,10845.16093272496,456.98525090464864,433.5560385929293,8.388370830911644,0.062325866122234785,0.07030752309482047,0.848233563305832,0.04115121603233962,0.046786676565826135,0.913584713645158,0.0175694933322329,0.018106302055989287,2.327500128320448,0.22005997878256567,3.5520511406728987,0.41075483943605606,0.07309802810567471,0.2817440940734097,0.05632742163666761,0.07517984310231957,1.1953288077185678,0.059166008842727026,0,0.18065322999863742,3.699104530767685,0.3990364416056398,0.06091940355777538,0.25195715808722813,0.03759001629337212,0.06340237239872394,1.1655418717323862,0.0417234646102011,0,DZ,18.985,18.6576,18.7588,18.899,19.0999,9.953403210962306e-32,1.491078109779173e-32,1.6149147770202764e-32,1.8137729365304587e-32,2.8326293502271696e-32,0.0,0.0,0.23,0.0,0.02,0.95,9470,8.026,0.595,495,0.078,0.066,-0.0357,0.0576,"H/He=0, logCa/He=-9.5",0.0,-2.9533,2717.4045,,,,,,,,10033.449203865766,303.61060653110326,295.83228813656206,8.211683341578246,0.052797887124304665,0.05418664727907263,0.7123350322399318,0.03424306946765887,0.03556169300662193,0.8814825613143839,0.015524392254268937,0.015006382898479664,0.9397118564487471,9650.251508522475,345.8423394780839,316.71029348204684,8.09937226304271,0.07419478093082255,0.07232185742853581,0.6401724354401741,0.04759890636999353,0.04498289578341763,0.8289402719506136,0.01895643445229389,0.019704174076618286,0.2627718651362798,3.0236571666015,0.20121031538592238,0.0759015059464869,0.4470758088020528,0.13547705628013926,0.07747286853995398,1.3285583701164367,0.13630562829915646,00,1.1274301932697897,2.210866588319143,0.6107438102486382,0.550234878505469,1.0973269204777045,7.50902035301948,0.5505613207727841,1.9262671924283181,7.50904620551351,00
WDWD eDR3 2634608741244966016A,2634608741244966016,1.0,1636042515805110273,2634608741244966016,1805997387,2016.0,346.0799701364269,0.07289655,-7.0244716274259105,0.075459555,18.233794339933965,0.09272868,196.63597,328.93054,240.42122438831998,0.09692204,-224.48373109336836,0.08040559,0.20383753,0.18837063,-0.02056166,-0.22763157,-0.3770821,-0.23105368,-0.10184416,0.10333778,-0.19570109,0.16997372,192,0,187,5,1.4098625,217.90005,0.20226882,1.0876412,31,false,1.6665834,1e+20,1e+20,1e+20,1e+20,1e+20,1e+20,1e+20,22,14,0.13952407,22,9,0,0.1061141,67.50149,0,0,1.0729241,0.26820582,0.25112548,0.4800356,0.83716345,-93.7644,-35.065918,-51.286934,24.096169,false,186,2790.8131523450443,3.3734756,827.28125,17.07304,19,1799.474728450501,23.906593,75.271065,17.200678,19,1473.8810062268558,11.691717,126.06198,16.82674,0,2,0,4,0,1.1729039,0.3739376,0.12763786,0.24629974,1e+20,1e+20,0,1e+20,1e+20,1e+20,66.36089410086392,-57.600668253536625,344.4699033134191,-0.9871451108756061,2634608741244966016,2.634608741244966e+18,346.0799701364269,-7.0244716274259105,18.233794339933965,0.09272868,17.07304,17.200678,16.82674,1.2376802425181307e+18,17.62281,17.19473,17.10294,17.12671,17.21002,0.01224561,0.004431595,0.00495153,0.005634466,0.01440303,68987912704.0,268468224.0,268468224.0,4503599895838720.0,285245952.0,268468224.0,0.038934465,2.634608741244966e+18,1.2376802425181307e+18,2.634608741244966e+18,346.0799701364269,-7.0244716274259105,18.233794339933965,0.09272868,17.07304,17.200678,16.82674,9.957346079575144e+16,17.1956996917725,17.1151008605957,17.1630992889404,17.2625007629395,17.3696994781494,0.00382700003683567,0.00303000002168119,0.00333700003102422,0.00399600015953183,0.0272879991680384,115000,115000,115000,115000,115000,436527104,52,0.021817217,2.634608741244966e+18,9.957346079575144e+16,0.0,0.0,0.0,0.0,0.0,0.0,0.0,0.0,0.0,0.0,0.0,0.0,0.0,0.0,0.0,0.0,0.0,0.0,0.0,2.634608741244966e+18,346.0799701364269,-7.0244716274259105,18.233794339933965,0.09272868,17.07304,17.200678,16.82674,7953286,17.5904,17.5211,17.1648,17.1078,17.1639,17.2463,0.0342,0.0071,0.0072,0.0087,0.0053,0.0069,0,0,0,0,0,0,3,0,0,0,0,0,0,3,0,0.01644287,2.634608741244966e+18,7953286,2.634608741244966e+18,346.0799365022725,-7.024440448092259,17.095552,17.213638,16.821306,17.13,0.0,17.514,0.0,17.295,0.066,17.287,0.0,0.0,0.0,1.2309125227245268,26.671806393687625,18.262361581951076,0.08884211995712905,8070.8850254752815,96.85062030570339,96.85062030570339,8.290090811193686,0.038,0.038,0.7780117413278279,0.014201779620690021,0.013902727896410413,1.7581763724283819,0.03616361354172307,0.03798761872553319,3.309096251027508,0.07594534556518662,3.176533376084641,0.07434613848347915,0.024800428064487696,0.38793663160792435,0.029378967882796706,0.04385052082446599,2.146113004036306,0.048022733473792184,0,0.07974048074503104,3.3870395358103753,0.0653766903389843,0.01617788918931526,0.3210607613536923,0.024640977264541983,0.03961730736706951,2.0792371337820743,0.04527954214640597,0,DQ,17.6734,17.1868,17.1204,17.1436,17.2502,1.7883134623556342e-31,4.023928194177101e-32,4.6753220070618236e-32,4.553534508874682e-32,7.181484768011557e-32,0.04,0.0,0.78,0.0,0.87,0.01,7254,8.015,0.584,214,0.053,0.045,-0.0435,-0.0086,H/He=0,-5.952,-3.4132,3140.5561,DC,,,,,LDT Deveny,1999ApJS..121....1M,7776.96794804877,70.4611196365031,62.529094488436385,8.203347479861844,0.019105648883325443,0.018690373174653274,0.7037772402898217,0.012172898122765785,0.012497517190786955,1.6751846640420949,0.0338564726630084,0.020809074244784176,11.035877789518848,7441.3276553791875,61.664904121405925,64.0429294717942,8.053719367562323,0.019087367580445047,0.020273907968048732,0.6078664190142218,0.011819013462412764,0.01252184561237768,1.5045179989791282,0.012010060140754009,0.012027835570340484,0.09373350241380152,2.9580243175498433,0.09113268879713843,0.04039682455532283,0.4776081845577328,0.04774414051940656,0.052708293231090005,2.1527928485998276,0.05208186368460502,00,0.1687572624078244,1.293916260029157,0.373755700720821,2.636200869541767,4.700689557141126,2.8263598382406805,2.6362282272438695,6.2052075561202535,2.826385430907892,00
WDWD eDR3 2843077206728009472A,2843077206728009472,1.0,1636042515805110273,2843077206728009472,1495578959,2016.0,345.7055857823457,0.09433741,24.50741060131015,0.08852889,13.672977911959261,0.112132296,121.93613,135.35515,-50.635904555409276,0.112887375,-125.52698002888191,0.10220425,0.3508606,-0.028444143,0.11909267,-0.41493645,-0.20424627,-0.4393697,0.021160869,0.029271025,-0.21829887,0.305209,565,0,562,3,-0.6450826,557.3663,0.0,0.0,31,false,1.6324284,1e+20,1e+20,1e+20,1e+20,1e+20,1e+20,1e+20,65,17,0.17470393,73,9,0,0.029820882,45.054276,0,0,0.9801405,0.5110756,0.6525778,0.60405546,0.63181025,-55.180412,-42.486618,-43.25512,40.652184,false,629,1245.548581472231,1.0718768,1162.0259,17.948965,69,752.4812281099825,7.039305,106.89709,18.147303,69,694.1174165985005,7.2212477,96.12154,17.644314,0,0,0,0,0,1.1614149,0.5029888,0.19833755,0.30465126,1e+20,1e+20,0,1e+20,1e+20,1e+20,93.57751837005527,-32.100511251992636,357.3299731664894,28.030806528335,2843077206728009472,2.8430772067280097e+18,345.7055857823457,24.50741060131015,13.672977911959261,0.112132296,17.948965,18.147303,17.644314,1.2376661856409354e+18,18.61823,18.16249,17.9807,17.98187,17.98659,0.01644548,0.006314035,0.006408031,0.008190253,0.01924047,68987912192.0,268468224.0,268468224.0,4503599895838720.0,268468224.0,275146375168.0,0.031244,2.8430772067280097e+18,1.2376661856409354e+18,2.8430772067280097e+18,345.7055857823457,24.50741060131015,13.672977911959261,0.112132296,17.948965,18.147303,17.644314,1.3740345705625965e+17,18.1406002044678,17.9850006103516,17.9650993347168,18.0172996520996,18.0806999206543,0.0056360000744462,0.0069459998048842,0.00562300020828843,0.00578999985009432,0.0172339994460344,115000,115000,115000,115000,115000,436527104,52,0.3156907,2.8430772067280097e+18,1.3740345705625965e+17,0.0,0.0,0.0,0.0,0.0,0.0,0.0,0.0,0.0,0.0,0.0,0.0,0.0,0.0,0.0,0.0,0.0,0.0,0.0,0.0,0.0,0.0,0.0,0.0,0.0,0.0,0.0,0,0.0,0.0,0.0,0.0,0.0,0.0,0.0,0.0,0.0,0.0,0.0,0.0,0,0,0,0,0,0,0,0,0,0,0,0,0,0,0,0.0,0.0,0,0.0,0.0,0.0,0.0,0.0,0.0,0.0,0.0,0.0,0.0,0.0,0.0,0.0,0.0,0.0,0.0,0.0,19.86770250262006,13.563956317263123,0.08421588379012279,7411.523544299067,88.93828253158881,88.93828253158881,8.23091433481493,0.038,0.038,0.7378825048108684,0.014538205883520415,0.014199306501222388,2.0084684359660727,0.04623723600261357,0.0492607027095333,1.9027494064757382,0.0777444164894141,2.961938528400366,0.0759321203273915,0.034037025523746905,0.4756144402927961,0.03959993225350046,0.057414293513598016,2.484082876258869,0.06320420449557804,0,0.07773470326999998,3.1726492594340643,0.07373537456126078,0.02491398960294658,0.3894391771224796,0.0300711693883574,0.052522270239367175,2.3979076130885524,0.05771388099773142,0,DQ,18.7831,18.1525,17.9715,17.9637,18.0009,1.046265459395835e-31,2.2037853232968988e-32,2.2872802801223774e-32,1.8284965215759024e-32,2.761542702188333e-32,0.01,0.0,0.49,0.0,0.77,0.0,6701,7.996,0.572,183,0.051,0.043,-0.0428,0.0274,H/He=0,-6.153,-3.5419,3258.9792,DAH,,,,,LDT Deveny,2016MNRAS.455.3413K,7244.386060794341,63.918083690439744,59.523232770739924,8.167341022232613,0.021360314977103556,0.021494443669176633,0.6789938512743425,0.014481455799502552,0.014256266843159726,1.9407565308018628,0.02622840550740846,0.02669372398520453,9.600133523208127,6938.7279478678265,65.98408151487365,69.44804369143367,8.018544678736802,0.023368852536815865,0.02583058715194486,0.5853612371888619,0.014562366602907328,0.015745979769339447,1.707486085078822,0.018512174963949857,0.018104003804235935,0.16835030004828777,2.7701735455648047,0.1050092348289895,0.05889699525619912,0.5787013838281722,0.11709036965314126,0.06447313631017026,2.519457914630035,0.12009458591338557,00,0.1265192580617489,1.0207753013802077,0.1844375195935637,4.656955240851265,10.625172887201776,6.2912022378141215,4.656992035199756,12.332658972280598,6.291228286434308,01
WDWD eDR3 2931433308305043840B,2931433308305043712,1.0,1636042515805110273,2931433308305043712,741015094,2016.0,110.59671263856862,0.22546487,-18.539154556839918,0.2815456,6.933262469067081,0.37205932,18.63483,55.56969,54.76979117507124,0.28370437,-9.394701276693029,0.33162335,-0.17189363,0.26600462,0.09801584,-0.06025594,-0.05135702,0.006580214,0.3287097,0.30711365,-0.34612107,-0.3178537,283,0,282,1,1.1231194,320.03818,0.8089224,1.1087147,31,false,1.6452695,1e+20,1e+20,1e+20,1e+20,1e+20,1e+20,1e+20,33,17,0.5173509,36,16,0,0.009489921,113.981255,0,0,1.0468721,0.15620427,0.3338811,0.27299458,0.17343053,-73.470924,62.804047,-58.505558,44.62642,false,282,316.67937206452785,0.9442109,335.3905,19.435818,34,181.0068499619394,5.2960806,34.17751,19.694305,33,163.15233153613423,6.661398,24.492207,19.216412,0,0,0,1,0,1.0867748,0.47789383,0.2584877,0.21940613,1e+20,1e+20,0,1e+20,1e+20,1e+20,232.89079835561895,-1.798228869762598,115.87018477261888,-40.146502899786384,2931433308305043712,0.0,0.0,0.0,0.0,0.0,0.0,0.0,0.0,0.0,0.0,0.0,0.0,0.0,0.0,0.0,0.0,0.0,0.0,0.0,0.0,0.0,0.0,0.0,0.0,0.0,0.0,0.0,0.0,2.9314333083050435e+18,110.59671263856862,-18.539154556839918,6.933262469067081,0.37205932,19.435818,19.694305,19.216412,8.575110596593334e+16,19.6252994537354,19.4817008972168,19.50119972229,19.6019992828369,19.6408996582031,0.0123089998960495,0.015111000277102,0.0129079995676875,0.022469000890851,0.0432099997997284,115000,115000,115000,115000,115000,436527104,52,0.14929892,2.9314333083050435e+18,8.575110596593334e+16,0.0,0.0,0.0,0.0,0.0,0.0,0.0,0.0,0.0,0.0,0.0,0.0,0.0,0.0,0.0,0.0,0.0,0.0,0.0,2.9314333083050435e+18,110.59671263856862,-18.539154556839918,6.933262469067081,0.37205932,19.435818,19.694305,19.216412,55137420,0.0,0.0,0.0,0.0,19.4724,0.0,0.0,0.0,0.0,0.0,0.0294,0.0,0,0,0,0,0,0,0,0,0,0,0,0,0,0,2,0.08781865,2.9314333083050435e+18,55137420,0.0,0.0,0.0,0.0,0.0,0.0,0.0,0.0,0.0,0.0,0.0,0.0,0.0,0.0,0.0,0.0,0.0,4.959230592117923,6.981032649824295,0.22524963518597113,7655.133052817308,272.9199275022911,248.65084848009337,8.351377441793089,0.06814011000765419,0.06591054661041973,0.8177104884847319,0.04561519076610687,0.04401664794910398,2.4816788438431585,0.14242276136765408,0.17264480810875282,1.738595673923868,0.24393150142303144,3.388826141629583,0.26282933906047257,0.059621590636627676,0.32050867397021443,0.07966719887490774,0.15439875979304157,2.802187517813373,0.19013966536070842,0,0.2068737640721996,3.560693515440111,0.20561010406081515,0.040426756913025615,0.27973702664254185,0.051589134988797365,0.14804920003192387,2.7614158704857004,0.18018787033482705,0,DZ,19.7698,19.6064,19.4836,19.487,19.5824,1.138651082869479e-31,1.710750629093289e-32,1.7826412097675952e-32,1.9548314958595083e-32,3.2301488193397487e-32,0.07,0.0,0.09,0.0,0.0,0.81,7074,8.211,0.708,381,0.096,0.088,-0.1372,0.0206,"H/He=0, logCa/He=-9.5",0.0,-3.5692,3284.1104,,,,,,,,7358.256197522031,254.02154877177782,233.8630125965974,8.25760564619447,0.07072789950059999,0.06941445592567419,0.7380448999400078,0.04833251208961886,0.045152017464963556,2.2480683249002302,0.14435721285461467,0.11958265743952357,2.6100896608048987,7082.887857015586,244.4205695513465,237.127353999138,8.1287281267058,0.07523590158896631,0.0792388164212543,0.6544922349856268,0.04917886758073353,0.05020416160897545,1.9086535459762248,0.12032497569173684,0.07336402607049775,0.3217375226803596,3.173507131220326,0.2394988244983507,0.07507197342547828,0.38910731494621886,0.14262281776427232,0.16271080510263675,2.637175639846449,0.1861216809168649,00,1.1920381876379866,2.452449833371494,0.5134439730891418,0.34824396189700263,0.821843739911746,4.3060669316689815,0.36844532399385677,2.730497285887971,4.306691851100377,00
WDWD eDR3 3857475197016034432A,3857475197016034432,1.0,1636042515805110273,3857475197016034432,120888789,2016.0,160.94506827157804,0.31347376,3.055004077527079,0.32502517,7.604483334238646,0.39345294,19.327555,88.89613,85.06093067932001,0.38884813,-25.829464505565234,0.490195,-0.21850498,-0.4638002,-0.38504604,0.3754494,-0.17167377,0.17684007,-0.43549693,0.32361236,-0.3874302,-0.4478295,145,0,145,0,1.0377659,165.54199,0.52319926,0.56145227,31,false,1.6312253,1e+20,1e+20,1e+20,1e+20,1e+20,1e+20,1e+20,17,12,0.7839139,17,7,0,0.016926745,108.94283,0,0,1.0602263,0.37242633,0.25394925,0.53819096,0.91031814,-89.45243,48.16774,-3.719346,-23.479465,false,144,417.30650156330006,1.4298263,291.8582,19.136229,14,255.36467983547092,10.333561,24.712166,19.32064,13,224.00624089104048,9.652101,23.20803,18.872246,0,0,0,1,0,1.1487262,0.44839478,0.184412,0.26398277,1e+20,1e+20,0,1e+20,1e+20,1e+20,245.64490031122244,51.140261121723675,161.25491335030435,-4.6335469188488805,3857475197016034432,3.8574751970160343e+18,160.94506827157804,3.055004077527079,7.604483334238646,0.39345294,19.136229,19.32064,18.872246,1.2376540308608123e+18,19.77886,19.3343,19.15689,19.15359,19.17273,0.03238168,0.01161259,0.01281868,0.01806667,0.0602545,35253360001040.0,275146375184.0,268468240.0,4503599895838736.0,275146375184.0,275280592912.0,0.08869269,3.8574751970160343e+18,1.2376540308608123e+18,3.8574751970160343e+18,160.94506827157804,3.055004077527079,7.604483334238646,0.39345294,19.136229,19.32064,18.872246,1.1166160945314648e+17,19.3066997528076,19.1457996368408,19.1588001251221,19.2122993469238,19.3143997192383,0.0287919994443655,0.0244440007954836,0.0276749990880489,0.0280510000884533,0.0321779996156693,16778264,280,280,280,280,302063616,36,0.033837494,3.8574751970160343e+18,1.1166160945314648e+17,0.0,0.0,0.0,0.0,0.0,0.0,0.0,0.0,0.0,0.0,0.0,0.0,0.0,0.0,0.0,0.0,0.0,0.0,0.0,0.0,0.0,0.0,0.0,0.0,0.0,0.0,0.0,0,0.0,0.0,0.0,0.0,0.0,0.0,0.0,0.0,0.0,0.0,0.0,0.0,0,0,0,0,0,0,0,0,0,0,0,0,0,0,0,0.0,0.0,0,0.0,0.0,0.0,0.0,0.0,0.0,0.0,0.0,0.0,0.0,0.0,0.0,0.0,0.0,0.0,0.0,0.0,6.252457390719781,7.497781813271147,0.366890509774725,7556.537709034512,230.47641892407592,231.34770642303556,8.214288995483267,0.06892536016342632,0.06926013347760751,0.7272887855626761,0.04556622581967307,0.04520054269248952,1.817654877202114,0.13175545428610347,0.0822770325476403,0.9133457022916132,0.49625562654228084,2.9052876233298184,0.2417141320453986,0.1051094228182664,0.5044701717291319,0.35924409958636655,0.16854521796635644,2.322125048931246,0.3685455645811854,0,0.31841107483015785,3.1166866643564504,0.23934549878316513,0.08044545269010293,0.41108794665782883,0.14843656207128822,0.1543728298394931,2.228742823859943,0.16971423936838317,0,DQ,19.5963,19.3281,19.1699,19.1304,19.2008,1.495688155417738e-31,2.2768839087440327e-32,2.6692025007699017e-32,3.604257068459699e-32,5.60730387855987e-32,0.06,0.0,0.01,0.0,0.99,0.0,7352,8.113,0.645,211,0.079,0.07,-0.0906,0.0307,H/He=0,-5.0,-3.4449,3169.6963,DQ:PEC:,-99.0,,,,Kleinman2013,2013ApJS..204....5K,7359.0474089957925,215.29352234493945,198.6179897958218,8.145376871072175,0.06512217965637035,0.06780193533439771,0.6646703217408421,0.043327486747733235,0.04307290442632439,1.7646903287632938,0.08035283792150039,0.05989274805024114,1.0128178917724626,7023.178784975187,200.83398083166048,191.08438292065694,7.984756148448616,0.07337405388120466,0.07046497042796762,0.5652305379243945,0.04492652430983568,0.04132041538410203,1.5851635074894626,0.055251752479438476,0.05049012466815839,0.8982056811520012,2.6038453487943927,0.38813432729436137,0.2334715300816061,0.6937841973726131,1.239516114948609,0.2469119963077639,2.458474526135907,1.2409622639251778,00,0.39032601485521845,0.8458778273188055,0.43077510323889134,15.552051816523798,20.46467441060328,97.73909323216641,15.552149962625528,22.04983791809274,97.73910627327635,11
WDWD eDR3 3902698243410506112A,3902698243410506112,1.0,1636042515805110273,3902698243410506112,1435928776,2016.0,188.3055140932194,0.16683014,8.401387218686121,0.12137872,12.149624648884773,0.18991037,63.975574,227.84937,-174.46704124335622,0.24811763,146.54890642624076,0.18754293,-0.3671493,-0.25593355,-0.15343915,0.1898861,0.11088802,0.20246515,-0.14799707,-0.00655247,0.03175061,-0.25172618,209,0,207,2,-1.5218207,179.96715,0.0,0.0,31,false,1.6162133,1e+20,1e+20,1e+20,1e+20,1e+20,1e+20,1e+20,24,14,0.35811797,31,7,0,0.039988883,122.256065,0,0,0.9236427,0.1583313,0.37263957,0.11456865,0.49675474,-159.59375,30.232576,11.028628,-21.566334,false,240,854.4308642509401,1.574874,542.5392,18.358175,25,512.1974771047327,14.635451,34.99704,18.564949,25,500.60918658227007,12.215087,40.98286,17.99915,0,2,0,0,0,1.1853583,0.5657997,0.20677376,0.35902596,1e+20,1e+20,0,1e+20,1e+20,1e+20,289.1257293205727,70.7832709281268,184.26439496543432,11.004932144075056,3902698243410506112,3.902698243410506e+18,188.3055140932194,8.401387218686121,12.149624648884773,0.18991037,18.358175,18.564949,17.99915,1.2376619727975877e+18,19.14671,18.6454,18.34607,18.30192,18.33914,0.0233042,0.007766348,0.007880203,0.009105225,0.02450338,68987912192.0,275280592896.0,268468224.0,4503599895838720.0,275146375168.0,275280592896.0,0.07480902,3.902698243410506e+18,1.2376619727975877e+18,3.902698243410506e+18,188.3055140932194,8.401387218686121,12.149624648884773,0.18991037,18.358175,18.564949,17.99915,1.1808188305623203e+17,0.0,18.3701000213623,18.3313007354736,0.0,0.0,0.0,0.0149809997528791,0.00585199985653162,0.0,0.0,0,280,280,0,0,302063616,36,0.1543169,3.902698243410506e+18,1.1808188305623203e+17,0.0,0.0,0.0,0.0,0.0,0.0,0.0,0.0,0.0,0.0,0.0,0.0,0.0,0.0,0.0,0.0,0.0,0.0,0.0,0.0,0.0,0.0,0.0,0.0,0.0,0.0,0.0,0,0.0,0.0,0.0,0.0,0.0,0.0,0.0,0.0,0.0,0.0,0.0,0.0,0,0,0,0,0,0,0,0,0,0,0,0,0,0,0,0.0,0.0,0,0.0,0.0,0.0,0.0,0.0,0.0,0.0,0.0,0.0,0.0,0.0,0.0,0.0,0.0,0.0,0.0,0.0,110.90437138500751,12.133106674830923,0.14930646771392952,6856.603483715391,82.2792418045847,82.2792418045847,8.1736156184553,0.038,0.038,0.6994861630344376,0.01941824338495181,0.019351553601549255,2.2293809474216966,0.1096150556397078,0.06830390236994305,1.8118657111407988,0.2427280423118976,2.6310770379304698,0.2290177034384433,0.1422308809408379,0.6697205201096152,0.2142915886385752,0.17956916192961153,2.899101467531312,0.2249140014321186,0,0.14005063057996558,2.92128564241813,0.14446009632612133,0.06552729756522227,0.4963214132626817,0.077284749432145,0.12770781945165857,2.7257023606843784,0.1031424043434714,0,DQ,18.8644,18.6519,18.3555,18.2967,18.3392,2.1186830010939447e-31,2.783757034670389e-32,3.008384241884026e-32,2.7859740435686277e-32,4.30913069255616e-32,0.02,0.0,0.08,0.0,0.81,0.0,6967,8.138,0.66,137,0.04,0.036,-0.031,0.0578,H/He=0,-5.0,-3.5527,3268.8654,DQPEC,-99.0,,,,Kleinman2013,2013ApJS..204....5K,6760.602615059388,82.24483842103291,78.59106794129002,8.123790288712396,0.03220309547397804,0.031197343501920827,0.6496370922192991,0.021095337062095765,0.019755807785001966,2.231542155946754,0.06914625345962744,0.07893894942231183,5.52119411145142,6257.398960454673,216.1188840497016,323.53923570994175,7.994293345048968,0.015460255158940228,0.016087196936807047,0.5690960901813484,0.00903862178222381,0.009557610308930209,2.1843999130991856,0.44444600530923273,0.22453337522335426,0.3781411935590888,2.3715232812591815,0.2927904191800126,0.25218697925515976,0.9018111476953199,0.43741294470928405,0.26149469760082217,3.1333533036420738,0.44447884306808744,00,0.07852842556232664,0.8794621214713159,0.08303744838340754,4.904811941126524,17.97571204118774,6.624380087050198,4.924907352372497,20.160111954286926,6.628184274316487,11
WDWD eDR3 4277114731860237056A,4277114731860237056,1.0,1636042515805110273,4277114731860237056,580854166,2016.0,275.85539636531524,0.14979896,2.5362541798419187,0.1612458,12.194603155286027,0.18773769,64.955536,117.040054,103.54661221771289,0.17370571,54.55705855979056,0.1620552,-0.009404417,0.1515524,-0.29633304,-0.009298617,-0.34847203,0.025590116,-0.4774618,-0.25414166,0.16892532,0.16758034,194,0,193,1,-0.26421914,190.27277,0.0,0.0,31,false,1.5981382,1e+20,1e+20,1e+20,1e+20,1e+20,1e+20,1e+20,23,14,0.2599362,23,11,0,0.02638159,89.24035,0,0,0.9846405,0.37176484,0.08980626,0.29729283,0.76853627,-82.16322,-26.83147,-40.954445,39.135868,false,191,821.1177675861275,1.9011317,431.90997,18.401354,19,491.14471433043667,8.881379,55.300503,18.61052,20,480.0662328801533,16.76629,28.632824,18.044643,0,0,0,0,0,1.1827914,0.565876,0.20916557,0.35671043,1e+20,1e+20,0,1e+20,1e+20,1e+20,31.997943726307742,7.388519714340354,276.502364913308,25.84346498609308,4277114731860237056,0.0,0.0,0.0,0.0,0.0,0.0,0.0,0.0,0.0,0.0,0.0,0.0,0.0,0.0,0.0,0.0,0.0,0.0,0.0,0.0,0.0,0.0,0.0,0.0,0.0,0.0,0.0,0.0,4.2771147318602373e+18,275.85539636531524,2.5362541798419187,12.194603155286027,0.18773769,18.401354,18.61052,18.044643,1.1104275855223386e+17,18.5571002960205,18.3747005462646,18.4269008636475,18.5725994110107,18.618200302124,0.0152749996632338,0.00963000021874905,0.00668299989774823,0.0139659997075796,0.0250039994716644,115000,115000,115000,115000,115000,436527104,52,0.34082395,4.2771147318602373e+18,1.1104275855223386e+17,0.0,0.0,0.0,0.0,0.0,0.0,0.0,0.0,0.0,0.0,0.0,0.0,0.0,0.0,0.0,0.0,0.0,0.0,0.0,0.0,0.0,0.0,0.0,0.0,0.0,0.0,0.0,0,0.0,0.0,0.0,0.0,0.0,0.0,0.0,0.0,0.0,0.0,0.0,0.0,0,0,0,0,0,0,0,0,0,0,0,0,0,0,0,0.0,0.0,0,0.0,0.0,0.0,0.0,0.0,0.0,0.0,0.0,0.0,0.0,0.0,0.0,0.0,0.0,0.0,0.0,0.0,59.80150292993518,12.232479955651522,0.16646897466120772,7916.829146059661,176.34529190626563,166.89677847243638,8.493217830183992,0.04197616672292348,0.040175587513024524,0.9116575554503212,0.02740018455946469,0.026590799483157457,3.0013904897847157,0.03647538101487635,0.04539081457967642,3.7576297587670013,0.2560764912099498,4.118294910750666,0.24851214470240635,0.026973098544612824,0.18856285737541614,0.03511057097951758,0.045365201038657335,3.189953347160132,0.057385348676420075,0,0.43049106559362693,4.3829500071593195,0.4110965206511912,0.032763343515449225,0.1599503953064692,0.050241475102148235,0.04902948193170851,3.161340885091185,0.06770917122994748,0,DZ,20.4507,18.5994,18.3164,18.3425,18.497,2.980278021791442e-31,2.595649974802641e-32,3.05199565236142e-32,3.433924531362609e-32,5.226322964291806e-32,0.06,0.0,0.0,0.0,0.0,1.0,6376,8.075,0.619,235,0.062,0.055,-0.2264,0.0683,"H/He=0, logCa/He=-9.5",0.0,-3.6718,3378.4303,,,,,,,,7583.146666590731,161.93409886787776,153.93807508019654,8.39692370266037,0.043357849813766336,0.0403315858450739,0.8315445394168901,0.02898628487263666,0.026121398654742056,2.7319520785550324,0.03714805040802993,0.03957589297276298,10.281027069167287,7311.111571831749,155.51748147031412,145.76582539551055,8.282984090327963,0.0422702144662459,0.04338886045798773,0.7559660467785148,0.028300507342695624,0.02925156031932863,2.474581822231418,0.06891902498412827,0.10716714925540982,0.11847590447411305,3.618945914586408,0.12712253619402158,0.02392449887790972,0.26704303334035223,0.02668003757496622,0.044185510019424196,2.998995111895385,0.04772919137795234,00,0.14767808432110252,3.266354996290564,0.15578608462192856,0.046440212995761156,0.3583540528751973,0.05196397930971259,0.08310550756631332,2.8329358751066156,0.11910102025268937,00
WDWD eDR3 439872275376398592B,439872275371188608,1.0,1636042515805110273,439872275371188608,581773615,2016.0,47.94315983434837,0.11307927,51.463162170519766,0.13296756,11.355525248792985,0.19013143,59.72461,129.82146,-116.87522840868992,0.15770221,-56.513634560296985,0.18460338,0.38119054,-0.024524234,-0.22788373,0.25548652,0.027798416,0.3018961,0.40475455,0.09005672,0.04213392,0.4526512,462,0,460,2,1.1424068,511.21732,0.34892803,0.85032153,31,false,1.580034,1e+20,1e+20,1e+20,1e+20,1e+20,1e+20,1e+20,53,19,0.29512864,59,27,0,0.033042245,87.22697,0,0,1.0373667,0.10411764,0.40813452,0.27478513,0.5765675,129.47446,-54.536564,-12.7012825,30.467873,false,490,735.5714596092959,1.0757544,683.77264,18.520805,53,426.16150970004946,6.3024006,67.61892,18.764606,54,564.6499710195443,16.401934,34.425816,17.868446,0,31,0,31,0,1.3469956,0.8961601,0.24380112,0.652359,1e+20,1e+20,0,1e+20,1e+20,1e+20,144.01934790249982,-5.570071344861192,60.43018858356019,32.25297866739499,439872275371188608,0.0,0.0,0.0,0.0,0.0,0.0,0.0,0.0,0.0,0.0,0.0,0.0,0.0,0.0,0.0,0.0,0.0,0.0,0.0,0.0,0.0,0.0,0.0,0.0,0.0,0.0,0.0,0.0,4.398722753711886e+17,47.94315983434837,51.463162170519766,11.355525248792985,0.19013143,18.520805,18.764606,17.868446,1.6975047943259654e+17,18.8066997528076,18.5545997619629,18.4302997589111,18.456600189209,18.4391002655029,0.00679400004446507,0.0110900001600385,0.0210619997233152,0.00669000018388033,0.024227000772953,115000,115000,115000,115000,115000,436527104,52,0.34866828,4.398722753711886e+17,1.6975047943259654e+17,0.0,0.0,0.0,0.0,0.0,0.0,0.0,0.0,0.0,0.0,0.0,0.0,0.0,0.0,0.0,0.0,0.0,0.0,0.0,0.0,0.0,0.0,0.0,0.0,0.0,0.0,0.0,0,0.0,0.0,0.0,0.0,0.0,0.0,0.0,0.0,0.0,0.0,0.0,0.0,0,0,0,0,0,0,0,0,0,0,0,0,0,0,0,0.0,0.0,0,0.0,0.0,0.0,0.0,0.0,0.0,0.0,0.0,0.0,0.0,0.0,0.0,0.0,0.0,0.0,0.0,0.0,16.981007189050555,11.568507110077709,0.12702496603799543,6377.250651419533,95.43501673564333,93.14595648543491,7.9745940103951645,0.04094189077705668,0.04227788675201882,0.5743465251581773,0.025003397700017138,0.02484837980695742,1.920684181787206,0.051247756253872234,0.05272162779901879,5.796464812259018,0.3125424712502143,1.0668315644772164,0.31060474758696777,5.27599568191181,9.092579439984279,21.04424261029349,5.276244570532446,11.013263621771484,21.04430865129406,1,0.21723195221561364,0.9250784114524528,0.2506022460938513,8.5245636868548,15.016764281903173,22.27943585008479,8.52471773044507,16.93744846369038,22.279498229719653,11,DZ,19.4879,18.8267,18.4575,18.4047,18.3616,1.2042765432738203e-31,1.5586045487907427e-32,2.020054193824233e-32,2.0706743524383478e-32,3.2456684648400177e-32,0.26,0.0,0.03,0.0,0.01,0.84,5791,7.766,0.44,142,0.057,0.041,-0.076,0.032,"H/He=0, logCa/He=-9.5",0.0,-3.6776,3383.8265,,,,,,,,6186.0610515838325,88.4444115170445,80.49243191440564,7.872798420534384,0.04044557745096711,0.041357001540013094,0.49912977059817343,0.02238526592639012,0.023429933709705197,1.9029173305069482,0.030856135916257355,0.03166874776779505,32.802326888464506,5355.693079587712,189.31095034089685,105.1029967522818,7.714252196541527,0.08116245146528023,0.055112359627425,0.4119026843075978,0.04233622781716684,0.026851024921842326,2.69144469085618,0.048738999323898025,0.08011836132827543,0.19448536860460552,0.2715879287417333,0.20356154395921144,461.6895084643795,569.9445799556992,nan,461.68950949548497,571.8474972862061,nan,11,0.3678212668737342,-0.486249484729818,0.23328431730531962,nan,nan,nan,nan,nan,nan,11
WDWD eDR3 4450425359563998720A,4450425359563998720,1.0,1636042515805110273,4450425359563998720,1506973851,2016.0,242.3989316920545,0.07181553,6.919595714720901,0.04887,11.69768672550533,0.10117352,115.62005,54.451607,-19.152831612398124,0.09894747,50.97201796415945,0.07345755,0.33776072,-0.19129188,0.13399908,0.059613373,-0.07939257,0.11401206,0.016809061,-0.26205996,0.13911754,0.042868394,483,0,482,1,-1.2425201,458.1892,0.0,0.0,31,false,1.6936022,1e+20,1e+20,1e+20,1e+20,1e+20,1e+20,1e+20,55,18,0.13924834,61,9,0,0.05100871,24.342314,0,0,0.95935357,0.37658814,0.43503505,0.2690842,0.78636247,172.44836,-19.89471,25.381552,-28.340721,false,530,1633.3821093115198,1.3191885,1238.1719,17.654648,57,1103.740712526152,9.7968445,112.66288,17.731375,55,828.9280992640461,9.3011265,89.12126,17.451603,0,2,0,3,0,1.1832312,0.2797718,0.07672691,0.20304489,1e+20,1e+20,0,1e+20,1e+20,1e+20,19.0604749008188,38.92212408349086,238.79250572167942,27.417783249436468,4450425359563998720,4.4504253595639987e+18,242.3989316920545,6.919595714720901,11.69768672550533,0.10117352,17.654648,17.731375,17.451603,1.237662199363797e+18,17.991,17.72341,17.70482,17.79353,17.92617,0.012744,0.00565233,0.006340791,0.007305711,0.01964382,52845546176528.0,17592454643728.0,268599312.0,4503599895969808.0,268468240.0,275146375184.0,0.006448421,4.4504253595639987e+18,1.237662199363797e+18,4.4504253595639987e+18,242.3989316920545,6.919595714720901,11.69768672550533,0.10117352,17.654648,17.731375,17.451603,1.1630242398970392e+17,17.7423992156982,17.7098999023438,17.8131999969482,17.9263000488281,18.027099609375,0.00910300016403198,0.00259099993854761,0.00477600004523993,0.00835600029677153,0.0134680001065135,115000,115000,115000,115000,115000,436527104,52,0.13308102,4.4504253595639987e+18,1.1630242398970392e+17,0.0,0.0,0.0,0.0,0.0,0.0,0.0,0.0,0.0,0.0,0.0,0.0,0.0,0.0,0.0,0.0,0.0,0.0,0.0,0.0,0.0,0.0,0.0,0.0,0.0,0.0,0.0,0,0.0,0.0,0.0,0.0,0.0,0.0,0.0,0.0,0.0,0.0,0.0,0.0,0,0,0,0,0,0,0,0,0,0,0,0,0,0,0,0.0,0.0,0,0.0,0.0,0.0,0.0,0.0,0.0,0.0,0.0,0.0,0.0,0.0,0.0,0.0,0.0,0.0,0.0,0.0,2.6153735126060753,11.661171336518883,0.07623762859944701,9232.088915596685,120.98794309668119,121.56284731673259,8.318363332640544,0.038,0.038,0.799302882631322,0.017025514848868762,0.01914253609830779,1.2550438251485219,0.016224398115990288,0.015786708072982873,3.9872746675984296,0.09104553395116977,3.2903897466915617,0.10236650319950646,0.03163274982069743,0.3509269627365812,0.028185443601161004,0.03555083621302012,1.605970787885103,0.03230540794937917,0,0.07696887363864668,3.485817733414656,0.07779680843601833,0.01806719155824882,0.29712585176433515,0.01787491559111631,0.024282802660084493,1.552169676912857,0.02384811856669443,0,DC:,18.034,17.7289,17.7166,17.7824,17.904,1.0217226908617096e-31,1.937685899508544e-32,2.188202239614157e-32,2.17926887699607e-32,3.4356718878011174e-32,0.02,0.0,0.56,0.0,0.06,0.03,8217,8.026,0.592,112,0.024,0.02,-0.045,-0.0067,logH/He=-5,0.0,-3.201,2945.2464,DQ,-99.0,,,,Kepler2015,2015MNRAS.446.4078K,8833.036539592467,108.37687518832172,100.36458928225147,8.212810758301679,0.024164909414748692,0.022928423144398025,0.7110037471027232,0.015485014959580767,0.014746188280405081,1.2239826146607877,0.011179574542437232,0.01070467237547268,3.7744128037126936,8415.084825359201,96.62351023758674,95.41702476334285,8.056581239691944,0.02631341171494128,0.025642701485368846,0.6113135123265339,0.016391395626600747,0.01568056127094697,1.1087960463855637,0.010710606903395092,0.010776888794172379,0.12484366302373617,3.015040434321833,0.09351706902274293,0.036176475949460565,0.4504091361971031,0.061747718963309585,0.03786449919214315,1.674391750857891,0.06266873868076547,00,0.26148991402223887,1.368586490265146,0.581804442998211,2.5141975138152484,3.9015821064907588,4.073105629624365,2.514220327571753,5.0103781528763225,4.073119886697392,00
WDWD eDR3 4471738941493617408A,4471738941493617408,1.0,1636042515805110273,4471738941493617408,403402642,2016.0,273.38421683949707,0.06348167,6.069496931121274,0.06403933,16.82037088208713,0.076811306,218.98302,151.7562,9.05656022246647,0.07788439,-151.48571934513643,0.07498339,-0.04099807,0.01826058,-0.30939066,-0.043779563,-0.24175197,-0.04448458,-0.47328824,-0.10353823,0.05355458,0.09383284,300,0,299,1,-0.79667145,285.6615,0.0,0.0,31,false,1.6736314,1e+20,1e+20,1e+20,1e+20,1e+20,1e+20,1e+20,35,18,0.114754006,36,19,0,0.065769374,86.81434,0,0,0.9662053,0.1219525,0.14433889,0.06526386,0.7109354,-43.70415,21.164028,59.233894,38.04859,false,296,2347.7697544713374,2.2850895,1027.43,17.260729,34,1491.4990076846054,8.901373,167.5583,17.404486,34,1197.5008672714566,6.6299005,180.62125,17.052206,0,1,0,2,0,1.1453422,0.35227966,0.14375687,0.2085228,1e+20,1e+20,0,1e+20,1e+20,1e+20,34.068456320710716,11.180672282219122,273.8658241806307,29.463374897302554,4471738941493617408,0.0,0.0,0.0,0.0,0.0,0.0,0.0,0.0,0.0,0.0,0.0,0.0,0.0,0.0,0.0,0.0,0.0,0.0,0.0,0.0,0.0,0.0,0.0,0.0,0.0,0.0,0.0,0.0,4.4717389414936177e+18,273.38421683949707,6.069496931121274,16.82037088208713,0.076811306,17.260729,17.404486,17.052206,1.1528273384209416e+17,17.3715991973877,17.3178997039795,17.3761005401611,17.4822006225586,17.50830078125,0.00197000009939075,0.00466000009328127,0.00555900018662214,0.00607600016519427,0.0234309993684292,115000,115000,115000,115000,115000,436527104,52,0.35326064,4.4717389414936177e+18,1.1528273384209416e+17,0.0,0.0,0.0,0.0,0.0,0.0,0.0,0.0,0.0,0.0,0.0,0.0,0.0,0.0,0.0,0.0,0.0,0.0,0.0,0.0,0.0,0.0,0.0,0.0,0.0,0.0,0.0,0,0.0,0.0,0.0,0.0,0.0,0.0,0.0,0.0,0.0,0.0,0.0,0.0,0,0,0,0,0,0,0,0,0,0,0,0,0,0,0,0.0,0.0,0,0.0,0.0,0.0,0.0,0.0,0.0,0.0,0.0,0.0,0.0,0.0,0.0,0.0,0.0,0.0,0.0,0.0,25.812567853628227,16.783513133595115,0.06175413261250135,8243.893064570697,98.92671677484836,98.92671677484836,8.348209382315943,0.038,0.038,0.8167363834295076,0.015166921518576232,0.013933666087786957,1.9012529528045774,0.05856404384406281,0.05171443947832002,1.4831256523711793,0.08110653218490027,3.383617023687207,0.07451158335714902,0.018562114027557017,0.32211836776171326,0.025063107180959762,0.06143532622637679,2.2233713205662906,0.05746775262807048,0,0.060757398541140706,3.5568218737261827,0.05792380118877727,0.012802640144154758,0.2806361598318934,0.014110033304598093,0.05994710023037006,2.181889112636471,0.05360481592556486,0,DZ,17.9711,17.3889,17.3107,17.3538,17.474,1.1397761315760187e-31,2.574923994710289e-32,3.1071133756245217e-32,3.0972235266557653e-32,4.564358948040327e-32,0.01,0.0,0.19,0.0,0.0,0.91,7184,8.075,0.621,154,0.036,0.032,-0.0446,-0.0058,"H/He=0, logCa/He=-9.5",0.0,-3.4638,3187.0812,DZ,,,,,LDT Deveny,,7977.836428951572,83.64310914573252,82.64309961726849,8.27347395690516,0.02251292631882862,0.021340883005970923,0.7493787519440771,0.015199247947942252,0.014199982305578396,1.8323741501117308,0.03583915883368638,0.03898625739751038,3.889073023448973,7651.766446878653,76.25844617301482,70.91050554837057,8.136428963630383,0.02285214231753585,0.022083903959746465,0.6602137225930884,0.014703789419122537,0.014096031440208878,1.5727592177676373,0.012770444111081636,0.013452618513266623,0.07939944391977383,3.232487156524818,0.07351359726325324,0.022716779004513323,0.36881971174594474,0.02818672380100709,0.042432267842363765,2.2011938618576754,0.04810841573466323,00,0.23828652542051065,2.5407937691323137,0.18113984604067612,0.13422454814808057,0.7451516119519227,0.23454854673654235,0.13483068481748012,2.31791082971956,0.2349340199313149,00
WDWD eDR3 4517866512297606528B,4517866516602288512,1.0,1636042515805110273,4517866516602288512,1481307048,2016.0,286.7322011743886,0.30885163,19.583324335744145,0.36419535,9.756573633788868,0.46352684,21.048563,41.964268,41.61023166545475,0.41152757,5.439524611981668,0.46236953,0.25984633,-0.02242683,-0.17158449,-0.19827911,-0.10324147,-0.19241062,-0.19004509,0.03180079,-0.08453848,0.18472828,364,0,364,0,-0.756291,357.45142,0.0,0.0,95,false,1e+20,1.3581754,0.10064664,0.0916597,0.13738747,0.079995714,0.0533336,-0.07566947,42,22,0.6809505,44,18,0,0.020039476,30.296625,0,0,0.9709475,0.13604686,0.24489036,0.012961181,0.26428208,-46.647984,-64.471535,4.2408366,-41.451702,false,347,169.45291016530308,0.710891,238.36693,20.114744,40,81.84013060101482,4.5367885,18.03922,20.556126,41,125.28643027971738,5.2636237,23.802315,19.503136,0,1,0,2,0,1.2223252,1.05299,0.44138145,0.6116085,1e+20,1e+20,0,1e+20,1e+20,1e+20,52.130602341343554,5.5205328793859225,291.3341324354084,41.79131622038737,4517866516602288512,0.0,0.0,0.0,0.0,0.0,0.0,0.0,0.0,0.0,0.0,0.0,0.0,0.0,0.0,0.0,0.0,0.0,0.0,0.0,0.0,0.0,0.0,0.0,0.0,0.0,0.0,0.0,0.0,4.5178665166022886e+18,286.7322011743886,19.583324335744145,9.756573633788868,0.46352684,20.114744,20.556126,19.503136,1.3150286732128048e+17,20.930700302124,20.199499130249,19.8391990661621,19.7143993377686,19.7262992858887,0.0331620015203953,0.0578240007162094,0.0249489992856979,0.0283499993383884,0.0399830006062984,115000,115000,115000,115000,115000,436527104,52,0.122787535,4.5178665166022886e+18,1.3150286732128048e+17,0.0,0.0,0.0,0.0,0.0,0.0,0.0,0.0,0.0,0.0,0.0,0.0,0.0,0.0,0.0,0.0,0.0,0.0,0.0,0.0,0.0,0.0,0.0,0.0,0.0,0.0,0.0,0,0.0,0.0,0.0,0.0,0.0,0.0,0.0,0.0,0.0,0.0,0.0,0.0,0,0,0,0,0,0,0,0,0,0,0,0,0,0,0,0.0,0.0,0,0.0,0.0,0.0,0.0,0.0,0.0,0.0,0.0,0.0,0.0,0.0,0.0,0.0,0.0,0.0,0.0,0.0,3.9129885195024054,10.158473537373967,0.12365508000506345,4731.5574063674285,65.17275811049876,69.22965068507256,8.01289585722919,0.04968620627840714,0.047871975772808995,0.5859592303867219,0.031222687908529112,0.029277168455908997,7.368124681145927,0.3692073369018374,0.4055733588902415,3.6761363324900587,0.3902835988566138,1.2119903798340241,0.3659646056988626,3.4090045640444453,5.855770239765169,16.832940327695333,3.4289395117584105,13.223894920911096,16.83782556701409,1,0.2712657507257088,1.0259707244719543,0.47013449517582506,7.533488310758812,10.441980136546064,19.645250048010208,7.54253009181679,17.810104817691993,19.649436103824623,1,DZ,20.8265,20.7982,20.0942,19.8307,19.6697,1.2224348044431814e-31,1.074464667647074e-32,1.3698376233628495e-32,1.8319740154776495e-32,2.758984317606196e-32,0.64,0.0,0.01,0.0,0.0,0.71,4784,8.096,0.628,132,0.094,0.084,-0.1455,0.1287,"H/He=0, logCa/He=-9.5",0.0,-4.1855,3851.1542,,,,,,,,4750.077045638454,46.89412079810063,47.89845984593012,8.022229277999472,0.03749866219831688,0.037017706881080414,0.5815192113353589,0.023821104380111868,0.023032914774496538,6.499198992270322,0.1912848090538697,0.19524795857912114,10.450506310069766,6474.529519817452,25.543756884632785,2476.704405705684,8.846375461926918,0.013932174013442378,0.7115378509638877,1.110377379359384,0.00713965030917052,0.45772343569987395,4.53242065801528,4.053492101064014,0.039596073911747354,0.20696007280722717,0.9873954069101555,0.2630261955813854,6.687328497034793,11.955910190443584,15.06309121990589,6.690063699654017,18.455109182713905,15.06435656988161,11,0.07097067901759946,6.768562419079364,4.549934748507697,0.035656115563202695,0.05665583914647736,0.0014647585044974313,4.0536489206596835,4.5890764971617575,0.0396231572025887,11
WDWD eDR3 4549217677612386048A,4549217677612386048,1.0,1636042515805110273,4549217677612386048,1654612027,2016.0,265.5545021870882,0.13928401,15.955440991458465,0.14514832,9.044763362831514,0.22736381,39.781017,45.599827,-42.16292616217042,0.1926397,-17.367552516047752,0.1999456,-0.4932841,0.23119633,-0.2875629,0.20051669,-0.20684396,0.15474658,-0.33722702,-0.105798975,0.24549381,0.06983024,604,9,601,3,0.5363577,645.64056,0.0,0.0,31,false,1.6192529,1e+20,1e+20,1e+20,1e+20,1e+20,1e+20,1e+20,70,23,0.2894297,74,21,0,0.0076013757,124.72954,0,0,1.0150132,1e+20,1e+20,1e+20,1e+20,1e+20,1e+20,1e+20,1e+20,false,598,436.7847558895987,0.77283615,565.1712,19.086699,69,262.7949203836927,5.7684817,45.557034,19.2895,66,222.69066904998542,7.863988,28.31778,18.878641,0,2,0,2,0,1.1114985,0.41085815,0.20280075,0.2080574,1e+20,1e+20,0,1e+20,1e+20,1e+20,40.02581079377585,22.326280119103515,264.47283202878276,39.30946728138618,4549217677612386048,0.0,0.0,0.0,0.0,0.0,0.0,0.0,0.0,0.0,0.0,0.0,0.0,0.0,0.0,0.0,0.0,0.0,0.0,0.0,0.0,0.0,0.0,0.0,0.0,0.0,0.0,0.0,0.0,4.5492176776123863e+18,265.5545021870882,15.955440991458465,9.044763362831514,0.22736381,19.086699,19.2895,18.878641,1.2714265554585709e+17,19.2201995849609,19.0758991241455,19.0881996154785,19.1319007873535,19.2033996582031,0.0117629999294877,0.0172509998083115,0.0116020003333688,0.0287909992039204,0.0726760029792786,115000,16892216,16892216,115000,115000,436527104,52,0.1289878,4.5492176776123863e+18,1.2714265554585709e+17,0.0,0.0,0.0,0.0,0.0,0.0,0.0,0.0,0.0,0.0,0.0,0.0,0.0,0.0,0.0,0.0,0.0,0.0,0.0,0.0,0.0,0.0,0.0,0.0,0.0,0.0,0.0,0,0.0,0.0,0.0,0.0,0.0,0.0,0.0,0.0,0.0,0.0,0.0,0.0,0,0,0,0,0,0,0,0,0,0,0,0,0,0,0,0.0,0.0,0,0.0,0.0,0.0,0.0,0.0,0.0,0.0,0.0,0.0,0.0,0.0,0.0,0.0,0.0,0.0,0.0,0.0,2.161393563959947,9.11489834573984,0.2156301691643926,7537.430476274196,238.55723367057544,220.94701600080498,8.437581420184507,0.060779818454173906,0.05944016236987082,0.8744820309882642,0.040223958408910465,0.03966531014830721,3.1197140913549917,0.0664387736466896,0.10204956379853147,2.435043982173356,0.2935442065477818,3.770860102694058,0.3707038331617496,0.05274730967349106,0.2384527382460748,0.06064754313321304,0.08483153494701849,3.3581668296010663,0.11871073228468218,0,0.2203529332905707,3.852332148369119,0.5712902039070697,0.06894969386314094,0.22515039607056805,0.039439766265670806,0.09575056619935421,3.3448644874255598,0.10940570659047585,0,DZ,21.1909,19.2668,19.078,19.1361,19.2687,3.535299048704275e-31,1.0792287069131899e-32,1.2389816065034238e-32,1.5617734110403103e-32,2.6237190148945644e-32,0.2,0.0,0.06,0.0,0.0,0.9,6927,8.311,0.774,299,0.065,0.06,0.3404,0.6853,"H/He=0, logCa/He=-9.5",0.0,-3.6663,3373.448,,,,,,,,7276.109324121593,231.75152121101746,203.3169226166583,8.356120792825482,0.06129040319465595,0.06368087582221271,0.8050002951991009,0.03989772505535105,0.04409662630330102,2.850257354115926,0.058233805620905965,0.11838380287377603,6.512197865747531,6985.972289690741,222.34802862289962,248.36648433250411,8.224885589575528,0.07203868847715533,0.08116538901771264,0.7167961854873499,0.04822076005825482,0.05332164442421494,2.5272760632183378,0.1630172306173141,0.18555930080119065,0.19561923123324432,3.5101760540504805,0.19319674865207048,0.04031511354655028,0.29146898159431245,0.051990000415298936,0.07082714520129059,3.1417263357102385,0.1292968867608182,00,0.39868526847306685,3.0525319449019412,0.29018467447798457,0.10114859460689986,0.4359057867552982,0.22055524669570215,0.19184800147275327,2.963181849973636,0.2882305864387553,00
WDWD eDR3 4622983672201981184A,4622983672201981184,1.0,1636042515805110273,4622983672201981184,889340936,2016.0,89.5574564700148,0.13370591,-80.67707027887204,0.13643971,9.767222068140688,0.14389561,67.87714,109.23306,38.03386563784925,0.16788629,102.39769442341637,0.16480011,-0.062234543,0.04233439,0.011453201,-0.0949292,0.37529776,-0.023591992,-0.15962456,0.13375244,-0.08793712,-0.14418313,351,0,349,2,0.3418261,369.34872,0.21921934,0.24039036,31,false,1.6028674,1e+20,1e+20,1e+20,1e+20,1e+20,1e+20,1e+20,40,27,0.24726729,45,17,0,0.02713928,39.05923,0,0,1.0120872,0.11497414,0.090088986,0.07134982,0.0972295,-127.54179,13.468079,48.449615,-23.425608,false,370,562.1481857698782,0.97370636,577.32825,18.81274,39,333.9063087262525,6.53802,51.071472,19.02948,37,310.80466758555934,9.150372,33.966343,18.516676,0,0,0,1,0,1.1468701,0.51280403,0.21673965,0.29606438,1e+20,1e+20,0,1e+20,1e+20,1e+20,292.558565373887,-28.890256350697506,270.2939269106718,-75.8831973705656,4622983672201981184,0.0,0.0,0.0,0.0,0.0,0.0,0.0,0.0,0.0,0.0,0.0,0.0,0.0,0.0,0.0,0.0,0.0,0.0,0.0,0.0,0.0,0.0,0.0,0.0,0.0,0.0,0.0,0.0,0.0,0.0,0.0,0.0,0.0,0.0,0.0,0.0,0.0,0.0,0.0,0.0,0.0,0.0,0.0,0.0,0.0,0.0,0.0,0,0,0,0,0,0,0,0.0,0.0,0.0,0.0,0.0,0.0,0.0,0.0,0.0,0.0,0.0,0.0,0.0,0.0,0.0,0.0,0.0,0.0,0.0,0.0,0.0,0.0,0.0,0.0,0.0,0.0,0.0,0.0,0.0,0.0,0,0.0,0.0,0.0,0.0,0.0,0.0,0.0,0.0,0.0,0.0,0.0,0.0,0,0,0,0,0,0,0,0,0,0,0,0,0,0,0,0.0,0.0,0,0.0,0.0,0.0,0.0,0.0,0.0,0.0,0.0,0.0,0.0,0.0,0.0,0.0,0.0,0.0,0.0,0.0,3.56022622767755,9.851706839703608,0.11590483893839078,7290.481859239964,295.06494751866467,265.2118022622708,8.302126132415323,0.08998529262825095,0.08640611918953311,0.7843974151204074,0.06041692335942195,0.0573814546485063,2.5779014767864394,0.23687839801879296,0.2731752686532172,0.5806632951204708,0.32308515165466334,3.2106813642802536,0.3068526986551139,0.0857978314500752,0.37555802114555437,0.13792345579353665,0.2519377767018777,2.953459497931994,0.30601896519952654,0,0.31940085144791164,3.4184331605805034,0.2496689996928576,0.0549831377531305,0.31277495112895315,0.10514246916222733,0.2431759052314382,2.8906764279153925,0.2927108918801747,0,DZ,20.3519,19.0353,18.7818,18.8052,18.906,1.0841283082955967e-31,1.48964245817055e-32,1.6714387116144583e-32,1.9654156951679338e-32,3.033838834348345e-32,0.0,0.0,0.16,0.0,0.0,1.0,6405,8.061,0.61,216,0.057,0.05,-0.2191,0.0137,"H/He=0, logCa/He=-9.5",0.0,-3.6557,3363.654,,,,,,,,7091.698094045954,276.7226876084196,244.8241338498783,8.232530510284908,0.09245657776209626,0.08956710209617924,0.7214541174051282,0.06226667174120948,0.059251538842132745,2.4025124721772224,0.21381319532796983,0.18323772772297442,0.34529707901365336,6678.2623291106065,337.5146761072783,576.4309236065701,8.045684834597743,0.12277730101777706,0.06719116918311041,0.6016751107645355,0.0781626529436239,0.04214293093818622,2.0908393611381584,0.33983506559701127,0.14269408610715129,0.5565059318972656,3.0826803715542277,0.3190631015346552,0.10759217066863895,0.4242430620452747,0.33011285910997445,0.2393578026418736,2.8267555342224973,0.3775586902864782,00,0.7292384076661137,1.212665495597579,1.0608403755832059,4.829283340073429,5.844569301739851,98.20839449969938,4.841225614503015,7.935408662878009,98.20849816492864,01
WDWD eDR3 4690585426656351616B,4690585465314600320,1.0,1636042515805110273,4690585465314600320,255899441,2016.0,16.06216591546932,0.33393556,-71.56412409343177,0.3429426,6.084819727722162,0.39591792,15.368892,112.82951,-96.22509961417911,0.46160427,-58.91713245795388,0.5034119,-0.09907727,0.05255788,-0.09871549,-0.03544033,-0.22112158,0.031892348,-0.007848728,-0.33228278,-0.005867013,-0.3091881,319,0,318,1,1.2360266,366.4332,0.0,0.0,31,false,1.4976076,1e+20,1e+20,1e+20,1e+20,1e+20,1e+20,1e+20,36,23,0.7684934,43,15,0,0.0135442205,15.51811,0,0,1.0487239,0.021896536,0.110308655,0.104599945,0.12369539,-48.86894,35.37943,38.25204,11.541683,false,362,169.62347100182612,0.77435994,219.04991,20.113651,37,70.69490354993209,4.535972,15.585392,20.715073,39,124.23265129958871,4.68794,26.500477,19.512306,0,0,0,1,0,1.1491779,1.2027664,0.60142136,0.60134506,1e+20,1e+20,0,1e+20,1e+20,1e+20,301.48677698626494,-45.528162346063795,315.64953797748535,-64.85024443514683,4690585465314600320,0.0,0.0,0.0,0.0,0.0,0.0,0.0,0.0,0.0,0.0,0.0,0.0,0.0,0.0,0.0,0.0,0.0,0.0,0.0,0.0,0.0,0.0,0.0,0.0,0.0,0.0,0.0,0.0,0.0,0.0,0.0,0.0,0.0,0.0,0.0,0.0,0.0,0.0,0.0,0.0,0.0,0.0,0.0,0.0,0.0,0.0,0.0,0,0,0,0,0,0,0,0.0,0.0,0.0,0.0,0.0,0.0,0.0,0.0,0.0,0.0,0.0,0.0,0.0,0.0,0.0,0.0,0.0,0.0,0.0,0.0,0.0,0.0,0.0,0.0,0.0,0.0,0.0,0.0,0.0,0.0,0,0.0,0.0,0.0,0.0,0.0,0.0,0.0,0.0,0.0,0.0,0.0,0.0,0,0,0,0,0,0,0,0,0,0,0,0,0,0,0,0.0,0.0,0,0.0,0.0,0.0,0.0,0.0,0.0,0.0,0.0,0.0,0.0,0.0,0.0,0.0,0.0,0.0,0.0,0.0,69.6073819626742,5.685757501111862,0.10893238082310905,4942.817168885577,174.04065485018782,209.38126951566846,7.110983520391574,0.1486063235728876,0.0900097803374349,0.1999940357225007,0.04278968615100051,1.696828154373886e-07,1.4217428497125195,0.12527325450768467,0.9518872892625988,1.4104335790254205,nan,nan,nan,nan,nan,nan,nan,nan,nan,0,0.3717609570026106,-2.3273324437662812,1.4742208116480526e-06,nan,nan,nan,nan,nan,nan,11,DZ,22.0245,20.694,20.1052,19.82,19.734,9.113636914220899e-32,1.038011147866618e-32,1.332105533096837e-32,1.787997907149411e-32,2.744163568943391e-32,0.75,0.0,0.0,0.0,0.0,0.87,4887,7.335,0.256,137,0.134,0.062,0.0,0.0,"H/He=0, logCa/He=-9.5",0.0,-3.7789,3476.9784,,,,,,,,5052.444703500329,121.66843544103631,101.16146646169818,7.211127120899581,0.10441452897064529,0.07458916961870443,0.21799069060906628,0.031863832018975496,0.017965755057218813,1.6591498754587088,0.12061366466702639,0.20917753718833265,1.6609799990154357,4150.173082207422,198.50292579235156,98.68450387471694,7.107089563249833,0.0782620656594748,0.029485778779911875,0.19999392493641938,0.008171725026003135,6.393256332670738e-08,1.1395518344757338,1.1422588426854023,0.4586235980748432,0.276836073144878,-2.1709757549168844,0.15608822812527157,nan,nan,nan,nan,nan,nan,11,0.07099674218942731,-2.3273334062865363,5.55452331241213e-07,nan,nan,nan,nan,nan,nan,11
WDWD eDR3 4712727980220151424A,4712727980220151424,1.0,1636042515805110273,4712727980220151424,1580973697,2016.0,27.473173487924825,0.04808361,-61.488765654827326,0.04947639,13.066643357674998,0.05435053,240.41428,161.5773,3.6968951083387935,0.060040466,-161.53500862273552,0.06303429,0.05200696,0.19398886,-0.33508223,-0.16452973,-0.037972204,-0.0967906,0.038227793,-0.10311981,-0.2517572,0.14695741,363,0,361,2,1.5712765,420.3821,0.14899546,0.8022563,31,false,1.7203221,1e+20,1e+20,1e+20,1e+20,1e+20,1e+20,1e+20,42,28,0.09362755,47,20,0,0.019967942,89.46451,0,0,1.0585059,0.058775164,0.0911783,0.08169488,0.077064544,-62.083706,-81.30117,-33.025116,4.896507,false,383,2744.350566271215,2.4740155,1109.2698,17.091269,43,1866.4800819827315,10.110387,184.61015,17.160984,44,1265.0547802056476,13.699239,92.344894,16.992622,0,0,0,2,0,1.1410841,0.16836166,0.0697155,0.098646164,1e+20,1e+20,0,1e+20,1e+20,1e+20,291.03098797531356,-54.26817548060231,340.7976189235954,-63.355619636911186,4712727980220151424,0.0,0.0,0.0,0.0,0.0,0.0,0.0,0.0,0.0,0.0,0.0,0.0,0.0,0.0,0.0,0.0,0.0,0.0,0.0,0.0,0.0,0.0,0.0,0.0,0.0,0.0,0.0,0.0,0.0,0.0,0.0,0.0,0.0,0.0,0.0,0.0,0.0,0.0,0.0,0.0,0.0,0.0,0.0,0.0,0.0,0.0,0.0,0,0,0,0,0,0,0,0.0,0.0,0.0,0.0,0.0,0.0,0.0,0.0,0.0,0.0,0.0,0.0,0.0,0.0,0.0,0.0,0.0,0.0,0.0,0.0,0.0,0.0,0.0,0.0,0.0,0.0,0.0,0.0,0.0,0.0,0,0.0,0.0,0.0,0.0,0.0,0.0,0.0,0.0,0.0,0.0,0.0,0.0,0,0,0,0,0,0,0,0,0,0,0,0,0,0,0,0.0,0.0,0,0.0,0.0,0.0,0.0,0.0,0.0,0.0,0.0,0.0,0.0,0.0,0.0,0.0,0.0,0.0,0.0,0.0,12.316155007330732,13.067593360223038,0.05415023118486372,9849.710991730177,170.14254653272474,167.43041408607678,8.286117637722693,0.038,0.038,0.7790878754321541,0.023709142861542243,0.02376157930748072,1.0025691728943587,0.014531436876870842,0.015233247021539569,0.41353017268500725,0.12678686022215002,3.182288103915262,0.1270672690239616,0.04064414594731087,0.3857104522041459,0.049046680434550044,0.04316374934470809,1.3882796250985046,0.05135784921964819,0,0.12974645250647754,3.393081838473633,0.10854556510202151,0.02573931836768925,0.3191936012718904,0.04009355545008195,0.029557996680082143,1.321762774166249,0.042889917270240094,0,DQ,17.3851,17.1253,17.1715,17.2988,17.4652,1.0550711414368714e-31,2.588478786100986e-32,2.8926970695326643e-32,2.9024393100143156e-32,4.39137396705666e-32,0.01,0.0,0.55,0.0,0.7,0.0,8581,7.888,0.513,266,0.054,0.043,-0.047,-0.0132,H/He=0,-5.044,-3.0502,2806.4864,,,,,,,,9581.095644116725,159.59955297634042,173.71372371038706,8.20107632150787,0.03266518251210648,0.036974843308344774,0.7051811924825598,0.020739802987138733,0.024683906711469805,0.9776806798141349,0.007829402162373711,0.008777121397857357,0.40770625599099025,9161.524793712852,177.13731387934786,169.81974007951976,8.064321960752121,0.04476086408402402,0.044672781988516874,0.6174171352700809,0.028295957993558996,0.027417386455198756,0.9022211166486207,0.013307783566909981,0.013760135871081491,0.15315901941978094,2.9700444561863004,0.16025189454814015,0.0656624740121504,0.47148560113405763,0.07801314958562612,0.06612760415754157,1.4491662809481924,0.07850534611287312,00,0.5081940346976117,1.5616360614267335,0.7293351022378647,1.5340496426794004,2.527511006835492,6.982242473828581,1.5341073636836047,3.4297321234841123,6.98225603259255,00
WDWD eDR3 4756807607541574656A,4756807607541574656,1.0,1636042515805110273,4756807607541574656,1269056900,2016.0,86.63960739237127,0.07288582,-63.07457215173492,0.0645348,11.146848167919783,0.06896268,161.63596,70.9119,66.21026456237195,0.09961236,-25.390921409339715,0.09345728,-0.040473673,0.16623797,-0.28190207,-0.05986108,0.12441208,0.0002321345,-0.3258759,0.03471772,-0.33668116,-0.108512,314,0,311,3,-0.5340714,306.7875,0.0,0.0,31,false,1.7167299,1e+20,1e+20,1e+20,1e+20,1e+20,1e+20,1e+20,36,25,0.14338413,40,16,0,0.00568414,31.66515,0,0,0.97740805,0.20312747,0.15024082,0.10079792,0.15360864,-76.40793,5.8092127,45.102146,-17.618998,false,326,1901.2406853491632,1.9758216,962.25323,17.489775,37,1284.0331296908694,10.054513,127.707146,17.567102,37,883.3353280644297,7.971297,110.81451,17.382582,0,2,0,2,0,1.1399758,0.18452072,0.07732773,0.10719299,1e+20,1e+20,0,1e+20,1e+20,1e+20,272.35298120112475,-31.273581296381764,66.16886820523032,-86.23330381219165,4756807607541574656,0.0,0.0,0.0,0.0,0.0,0.0,0.0,0.0,0.0,0.0,0.0,0.0,0.0,0.0,0.0,0.0,0.0,0.0,0.0,0.0,0.0,0.0,0.0,0.0,0.0,0.0,0.0,0.0,0.0,0.0,0.0,0.0,0.0,0.0,0.0,0.0,0.0,0.0,0.0,0.0,0.0,0.0,0.0,0.0,0.0,0.0,0.0,0,0,0,0,0,0,0,0.0,0.0,0.0,0.0,0.0,0.0,0.0,0.0,0.0,0.0,0.0,0.0,0.0,0.0,0.0,0.0,0.0,0.0,0.0,0.0,0.0,0.0,4.756807607541575e+18,86.63960739237127,-63.07457215173492,11.146848167919783,0.06896268,17.489775,17.567102,17.382582,499984615,17.717,17.8128,17.5961,17.5425,17.7492,17.9021,0.009,0.012,0.0668,0.029,0.0247,0.0203,0,1,0,0,1,1,0,3,0,0,0,0,1,3,0,0.1400117,4.756807607541575e+18,499984615,0.0,0.0,0.0,0.0,0.0,0.0,0.0,0.0,0.0,0.0,0.0,0.0,0.0,0.0,0.0,0.0,0.0,36.637914284569334,11.145109934813341,0.059500523696647344,10049.320081031652,172.93458775486397,176.66214199348542,8.347312427150055,0.038,0.038,0.8195350765890239,0.02200647294669685,0.023187474220308812,1.0510977914290929,0.013112278747325316,0.013534476900874604,4.64806973344652,0.11768167351174785,3.398583297267508,0.1239971883438975,0.028905339374473392,0.31749356987259225,0.036365361913584054,0.03174036071472788,1.3685913613016851,0.03880234029135689,0,0.0901488747797572,3.5679454554412717,0.1046892746707977,0.021114085326001494,0.27805286771875193,0.020935781584741534,0.024854304518558367,1.3291506591478448,0.02492968141682342,0,DZ,17.8744,17.5143,17.5555,17.6825,17.8597,1.0673877991502102e-31,2.397568583520971e-32,2.7098825725351887e-32,2.8350171128968903e-32,4.2112641028276615e-32,0.03,0.0,0.12,0.0,0.0,1.0,8480,7.948,0.547,252,0.044,0.035,-0.0494,-0.0083,"H/He=0, logCa/He=-9.5",0.0,-3.1035,2855.5316,,,,,,,,9557.394854250511,140.36371181506183,139.51691983010824,8.222739918323528,0.02865600686637393,0.028795757835192504,0.7186761578259553,0.018558797503969382,0.018190075505667647,1.0150352888759793,0.008122528334238766,0.008099240341122638,2.8009795806390207,9111.480368258464,146.0851787212505,141.6667051070217,8.080631602360107,0.03706198733354604,0.03661544527658478,0.6273798987936585,0.02372650562228318,0.02261740868915274,0.9357444912521152,0.012227022635848295,0.012335866895947012,0.13801032186930628,3.0647000506534323,0.1025806325564087,0.03968265713775605,0.4311986334016975,0.06237015190840769,0.04050541623108214,1.4462339222776768,0.06289382754437131,00,0.7224810928504184,1.961108299823848,0.41643864804924946,0.47901382408146215,1.3740820155091684,4.062702155853363,0.4791698485335691,2.3098265067612838,4.062720883938206,00
WDWD eDR3 5131731039563630720A,5131731039563630720,1.0,1636042515805110273,5131731039563630720,806739973,2016.0,36.48508661325054,0.06557039,-17.937477598508917,0.06767323,14.73806987651559,0.08585644,171.65947,27.108908,-25.716412369331888,0.08719616,-8.576657877840367,0.08161148,-0.026808064,0.0022202996,-0.49910486,0.2933838,-0.18793462,0.3487588,-0.54865754,-0.20977405,0.11942335,0.06527888,557,0,555,2,1.0922997,610.97644,0.112182125,0.43481335,31,false,1.6820444,1e+20,1e+20,1e+20,1e+20,1e+20,1e+20,1e+20,63,18,0.13031623,64,50,0,0.03984598,154.72816,0,0,1.0325016,0.46001408,0.49978247,0.54955566,0.60304314,-59.40078,-42.92673,-41.531475,38.833263,false,550,2141.670718743684,1.4729855,1453.966,17.360485,58,1406.9120142249437,9.379169,150.0039,17.467875,58,1099.729729840524,8.992867,122.28911,17.14468,0,11,0,4,0,1.1704142,0.3231945,0.10738945,0.21580505,1e+20,1e+20,0,1e+20,1e+20,1e+20,195.00317168649585,-66.37562909027518,27.401216272784385,-30.503581808252516,5131731039563630720,5.131731039563631e+18,36.48508661325054,-17.937477598508917,14.73806987651559,0.08585644,17.360485,17.467875,17.14468,1.2376672448666665e+18,17.79408,17.46406,17.39101,17.4512,17.5571,0.01221747,0.005219259,0.005914841,0.006985531,0.01424974,35253360001040.0,268468240.0,268468240.0,4503599895838736.0,268468240.0,402685968.0,0.06627174,5.131731039563631e+18,1.2376672448666665e+18,5.131731039563631e+18,36.48508661325054,-17.937477598508917,14.73806987651559,0.08585644,17.360485,17.467875,17.14468,8.64703648506454e+16,17.4768009185791,17.4027996063232,17.4766998291016,17.5625,17.6457004547119,0.00662600016221404,0.00298899994231761,0.00358200003392994,0.00800800044089556,0.0122300004586577,115000,115000,115000,115000,115000,436527104,52,0.09879274,5.131731039563631e+18,8.64703648506454e+16,0.0,0.0,0.0,0.0,0.0,0.0,0.0,0.0,0.0,0.0,0.0,0.0,0.0,0.0,0.0,0.0,0.0,0.0,0.0,5.131731039563631e+18,36.48508661325054,-17.937477598508917,14.73806987651559,0.08585644,17.360485,17.467875,17.14468,14310226,17.8313,17.7499,17.4279,17.4016,17.4999,17.6086,0.0173,0.0128,0.0123,0.007,0.0142,0.0186,0,0,3,3,0,0,3,0,0,0,0,0,3,3,0,0.27884325,5.131731039563631e+18,14310226,0.0,0.0,0.0,0.0,0.0,0.0,0.0,0.0,0.0,0.0,0.0,0.0,0.0,0.0,0.0,0.0,0.0,7.152352899609384,14.785714652413326,0.07210726294786113,8508.415123759834,102.10098148511801,102.10098148511801,8.294920456396696,0.038,0.038,0.7821053255060889,0.014520326159566574,0.014668197980765576,1.5045994641022913,0.02488986000988106,0.02423532210713618,2.7548878596484214,0.07764880299233479,3.1984242005673202,0.07843956139446862,0.024361616861156107,0.3794683071224882,0.03003793941909635,0.03482805632534268,1.8840677712247795,0.03859570756161812,0,0.07957586806850347,3.4080710917996786,0.06631192577199618,0.015399992488179625,0.3151813927988178,0.023970419040567993,0.0292688383771455,1.8197808569011091,0.03408712112539086,0,DC,17.883,17.4649,17.4127,17.4621,17.5709,7.220662361822116e-32,1.7619009035947702e-32,2.1242941784738947e-32,2.2614875399435043e-32,3.4276507468233217e-32,0.01,0.0,0.83,0.0,0.43,0.01,7630,8.014,0.584,71,0.017,0.014,-0.0494,-0.0083,logH/He=-5,0.0,-3.3244,3058.849,DZ,,,,,SOAR Goodman Spect,2020ApJ...898...84K,8150.896326221995,69.42730571882203,63.17537616277514,8.198200549280553,0.018160506388641195,0.018659596371763953,0.7010270145938851,0.01144203020502299,0.01264222175263241,1.4648111294416726,0.020927074135899115,0.013782778212991342,10.006716192576706,7777.880997858827,64.96153925525596,62.947756155559546,8.041603532318142,0.01951919683169656,0.02014604344822324,0.6011235829081203,0.011946572694615631,0.012531076342328307,1.324028373932527,0.010760272448968822,0.010954679017791458,0.08355142927418946,2.9344778646736738,0.09781492721317075,0.0458666440105536,0.4896018167799711,0.04255779499472541,0.05041519081269325,1.9544129462216437,0.04473400149865406,00,0.1515004885008806,1.2054275972194268,0.23121372798540762,2.6403307341616347,5.96465426426589,3.5293094125053366,2.640352660009964,7.288682638198417,3.5293264136646734,00
WDWD eDR3 5377861592235273856A,5377861592235273856,1.0,1636042515805110273,5377861592235273856,794984846,2016.0,179.98678571776034,0.07155482,-46.48424124564136,0.052307118,15.942873169307196,0.09597082,166.1221,628.45123,-620.7687752060451,0.07654114,97.96483088996874,0.068329364,0.14635628,-0.471949,-0.44930497,-0.15770505,-0.16386072,-0.055511508,-0.12926288,0.33652273,0.304114,0.2409019,375,0,370,5,-0.6745401,360.20554,0.0,0.0,31,false,1.6546121,1e+20,1e+20,1e+20,1e+20,1e+20,1e+20,1e+20,43,22,0.12410135,46,18,0,0.020418951,147.07098,0,0,0.97423285,0.326875,0.15650652,0.10414609,0.11739276,-89.45551,-20.403282,46.07058,19.714584,false,381,1996.9778582949593,1.7024709,1172.9879,17.436434,45,1257.0354946798404,7.8805285,159.51157,17.590174,43,1081.0803220375628,8.90575,121.391266,17.16325,0,0,0,0,0,1.1708272,0.42692375,0.15373993,0.27318382,1e+20,1e+20,0,1e+20,1e+20,1e+20,293.7734100247094,15.469832992712167,202.72039234490816,-41.713586927635234,5377861592235273856,0.0,0.0,0.0,0.0,0.0,0.0,0.0,0.0,0.0,0.0,0.0,0.0,0.0,0.0,0.0,0.0,0.0,0.0,0.0,0.0,0.0,0.0,0.0,0.0,0.0,0.0,0.0,0.0,0.0,0.0,0.0,0.0,0.0,0.0,0.0,0.0,0.0,0.0,0.0,0.0,0.0,0.0,0.0,0.0,0.0,0.0,0.0,0,0,0,0,0,0,0,0.0,0.0,0.0,0.0,0.0,0.0,0.0,0.0,0.0,0.0,0.0,0.0,0.0,0.0,0.0,0.0,0.0,0.0,0.0,0.0,0.0,0.0,0.0,0.0,0.0,0.0,0.0,0.0,0.0,0.0,0,0.0,0.0,0.0,0.0,0.0,0.0,0.0,0.0,0.0,0.0,0.0,0.0,0,0,0,0,0,0,0,0,0,0,0,0,0,0,0,0.0,0.0,0,0.0,0.0,0.0,0.0,0.0,0.0,0.0,0.0,0.0,0.0,0.0,0.0,0.0,0.0,0.0,0.0,0.0,180.6765008883976,15.98898748333288,0.0891472737542914,7627.31323909286,112.4405223707372,107.50862939700801,8.220161397864409,0.038,0.038,0.7313004800323317,0.02206907420475638,0.022113759281857975,1.7877964143526741,0.041975343247563066,0.041356530130884334,0.11781139195205431,0.17384796208756326,2.9267405349322555,0.11825539722918643,0.05472186191088992,0.4935429066667912,0.09344995966667556,0.06896674279495331,2.2813393210194652,0.10219225776040979,0,0.13430995275850988,3.1378789225162795,0.11535624105281927,0.04048158457935369,0.4028898580559782,0.051956940337381304,0.05831541932290382,2.1906862724086524,0.06640697428500221,0,DQ,17.9941,17.6052,17.4523,17.4818,17.5646,9.673558990187295e-32,2.1126159156865615e-32,2.625110381611346e-32,2.7150589570829503e-32,4.113838078682296e-32,0.0,0.0,0.77,0.0,0.97,0.04,7126,8.012,0.582,175,0.047,0.04,-0.0446,-0.0058,H/He=0,-5.927,-3.4427,3167.6667,,,,,,,,7425.123804732211,105.48489168050492,108.34823262672126,8.15208398435998,0.03349158342325609,0.035256654307037394,0.6691331805995935,0.022519657798652615,0.022899738277457837,1.74767233360659,0.027314742719575458,0.02713427127466206,0.018689083197667287,7132.927403665059,99.1305797121322,96.16832247337425,8.010238215623144,0.03660971264161894,0.03593320917986187,0.5806570111502529,0.022661040304960745,0.02153456937152287,1.5766303949961222,0.024726269340425988,0.026307630155502304,0.3400263081595529,2.660988227907727,0.20613896518989927,0.12865937407510436,0.6525669603504629,0.30869525570877804,0.13152691628421248,2.400239293957053,0.3098855104304085,00,0.19688132324031904,0.9799045278041089,0.23953878612995683,6.54049140041208,12.272608990560883,14.437800604444165,6.540538138965315,13.849239385557006,14.437824572458716,11
WDWD eDR3 5436014972680358784A,5436014972680358784,1.0,1636042515805110273,5436014972680358784,1589824876,2016.0,144.2472834660978,0.012308924,-37.35780983957744,0.015885115,38.09532101907259,0.02104008,1810.6072,368.625,-328.12690982249694,0.016525215,167.9795019206536,0.019490262,0.2102433,0.028907033,-0.030274792,0.064185806,0.10818662,0.085302465,-0.25649723,0.03535302,0.01209738,0.18117394,544,0,541,3,-0.17615815,635.5134,0.044428546,0.7406595,31,false,1.7223988,1e+20,1e+20,1e+20,1e+20,1e+20,1e+20,1e+20,63,29,0.02809919,65,24,0,0.018706573,135.64034,0,0,0.99400383,0.30391645,0.29763293,0.12744725,0.09961559,-72.62256,-64.17555,55.54268,-17.414062,false,546,23069.75691929913,8.675501,2659.1843,14.779759,63,16006.848311076908,17.8005,899.23584,14.827778,59,10734.12976301695,13.338882,804.7248,14.670979,0,4,0,2,0,1.1591357,0.15679932,0.048018456,0.10878086,1e+20,1e+20,0,1e+20,1e+20,1e+20,265.5205193342445,11.012540163204644,164.01912109734027,-47.8557997490995,5436014972680358784,0.0,0.0,0.0,0.0,0.0,0.0,0.0,0.0,0.0,0.0,0.0,0.0,0.0,0.0,0.0,0.0,0.0,0.0,0.0,0.0,0.0,0.0,0.0,0.0,0.0,0.0,0.0,0.0,0.0,0.0,0.0,0.0,0.0,0.0,0.0,0.0,0.0,0.0,0.0,0.0,0.0,0.0,0.0,0.0,0.0,0.0,0.0,0,0,0,0,0,0,0,0.0,0.0,0.0,5.436014972680359e+18,144.24734081278328,-37.357833181188255,38.059707607312845,0.03088366432878822,14.800467,14.818254,14.676993,09365978-3721306,14.766,14.736,14.826,0.045,0.049,0.128,AAB,0.11231774745403984,5.436014972680359e+18,09365978-3721306,5.436014972680359e+18,144.2472834660978,-37.35780983957744,38.09532101907259,0.02104008,14.779759,14.827778,14.670979,79112358,15.0234,14.8548,14.8013,14.8446,15.0167,15.1725,0.047,0.0116,0.0077,0.0085,0.005,0.0067,0,3,3,3,3,3,3,1,4,0,0,0,3,8,31,1.0298046,5.436014972680359e+18,79112358,0.0,0.0,0.0,0.0,0.0,0.0,0.0,0.0,0.0,0.0,0.0,0.0,0.0,0.0,0.0,0.0,0.0,4.431561279275667,38.11922394404356,0.01566347923945268,9965.245006188217,119.58294007425862,119.58294007425862,8.310117887008937,0.038,0.038,0.795222679612525,0.00603155614838601,0.006219398384024749,1.0111309262228647,0.013162650327530103,0.013174227433185325,4.202952819496082,0.03225431095393638,3.268570479211364,0.03325881488783233,0.010277461257314444,0.35766943618150104,0.009967054819254278,0.016699747708885538,1.3688003624043659,0.01651975938781533,0,0.027267432858887997,3.4673719693152125,0.028116629222534772,0.006529683368098199,0.3014096155860477,0.006332469707525074,0.014693268136546294,1.3125405418089124,0.014617128345130431,0,DC,15.0769,14.7882,14.8619,14.986,15.1477,3.271130763416628e-31,7.563041288340475e-32,7.145377089805804e-32,6.585904143514702e-32,8.068196269904641e-32,0.0,0.0,0.83,0.0,0.23,0.01,9158,8.067,0.62,34,0.006,0.006,-0.0636,-0.0597,logH/He=-5,0.0,-3.0355,2792.9759,DQ,,,,,,1991AJ....101.1476S,9682.423498064083,36.47457413723532,36.0502742707522,8.222669520029255,0.0066993902074532485,0.006511388053706213,0.7188053853142267,0.004299986619139662,0.004139698412240822,0.982073871813095,0.0014923085855480522,0.0015788716298350547,3.7204612620993647,9262.4061619385,37.2951920031519,37.67728739755876,8.090975126715843,0.008463212443613699,0.008660830152610544,0.6341339144008016,0.005402570874240009,0.005481897567086502,0.9103534256720285,0.002159893023147008,0.002080010412460531,0.027831628602845715,3.065536474525739,0.026794164480522742,0.010365149988605738,0.43087506821283666,0.010766486303589165,0.010472025553864638,1.4129489400259316,0.010881638798860725,00,0.10031486631848185,2.0989632976118586,0.10233931352023928,0.15352783129946804,1.2636739232737597,0.0711621552123518,0.15354302368192882,2.1740273489457884,0.0711925472067322,00
WDWD eDR3 5533156167872834176B,5533156167861022720,1.0,1636042515805110273,5533156167861022720,1627259582,2016.0,121.10949112967722,0.29062426,-42.54709677660016,0.33371347,8.757805896431236,0.35967743,24.349056,72.29864,-72.23265286960749,0.39679113,3.0881028687206653,0.43766165,-0.020055503,-0.1021652,0.076754995,-0.12946129,0.14053236,-0.13223907,-0.15059751,-0.07312384,0.11561529,-0.014698393,312,0,310,2,0.46839872,336.02155,0.81755924,0.62443024,31,false,1.5703008,1e+20,1e+20,1e+20,1e+20,1e+20,1e+20,1e+20,36,23,0.61011535,41,13,0,0.013616323,141.74294,1,0,1.0179251,0.23933071,0.1151469,0.17607602,0.23621699,-87.35208,79.05106,-51.368988,13.890365,false,320,210.57711563587867,0.8789578,239.57591,19.87884,34,97.13826285532559,6.020686,16.134085,20.370066,36,132.57144640541023,4.360309,30.404139,19.44177,0,0,0,0,0,1.0908579,0.92829514,0.4912262,0.43706894,1e+20,1e+20,0,1e+20,1e+20,1e+20,258.23107362871724,-5.912011010715983,140.86375555799552,-60.6103576013401,5533156167861022720,0.0,0.0,0.0,0.0,0.0,0.0,0.0,0.0,0.0,0.0,0.0,0.0,0.0,0.0,0.0,0.0,0.0,0.0,0.0,0.0,0.0,0.0,0.0,0.0,0.0,0.0,0.0,0.0,0.0,0.0,0.0,0.0,0.0,0.0,0.0,0.0,0.0,0.0,0.0,0.0,0.0,0.0,0.0,0.0,0.0,0.0,0.0,0,0,0,0,0,0,0,0.0,0.0,0.0,0.0,0.0,0.0,0.0,0.0,0.0,0.0,0.0,0.0,0.0,0.0,0.0,0.0,0.0,0.0,0.0,0.0,0.0,0.0,0.0,0.0,0.0,0.0,0.0,0.0,0.0,0.0,0,0.0,0.0,0.0,0.0,0.0,0.0,0.0,0.0,0.0,0.0,0.0,0.0,0,0,0,0,0,0,0,0,0,0,0,0,0,0,0,0.0,0.0,0,0.0,0.0,0.0,0.0,0.0,0.0,0.0,0.0,0.0,0.0,0.0,0.0,0.0,0.0,0.0,0.0,0.0,11.859298724889252,8.708536904711078,0.20066730803393637,5632.157638625312,297.72548732554606,260.2378570354804,8.194813694874632,0.1426485729809226,0.147216791820723,0.7084839190266681,0.09603457527716874,0.09647296446142917,4.695823299995004,0.3112341184942844,0.5328539152429776,1.62573992573479,1.200432190964609,2.7435489878333508,0.5770760575575431,0.2507633813659979,0.5923471936615993,2.035394760579903,0.39968606424170355,5.288170493656603,2.1039879102280725,0,1.6036236670836366,2.9983212245433912,0.5116822869355326,0.1655734810828429,0.45708253321160186,3.209524687697248,0.35253546509933553,5.152905833206606,3.253456933160156,0,DZ,21.1973,20.3504,19.8746,19.6894,19.7475,3.740481621932891e-31,1.1879037128764898e-32,1.5225312314435958e-32,1.9423236517257943e-32,2.900655515536315e-32,0.79,0.0,0.0,0.0,0.0,0.8,5370,8.181,0.685,162,0.082,0.074,0.3404,0.6853,"H/He=0, logCa/He=-9.5",0.0,-4.0331,3710.8963,,,,,,,,5537.182484489989,258.4225569654227,223.04264909793892,8.13586296737148,0.13115276121551034,0.12649586845700256,0.6543806818194925,0.0870367678193904,0.08018308105695104,5.029259541540323,0.18123129016248019,0.25278350553430506,2.657400714193935,4218.480792636146,429.5813503749605,476.71344623877894,7.835671363600252,0.23551903077826353,0.3581621391102976,0.4723055520641366,0.13972978416029302,0.16807707065512134,6.127481279880328,0.8367854717123846,1.6793141245430032,1.5863546631688927,2.4505937074790762,0.7045238988412805,0.4272636771513679,0.8234848613860261,18.242294288520043,0.4641110108011503,5.85274440292635,18.244045615203916,01,1.213985961427393,0.03853650794210861,2.175941545653389,nan,nan,nan,nan,nan,nan,11
WDWD eDR3 6348333955549947648A,6348333955549947648,1.0,1636042515805110273,6348333955549947648,1705300876,2016.0,311.90602120614363,0.05022406,-82.1004361460449,0.056187082,16.81497777509014,0.062011283,271.15997,131.5487,-106.67091634358675,0.0740505,76.98297916615563,0.07019366,0.0065789684,-0.07030219,-0.04599943,0.11577262,-0.18098672,0.16390818,-0.23794752,-0.2572711,-0.09492601,0.020849433,335,0,335,0,-0.32949492,333.8156,0.0,0.0,31,false,1.6659944,1e+20,1e+20,1e+20,1e+20,1e+20,1e+20,1e+20,39,26,0.10375626,48,19,0,0.008426725,71.71423,0,0,0.9861963,0.0107119875,0.07129203,0.04811301,0.2636365,-87.352,86.27762,-9.995183,25.616922,false,413,2394.802153784255,1.9130673,1251.8127,17.239193,45,1512.8754921545385,10.199695,148.32556,17.389034,44,1267.5560796450443,6.449168,196.54567,16.990477,0,0,0,0,0,1.1610277,0.39855766,0.14984131,0.24871635,1e+20,1e+20,0,1e+20,1e+20,1e+20,310.96719972141074,-30.733408854879187,280.65642923660204,-60.23727269649926,6348333955549947648,0.0,0.0,0.0,0.0,0.0,0.0,0.0,0.0,0.0,0.0,0.0,0.0,0.0,0.0,0.0,0.0,0.0,0.0,0.0,0.0,0.0,0.0,0.0,0.0,0.0,0.0,0.0,0.0,0.0,0.0,0.0,0.0,0.0,0.0,0.0,0.0,0.0,0.0,0.0,0.0,0.0,0.0,0.0,0.0,0.0,0.0,0.0,0,0,0,0,0,0,0,0.0,0.0,0.0,0.0,0.0,0.0,0.0,0.0,0.0,0.0,0.0,0.0,0.0,0.0,0.0,0.0,0.0,0.0,0.0,0.0,0.0,0.0,6.348333955549948e+18,311.90602120614363,-82.1004361460449,16.81497777509014,0.062011283,17.239193,17.389034,16.990477,485184134,0.0,0.0,17.3953,17.2368,17.354,17.3609,0.0,0.0,0.0137,0.1313,0.0138,0.046,0,0,0,0,0,0,0,0,0,0,0,0,0,0,0,0.05936593,6.348333955549948e+18,485184134,0.0,0.0,0.0,0.0,0.0,0.0,0.0,0.0,0.0,0.0,0.0,0.0,0.0,0.0,0.0,0.0,0.0,10.435131721377813,16.796401082460783,0.05904177479063526,7981.831824618948,95.78198189542738,95.78198189542738,8.238567204145847,0.038,0.038,0.7442315159239299,0.015370350399267025,0.01640964694104088,1.621851137195459,0.03407425555905566,0.027366163399424583,1.913522342489708,0.08219438716185579,2.9958904594862563,0.08775212267936316,0.03444983176873898,0.4583206688351399,0.04186657139128017,0.0484545746116737,2.0801718060305987,0.050017164046606694,0,0.08103026764423671,3.2060232181178914,0.08436836473542852,0.026071061246038793,0.37699745658172507,0.030877256779888035,0.04290402226363563,1.998848593777184,0.04125908246017048,0,DQ,17.853,17.3829,17.2664,17.2998,17.395,1.0578785140680424e-31,2.3970515828533766e-32,2.772148526214051e-32,2.7923847154268096e-32,3.9474556339344095e-32,0.03,0.0,0.5,0.0,0.86,0.01,7113,7.958,0.549,171,0.047,0.039,-0.0494,-0.0083,H/He=0,-5.967,-3.4157,3142.7962,,,,,,,,7762.969864425997,83.37643082779596,80.61029143280848,8.170383457032102,0.02497268586582635,0.02391952800182473,0.6817203064489137,0.017043676000100483,0.015947308598144083,1.5958679911749205,0.01582805590971259,0.013778571002396767,3.783149218549773,7452.536809758856,75.94116893906903,79.66440390370462,8.025383294288142,0.023996621799980744,0.02468155274978656,0.5905091846233542,0.014868867051674783,0.015134527481269422,1.4420868113988097,0.012392535342945488,0.012187409484953449,0.19432625750877808,2.798252383613941,0.10746349863826632,0.05529165160520029,0.5595436851698268,0.13416031601030945,0.057512555943131545,2.1554116763447473,0.13486600539370247,00,0.12918216378518477,1.0655011696208012,0.19924570839263223,4.061805240540261,9.132249779781722,5.26413446588522,4.061824145259437,10.574336591180531,5.264148573878839,01
WDWD eDR3 6365743515289965824A,6365743515289965824,1.0,1636042515805110273,6365743515289965824,1589792608,2016.0,288.5141512574021,0.0736218,-76.15592237685249,0.10112094,7.576466520533056,0.1142239,66.32996,73.38019,48.09236241613711,0.09213265,-55.42360897174661,0.13188672,0.008996722,-0.17891002,-0.0438135,-0.15290743,0.007888821,-0.113991216,-0.26618105,-0.24258326,0.1780275,-0.057415795,451,0,451,0,0.21978545,472.56888,0.0,0.0,31,false,1.7198348,1e+20,1e+20,1e+20,1e+20,1e+20,1e+20,1e+20,52,28,0.18624769,59,23,0,0.018830856,175.70378,0,0,1.0066189,0.030588388,0.2436024,0.052546624,0.09041289,149.9225,83.363785,29.164894,42.4272,false,501,939.2769553081533,1.1726885,800.9603,18.255383,54,645.0349701371418,6.7875276,95.03239,18.314585,53,424.08802092781474,7.1836553,59.03513,18.179256,1,0,0,3,0,1.1382405,0.1353283,0.059202194,0.0761261,1e+20,1e+20,0,1e+20,1e+20,1e+20,318.5223960615228,-27.627467920674867,277.28455236103076,-53.185093274980325,6365743515289965824,0.0,0.0,0.0,0.0,0.0,0.0,0.0,0.0,0.0,0.0,0.0,0.0,0.0,0.0,0.0,0.0,0.0,0.0,0.0,0.0,0.0,0.0,0.0,0.0,0.0,0.0,0.0,0.0,0.0,0.0,0.0,0.0,0.0,0.0,0.0,0.0,0.0,0.0,0.0,0.0,0.0,0.0,0.0,0.0,0.0,0.0,0.0,0,0,0,0,0,0,0,0.0,0.0,0.0,0.0,0.0,0.0,0.0,0.0,0.0,0.0,0.0,0.0,0.0,0.0,0.0,0.0,0.0,0.0,0.0,0.0,0.0,0.0,6.365743515289966e+18,288.5141512574021,-76.15592237685249,7.576466520533056,0.1142239,18.255383,18.314585,18.179256,484733531,0.0,0.0,18.2469,18.3646,18.5287,18.6247,0.0,0.0,0.0088,0.0088,0.0116,0.0163,0,0,0,0,0,0,0,0,3,0,0,0,0,3,0,0.18493728,6.365743515289966e+18,484733531,0.0,0.0,0.0,0.0,0.0,0.0,0.0,0.0,0.0,0.0,0.0,0.0,0.0,0.0,0.0,0.0,0.0,32.835794083364384,7.479334050263667,0.09591370259562555,10082.015236206213,295.33448164356923,276.5543862030445,8.287132886251577,0.05199429235051767,0.05370526192016278,0.7802343515000871,0.03461068534319667,0.03541510582422147,0.9425823614730531,0.015070058111286255,0.015187759168065251,1.9930743071622044,0.18508387884062394,3.1884189919790757,0.1893855926428949,0.05942426101369935,0.38333875763643593,0.07159850668418997,0.0613053786262006,1.325921119109489,0.07319162648796067,0,0.18633829595818607,3.399519098821376,0.15298271884280723,0.03556496266276485,0.31720439347689533,0.057581264513573704,0.038626069184961115,1.2597867549499484,0.05955056718058437,0,DZ,18.4227,18.2566,18.358,18.4869,18.6423,1.0141741925738771e-31,1.6018589625459088e-32,1.716801700547908e-32,1.9120482243708527e-32,2.8874979008809193e-32,0.05,0.0,0.02,0.0,0.0,0.78,9386,8.079,0.627,413,0.056,0.048,-0.0433,0.014,"H/He=0, logCa/He=-9.5",0.0,-2.9986,2759.0926,,,,,,,,9836.493523071182,295.15733004607864,275.67645678222107,8.19923071553973,0.05026529370580235,0.05215720556469705,0.7043532616940236,0.032188041172238835,0.03467042570022483,0.9096597760836609,0.011430626576717007,0.011233336233263058,3.2452378531286445,9434.074911905627,331.4206626206251,284.06122856757065,8.074830269687581,0.07176465598738169,0.0663992657817829,0.6243677768920384,0.04570126050326517,0.04084245183935675,0.8481036583675473,0.015159015769371953,0.0148489262677296,0.2631452455315877,2.9629560076543116,0.2157216859233344,0.08798906039125651,0.4750961765853173,0.14832877424303328,0.08872842820918521,1.384755952668978,0.14875353142487163,00,0.8739341540625819,1.8365450696904986,0.7742133007498999,0.8982229979893568,1.5851439065345092,11.480649238308594,0.898350905757925,2.4332475649020564,11.480658841011127,01
WDWD eDR3 6633233941046867200A,6633233941046867200,1.0,1636042515805110273,6633233941046867200,1131118047,2016.0,282.7551591487042,0.29219314,-59.124159714100976,0.32482475,11.282537284586242,0.53723645,21.001064,137.23682,-5.749920170254775,0.3979613,-137.11630179266672,0.3411624,-0.044826295,0.21644443,-0.15210493,0.0071853804,-0.4634948,0.19580188,0.003437498,-0.53025705,0.09162165,-0.18018681,397,0,394,3,-1.0061718,376.1631,0.0,2.0405598e-15,95,false,1e+20,1.5176246,0.09651917,-0.073481895,0.040507082,0.018899823,-0.051572666,-0.24928994,45,19,0.62393445,47,11,0,0.014494151,108.29954,0,0,0.9632503,0.17829323,0.094312474,0.16957004,0.6011416,130.03482,-53.645615,10.453073,37.82367,false,412,195.66541316179007,0.81557614,239.91066,19.958582,41,89.73474271240515,5.988628,14.984191,20.45614,41,123.35243882682201,5.105288,24.1617,19.520025,0,1,0,0,0,1.0890386,0.93611526,0.4975586,0.43855667,1e+20,1e+20,0,1e+20,1e+20,1e+20,336.811230286516,-22.98753172184159,278.05494147660755,-36.04102227373281,6633233941046867200,0.0,0.0,0.0,0.0,0.0,0.0,0.0,0.0,0.0,0.0,0.0,0.0,0.0,0.0,0.0,0.0,0.0,0.0,0.0,0.0,0.0,0.0,0.0,0.0,0.0,0.0,0.0,0.0,0.0,0.0,0.0,0.0,0.0,0.0,0.0,0.0,0.0,0.0,0.0,0.0,0.0,0.0,0.0,0.0,0.0,0.0,0.0,0,0,0,0,0,0,0,0.0,0.0,0.0,0.0,0.0,0.0,0.0,0.0,0.0,0.0,0.0,0.0,0.0,0.0,0.0,0.0,0.0,0.0,0.0,0.0,0.0,0.0,0.0,0.0,0.0,0.0,0.0,0.0,0.0,0.0,0,0.0,0.0,0.0,0.0,0.0,0.0,0.0,0.0,0.0,0.0,0.0,0.0,0,0,0,0,0,0,0,0,0,0,0,0,0,0,0,0.0,0.0,0,0.0,0.0,0.0,0.0,0.0,0.0,0.0,0.0,0.0,0.0,0.0,0.0,0.0,0.0,0.0,0.0,0.0,73.7184641075994,10.587724052064127,0.3802005419871337,5502.026839663278,381.22930878444186,328.813759850872,8.479969718817948,0.1637695036775071,0.17735923839858891,0.8977302895514526,0.10670277207829815,0.1206931459739955,7.3431394095735225,0.6865982896693446,0.9697014525415426,1.2675861656939007,0.741997090134145,3.988133547209838,1.1279733268597703,0.09623998335202652,0.204862232986192,0.1597396448389061,0.6933104252587491,7.548001642559715,0.9827704010573566,0,0.6940324743633361,4.142438972885734,1.5472587400266153,0.10127750632456749,0.18559797430659888,0.1202160995174491,0.6940276252889304,7.528737383880121,0.9771247707659277,0,DZ,-999.0,20.4868,19.8836,19.6756,20.0429,-999.0,9.847811405849187e-33,1.3631787828269769e-32,1.9428037919987086e-32,2.9165016997170213e-32,0.68,0.0,0.0,0.0,0.0,0.91,5421,8.612,0.972,97,0.057,0.047,0.0,0.0,"H/He=0, logCa/He=-9.5",0.0,-4.2946,3951.5347,,,,,,,,5397.009882361912,337.91416668548845,276.35898755444487,8.41910144230576,0.15885103695926972,0.15068666328057212,0.8433067536739038,0.10514900249269543,0.1019957055360512,6.784352211793502,0.24019513983317342,0.6086441408660699,1.6328759307145515,3739.353867532317,635.7687775638115,517.1283650768723,7.97242312330874,0.3871989628760346,0.5328253319284286,0.5506469244917752,0.2527986145598763,0.2616044335636447,7.81728384593236,0.804514640805845,2.1795386068397624,0.5013374182181489,3.6754406996825355,1.1640414989249401,0.13203793074609751,0.25641069809039185,0.13246599997281408,0.274094363961007,7.0407629098838935,0.6228923914765647,00,2.1963389622925815,0.7191739747330603,2.8198218839927742,35.224991695808264,35.50976769163351,nan,35.2341777792108,43.32705153756587,nan,11
WDWD eDR3 6650228409380791040A,6650228409380791040,1.0,1636042515805110273,6650228409380791040,1449542906,2016.0,282.27362086778066,0.045874327,-54.90698426852858,0.046850998,16.478341104393778,0.07191338,229.14154,90.60276,-87.4920158378343,0.053108163,-23.537369464819218,0.041930545,-0.19396342,0.2458315,-0.19358298,0.39315712,-0.4856605,0.53175867,-0.10809009,-0.50246114,0.12431025,-0.16739668,391,0,390,1,-0.38957998,391.1438,0.0,0.0,31,false,1.701519,1e+20,1e+20,1e+20,1e+20,1e+20,1e+20,1e+20,45,19,0.08753249,45,17,0,0.047617216,0.9862251,0,0,0.9851318,0.12201683,0.1271592,0.18172017,0.6748937,23.370583,25.624655,42.34665,40.691586,false,385,3345.1720842149475,2.479185,1349.3031,16.87632,44,2253.0572810421204,11.17429,201.62868,16.956612,44,1640.3713468835767,8.379825,195.75247,16.71054,0,0,0,0,0,1.1638949,0.24607086,0.08029175,0.16577911,1e+20,1e+20,0,1e+20,1e+20,1e+20,341.1185861707434,-21.58389832714413,278.26950470218276,-31.81948443424028,6650228409380791040,0.0,0.0,0.0,0.0,0.0,0.0,0.0,0.0,0.0,0.0,0.0,0.0,0.0,0.0,0.0,0.0,0.0,0.0,0.0,0.0,0.0,0.0,0.0,0.0,0.0,0.0,0.0,0.0,0.0,0.0,0.0,0.0,0.0,0.0,0.0,0.0,0.0,0.0,0.0,0.0,0.0,0.0,0.0,0.0,0.0,0.0,0.0,0,0,0,0,0,0,0,0.0,0.0,0.0,0.0,0.0,0.0,0.0,0.0,0.0,0.0,0.0,0.0,0.0,0.0,0.0,0.0,0.0,0.0,0.0,0.0,0.0,0.0,6.650228409380791e+18,282.27362086778066,-54.90698426852858,16.478341104393778,0.07191338,16.87632,16.956612,16.71054,478583830,17.2351,17.0222,16.9008,16.9777,17.064,17.2946,0.0563,0.0281,0.0134,0.0163,0.0124,0.0514,0,0,0,0,0,0,0,0,0,0,0,0,0,0,0,0.13576858,6.650228409380791e+18,478583830,0.0,0.0,0.0,0.0,0.0,0.0,0.0,0.0,0.0,0.0,0.0,0.0,0.0,0.0,0.0,0.0,0.0,3.663736985029512,16.45679777310015,0.06749241815490106,9288.770560410883,111.46524672493061,111.46524672493061,8.325588862402796,0.038,0.038,0.8040362881980504,0.01593779208162095,0.015657510800338694,1.250788181414367,0.020263959963702574,0.020121601923203874,5.344003578386578,0.0852288346610739,3.315702075925403,0.0837300042798863,0.025873798509162486,0.3431050820138148,0.02633695906451881,0.03286459375533615,1.593893263428182,0.03314384221423373,0,0.07117955620224237,3.5063445476870045,0.06223175993775332,0.014452432566395461,0.2923587939248851,0.016530429754000663,0.024889774617234864,1.5431469753392522,0.026041005583652722,0,DQ,17.2703,16.9399,16.9352,17.019,17.1532,1.1737627305587856e-31,3.211660683394235e-32,3.487780919475782e-32,3.080814334177857e-32,4.556028615904769e-32,0.01,0.0,0.75,0.0,0.78,0.01,7980,7.928,0.534,249,0.056,0.045,-0.0521,-0.0093,H/He=0,-5.468,-3.1989,2943.38,,,,,,,,8964.351445652288,89.91305654156349,93.28821652585066,8.238523657060252,0.01989557786073881,0.020733832499370664,0.7275126249639805,0.013022149415841788,0.013333895833815834,1.2264066827078233,0.007861262219100773,0.009061213933861723,8.722584035954862,8542.219607831026,90.07624189839953,92.98577093632412,8.086336944964359,0.02499652928201357,0.025043157056428456,0.6299290540064486,0.016030464157725688,0.015684089162700587,1.1122156435197854,0.010423211481223493,0.009844726764991707,0.08026086691976486,3.117869122894773,0.07043790720452092,0.027248450818053067,0.4106305201867056,0.03104839952906996,0.028359786946684173,1.6370372028945288,0.032343603869574605,00,0.5754277971423172,2.021239445590547,0.28299371777315097,0.4113675692966864,1.3893666002568779,1.8658485377516842,0.41149959952185416,2.5015822437766633,1.8658745093052682,00
