source_id,ref_epoch,ra,ra_error,dec,dec_error,parallax,parallax_error,parallax_over_error,pm,pmra,pmra_error,pmdec,pmdec_error,astrometric_params_solved,ruwe,duplicated_source,phot_g_n_obs,phot_g_mean_flux,phot_g_mean_flux_error,phot_g_mean_flux_over_error,phot_g_mean_mag,phot_bp_n_obs,phot_bp_mean_flux,phot_bp_mean_flux_error,phot_bp_mean_flux_over_error,phot_bp_mean_mag,phot_rp_n_obs,phot_rp_mean_flux,phot_rp_mean_flux_error,phot_rp_mean_flux_over_error,phot_rp_mean_mag,phot_bp_n_contaminated_transits,phot_bp_n_blended_transits,phot_rp_n_contaminated_transits,phot_rp_n_blended_transits,phot_proc_mode,phot_bp_rp_excess_factor,bp_rp,bp_g,g_rp,l,b,ecl_lon,ecl_lat,pairdistance,sep_AU,Sigma18,R_chance_align,meanAV,minAV,maxAV,flag_ext,objid,u,g,r,i,z,err_u,err_g,err_r,err_i,err_z,flags_,flags_u,flags_g,flags_r,flags_i,flags_z,angular_distance_,source_id_xmatch_,original_ext_source_id_xmatch_,obj_id,g_mean_psf_mag,r_mean_psf_mag,i_mean_psf_mag,z_mean_psf_mag,y_mean_psf_mag,g_mean_psf_mag_error,r_mean_psf_mag_error,i_mean_psf_mag_error,z_mean_psf_mag_error,y_mean_psf_mag_error,g_flags_,r_flags_,i_flags_,z_flags_,y_flags,obj_info_flag,quality_flag,angular_distance_pstarr,source_id_xmatch_pstarr,original_ext_source_id_xmatch_pstarr,object_id,u_psf,v_psf,g_psf,r_psf,i_psf,z_psf,e_u_psf,e_v_psf,e_g_psf,e_r_psf,e_i_psf,e_z_psf,u_flags,v_flags,g_flags_smap,r_flags_smap,i_flags_smap,z_flags_smap,u_nimaflags,v_nimaflags,g_nimaflags,r_nimaflags,i_nimaflags,z_nimaflags,flags_smap,nimaflags,flags_psf,angular_distance,source_id_xmatch,original_ext_source_id_xmatch,wtd_par,e_wtd_par,ra_ext,dec_ext,ext,ext_min,ext_max,teff_H,logg_H,Teff_1,e_Teff_lower,e_Teff_upper,Logg_1,e_Logg_lower,e_Logg_upper,Mass,e_Mass_lower,e_Mass_upper,cool_age,e_cool_age_lower,e_cool_age_upper,Chi2,redone_fit,init_mass_error_lower,init_mass,init_mass_error_upper,mslife_error_lower,mslife,mslife_error_upper,tot_age_error_lower,tot_age,tot_age_error_upper,ifmr_flag,spectype,spec_source,model_used,ms_source_id,ms_bp_rp,ms_phot_g_mean_mag,star_id,sobject_id,dr2_source_id,dr3_source_id,survey_name,field_id,flag_repeat,wg4_field,wg4_pipeline,flag_sp,teff_2,e_teff,irfm_teff,irfm_ebv,irfm_ebv_ref,logg_2,e_logg,fe_h,e_fe_h,flag_fe_h,fe_h_atmo,vmic,vbroad,e_vbroad,chi2_sp,alpha_fe,e_alpha_fe,nr_alpha_fe,flag_alpha_fe,flux_A_Fe,chi_A_Fe,Li_fe,e_Li_fe,nr_Li_fe,flag_Li_fe,C_fe,e_C_fe,nr_C_fe,flag_C_fe,O_fe,e_O_fe,nr_O_fe,flag_O_fe,Na_fe,e_Na_fe,nr_Na_fe,flag_Na_fe,Mg_fe,e_Mg_fe,nr_Mg_fe,flag_Mg_fe,Al_fe,e_Al_fe,nr_Al_fe,flag_Al_fe,Si_fe,e_Si_fe,nr_Si_fe,flag_Si_fe,K_fe,e_K_fe,nr_K_fe,flag_K_fe,Ca_fe,e_Ca_fe,nr_Ca_fe,flag_Ca_fe,Sc_fe,e_Sc_fe,nr_Sc_fe,flag_Sc_fe,Sc2_fe,e_Sc2_fe,nr_Sc2_fe,flag_Sc2_fe,Ti_fe,e_Ti_fe,nr_Ti_fe,flag_Ti_fe,Ti2_fe,e_Ti2_fe,nr_Ti2_fe,flag_Ti2_fe,V_fe,e_V_fe,nr_V_fe,flag_V_fe,Cr_fe,e_Cr_fe,nr_Cr_fe,flag_Cr_fe,Cr2_fe,e_Cr2_fe,nr_Cr2_fe,flag_Cr2_fe,Mn_fe,e_Mn_fe,nr_Mn_fe,flag_Mn_fe,Co_fe,e_Co_fe,nr_Co_fe,flag_Co_fe,Ni_fe,e_Ni_fe,nr_Ni_fe,flag_Ni_fe,Cu_fe,e_Cu_fe,nr_Cu_fe,flag_Cu_fe,Zn_fe,e_Zn_fe,nr_Zn_fe,flag_Zn_fe,Rb_fe,e_Rb_fe,nr_Rb_fe,flag_Rb_fe,Sr_fe,e_Sr_fe,nr_Sr_fe,flag_Sr_fe,Y_fe,e_Y_fe,nr_Y_fe,flag_Y_fe,Zr_fe,e_Zr_fe,nr_Zr_fe,flag_Zr_fe,Mo_fe,e_Mo_fe,nr_Mo_fe,flag_Mo_fe,Ru_fe,e_Ru_fe,nr_Ru_fe,flag_Ru_fe,Ba_fe,e_Ba_fe,nr_Ba_fe,flag_Ba_fe,La_fe,e_La_fe,nr_La_fe,flag_La_fe,Ce_fe,e_Ce_fe,nr_Ce_fe,flag_Ce_fe,Nd_fe,e_Nd_fe,nr_Nd_fe,flag_Nd_fe,Sm_fe,e_Sm_fe,nr_Sm_fe,flag_Sm_fe,Eu_fe,e_Eu_fe,nr_Eu_fe,flag_Eu_fe,ra_dr2,dec_dr2,parallax_dr2,parallax_error_dr2,r_est_dr2,r_lo_dr2,r_hi_dr2,r_len_dr2,rv_galah,e_rv_galah,rv_gaia_dr2,e_rv_gaia_dr2,red_flag,ebv,snr_c1_iraf,snr_c2_iraf,snr_c3_iraf,snr_c4_iraf,flag_guess,v_jk,j_m,j_msigcom,h_m,h_msigcom,ks_m,ks_msigcom,ph_qual_tmass,w2mpro,w2mpro_error,ph_qual_wise,a_ks,e_a_ks,bc_ks,ruwe_dr2
2442099751463686528,2016.0,358.3662835722108,0.0604249015450477,-8.077412378817405,0.0491036735475063,8.575318961843818,0.0697258859872818,122.98615264892578,136.84249877929688,132.61896906770465,0.0712048336863517,33.73541767258611,0.0515796169638633,31.0,1.0365644693374634,false,216.0,6281.709580384067,6.301405429840088,996.8743896484376,16.19217300415039,25.0,4820.6503155431965,11.627570152282717,414.58795166015625,16.13077735900879,25.0,2276.1026654483408,15.661460876464844,145.33143615722656,16.354915618896484,0.0,3.0,0.0,3.0,0.0,1.1297487020492554,-0.2241382598876953,-0.0613956451416015,-0.1627426147460937,84.47984741643187,-66.51846627522899,355.2756576299004,-6.758707009990877,0.0065816829559056,2789.658839474533,411.8929927218251,6.429030988338391E-7,0.0199999995529651,0.0199999995529651,0.0199999995529651,0.0,1.2376802629258445E18,16.11049,15.99904,16.36918,16.63733,16.92671,0.006237786,0.003471038,0.004013356,0.005093325,0.01146045,3.5253360398352E13,2.68599312E8,2.68865552E8,4.503599896231952E15,2.68865552E8,2.68865552E8,0.1269656,2.4420997514636867E18,1.2376802629258445E18,9.830358366056744E16,16.0662994384766,16.3743991851807,16.6679992675781,16.9062995910645,17.0545997619629,0.0042949998751282,0.0017879999941214,0.0038660001009702,0.0104329995810986,0.0084629999473691,115000.0,115000.0,115000.0,115000.0,115000.0,1.3760512E9,164.0,0.025429495,2.442099751463686E18,9.830358366056744E16,8265665,16.1637,16.2254,16.0541,16.3405,16.704,17.0037,0.0068,0.0137,0.0082,0.0167,0.0051,0.006,0.0,0.0,2.0,0.0,0.0,0.0,0.0,0.0,0.0,0.0,0.0,0.0,2.0,0.0,0.0,0.14244623,2.4420997514636867E18,8265665,8.465139388828145,0.0159219912070823,358.3662835722108,-8.077412378817405,0.03153,0.0313,0.03176,17422.12,7.861609,17910.070981179484,250.35288098013189,258.52452247250767,7.886009524368449,0.038,0.038,0.5566181660922884,0.0226197364963333,0.0184093669226165,0.0827203336999461,0.0018228509123303,0.0021135790946648,3.2917390586144952,0,0.196522471731827,0.7710527028000735,0.1599423711782494,13.447620084623829,28.13783763891848,41.26033670352862,13.447620208169312,28.220557972618423,41.26033675766313,11,DA,MWDD,H,2442099854542901504,0.9881468,10.8777275,23532863-0804195,161105003601005,2442099854542901504,2442099854542901504,k2_hermes,6757,0,10k_28,lbol,0,5255.5576,75.333636459488,5303.0,0.0,bay,4.5187287,0.17860310911050922,0.012007713,0.0479570450394006,0,0.014696926,1.0608892,5.5174766,2.1228425384429737,2.410857,-0.017685178313029026,0.01999520751269246,62.0,0,0.7489971,5.485969,,,,32,,,,32,0.03993843078613324,0.07646448325908643,1,0,-0.03157716751098594,0.027554312208423463,1,0,0.0527929306030277,0.036502530519436374,1,0,0.06194671630859361,0.03706795452405673,1,0,0.005885391235351811,0.03239471804944985,1,0,-0.07090837478637724,0.047039127260345454,1,0,-0.04566543579101534,0.041729597458593,1,0,-0.03688922882080092,0.027404852087531066,1,0,,,0,0,-0.0242482130335456,0.03204165275394253,7,0,0.015118359973044117,0.030264449469000223,11,0,-0.025028457641601776,0.08038495139892371,1,0,-0.05834758758544911,0.03796308749737415,1,0,,,0,0,0.06053249359130852,0.036027506252826275,1,0,-0.06677108764648398,0.08091479666009295,8,0,-0.025104532939309733,0.03977380011052571,3,0,0.022853761980329703,0.030410887380023028,3,0,-0.05870182689414733,0.04428232427265661,3,0,,,,32,,,,32,-0.018141612717619843,0.06684751012882544,3,0,0.09535679399945417,0.06081059824629901,3,0,,,,32,,,2,32,-0.12677757263183587,0.04639644142202786,1,0,0.3697276306152344,0.08900874853134155,2,0,0.24669586181640613,0.08622943460098685,1,0,,,,32,,,,32,,,,32,358.3699408800242,-8.071933213725565,8.465447886641664,0.05291829334954174,117.731829262738,116.99734543925,118.475426854672,425.422273102806,33.141998291015625,0.07999999821186066,34.329075,0.36413592,0,0.0378883,68.9026453234,84.0216699699,130.154097443,112.252461079,0,11.236668,9.695,0.027,9.262,0.024,9.168,0.021,AAA,9.16,0.02,AAAU,0.020196077041625845,0.028679237109263078,1.766545,1.0598753643051018
2551122445390293632,2016.0,10.7047448481384,0.6791292428970337,3.783249052752287,0.4512026309967041,5.023043100945151,0.8324447870254517,6.034085750579834,49.25510025024414,42.3253772940445,1.06745707988739,-25.191808394965324,1.0482665300369265,95.0,0.9818032383918762,false,320.0,126.46048603454992,0.7357564568519592,171.87818908691406,20.43247985839844,26.0,72.1484988738218,8.58477783203125,8.40423583984375,20.69297409057617,30.0,79.00105736619226,7.364839553833008,10.72678565979004,20.003812789916992,0.0,0.0,0.0,0.0,0.0,1.195231556892395,0.6891613006591797,0.2604942321777344,0.4286670684814453,118.752423875296,-59.018539740402296,11.321411517456689,-0.7556326537883967,0.0024081349564488,1909.4143861145087,409.028203746171,0.0029255659055885,0.0299999993294477,0.0299999993294477,0.0399999991059303,0.0,1.2376784332564726E18,21.4854,20.77723,22.84333,22.41083,20.28879,0.1304794,0.03459332,0.2168433,0.2086419,0.1283143,7.209284739937486E16,2.75146342416E11,2.68599312E8,8.556839318991669E16,8.106479356255029E16,4.02685968E8,0.04872811,2.551122445390293E18,1.2376784332564726E18,1.1254010704654045E17,20.6224002838135,20.2929000854492,20.1396007537842,0.0,19.4444999694824,0.02339500002563,0.0362089984118938,0.088808000087738,0.0,0.24023899435997,1.6892216E7,1.6892216E7,1.6892216E7,114720.0,20528.0,4.44915712E8,53.0,0.19327131,2.551122445390293E18,1.1254010704654045E17,0,0.0,0.0,0.0,0.0,0.0,0.0,0.0,0.0,0.0,0.0,0.0,0.0,0.0,0.0,0.0,0.0,0.0,0.0,0.0,0.0,0.0,0.0,0.0,0.0,0.0,0.0,0.0,0.0,0.0,0,4.497223335337675,0.0169851745836121,10.7047448481384,3.783249052752287,0.05376,0.04677,0.06352,6276.899,8.053364,6237.108486196352,149.22381960697294,162.72046877463163,7.792853351938033,0.0866930151238269,0.0866770248410837,0.4728083571114342,0.0442735501771723,0.047242883938703,1.579486748294977,0.0690052293071392,0.0838524583515478,3.540670898741414,0,0.3846529120518883,0.0429049271193254,0.4104507727081062,,,,,,,11,0.0,0.0,H,2551122441095090432,1.3760214,13.303992,00424965+0346582,151008003101034,2551122441095090432,2551122441095090432,k2_hermes,6697,0,10k_9,lbol,0,4591.832,148.3423866468073,4656.0,0.03,bay,4.5790906,0.20694085198651122,0.25983715,0.15078641193273207,0,0.25748,0.95469314,4.35429,2.961716150137276,0.26670042,0.05331242744255632,0.09961130154457132,6.0,0,0.5705668,0.7200771,-0.6203480243682862,0.14121805043726046,1,1,,,,32,1.2827582168579106,0.24308645256071662,1,1,0.01609987258911172,0.14217847287461052,1,0,,,,32,0.12560113906860337,0.1359512321087776,1,0,0.0539949226379397,0.1357514814357164,1,0,0.060285739898681356,0.1961970548721035,1,0,0.0525162887573245,0.14661862492361785,1,0,0.027722206115722514,0.12600790164533168,1,0,,,0,0,0.09184044648843853,0.17611440009537518,48,0,,,,32,,,,32,0.07168828964233409,0.18224929412128643,1,0,,,0,0,,,,32,,,,32,-0.021663775862400966,0.16633870745111476,3,0,0.07489166438767825,0.1281780314131262,3,0,,,2,32,,,,32,0.1253575801849367,0.16397470363650526,1,1,,,2,32,,,16,32,,,2,32,,,2,32,-0.1758708190917968,0.20865723777630174,1,0,,,,32,,,,32,,,,32,,,2,32,,,1,32,10.707093777041834,3.782725321768589,4.504868847653592,0.02955688128009111,220.57525077698,219.13568175179,222.033517093861,364.089486973571,4.668000221252441,0.10700000077486038,,,0,0.0240029,3.83708790345,11.6322994088,20.7191990046,10.8243839384,0,13.616665,11.656,0.021,11.132,0.029,10.975,0.021,AAA,11.007,0.022,AABU,0.04130997198486358,0.03341570366974804,2.182198,1.0365053204264036
2596885008397062016,2016.0,340.22222447399866,0.2612250745296478,-14.633502066623404,0.2342355400323867,3.261813122716071,0.3076601922512054,10.601999282836914,57.282752990722656,-33.833288200178266,0.3312823474407196,-46.22361380384538,0.28693488240242,31.0,1.0215413570404053,false,216.0,387.0064941240334,1.2680236101150513,305.2044982910156,19.21807098388672,22.0,281.9595633303753,11.01837158203125,25.589948654174805,19.213075637817383,24.0,147.40779326822863,9.391647338867188,15.695627212524414,19.326595306396484,0.0,1.0,0.0,1.0,0.0,1.1094577312469482,-0.1135196685791015,-0.0049953460693359,-0.1085243225097656,48.6327960521564,-57.17676871180782,336.2368825407192,-5.828864067171617,0.0065263179092472,7376.334033282189,480.0113083651564,6.985204972831234E-5,0.1199999973177909,0.1099999994039535,0.1299999952316284,0.0,0.0,0.0,0.0,0.0,0.0,0.0,0.0,0.0,0.0,0.0,0.0,0.0,0.0,0.0,0.0,0.0,0.0,0.0,0.0,0.0,9.044340222230024E16,19.1550998687744,19.2964992523193,19.4874992370605,19.7021999359131,19.7735004425049,0.0095800003036856,0.0049499999731779,0.0083769997581839,0.0236189998686314,0.129883006215096,115000.0,115000.0,115000.0,115000.0,115000.0,4.36527104E8,52.0,0.12332636,2.596885008397062E18,9.044340222230024E16,0,0.0,0.0,0.0,0.0,0.0,0.0,0.0,0.0,0.0,0.0,0.0,0.0,0.0,0.0,0.0,0.0,0.0,0.0,0.0,0.0,0.0,0.0,0.0,0.0,0.0,0.0,0.0,0.0,0.0,0,3.1417404596743843,0.0160378601882992,340.22222447399866,-14.633502066623404,0.08451,0.07942,0.08984,15686.0,8.286052,12047.98627603659,521.6689057070544,600.3474054537928,7.947978751346311,0.0581622824566663,0.0535736435173772,0.5754972827167242,0.0333957648032938,0.0324897586834883,0.3610350680218587,0.0211605985982057,0.0171758308465009,1.953960228310488,0,0.2901456542423445,0.9350763050975168,0.3604229258764003,9.78334117175104,14.464970185400494,36.013057491573456,9.783364056080712,14.826005253422354,36.013061587437136,11,0.0,0.0,H,2596884630439726208,1.0317993,13.425833,22405497-1438023,150827003401283,2596884630439726208,2596884630439726208,k2_hermes,6571,0,10k_26,lbol,0,5198.823,138.5890233187029,5117.0,0.02,bay,4.573373,0.1954994338650906,-0.32956457,0.11886744719388109,0,-0.3113733,1.0518117,6.477046,2.634636127904341,0.49296123,0.09551130698825612,0.06699717453942673,159.0,0,0.7296374,0.6083364,0.5892616033554077,0.12532301772563637,1,1,,,,32,0.37530038833618207,0.20666206413290297,1,0,-0.0783386802673336,0.10858858351173054,1,0,0.3165415763854984,0.17846745914554066,1,0,0.06227334976196275,0.11436479241433219,1,0,0.07501724243164087,0.10763226907353185,1,0,-0.0016315650939944248,0.15725747788821412,1,0,0.06966478347778349,0.12298248442469277,1,0,0.09509691238403306,0.101469258361865,1,0,,,0,0,0.006640465896142688,0.16022834483141912,19,0,0.3276155462696166,0.14677952354346316,12,0,0.0928108787536619,0.29403820406139786,2,0,0.07784282684326183,0.14506763070951975,1,0,,,0,0,0.07697002410888665,0.17498730074165939,1,0,0.20044797897338906,0.22588754771091815,8,0,0.056255682246697254,0.12227871407450797,3,0,0.0660838540328652,0.10290080836533456,3,0,-0.1400189672799003,0.20217133152415656,3,0,,,,32,,,1,32,-0.006409015655517436,0.3429496683509818,2,0,,,16,32,,,2,32,,,2,32,-0.06905691146850579,0.1664423932403018,1,0,,,4,32,0.7146981811523436,0.1829319553836212,1,1,,,,32,,,2,32,,,1,32,340.2289342785431,-14.634206215134297,3.176727801363635,0.025985808617824947,311.970922154112,309.443067849167,314.539667364815,545.541950442561,11.401000022888184,0.10300000011920929,,,0,0.0,14.3620228388,18.9294000547,23.2935684921,39.7266057626,0,13.798031,12.108,0.022,11.674,0.022,11.523,0.021,AAA,11.615,0.021,AABC,0.0,0.027919879851504546,1.7920659,1.1355301591857692
2603202772145583872,2016.0,343.27940169149747,0.160092145204544,-13.49538097553556,0.1176074966788292,18.717641650802506,0.172259584069252,108.65950775146484,21.184600830078125,13.594398939713232,0.1617496758699417,16.247449372652735,0.1378069370985031,31.0,1.023546814918518,false,167.0,1107.304843920071,1.7128679752349854,646.4624633789062,18.076698303222656,18.0,580.139962000872,22.101537704467773,26.24884986877441,18.4297103881836,18.0,759.17388715513,11.471687316894531,66.17804718017578,17.547042846679688,0.0,1.0,0.0,2.0,0.0,1.2095258235931396,0.8826675415039062,0.3530120849609375,0.5296554565429688,53.268637337891946,-59.20824399686209,339.4291124465584,-5.902023032192762,0.0032191992064686,628.8947613664411,473.9634205276643,3.13123228684229E-6,0.0099999997764825,0.0099999997764825,0.0099999997764825,0.0,0.0,0.0,0.0,0.0,0.0,0.0,0.0,0.0,0.0,0.0,0.0,0.0,0.0,0.0,0.0,0.0,0.0,0.0,0.0,0.0,9.180343279324592E16,18.4629993438721,18.0146007537842,17.8449993133545,17.8113994598389,17.665599822998,0.0124679999426007,0.0051810001023113,0.0075869997963309,0.008925000205636,0.030375000089407,115000.0,115000.0,115000.0,115000.0,1.6892216E7,4.36527104E8,52.0,0.047594387,2.603202772145584E18,9.180343279324592E16,6197322,0.0,0.0,18.3367,17.9755,17.9168,17.0,0.0,0.0,0.0175,0.0356,0.0343,0.0,0.0,0.0,0.0,0.0,0.0,1.0,0.0,0.0,0.0,0.0,0.0,0.0,1.0,0.0,0.0,0.17330334,2.603202772145584E18,6197322,18.407858083452933,0.0188196819965027,343.27940169149747,-13.49538097553556,0.01901,0.01891,0.01911,5607.995,8.084928,5674.637657759913,68.77387122774962,69.6689844889388,8.07112647577763,0.038,0.038,0.6292505468188945,0.0267177107543443,0.0232046802453405,3.3287072196915046,0.2004137668149659,0.2090159941619713,3.6153476497313775,1,0.7847759899543465,2.008697723084925,0.4098584676677359,0.5040062613699874,1.3585452701282943,4.304101925680883,0.5423909931305235,4.687252489819799,4.3091740591980505,0,DA:,GaiaXP,H,2603202772145583488,1.9245882,11.754985,22530772-1329376,151110001601384,2603202772145583488,2603202772145583488,k2_hermes,6567,0,10k_1,lbol,256,4070.653,87.79233034781994,,,,4.672095,0.18567187565565454,-0.59466743,0.07189613881571594,16,-0.6781491,0.8713045,6.907762,2.2316066133060137,5.1308436,,,,32,0.675594,6.7053175,,,,32,,,,32,,,,32,,,,32,,,,32,,,,32,,,,32,,,,32,,,,32,,,,32,,,0,0,,,,32,,,,32,,,,32,,,,32,,,0,0,,,,32,,,,32,,,,32,,,,32,,,,32,,,,32,,,,32,,,,32,,,,32,,,,32,,,,32,,,,32,,,,32,,,,32,,,,32,,,,32,,,,32,343.28222167143144,-13.493699509458882,18.43537197895472,0.04524068759122552,54.158970316612,54.0255975717518,54.2929914516594,513.705355360404,6.942351378326421,0.4329071010939033,6.827446,0.71081764,0,0.0,33.4229440492,42.193617345,66.8290258081,87.0018331497,0,12.109673,9.578,0.024,8.928,0.023,8.728,0.023,AAA,8.645,0.02,AAAC,0.0,0.0,2.4467072,0.9118169019870805
2603365323772560768,2016.0,342.55586764652566,0.824330747127533,-13.680475208313537,0.57521653175354,4.813938034929127,0.7326443791389465,6.570633888244629,38.0502815246582,-0.7642393873488449,1.265097975730896,-38.042607319063805,0.7977558374404907,31.0,0.9953684210777284,false,173.0,128.94869925776163,1.0673357248306274,120.81362915039062,20.41132354736328,21.0,77.34363053007465,9.67578125,7.993528366088867,20.617481231689453,19.0,64.24708579460268,7.434027194976807,8.642298698425293,20.22826194763184,0.0,1.0,0.0,0.0,0.0,1.098039150238037,0.3892192840576172,0.2061576843261718,0.1830615997314453,52.26663670748604,-58.69655700736149,338.70470598641697,-5.804255694501816,0.0042891021901589,2636.178028974221,473.00849086911296,0.0021411687740264,0.0399999991059303,0.0199999995529651,0.0900000035762786,0.0,0.0,0.0,0.0,0.0,0.0,0.0,0.0,0.0,0.0,0.0,0.0,0.0,0.0,0.0,0.0,0.0,0.0,0.0,0.0,0.0,9.158342555876387E16,20.5471992492676,20.3868999481201,20.3341007232666,20.3229007720947,0.0,0.0228790007531643,0.0195429995656013,0.0108599998056889,0.0307940002530813,0.0,115000.0,115000.0,115000.0,115000.0,114720.0,4.36527104E8,52.0,0.09946104,2.603365323772561E18,9.158342555876387E16,6167153,0.0,0.0,20.6044,0.0,0.0,0.0,0.0,0.0,0.0344,0.0,0.0,0.0,0.0,0.0,0.0,0.0,0.0,0.0,0.0,0.0,0.0,0.0,0.0,0.0,0.0,0.0,0.0,0.15336442,2.603365323772561E18,6167153,5.803892629594668,0.0696066391959204,342.55586764652566,-13.680475208313537,0.06064,0.05272,0.07057,8261.919,8.598997,6839.492745347756,173.71642764479657,190.4768110221985,8.42140696210937,0.0581560265034433,0.058080886668387,0.8626217104077152,0.0391050282798153,0.0389147599406526,3.914349541328776,0.0919012310992561,0.0655302250866949,2.847195662635865,0,0.1869902922345643,3.77076088892733,0.4351214594098644,0.0605392811450478,0.2384714103062918,0.0359062956137311,0.1100492655092165,4.152820951635068,0.0747226368954786,0,0.0,0.0,H,2603365328067859200,1.7652817,13.421327,22501404-1340365,151110002101174,2603365328067859200,2603365328067859200,k2_hermes,6567,0,10k_1,lbol,321,3984.3196,85.6993578854888,4070.0,0.026,bay,4.3725257,0.18703902526532554,-0.22203493,0.07754810494413919,16,-0.4190239,0.85749114,14.865854,2.235673674181261,1.5712657,,,,32,0.601361,3.8535006,,,,32,,,,32,,,,32,,,,32,,,,32,,,,32,,,,32,,,,32,,,,32,,,,32,,,0,0,,,,32,,,,32,,,,32,,,,32,,,0,0,,,,32,,,,32,,,,32,,,,32,,,,32,,,,32,,,,32,,,,32,,,,32,,,,32,,,,32,,,,32,,,,32,,,,32,,,,32,,,,32,,,,32,342.55849693734046,-13.677024352029324,5.5874580723337015,0.04576519544802989,178.067758689801,176.617378759314,179.541724850438,520.459073153772,13.064407915039062,0.5163384522090614,,,0,0.0488942,19.9942465291,43.8206236301,63.8112425598,80.494591322,0,13.6328,11.337,0.021,10.675,0.022,10.552,0.021,AAA,10.484,0.02,AAAU,0.10189817509460451,0.027294102053785345,2.48891,1.7091873121244692
2605271846869877632,2016.0,342.9813298391643,0.1180261224508285,-10.251491661923302,0.118245705962181,19.690422480614544,0.142349511384964,138.32447814941406,185.2177276611328,100.52402554150764,0.1546559780836105,-155.56517769739605,0.1416511386632919,31.0,1.0591984987258911,false,174.0,1467.5608535354268,1.941076636314392,756.0550537109375,17.770875930786133,18.0,814.7797019501552,19.14177131652832,42.56553268432617,18.060941696166992,18.0,958.3458923806908,13.546616554260254,70.74430084228516,17.294090270996094,0.0,0.0,0.0,1.0,0.0,1.2082126140594482,0.7668514251708984,0.2900657653808594,0.476785659790039,58.13216224096406,-57.19598502719664,340.401006684387,-2.7925276649324173,0.0021993531467949,396.7763200762672,488.2873654059349,4.273365881708346E-7,0.0099999997764825,0.0099999997764825,0.0099999997764825,0.0,1.2376525985008845E18,18.98013,18.18462,17.76161,17.56904,17.72643,0.02451557,0.007204257,0.006323657,0.006708528,0.02038396,3.5253393686544E13,2.75179929616E11,3.02022672E8,4.503599929393168E15,3.02022672E8,3.02022672E8,0.049211908,2.605271846869878E18,1.2376525985008845E18,9.569342981157891E16,18.0566005706787,17.7730007171631,17.6133995056152,17.5781002044678,17.4981002807617,0.0042719999328255,0.0026400000788271,0.0044399998150765,0.0285340007394552,0.0158990006893873,115000.0,115000.0,115000.0,115000.0,1.6892216E7,4.36527104E8,52.0,0.3879158,2.605271846869878E18,9.569342981157891E16,7126543,19.1007,18.6879,0.0,0.0,0.0,0.0,0.0227,0.0086,0.0,0.0,0.0,0.0,0.0,1.0,0.0,0.0,0.0,0.0,0.0,0.0,0.0,0.0,0.0,0.0,1.0,0.0,48.0,0.12893467,2.605271846869878E18,7126543,19.935184645969905,0.0229199923690804,342.9813298391643,-10.251491661923302,0.01919,0.01911,0.01927,5953.464,8.12987,6000.156676708365,72.00188012050039,72.00188012050039,8.152457334151066,0.038,0.038,0.6826018534366383,0.0276414723765758,0.0216176331702229,3.367396479831898,0.1941156017435901,0.204187442975249,6.943045612639636,0,0.34447185568356,2.8047111412087244,0.1570995317952244,0.080020290807567,0.5556998555847311,0.25922275286257,0.209962172262538,3.923096335416629,0.3299832533181338,0,DA,MWDD,H,2605271846870607360,2.1807756,12.605874,22515566-1015095,150901003001098,2605271846870607360,2605271846870607360,k2_hermes,6565,0,10k_0,lbol,260,3398.0598,188.80776416912346,,,,4.6677995,0.2583612575787092,,,17,-0.49833056,0.76368964,12.422023,3.0621557492323976,0.9270413,,,,32,0.7846141,0.4501041,,,,32,,,,32,,,,32,,,,32,,,,32,,,,32,,,,32,,,,32,,,,32,,,,32,,,0,0,,,,32,,,,32,,,,32,,,,32,,,0,0,,,,32,,,,32,,,,32,,,,32,,,,32,,,,32,,,,32,,,,32,,,,32,,,,32,,,,32,,,,32,,,,32,,,,32,,,,32,,,,32,,,,32,342.9824463033242,-10.253366969694275,19.960196539513927,0.050268616774085256,50.0276253659335,49.901184856379,50.1546968196143,516.311837794298,-22.616622535036086,1.2369906362908105,-25.480898,0.65823215,0,0.0,3.17855713135,7.33326660323,14.6780590689,20.5214901343,0,12.559903,10.176,0.023,9.624,0.027,9.366,0.023,AAA,9.148,0.02,AAAU,0.0,0.0,2.6279297,1.2487223204375824
2614882987246581888,2016.0,334.8891413160527,0.1873611807823181,-9.846679725248997,0.1556189507246017,6.135910713332989,0.2057983875274658,29.815155029296875,31.55531120300293,29.60543039849702,0.2793865799903869,-10.920448129634266,0.2108931839466095,31.0,0.8613033294677734,false,214.0,609.5431534813653,1.4967658519744873,407.2401428222656,18.72485542297364,22.0,398.3533851122775,17.50356101989746,22.758419036865234,18.837871551513672,22.0,309.3433284561009,10.0841064453125,30.67632484436035,18.52179336547852,0.0,1.0,0.0,2.0,0.0,1.1610280275344849,0.3160781860351562,0.113016128540039,0.2030620574951172,51.35902843058847,-50.28633356934217,333.1496462772844,0.5395940760426867,0.0023369005756919,1339.611211683772,557.6789205940013,8.021956606435976E-6,0.0199999995529651,0.0199999995529651,0.0199999995529651,0.0,1.237656536975278E18,18.90995,18.81182,18.82238,18.79525,19.65542,0.02548746,0.01260346,0.01515551,0.01797463,0.1148366,3.5253361446928E13,2.75146510352E11,2.68599312E8,4.503599895838736E15,2.69914128E8,2.68599312E8,0.050633237,2.614882987246582E18,1.237656536975278E18,9.618334889062435E16,18.7280006408691,18.7472991943359,18.8880004882813,18.9969997406006,18.99169921875,0.0054950001649558,0.0081820003688335,0.0084260003641247,0.0205620005726814,0.0622260011732578,115000.0,115000.0,115000.0,1.6892216E7,1.6892216E7,4.36527104E8,52.0,0.0760207,2.614882987246582E18,9.618334889062435E16,6838466,0.0,18.8798,0.0,0.0,0.0,0.0,0.0,0.0124,0.0,0.0,0.0,0.0,0.0,1.0,0.0,0.0,0.0,0.0,0.0,0.0,0.0,0.0,0.0,0.0,1.0,0.0,16.0,0.18279082,2.614882987246582E18,6838466,6.235653757212603,0.0189547753987164,334.8891413160527,-9.846679725248997,0.05537,0.05319,0.05777,8544.0,7.949601,8847.11567926516,150.60184428437788,162.84540781090254,7.970077817045187,0.0422353292228407,0.0428737679876256,0.5603372998123939,0.0246788411772598,0.025621732571507,0.8653279406252177,0.0134002164687185,0.0141129132404654,4.799426657546179,1,0.2144121735643771,0.803364898456941,0.2226041057472372,13.93435053567283,24.376391329566754,41.65042595234946,13.934356978949804,25.24171927019197,41.6504283433732,11,DC:,GaiaXP,mixed,2614882987246582016,1.5387602,13.344313,22193313-0950401,150703005601094,2614882987246582016,2614882987246582016,k2_hermes,6574,0,10k_0,lbol,772,3902.1008,,,,,4.4518156,,,,17,-0.20494568,0.84433615,6.6767426,,,,,,32,,,,,,32,,,,32,,,,32,,,,32,,,,32,,,,32,,,,32,,,,32,,,,32,,,,32,,,0,0,,,,32,,,,32,,,,32,,,,32,,,0,0,,,,32,,,,32,,,,32,,,,32,,,,32,,,,32,,,,32,,,,32,,,,32,,,,32,,,,32,,,,32,,,,32,,,,32,,,,32,,,,32,,,,32,334.8882142401433,-9.844525462050635,6.155323082441026,0.02575459280976728,161.703985726177,161.02827376502,162.385290758568,561.294004194679,,,35.84899,14.580586,0,0.0509137,2.06257816246,4.69245699417,6.25290721781,8.26434428627,0,13.694816,11.447,0.022,10.85,0.022,10.676,0.022,AAA,10.656,0.019,AAAU,0.10465235018920845,0.02668523507339685,2.5908659,1.0524529240199652
2622267234325553152,2016.0,336.74188590278203,0.0930057689547538,-7.812646929941463,0.090266965329647,4.504181358741045,0.1059317886829376,42.51963806152344,33.5045051574707,3.850365150099141,0.1192867010831832,-33.28252459338343,0.1047926172614097,31.0,0.9897748827934264,false,216.0,1559.2193943531165,1.8927010297775269,823.8065185546875,17.70509910583496,13.0,1187.3385728092658,19.46388816833496,61.00212860107422,17.6521053314209,11.0,726.9689412242906,17.979618072509766,40.43294525146485,17.594106674194336,0.0,0.0,0.0,0.0,0.0,1.2277345657348633,0.0579986572265625,-0.0529937744140625,0.110992431640625,55.60415661151798,-50.73715912443792,335.5942672623838,1.7705189507005366,7.389748193316E-4,608.834684511713,541.445116398628,1.2272320724014711E-6,0.0900000035762786,0.0799999982118606,0.1000000014901161,0.0,1.2376802409034547E18,17.4934,17.49412,17.79149,18.29943,18.71109,0.01097417,0.005031892,0.007103531,0.0132423,0.04766009,1.05622104179216E14,2.6846824E8,2.251800082153488E15,4.503599895838736E15,2.7685736E8,7.0369146863633E13,0.14051393,2.622267234325553E18,1.2376802409034547E18,9.862336741856528E16,17.6179008483887,17.8890991210938,18.0245990753174,18.2625007629395,0.0,0.0081430003046989,0.0172049999237061,0.0105529995635152,0.0,0.0,280.0,280.0,1.6777496E7,1.6777496E7,0.0,3.10697984E8,37.0,0.095040165,2.6222672343255526E18,9.862336741856528E16,0,0.0,0.0,0.0,0.0,0.0,0.0,0.0,0.0,0.0,0.0,0.0,0.0,0.0,0.0,0.0,0.0,0.0,0.0,0.0,0.0,0.0,0.0,0.0,0.0,0.0,0.0,0.0,0.0,0.0,0,4.340724936607404,0.0333299434602785,336.74188590278203,-7.812646929941463,0.09336,0.09075,0.09598,11173.18,7.377822,20223.46862269555,1214.425930042671,1437.200671702616,8.12752569236114,0.0709576146906787,0.0629054470210768,0.6736128597257516,0.0446748173243861,0.0407741359264095,0.0875215124098462,0.0110397136838683,0.0084588311578092,11.12668601260996,0,0.7118352355063156,2.7147565368254543,0.3221819463600548,0.1735414296111921,0.6154794466175919,0.7265719184970639,0.1738922168175393,0.7030009590274382,0.7266211561557098,0,DB,GaiaXP,He,2622267238618959872,2.005434,14.876146,22265789-0748463,140707003101125,2622267238618959872,2622267238618959872,k2_hermes,6569,0,10k_0,lbol,260,4104.7705,143.467566906596,,,,4.64275,0.21362165576011846,,,17,0.43186927,0.87676334,32.88356,3.4752561318598936,0.71404475,,,,32,0.56351954,1.5695289,,,,32,,,,32,,,,32,,,,32,,,,32,,,,32,,,,32,,,,32,,,,32,,,,32,,,0,0,,,,32,,,,32,,,,32,,,,32,,,0,0,,,,32,,,,32,,,,32,,,,32,,,,32,,,,32,,,,32,,,,32,,,,32,,,,32,,,,32,,,,32,,,,32,,,,32,,,,32,,,,32,,,,32,336.7412544031816,-7.813036195324569,4.351247705417032,0.04415638979436568,228.334148056854,226.037504466441,230.677089415924,537.523452949022,17.922782108764647,2.885646581545618,,,0,0.0426075,2.69096658782,9.42698312048,8.09860211972,20.9611278658,0,15.279311,12.623,0.024,11.984,0.026,11.741,0.028,AAA,11.572,0.022,AABU,0.30477618910217363,0.03126595370642093,2.491727,0.9942324039434415
2624501854268175104,2016.0,339.04429947968663,0.1293178349733352,-5.548011385641137,0.1182218566536903,8.386818208163243,0.1379729807376861,60.785945892333984,63.26146697998047,62.46712990242736,0.1576092392206192,9.993539309550789,0.140903353691101,31.0,1.052114963531494,false,172.0,1227.6426461829224,2.343783140182495,523.7868041992188,17.96468734741211,18.0,824.293441897571,14.255908012390137,57.82118225097656,18.048337936401367,19.0,605.6366700772479,13.885026931762695,43.61796951293945,17.79236602783203,0.0,3.0,0.0,1.0,0.0,1.164777159690857,0.2559719085693359,0.0836505889892578,0.1723213195800781,60.64983861579598,-51.265670659296674,338.55762716486936,3.032065349777144,0.0047925409683444,2030.427275488696,546.8563844637524,1.4736330284103824E-5,0.0199999995529651,0.0199999995529651,0.0199999995529651,0.0,1.2376800648082227E18,18.48808,18.0579,18.05986,18.1715,18.27376,0.02105853,0.006758771,0.007655595,0.01034432,0.03364205,3.5253360136208E13,2.68603408E8,2.6846824E8,4.503599895969808E15,2.6846824E8,2.75146375184E11,0.13108456,2.6245018542681754E18,1.2376800648082227E18,1.013433904418228E17,18.0373001098633,18.0293006896973,18.0923004150391,18.1951999664307,18.2327003479004,0.0048349997960031,0.0050730002112686,0.0043199998326599,0.006622000131756,0.0208289995789528,115000.0,115000.0,115000.0,115000.0,115000.0,4.36527104E8,52.0,0.15320073,2.6245018542681754E18,1.013433904418228E17,7376628,18.43,18.3753,17.9973,18.017,18.087,18.2222,0.0267,0.0101,0.0077,0.0124,0.0138,0.0304,0.0,0.0,3.0,3.0,3.0,0.0,0.0,0.0,0.0,0.0,0.0,0.0,3.0,0.0,15.0,0.13300106,2.6245018542681754E18,7376628,8.475294319266178,0.0197586387201578,339.04429947968663,-5.548011385641137,0.04272,0.04185,0.04365,8973.022,8.011937,8864.643554369362,106.37572265243234,106.37572265243234,7.988093911933408,0.038,0.038,0.589889836608336,0.0248831207642936,0.020085200786549,0.8462169411626931,0.0152683605899216,0.017612538304366,4.265974318065068,0,0.2161869744942974,1.0601202137996182,0.2776967378069357,5.087855926242092,9.292701652270578,11.35089898234041,5.087878835922872,10.13891859343327,11.35091264651447,1,DA,GaiaXP,H,2624501922987523200,1.6465807,12.879627,22360956-0532441,170723004101132,2624501922987523200,2624501922987523200,k2_hermes,6566,0,10k_2,lbol,0,4121.052,89.44816588124287,4189.0,0.0,bay,4.609037,0.18885330742255219,-0.0015439987,0.080948496863362,0,-0.17366716,0.8793683,6.9732757,2.277574246843173,1.5686762,0.00893030293055804,0.052469355634815945,412.0,0,0.7059092,2.7601652,-0.8369138717651368,0.09618178416621984,1,0,,,,32,,,,32,-0.33947044372558555,0.06291697027818909,1,0,0.43787326812744176,0.11822803318500519,1,0,0.025472011566161967,0.07908324793215074,1,0,0.29530218124389673,0.07092135399580002,1,0,-0.2311351966857913,0.10002784552437313,1,0,-0.06257694244384737,0.08503182052129749,1,0,-0.013363990783691548,0.0643083935004752,1,0,,,0,0,0.0528984156530796,0.06667689468858083,51,0,,,,32,,,,32,-0.165902976989746,0.08996898412101523,1,0,,,0,0,-0.19975049972534187,0.09394352779500492,1,0,0.05550672873846493,0.09893952837023935,12,0,-0.1376204299926762,0.1230213155584167,1,0,-0.16762786865234336,0.08237000539001577,2,0,,,,32,,,,32,,,,32,,,,32,,,,32,0.613320426940918,0.13402781562235708,2,0,,,,32,0.0036383438110352273,0.10426289596217574,1,0,0.7059260559082032,0.12406093969273038,4,0,,,,32,,,,32,0.8337932968139647,0.14263818620184615,1,0,,,1,32,339.04015770647817,-5.5455537187115445,8.51095778318165,0.048615875296909285,117.103329552632,116.435395623777,117.778832909456,517.678172967777,-5.839000225067139,0.07500000298023224,-6.347803,4.067494,0,0.044432,20.0768470709,35.7550717478,50.2662045433,47.8327457787,0,13.306822,10.955,0.024,10.301,0.024,10.154,0.023,AAA,10.118,0.021,AAAC,0.09455367082214326,0.029275421861509228,2.432266,0.9939464138609189
2636769242941192448,2016.0,346.5037650084104,0.1412562578916549,-2.875304379297176,0.1672024428844452,4.85686466727939,0.2257126569747924,21.51791000366211,58.23671340942383,55.12925126722055,0.1799199730157852,-18.76913530949939,0.1808892339468002,31.0,1.0324904918670654,false,157.0,992.2271000848056,2.473098993301392,401.2080078125,18.195838928222656,15.0,705.74042415605,11.123303413391112,63.44701766967773,18.216930389404297,13.0,378.2479044268692,7.376540660858154,51.277137756347656,18.30345344543457,0.0,0.0,0.0,0.0,0.0,1.0924800634384155,-0.0865230560302734,0.0210914611816406,-0.107614517211914,72.27234983601917,-55.0195512807051,346.4636450898811,2.676321359391266,0.0162444518113078,13324.667340936468,469.8253920072751,0.0815332761043997,0.0599999986588954,0.050000000745058,0.0700000002980232,0.0,1.2376788799410012E18,18.52168,18.10641,18.33004,18.52079,18.86302,0.01806605,0.006421184,0.008310535,0.01105055,0.03972521,3.5255507619856E13,2.6846824E8,2.6846824E8,4.503599895969808E15,2.6846824E8,2.7528072808E11,0.06486699,2.636769242941192E18,1.2376788799410012E18,1.0455346503650008E17,18.1082000732422,18.3026008605957,18.5368003845215,18.7579002380371,18.8743000030518,0.0055100000463426,0.0056010000407695,0.0048119998537004,0.0065770000219345,0.0478730015456676,115000.0,115000.0,115000.0,115000.0,115000.0,4.36527104E8,52.0,0.12972568,2.636769242941192E18,1.0455346503650008E17,8405505,18.6171,18.5294,18.1134,18.2914,18.5377,18.8347,0.0249,0.0752,0.0151,0.0075,0.0191,0.0971,0.0,0.0,0.0,0.0,0.0,0.0,0.0,0.0,0.0,3.0,0.0,0.0,0.0,3.0,0.0,0.27398345,2.636769242941192E18,8405505,4.4958632237674685,0.1243489316443699,346.5037650084104,-2.875304379297176,0.08413,0.07997,0.08834,14467.59,8.126101,12870.324516719184,347.5134092099652,333.2706170573056,7.872120979730674,0.038,0.038,0.5362339376425576,0.0230754202754817,0.019514226785824,0.2674172916754634,0.0084751635290976,0.0092585098839674,3.0121911486728665,0,0.2004814967461484,0.5939525425070166,0.1695415011800523,35.81890209329693,64.8580755496486,97.3198391346495,35.81890309595742,65.12549284132406,97.31983957505304,11,DA,GaiaXP,H,2636768456959757568,1.6990414,14.0589695,23060004-0253280,170725004101059,2636768456959757568,2636768456959757568,k2_hermes,6770,0,10k_1,lbol,5,4572.79,173.8932228786009,4245.0,0.06,bay,4.7956166,0.22010483869723788,0.2110424,0.18515723495634653,0,0.32563227,0.95164645,5.3061786,3.3190320213799365,0.5687852,0.36393171560304627,0.14299021092229433,5.0,0,0.7635128,0.6014503,-0.3230231881141663,0.1509632108271031,1,1,,,,32,1.4824347305297856,0.26669555555053265,1,1,-0.0957494354248043,0.1659873880789985,1,0,0.056546115875244496,0.30378851898247883,1,0,0.07556280136108384,0.1499376653930342,1,0,,,1,32,0.29330318450927706,0.22276435911517312,1,0,0.4514144134521487,0.1620655403117537,1,0,0.4029520416259764,0.14250702363285922,1,0,,,0,0,,,,32,,,,32,,,2,32,0.10221349716186534,0.20751522154351848,1,0,,,0,0,,,1,32,,,,32,-0.22954128265380902,0.24349504527110719,2,0,0.17537921905517617,0.22961640357971191,2,0,0.19051317214965824,0.39531563090282773,2,1,,,,32,,,1,32,,,2,32,,,16,32,,,2,32,,,2,32,0.13847263336181648,0.23742831821220872,1,0,,,4,32,,,,32,,,2,32,,,2,32,,,1,32,346.5004374126735,-2.891204525295328,5.304548631891356,0.05821074381331113,187.528218125573,185.487676876305,189.613334045244,470.907581822531,-14.53600025177002,0.14100000262260437,,,0,0.0542278,4.04052587814,7.61888534649,13.5613187701,11.0817192792,0,14.327121,12.052,0.023,11.369,0.023,11.273,0.026,AAA,11.203,0.022,AABU,0.0789483992156988,0.02921779289905764,2.196818,1.6185449520593798
2645940445519931520,2016.0,353.9523961380077,0.0915092006325721,0.443371541230501,0.066390611231327,15.85937131830449,0.110745184123516,143.20596313476562,301.2142944335937,-233.12775491177536,0.1012005880475044,-190.7393708256505,0.0784585401415824,95.0,1.0714869499206543,false,246.0,2937.313094930836,3.3254764080047607,883.27587890625,17.01749038696289,21.0,1894.5816827553128,15.745722770690918,120.32357788085938,17.144758224487305,20.0,1675.609088472362,23.5200252532959,71.24180603027344,16.687463760375977,0.0,1.0,0.0,0.0,0.0,1.2154613733291626,0.4572944641113281,0.127267837524414,0.330026626586914,86.45449861813218,-56.973159865910105,354.623934541068,2.808961912746755,0.0023250268829453,524.1269647421767,455.81975701518826,9.291747546200803E-10,0.0199999995529651,0.0199999995529651,0.0199999995529651,0.0,1.2376632779251384E18,17.74978,17.29383,16.98406,17.06991,17.92278,0.01173297,0.005500762,0.00547621,0.006442733,0.02084265,3.5253394997264E13,3.02153744E8,3.03464464E8,4.503599930441744E15,3.03464464E8,3.02022672E8,0.12634285,2.6459404455199314E18,1.2376632779251384E18,0.0,0.0,0.0,0.0,0.0,0.0,0.0,0.0,0.0,0.0,0.0,0.0,0.0,0.0,0.0,0.0,0.0,0.0,0.0,0.0,0.0,0,0.0,0.0,0.0,0.0,0.0,0.0,0.0,0.0,0.0,0.0,0.0,0.0,0.0,0.0,0.0,0.0,0.0,0.0,0.0,0.0,0.0,0.0,0.0,0.0,0.0,0.0,0.0,0.0,0.0,0,15.93064513873638,0.0238511933220969,353.9523961380077,0.443371541230501,0.02262,0.02251,0.02273,7518.594,7.880089,6792.350747813567,81.5082089737628,82.11230116046045,7.509971538761073,0.038,0.0381091245975966,0.328931031508893,0.0157522838304461,0.0157350913299225,0.9697100636810776,0.0122334638062754,0.0117879682536949,1.694731482249643,1,0.1368573747215133,-1.2071152779418486,0.1367080046040181,,,,,,,11,DC:,GaiaXP,mixed,2645940376800212096,1.0766525,9.936927,23354927+0026436,161106002601185,2645940376800212096,2645940376800212096,k2_hermes,6756,0,10k_21,lbol,0,5011.0444,70.4551030551463,5048.0,0.0,bay,4.565147,0.17609897893277565,-0.032064438,0.04188874524344214,0,-0.05631969,1.0217671,4.736368,2.0691774783461483,15.2355175,0.01848144396680431,0.013451081328467293,414.0,0,0.7674481,33.204155,,,,32,,,,32,0.07110355377197308,0.05433456907015378,1,0,-0.12241464614868125,0.023125724168978255,1,0,0.15198125839233434,0.03237124441580122,1,0,0.04043802261352525,0.023865493140584584,1,0,-0.015660972595214595,0.02678134201188688,1,0,-0.08854896545410185,0.03734177323400045,1,0,0.04097063064575224,0.029328811952971056,1,0,-0.11342636108398452,0.01956377365488568,1,0,,,0,0,0.025705850420491578,0.01834887247647149,51,0,-0.03896058920432838,0.01932939891625711,11,0,,,,32,-0.090679531097412,0.028048119124247473,1,0,,,0,0,-0.007510261535644602,0.02990823805730721,1,0,-0.07090366187399982,0.015156520540745585,12,0,-0.07003505931921657,0.01890171873856077,3,0,0.02728008410798196,0.017354878116187238,3,0,-0.09048548576294299,0.03188270761538928,3,0,,,,32,,,,32,0.042567405700683736,0.06119578432849298,2,0,0.009719184057531227,0.017555190937020855,9,0,,,,32,,,,32,-0.044497413635253835,0.0356907759660031,1,0,,,,32,0.27584587097167956,0.021771937237154804,1,0,,,,32,,,,32,,,,32,353.954351667354,0.44470431293325347,15.984285157116117,0.04645612626347224,62.4491221507968,62.2671100779526,62.6321824010818,426.472142218444,-3.6670000553131104,0.0729999989271164,-2.8994827,0.32919326,0,0.0,172.417768182,207.088672525,244.489873317,228.383183425,0,10.2676935,8.604,0.021,8.14,0.033,8.029,0.021,AAA,8.078,0.02,AAAB,0.0,0.0,1.9110291,1.0532838269941704
2682808784091201664,2016.0,332.2340621093803,0.3652597069740295,2.138531068538412,0.3332213461399078,8.335428084782404,0.4326114356517792,19.267702102661133,55.71329498291016,54.54628637879593,0.3898086845874786,11.34345805446181,0.3950978517532348,31.0,0.8898099064826965,false,191.0,290.6495288106169,1.2219176292419434,237.86343383789065,19.528942108154297,21.0,160.17748118751027,11.918251037597656,13.439680099487305,19.827037811279297,21.0,197.65945206629456,14.122920036315918,13.995650291442873,19.008102416992188,0.0,2.0,0.0,2.0,0.0,1.2311629056930542,0.8189353942871094,0.298095703125,0.5208396911621094,63.15569520988561,-41.14748729146058,335.00272413953087,12.67473588555122,0.0112774566243669,4905.0302959217215,709.1944264174856,1.431599580299E-4,0.0199999995529651,0.0199999995529651,0.0199999995529651,0.0,1.2376786190162988E18,20.69085,19.86537,19.51672,19.39178,19.44222,0.06270029,0.01372922,0.01379208,0.01576966,0.05662533,6.898791296E10,2.75297371904E11,2.93634048E8,4.503599921004544E15,2.75305759232E11,2.75297370624E11,0.024694633,2.682808784091201E18,1.2376786190162988E18,1.1056332233979666E17,19.8472995758057,19.4962997436523,19.4155006408691,19.3906993865967,19.3449993133545,0.0108369998633862,0.0120980003848672,0.0042510000057518,0.0285589993000031,0.02810899913311,115000.0,115000.0,115000.0,115000.0,115000.0,4.36527104E8,52.0,0.13602838,2.682808784091201E18,1.1056332233979666E17,16194351,0.0,0.0,19.7926,19.6006,19.1763,0.0,0.0,0.0,0.0203,0.0427,0.041,0.0,0.0,0.0,0.0,0.0,0.0,0.0,0.0,0.0,0.0,0.0,0.0,0.0,0.0,0.0,0.0,0.16190033,2.682808784091201E18,16194351,8.240423313278491,0.0159828061777994,332.2340621093803,2.138531068538412,0.04678,0.04402,0.05007,5784.957,7.956545,6094.558260020953,73.13469912025144,73.13469912025144,8.084165057189793,0.038,0.038,0.6397964495451877,0.0267109952668684,0.0212073895277742,2.651067249222229,0.1117313398102712,0.1517129783149875,3.19217088477062,1,0.7891637075315974,2.2044063495736714,0.3476426400696604,0.3723928562719762,1.1059859654301825,2.3854468730221976,0.3887934306263405,3.7570532146524114,2.3902664311328525,0,0.0,0.0,H,2682808784090772992,1.2673435,11.777298,22085431+0207481,170710003801001,2682808784090772992,2682808784090772992,galah_main,178,0,10k_10,lbol,0,4776.383,77.05032842297932,4735.0,0.0,bay,4.5880213,0.18023072596463124,0.20181227,0.0527925471796182,0,0.16407436,0.9842213,5.2807155,2.1477043867869052,2.9194324,0.05905783107134311,0.025863911003160357,476.0,0,0.77266675,5.265374,,,,32,,,,32,-0.049941082000731996,0.09253973996304918,1,0,-0.06434112548828086,0.033296173057743926,1,0,0.28655138015747106,0.06783705204725266,1,0,0.137445774078369,0.046632281769973236,1,0,-0.11235973358154272,0.03866450504624022,1,0,-0.03219825744628935,0.0570193757610337,1,0,0.0695913505554202,0.05128933301055971,1,0,-0.027250919342041158,0.03474821337233111,1,0,,,0,0,0.05546580453783289,0.029950913157872395,59,0,0.04818392797781604,0.05291350990503559,9,0,0.22367748062421333,0.06977447357983346,3,0,-0.031849746704101456,0.04790883805521537,1,0,,,0,0,0.005571289062499929,0.044792115748311385,1,0,-9.791579388988682E-4,0.056752593332692274,12,0,0.006464031360205754,0.05115224995013235,3,0,-0.06714526964968064,0.03806445778595088,3,0,-0.1273788912911065,0.0576190491585248,3,0,-0.11742315292358407,0.07513253994844987,1,0,,,,32,0.11323038101196303,0.09460187082757143,2,0,,,,32,0.7604356575012208,0.09585248494483503,2,0,,,,32,-0.12248937606811516,0.057339792012663676,1,0,0.17816637039184569,0.1264694153071949,1,0,,,,32,0.04949987411499035,0.10746114966776556,1,0,0.19353975296020498,0.10595650453032035,1,0,,,,32,332.22654094316357,2.1301148842485462,8.278164181977733,0.04119213411053548,120.383312516795,119.784797051463,120.987731585171,565.099026488253,-43.654998779296875,0.08299999684095383,-44.117027,0.46130136,0,0.0399264,53.4579490472,65.7630881638,91.9760725905,92.2789515759,0,12.029745,10.231,0.021,9.73,0.025,9.606,0.023,AAA,9.608,0.02,AAAU,0.038555579772948725,0.029390340884043426,2.0616097,0.9717679241321328
2707011543278774784,2016.0,334.32288836517216,0.1340346187353134,3.727972698997594,0.169546440243721,5.732738671740221,0.147712305188179,38.81016540527344,16.710979461669922,-2.476162757223636,0.1659473329782486,-16.526508521929554,0.2054999768733978,31.0,0.9755586385726928,false,198.0,1008.860707939345,2.6715409755706787,377.6325073242188,18.17778968811035,20.0,677.1445886706778,11.406682014465332,59.36385345458984,18.261838912963867,16.0,442.3877289108145,15.926891326904297,27.77614974975586,18.13338851928711,0.0,2.0,0.0,1.0,0.0,1.1096996068954468,0.1284503936767578,0.0840492248535156,0.0444011688232421,66.57877781997404,-41.68516821204869,337.59145369278576,13.393988220088511,0.0021648201129731,1388.5302787973412,622.9324472616784,1.8517781375899807E-5,0.0399999991059303,0.0399999991059303,0.0399999991059303,0.0,1.237678776856281E18,18.44785,17.91426,17.88417,17.89531,18.27125,0.01933712,0.007463257,0.008881507,0.01033896,0.04775529,3.5253360398864E13,4.02685968E8,2.68603408E8,4.503599904625168E15,2.68861456E8,4.02821648E8,0.08541379,2.707011543278775E18,1.237678776856281E18,1.1247334322795405E17,18.1364994049072,18.2756996154785,18.4186992645264,18.5436992645264,18.5379009246826,0.0067079998552799,0.0117549998685718,0.0160140004009008,0.0098959999158978,0.0261020008474588,115000.0,115000.0,115000.0,115000.0,1.6892216E7,4.36527104E8,52.0,0.0311919,2.707011543278775E18,1.1247334322795405E17,0,0.0,0.0,0.0,0.0,0.0,0.0,0.0,0.0,0.0,0.0,0.0,0.0,0.0,0.0,0.0,0.0,0.0,0.0,0.0,0.0,0.0,0.0,0.0,0.0,0.0,0.0,0.0,0.0,0.0,0,5.591849869206554,0.0156530277396559,334.32288836517216,3.727972698997594,0.08423,0.08102,0.0876,9920.819,7.809788,10968.3995241974,288.05077942549906,312.51463551685447,7.977638597064161,0.0513954480434977,0.0495367414563912,0.5895607966580987,0.0300283491714913,0.0298538998399764,0.4836354010056114,0.006058758711461,0.0059682343165219,5.322368491527874,1,0.2608892195611755,1.0572614826941675,0.5711536986798298,7.1663732139775504,9.38542715649568,15.733167747893884,7.16637577514409,9.869062557501293,15.733168879891592,1,DA,GaiaXP,H,2707011547574105984,1.2958136,12.854949,22171732+0343484,161009003801344,2707011547574105984,2707011547574105984,galah_main,147,0,10k_11,lbol,0,4749.3154,110.46838495818183,4735.0,0.03,bay,4.6026464,0.19165596646591854,-0.01062727,0.09828899666129462,0,-0.040635146,0.97989047,7.128564,2.3981007034909525,0.5908416,-0.012216480548710445,0.057372247850957576,414.0,0,0.7624587,0.9290766,-0.38601593971252446,0.11672364450890484,1,1,,,,32,0.32790563583374066,0.1880869649120285,1,0,-0.1476150131225582,0.09303161764794464,1,0,,,,32,-0.07752290725708022,0.10335213620370896,1,0,-0.07195589065551733,0.09425107460804522,1,0,0.02561538696289034,0.13846266542455446,1,0,0.11461622238159208,0.11103457561051533,1,0,0.004954662322997905,0.08943750621645384,1,0,,,0,0,-0.04456828426610572,0.09529298800314244,51,0,0.09058607101440419,0.1720977199621408,8,0,,,,32,0.0030299377441407316,0.1270432167965186,1,0,,,0,0,-0.027529792785644602,0.14692318380624797,1,0,0.041880550384521875,0.2094379238758754,8,0,-0.1479223218944691,0.11115478465788575,3,0,-0.23246389389038047,0.11394734400063242,2,0,-0.2437205193621257,0.17457221052333183,3,0,-0.29904661178588876,0.14073555224298656,1,0,0.3413166522979738,0.1430792750464276,1,1,0.03361383438110366,0.29158074812788964,2,0,0.1769754381640569,0.12159022627382016,5,0,,,2,32,,,2,32,0.1595769691467286,0.14604317731912303,1,0,,,4,32,0.6868046379089354,0.1737753920087551,1,0,,,2,32,0.6051036262512206,0.17098869383335114,1,0,,,1,32,334.32222037822237,3.730034538950318,5.619125858459208,0.04696119577959701,177.070379410694,175.598957458179,178.566221751659,544.065651635854,-14.97700023651123,0.08500000089406967,-13.949419,1.6682402,0,0.0808874,17.8359608665,23.3523708312,32.9931829036,50.0907272553,0,13.21877,11.279,0.023,10.746,0.023,10.605,0.023,AAA,10.613,0.02,AAAU,0.048654266143799245,0.02798018237775127,2.0305655,1.0082969837206397
2712756461469338496,2016.0,342.0027840945947,0.4765691757202148,7.668294766931669,0.3763317763805389,3.908950332361975,0.5579642653465271,7.005735874176025,39.92269134521485,39.85851404066381,0.4931179881095886,2.2627754307662364,0.4897407591342926,31.0,1.0815798044204712,false,191.0,220.76525801391304,1.108731746673584,199.11512756347656,19.827539443969727,15.0,140.2792612494408,8.516680717468262,16.471118927001953,19.971057891845703,17.0,116.8948723911814,8.901973724365234,13.131342887878418,19.578407287597656,0.0,0.0,0.0,0.0,0.0,1.1649211645126345,0.3926506042480469,0.1435184478759765,0.2491321563720703,77.84115800380602,-44.13368487297876,346.4097290177614,14.136278993235802,0.0080919486657133,6392.083707544297,578.3690631959477,0.0051252097878591,0.1700000017881393,0.1099999994039535,0.2399999946355819,0.0,1.237669698912584E18,20.38453,20.0006,19.89536,19.92189,19.96922,0.04900827,0.01633424,0.01815279,0.02676308,0.09515665,6.8987912192E10,2.75146375168E11,2.751463424E11,4.503874773712896E15,2.751463424E11,2.75280560128E11,0.031500325,2.7127564614693386E18,1.237669698912584E18,1.1720342002719245E17,19.9349002838135,19.8372001647949,19.8766002655029,19.9120006561279,19.8262004852295,0.0120810000225902,0.0189699996262789,0.0099689997732639,0.0256820004433393,0.0457319989800453,115000.0,115000.0,115000.0,115000.0,115000.0,4.36527104E8,52.0,0.024474982,2.7127564614693386E18,1.1720342002719245E17,0,0.0,0.0,0.0,0.0,0.0,0.0,0.0,0.0,0.0,0.0,0.0,0.0,0.0,0.0,0.0,0.0,0.0,0.0,0.0,0.0,0.0,0.0,0.0,0.0,0.0,0.0,0.0,0.0,0.0,0,4.5156182388716,0.0177355594760393,342.0027840945947,7.668294766931669,0.15739,0.12516,0.18997,8415.054,7.91028,8092.260666151607,195.8838992075007,210.69989727329263,8.030691420873389,0.0586279222825636,0.05905861653628,0.6131306364016758,0.0354389348026515,0.0368947436227802,1.1307681518267731,0.026002334000416,0.0279408819549067,3.4477029658294525,0,0.4627995882295341,1.416941218108111,0.9610751702607174,2.582408999753965,3.47695169451397,10.003761612446928,2.582539905477502,4.607719846340743,10.003800632337253,1,0.0,0.0,H,2712756525893427072,0.92347145,11.877947,22475944+0740291,170910003601078,2712756525893427072,2712756525893427072,galah_faint,7080,0,10k_31,lbol,0,5499.8833,75.0697351069554,5982.0,0.14,bay,4.4865594,0.17791494638828162,0.097592354,0.047928135361762235,0,0.084465735,1.0999813,5.477469,2.120675645493748,2.3954356,-0.03114125950178259,0.01765061917342972,443.0,0,0.7354798,4.6369314,0.31800765991210933,0.04881547707675382,1,0,,,,32,,,,32,-0.06401496887206992,0.027099719036761033,1,0,0.052490139007568715,0.03599805547832351,1,0,0.014906730651855327,0.03615808481474658,1,0,-0.036871643066406,0.03187180246392636,1,0,-0.027221984863281534,0.046183937790735374,1,0,,,,32,-0.02152458190917983,0.026756534890320857,1,0,,,0,0,-0.060072474778490224,0.02846656317985173,23,0,-0.056922686087904316,0.029491581436182572,11,0,-0.2237646484375002,0.07806207073183649,1,0,-0.07280910491943349,0.03710378655188153,1,0,,,0,0,0.021163864135742116,0.0353586916743372,1,0,0.031253319790032055,0.04145253803192582,12,0,-0.01961630075457446,0.038647228423214684,3,0,-0.07484438814739915,0.029690337042993478,3,0,-0.1097148303997472,0.043167147624702924,3,0,,,,32,,,,32,-0.11905155878739843,0.061762225706672676,3,0,,,,32,,,,32,,,,32,2.909469604492898E-4,0.04545666236679297,1,0,0.48303176879882814,0.08080421925247942,2,0,0.16251312255859363,0.08391074790442854,1,0,,,,32,,,,32,,,,32,341.99786845069093,7.674759959520741,4.488294674458493,0.054917680580704904,221.421926336764,218.741294600617,224.167869138353,484.030744708342,-11.541000366210938,0.09700000286102295,-10.677389,1.3715328,0,0.0,72.27021776,86.396902224,118.335323035,104.883206252,0,12.005705,10.706,0.026,10.386,0.025,10.283,0.023,AAA,10.313,0.02,AAAC,0.0,0.029390340884043426,1.628578,0.9749806679409608
2721729777727289728,2016.0,330.4796566458107,0.2437871247529983,7.407651061577536,0.2826651036739349,4.0201463468977385,0.2994373440742492,13.425667762756348,34.47701644897461,34.3355088592382,0.3371481597423553,3.120494209471849,0.3611846566200256,31.0,0.9578238129615784,false,210.0,344.06545007375377,1.180435061454773,291.4734191894531,19.34576416015625,20.0,229.8162855674672,12.18901252746582,18.854381561279297,19.43509101867676,20.0,157.37828261998237,14.851937294006348,10.596481323242188,19.25553321838379,0.0,3.0,0.0,2.0,0.0,1.1253515481948853,0.1795578002929687,0.0893268585205078,0.0902309417724609,66.80874745343044,-36.38098573033356,335.29356760822697,18.21906070662536,0.0020986918444056,1937.421871978448,717.1521735720804,4.109995459011864E-5,0.1000000014901161,0.0799999982118606,0.1099999994039535,0.0,1.2376788536269212E18,19.53625,19.50128,20.48103,20.87331,20.58908,0.03133198,0.01551725,0.02794625,0.05251458,0.154029,7.225114271298803E16,1.58604820873272E14,2.68603416E8,7.656119406834486E16,1.4073789143452E14,7.430966913217462E16,0.039576683,2.72172977772729E18,1.2376788536269212E18,1.168833047958096E17,19.3472003936768,19.4071998596191,19.5041007995605,19.554500579834,0.0,0.0110740000382066,0.0089229997247457,0.0214709993451834,0.0369209982454777,0.0,115000.0,1.6875832E7,115000.0,115000.0,16416.0,1.68091648E8,20.0,0.032712884,2.7217297777272893E18,1.168833047958096E17,0,0.0,0.0,0.0,0.0,0.0,0.0,0.0,0.0,0.0,0.0,0.0,0.0,0.0,0.0,0.0,0.0,0.0,0.0,0.0,0.0,0.0,0.0,0.0,0.0,0.0,0.0,0.0,0.0,0.0,0,3.859322254492342,0.0178404967867788,330.4796566458107,7.407651061577536,0.11277,0.10391,0.12259,10001.11,8.070158,8438.737997651377,284.0265882137628,305.97620407684553,7.489517382904875,0.0915342808958037,0.0962999456267201,0.3271739859213669,0.0340258754720915,0.0394255946731202,0.5500703112640786,0.0105808573766711,0.009914262190047,2.504933182552684,1,0.2956201170468415,-1.2223806609785657,0.3425334028941809,,,,,,,11,DC,MWDD,mixed,2721729777727212288,1.3001909,13.460277,22015463+0724239,170805004601255,2721729777727212288,2721729777727212288,galah_main,369,0,10k_32,lbol,294,6512.234,309.5211298957556,,,,4.840914,0.24036329493410735,,,17,0.4050851,1.6110704,0.1,8.714915838153305,0.3716778,,,,32,0.80585957,1.0544124,,,,32,,,,32,,,,32,,,,32,,,,32,,,,32,,,,32,,,,32,,,,32,,,,32,,,0,0,,,,32,,,,32,,,,32,,,,32,,,0,0,,,,32,,,,32,,,,32,,,,32,,,,32,,,,32,,,,32,,,,32,,,,32,,,,32,,,,32,,,,32,,,,32,,,,32,,,,32,,,,32,,,,32,330.4777928686359,7.406647588397619,3.8536972576625246,0.02338387634369021,257.567423046427,256.01370494703,259.139774864086,575.896792546099,14.257900207214355,1.5600854183102646,,,0,0.0624054,2.26871537623,3.40330800444,3.76591176562,4.41132375937,0,13.744116,11.863,0.023,11.337,0.025,11.209,0.019,AAA,11.208,0.022,AABU,0.04498190194702131,0.030570916788350895,1.0698456,1.1713341561118404
2745244002118134400,2016.0,359.169274675001,0.1568261682987213,5.620009498305393,0.094753086566925,12.427436213168235,0.1678907573223114,74.02096557617188,219.0889129638672,206.9378591813885,0.2139633148908615,71.94910963138742,0.0976480767130851,31.0,0.9702427387237548,false,410.0,1006.059280359664,1.227310299873352,819.7269287109375,18.18080711364746,44.0,575.3865263503931,7.090498447418213,81.14895629882812,18.43864250183105,44.0,600.376746533394,7.227634906768799,83.06683349609375,17.801836013793945,0.0,0.0,0.0,0.0,0.0,1.1686818599700928,0.6368064880371094,0.2578353881835937,0.3789710998535156,98.89312693580116,-54.67566252229315,1.4803988822349656,5.485206479118684,0.0405334096194591,11827.09148861609,461.5493349664965,1.3811977417321532E-5,0.0199999995529651,0.0199999995529651,0.0199999995529651,0.0,1.2376787784777728E18,19.09187,18.44076,18.17346,18.11687,18.09315,0.02385755,0.007338444,0.007964713,0.01012585,0.02477317,6.8987912704E10,2.75163152896E11,2.68468224E8,4.50359989583872E15,2.68468224E8,2.75280592896E11,0.028215667,2.7452440021181343E18,1.2376787784777728E18,0.0,0.0,0.0,0.0,0.0,0.0,0.0,0.0,0.0,0.0,0.0,0.0,0.0,0.0,0.0,0.0,0.0,0.0,0.0,0.0,0.0,0,0.0,0.0,0.0,0.0,0.0,0.0,0.0,0.0,0.0,0.0,0.0,0.0,0.0,0.0,0.0,0.0,0.0,0.0,0.0,0.0,0.0,0.0,0.0,0.0,0.0,0.0,0.0,0.0,0.0,0,12.317810001327688,0.0490425707867128,359.169274675001,5.620009498305393,0.02728,0.02699,0.02759,6488.098,7.946424,6580.677457930282,78.96812949516338,78.96812949516338,7.966365149335548,0.038,0.038,0.5703074106437452,0.0248515197769292,0.0201119065739587,1.7492269203133584,0.0449831915887954,0.0469050012614125,2.911411897708284,0,0.2159124220410878,0.8899861915182038,0.1747342013376088,8.066591750716507,17.222123099442733,26.74640265170143,8.066717173686772,18.97135001975609,26.746443780175422,11,DA,MWDD,H,2745245621321927552,1.7025604,11.792139,23564535+0539167,161117002701059,2745245621321927552,2745245621321927552,galah_faint,6916,0,10k_4,lbol,1,4572.458,75.1859620392309,4151.0,0.0,bay,4.685872,0.17875977456824754,0.091743946,0.04936097454891769,0,0.1831789,0.9515933,5.907256,2.123598720115906,9.772549,0.3173421734894981,0.029038559027528752,388.0,0,0.75750506,13.156728,-1.0293906211853028,0.09171771258115768,1,0,,,,32,0.6902589607238774,0.07983119136814548,1,0,0.2253426933288578,0.028615725364469085,1,0,-0.009142971038818004,0.03772085585825648,1,0,0.30134662628173814,0.03907205771120545,1,0,-0.1274320793151853,0.033595866465525155,1,0,0.47926252365112276,0.04898680459129841,1,0,0.34067375183105497,0.04370947989262169,1,0,0.2992652320861815,0.02886744372174297,1,0,,,0,0,0.2989083435141342,0.03885181999748364,48,0,,,,32,0.24770856857299783,0.08527553336071687,1,0,0.08445751190185558,0.03991501252996633,1,0,,,0,0,-0.06034381866455085,0.0376071230298712,1,0,0.23673916561989328,0.03651753656107414,14,0,0.05505702635236636,0.04222174071816742,3,0,0.16896511912328901,0.03200190754883715,3,0,-0.869994869232178,0.11486614495515823,1,0,1.0203503608703612,0.0643770195009137,1,0,,,,32,0.6524015998840333,0.07920922170362477,2,0,0.38137866280248944,0.06269499344945403,20,0,0.6176820432530462,0.04519459693664231,3,0,,,,32,-0.1346868705749511,0.048535280292600194,1,0,,,4,32,,,,32,,,,32,0.4003459358215331,0.09322731709162677,1,0,,,,32,359.1898656535869,5.6549550306561365,12.58583731996612,0.04957323954397214,79.2739396010134,78.9612782620096,79.5890424825441,403.27051782711,5.682000160217285,0.08900000154972076,-1.8622524,1.8504428,0,0.0,44.2614477155,79.3072745064,115.602216393,141.022708277,0,12.044816,9.797,0.027,9.153,0.027,9.026,0.025,AAA,8.967,0.021,AAAB,0.0,0.0,2.1936152,1.6233448179132992
2746207620981395968,2016.0,358.4524987492938,0.6910349726676941,7.0281278907977685,0.3572860062122345,5.174351385595377,0.636854887008667,8.12485122680664,40.86481094360352,-24.980662347201417,0.9207363128662108,-32.34036638763031,0.4197833240032196,31.0,1.0334323644638062,false,340.0,225.81347965620373,0.950812816619873,237.4951934814453,19.80299186706543,31.0,146.09898783944394,11.36431884765625,12.855938911437988,19.92692375183105,29.0,150.446046556617,13.631160736083984,11.036921501159668,19.304443359375,0.0,0.0,0.0,0.0,0.0,1.313230037689209,0.6224803924560547,0.123931884765625,0.4985485076904297,98.64424846231086,-53.10442074078127,1.3903500948154688,7.060736025856,0.0014707109443462,1160.3654270547152,476.19158973095085,9.516024129689424E-6,0.1299999952316284,0.0900000035762786,0.1599999964237213,0.0,1.237669680113451E18,20.46415,19.94551,19.54763,19.33743,20.20798,0.06725843,0.01831888,0.01784414,0.02059721,0.1407048,1.05622137864208E14,3.02022672E8,2.882303764537344E17,2.927339760811049E17,3.02022672E8,7.0369046200337E13,0.077076435,2.746207620981396E18,1.237669680113451E18,1.1643358452528424E17,19.5552997589111,0.0,0.0,0.0,19.3281993865967,0.0238600000739098,0.0,0.0,0.0,0.0635730028152466,280.0,0.0,0.0,0.0,4120.0,3.02067712E8,36.0,0.17096858,2.746207620981396E18,1.1643358452528424E17,0,0.0,0.0,0.0,0.0,0.0,0.0,0.0,0.0,0.0,0.0,0.0,0.0,0.0,0.0,0.0,0.0,0.0,0.0,0.0,0.0,0.0,0.0,0.0,0.0,0.0,0.0,0.0,0.0,0.0,0,4.520567373943378,0.0176453957451865,358.4524987492938,7.0281278907977685,0.08806,0.07122,0.11444,6801.694,7.796886,8224.112748257758,369.8462109504135,428.04508596627056,8.01146317548461,0.1257709510112157,0.1304737271739178,0.6020828244345001,0.0736606021229182,0.0814165206230602,1.055848194262822,0.0540960397631979,0.0688192237124869,7.286025574392019,1,0.6919324691148886,1.2180160686942276,1.5926347920440938,5.203122813972882,5.755797211246933,79.18579311286261,5.203404020331607,6.811645405509755,79.1858230177513,1,0.0,0.0,H,2746207625276723712,1.2107763,13.151188,23534894+0701394,161117002701273,2746207625276723712,2746207625276723712,galah_faint,6916,0,10k_12,lbol,0,4810.232,118.53043453317832,4939.0,0.07,bay,4.6247416,0.1928459330004277,-0.15993977,0.1041079798099206,0,-0.18828657,0.98963714,7.613092,2.447426020931512,0.524797,0.024807105312602367,0.05655855797985062,415.0,0,0.7563414,0.7404324,-0.12703065872192387,0.12092721944099641,1,1,,,,32,0.4400362777709965,0.19706460645089566,1,0,-0.09919219970703086,0.10041193196100104,1,0,0.060803318023681996,0.16178767133583907,1,0,0.057442035675048686,0.10867513430721228,1,0,-0.11950609207153295,0.10063265047733097,1,0,-0.018416709899902628,0.14745064363028296,1,0,0.18784076690673857,0.1167994178939273,1,0,-0.052149925231933736,0.09520879490749418,1,0,,,0,0,0.033838876242051154,0.09884181899759163,51,0,,,,32,0.21972967147827127,0.1908663827407588,1,0,-0.05557430267333974,0.13567001576407434,1,0,,,0,0,-0.19682844161987312,0.16018776653008046,1,0,-0.06713491439819297,0.2174820263565945,8,0,-0.10164488989022821,0.11830382933799219,3,0,-0.057109570107839874,0.10049481363406652,3,0,-0.1569966844511139,0.18776212839403364,3,0,,,,32,0.5692314624786379,0.14679581082343496,1,1,0.5768272018432619,0.31594821274857077,2,0,0.18649191058624576,0.12673693236383038,10,0,,,2,32,,,2,32,0.30979736328125007,0.15580058509164185,1,0,,,4,32,0.4894002532958983,0.17828965857770973,1,1,,,,32,,,2,32,,,1,32,358.4538451681454,7.027510837186014,4.58420254224746,0.030439968014485994,216.782977473778,215.351045375675,218.233735647651,405.015944673953,35.566001892089844,0.11400000005960464,,,0,2.9205779847538527E-7,17.4866584778,21.1431195404,29.7827418494,49.0222514093,0,13.311657,11.611,0.022,11.13,0.031,11.022,0.023,AAA,11.05,0.021,AABU,1.050567620415055E-7,0.03437294043254777,2.0329895,1.0204481681810973
2890724822290379904,2016.0,88.91114963317752,0.1936033815145492,-31.71118465395781,0.2184517383575439,2.776201901540193,0.2586401104927063,10.733841896057127,28.041059494018555,27.748284916549984,0.2848919034004211,-4.041499668188025,0.3193946182727813,31.0,1.0260509252548218,false,444.0,269.8763733542068,0.790309488773346,341.4818725585937,19.60945510864257,44.0,195.3137455945642,5.379199981689453,36.3090705871582,19.61170959472656,45.0,120.94622726281116,7.718421459197998,15.669814109802246,19.54141426086425,0.0,1.0,0.0,1.0,0.0,1.1718697547912598,0.0702953338623046,0.0022544860839843,0.0680408477783203,237.31967888613377,-24.97253187291778,88.37912312247612,-55.1443393376796,0.0031275348254192,4215.538058105047,829.1972535087747,0.0106434222995943,0.0900000035762786,0.0799999982118606,0.0900000035762786,0.0,0.0,0.0,0.0,0.0,0.0,0.0,0.0,0.0,0.0,0.0,0.0,0.0,0.0,0.0,0.0,0.0,0.0,0.0,0.0,0.0,6.994088911110677E16,0.0,0.0,19.8278999328613,0.0,0.0,0.0,0.0,0.0183310005813837,0.0,0.0,0.0,0.0,115000.0,0.0,0.0,1.37580544E9,164.0,8.494912E-4,2.89072482229038E18,6.994088911110677E16,20372068,0.0,0.0,19.4949,19.5374,0.0,0.0,0.0,0.0,0.0239,0.0372,0.0,0.0,0.0,0.0,0.0,1.0,0.0,0.0,0.0,0.0,0.0,0.0,0.0,0.0,1.0,0.0,12.0,0.12137425,2.89072482229038E18,20372068,2.653634278251197,0.0114838464608268,88.91114963317752,-31.71118465395781,0.05067,0.04822,0.0532,11701.31,7.996492,11121.275057178238,537.3628521935316,626.8910457220973,7.842320864135139,0.0954501216473371,0.0909514736022147,0.5152788688806829,0.049979984373984,0.0511600708392893,0.3894554180129665,0.0124249801635654,0.0086484541109357,1.5653791456522006,0,0.4342309676280105,0.4118928660354728,0.4444836736688903,128.77782536503364,148.40660879930567,,128.7778259644386,148.79606421731864,,11,0.0,0.0,H,2890724822292698496,0.91227245,12.662796,05553857-3142289,161116003801054,2890724822292698496,2890724822292698496,galah_main,1440,0,10k_32,lbol,0,5508.989,79.07249491762069,5589.0,0.016,sfd,4.4013343,0.17929157700213458,0.26713848,0.05608802039871295,0,0.26661348,1.1009312,5.7042694,2.167791410826195,1.7291496,0.011694164462994776,0.021458159494372974,447.0,0,0.7370572,3.411759,,,,32,0.0652730941772468,0.10049789875425924,1,0,-0.10232021331787067,0.10004893694011749,1,0,0.13190406799316445,0.036511712629751995,1,0,0.03587856292724645,0.04801504126434092,1,0,0.15156492233276353,0.051096637558414454,1,0,0.019428520202636967,0.04200347312379134,1,0,-0.05850965499877958,0.06219521023588467,1,0,-0.027751140594482138,0.05583106280341493,1,0,0.05078109741210923,0.038445329619867165,1,0,,,0,0,0.00908425004709898,0.034291440457645136,55,0,0.00479913127540781,0.04326320401952055,11,0,0.23920131683349588,0.10739576795088707,2,0,0.08986722946167003,0.05302486703873054,1,0,,,0,0,0.13693992614746087,0.04987517885636881,1,0,0.03888120713061533,0.062411041776247754,12,0,0.05990154822318123,0.05625634381525354,3,0,0.1724250494314063,0.041678896979092904,3,0,0.07683479006522509,0.06471826532119596,3,0,,,,32,,,,32,0.014151271335718486,0.08888617985496558,3,0,0.6154325866699217,0.12449864798941786,8,0,,,,32,,,,32,-0.23903648376464837,0.06300280412674221,1,0,0.25352241516113283,0.12639890611171722,2,0,0.1834291076660155,0.11406030689298022,1,0,,,,32,,,2,32,,,,32,88.91085203186103,-31.708066441600927,2.668285509676169,0.026137464144022012,370.788149389177,367.202010082725,374.44374682862,524.912986267198,36.68600082397461,0.09700000286102295,37.98788,1.4670163,0,0.041932,42.7312649187,59.7231485739,83.2290129518,91.2236469126,0,12.742251,11.52,0.024,11.228,0.027,11.133,0.023,AAA,11.133,0.02,AAAU,0.01376971284484944,0.03084534671385088,1.6276662,1.1493902124430044
2913069917928896896,2016.0,90.4716222624325,0.1006390377879142,-24.57593271611952,0.157352477312088,3.5785986574342843,0.1880255043506622,19.03251838684082,41.765892028808594,-1.7478171048525997,0.1266673803329467,41.72930644141925,0.2040062993764877,31.0,0.9763059616088868,false,522.0,460.7620416717289,0.9176239967346193,502.1250915527344,19.028675079345703,57.0,314.8007992853284,8.922585487365723,35.281341552734375,19.09345245361328,54.0,186.28228618046808,5.431718826293945,34.29527282714844,19.072465896606445,0.0,1.0,0.0,1.0,0.0,1.0875095129013062,0.0209865570068359,0.0647773742675781,-0.0437908172607421,230.49789184748707,-21.3014507009932,90.64118175059228,-48.0141638270525,0.005278220727064,5800.035347551325,904.6366965343332,1.806128173548E-4,0.050000000745058,0.050000000745058,0.0599999986588954,0.0,0.0,0.0,0.0,0.0,0.0,0.0,0.0,0.0,0.0,0.0,0.0,0.0,0.0,0.0,0.0,0.0,0.0,0.0,0.0,0.0,7.85009047163991E16,18.9421005249023,19.1233997344971,19.345100402832,19.5011005401611,19.4018993377686,0.0088200001046061,0.0091519998386502,0.0076529998332262,0.0249589998275042,0.0481059998273849,115000.0,115000.0,115000.0,115000.0,115000.0,4.36527104E8,52.0,0.07317785,2.913069917928897E18,7.85009047163991E16,0,0.0,0.0,0.0,0.0,0.0,0.0,0.0,0.0,0.0,0.0,0.0,0.0,0.0,0.0,0.0,0.0,0.0,0.0,0.0,0.0,0.0,0.0,0.0,0.0,0.0,0.0,0.0,0.0,0.0,0,3.256469784287088,0.0103294600966513,90.4716222624325,-24.57593271611952,0.04292,0.042,0.04393,12359.22,8.07778,11707.761665527192,484.2114872014299,542.6648050975855,7.862839577601816,0.0629119439016827,0.0544947061779286,0.5280106032874612,0.0342541418775608,0.0311053492225403,0.347461991875185,0.0184854524725786,0.0135073101759312,1.923143267060862,1,0.2976033177894073,0.5225074134444938,0.2702463008039997,60.85827175811026,86.40836220528995,850.2762810461369,60.85827456555069,86.75582419716513,850.2762811534241,11,DA,GaiaXP,H,2913069986647926400,0.86097527,12.316031,06015181-2434311,150205003102049,2913069986647926400,2913069986647926400,galah_main,1933,0,10k_35,lbol,0,5547.6924,82.22661122467085,5638.0,0.0,bay,4.4278603,0.1780070124727547,-0.028037548,0.05842849969873586,0,-6.40437E-4,1.105679,6.304161,2.177456605813131,1.0166585,0.03964510061216962,0.02460400865217243,443.0,0,0.71391135,2.3583636,1.3155180931091308,0.06807805740572098,1,0,,,,32,0.08614824295043988,0.10008269292719824,1,0,-0.07925849914550742,0.03652686491443819,1,0,0.055044555664062855,0.048036374101182666,1,0,0.11835416793823228,0.05111670217267639,1,0,0.01585081100463892,0.04201900143414487,1,0,-0.14370615005493192,0.06221911535217563,1,0,-0.07349460601806612,0.05585156831028526,1,0,0.10828813552856431,0.03846227415366003,1,0,,,0,0,0.07579769492339304,0.060655549781663286,34,0,0.04290455973894232,0.035635197831541954,15,0,,,,32,,,,32,,,0,0,-0.035514907836914134,0.04989935238090232,1,0,0.3629330580868889,0.07031391952993836,10,0,-0.037912878508567095,0.05627904459175542,3,0,-0.021642964789710856,0.04169517410153477,3,0,-0.052615339610237954,0.06475128016080348,3,0,,,,32,,,,32,-0.017232978500252658,0.08855072652100494,3,0,0.13248159408569338,0.15439237654209137,2,0,,,,32,,,,32,-0.07630960464477532,0.0630289445695293,1,0,0.436287899017334,0.14539511501789093,2,0,,,1,32,,,,32,,,2,32,,,,32,90.46588343654277,-24.575151267158326,3.253059336351013,0.025715792124818813,304.714444364415,302.327239756397,307.138964658086,586.198249159831,24.444083824768065,0.37966289615456394,23.916761,0.73682797,0,0.0,41.4545883581,59.6982713251,68.3548446527,76.3746346793,0,12.527389,11.256,0.023,10.903,0.024,10.846,0.023,AAA,10.854,0.02,AAAU,0.0,0.028679237109263078,1.5995672,1.0062130965306855
2966885274032108160,2016.0,85.76605185759476,0.0902300253510475,-19.57582668685139,0.117455393075943,2.275209214938941,0.153092160820961,14.861696243286133,13.937922477722168,10.114577409034176,0.1519617736339569,9.589630392460116,0.1567815691232681,31.0,1.010053277015686,false,483.0,684.2785172492858,1.051547884941101,650.7345581054688,18.599285125732425,54.0,529.6662222804923,8.853678703308105,59.82442474365234,18.528535842895508,52.0,247.3737013267184,10.45961093902588,23.650373458862305,18.76451110839844,0.0,2.0,0.0,3.0,0.0,1.1355608701705933,-0.2359752655029297,-0.070749282836914,-0.1652259826660156,223.7392154917517,-23.531523975594144,84.54794142218182,-42.93501051942264,0.0051196803976657,7639.45623165648,847.9775367936184,0.0015102445975263,0.1099999994039535,0.1000000014901161,0.1099999994039535,0.0,0.0,0.0,0.0,0.0,0.0,0.0,0.0,0.0,0.0,0.0,0.0,0.0,0.0,0.0,0.0,0.0,0.0,0.0,0.0,0.0,8.45008576603093E16,18.42919921875,18.798999786377,19.0837993621826,19.3572006225586,19.1562995910645,0.0031000000890344,0.014805999584496,0.0067799999378621,0.0132370004430413,0.0940679982304573,115000.0,115000.0,115000.0,115000.0,115000.0,4.36527104E8,52.0,0.053085618,2.966885274032108E18,8.45008576603093E16,0,0.0,0.0,0.0,0.0,0.0,0.0,0.0,0.0,0.0,0.0,0.0,0.0,0.0,0.0,0.0,0.0,0.0,0.0,0.0,0.0,0.0,0.0,0.0,0.0,0.0,0.0,0.0,0.0,0.0,0,2.3860510103302546,0.0128028699327409,85.76605185759476,-19.57582668685139,0.06999,0.06764,0.07244,20386.26,7.693092,19885.974499955617,1322.0707161217106,1521.9886294241878,7.759288189283039,0.0862838993828942,0.0904418757829521,0.4992423997128526,0.0425962664602038,0.0480729071274812,0.039235388277115,0.0065559109250785,0.0072607374429415,3.137037554616038,0,0.3700805079079395,0.2725664614496329,0.41766209493902,522.0231954300995,562.6052146178201,,522.0231954712661,562.6444500060973,,11,DA,GaiaXP,H,2966885274031759616,0.7103672,12.513916,05430514-1934336,140209001701313,2966885274031759616,2966885274031759616,galah_main,1615,0,10k_52,lbol,0,5975.5156,83.28983632903203,6223.0,0.04,bay,4.334027,0.17842360756177938,-0.63494635,0.07663547994507572,0,-0.6272408,1.2379975,9.594916,2.276163607411065,0.8300301,0.09413933315849977,0.03369818854158512,151.0,0,0.46335113,1.681795,,,,32,,,,32,0.2868366050720219,0.12469065376632713,1,0,0.09493249893188516,0.049083306582036676,1,0,9.798049926761365E-4,0.06711460416542192,1,0,,,,32,0.13772705078125025,0.05442650393818395,1,0,0.09874837875366183,0.08096154091997414,1,0,0.08602077484130888,0.07097393483674756,1,0,0.18655904769897447,0.05147218569411184,1,0,,,0,0,0.156006569129949,0.09034744568749979,18,0,-0.02433073043823253,0.108029429648943,8,0,1.136902103424072,0.1348196217435793,1,0,-0.11138380050659169,0.07142836856317349,1,0,,,0,0,-0.07206161499023445,0.07045454196560269,1,0,,,,32,0.12064411163330035,0.098576375865536,2,0,-0.23542028427123984,0.06617920705177796,2,1,0.03931480052868985,0.09109890413448762,3,0,,,,32,,,,32,-0.08904870986938462,0.14659529902123383,2,0,,,,32,,,,32,,,,32,-0.016811771392822195,0.08349240841306535,1,0,,,4,32,,,1,32,,,2,32,,,2,32,,,,32,85.77148231122207,-19.57595977678923,2.3688090332550185,0.028289129612977446,417.117196776898,412.215447729969,422.134782168602,522.793650991488,26.375,0.16599999368190765,28.422428,1.148876,0,0.0,44.4335472671,45.1554783401,76.0506741098,74.811565667,0,12.658865,11.587,0.028,11.289,0.023,11.274,0.023,AAA,11.226,0.02,AABC,0.0,0.02798018237775127,1.3496447,1.0523640818991533
3011185593949574912,2016.0,87.1264211888415,0.2479900270700454,-10.117832922272644,0.2550871968269348,10.739276880971987,0.3762616515159607,28.54204368591309,75.32392120361328,67.22970863563513,0.319148302078247,-33.96850146396282,0.3026817142963409,95.0,1.007033348083496,false,383.0,254.32197489395983,0.7635208368301392,333.091064453125,19.673906326293945,42.0,110.329002816448,6.706143856048584,16.451929092407227,20.2318172454834,44.0,201.9965618644744,7.581404209136963,26.643686294555664,18.98453521728516,0.0,1.0,0.0,0.0,0.0,1.2280714511871338,1.2472820281982422,0.5579109191894531,0.6893711090087891,215.02476183711337,-18.52247503034106,86.60612443266695,-33.523266318090265,0.0022421356760099,752.4770361458957,775.4028827437141,1.50073240636E-4,0.0099999997764825,0.0099999997764825,0.0099999997764825,0.0,0.0,0.0,0.0,0.0,0.0,0.0,0.0,0.0,0.0,0.0,0.0,0.0,0.0,0.0,0.0,0.0,0.0,0.0,0.0,0.0,9.585087126334902E16,20.1709003448486,19.4822006225586,19.2921009063721,19.1753997802734,18.7728996276855,0.0211609993129969,0.007309999782592,0.0254820007830858,0.0497790016233921,0.0132290003821254,115000.0,1.6892216E7,115000.0,115000.0,1.6892216E7,4.36527104E8,52.0,0.119456746,3.0111855939495747E18,9.585087126334902E16,0,0.0,0.0,0.0,0.0,0.0,0.0,0.0,0.0,0.0,0.0,0.0,0.0,0.0,0.0,0.0,0.0,0.0,0.0,0.0,0.0,0.0,0.0,0.0,0.0,0.0,0.0,0.0,0.0,0.0,0,10.687475865694893,0.0572074655982468,87.1264211888415,-10.117832922272644,0.02659,0.02566,0.02763,4666.424,7.726208,4495.49806410352,134.18164234707,138.418723975783,7.514839042923925,0.1184710095369254,0.1263268666164307,0.3269507473843352,0.0465851028482041,0.056310516874896,3.400583199609749,0.2711234816959158,0.333777694478758,1.168122007669883,1,0.4047359065873506,-1.2243201791108995,0.4892312499990969,,,,,,,11,DA,GaiaXP,H,3011185529524790656,1.8386602,13.157633,05483080-1007048,141104005301126,3011185529524790656,3011185529524790656,galah_main,2562,0,10k_0,lbol,257,3722.612,102.96703799138135,3855.0,0.0,bay,4.6338854,0.1968570686370285,-0.27395725,0.17124147138488377,16,-0.43921414,0.8156179,8.084298,2.383770417690999,1.5365056,,,,32,0.51779425,2.4396598,,,,32,,,,32,,,,32,,,,32,,,,32,,,,32,,,,32,,,,32,,,,32,,,,32,,,0,0,,,,32,,,,32,,,,32,,,,32,,,0,0,,,,32,,,,32,,,,32,,,,32,,,,32,,,,32,,,,32,,,,32,,,,32,,,,32,,,,32,,,,32,,,,32,,,,32,,,,32,,,,32,,,,32,87.1286616316058,-10.11817625859661,10.379072737082682,0.031614040220843215,96.080894856737,95.7877377770695,96.375819771802,586.856723493282,33.630149760131836,0.5781135945554386,35.807327,2.3021095,0,0.0,12.5017397664,28.0238425928,32.1631737169,46.1472808075,0,13.5342455,11.059,0.022,10.454,0.022,10.224,0.021,AAA,10.06,0.02,AAAU,0.0,0.0,2.534816,1.481056517371037
3086347109312413568,2016.0,114.75752792753102,0.2098295390605926,0.1989862704805287,0.1483691334724426,6.582672968133571,0.2585702538490295,25.45796585083008,31.28065299987793,4.299162150056602,0.2697424590587616,-30.983808804191703,0.1736147105693817,31.0,1.0298556089401243,false,418.0,438.1388042674389,0.944826602935791,463.7240295410156,19.08333778381348,47.0,267.7699696213652,7.850761890411377,34.107513427734375,19.26913833618164,43.0,220.72613142496152,5.843861103057861,37.770599365234375,18.888261795043945,0.0,1.0,0.0,1.0,0.0,1.1149345636367798,0.3808765411376953,0.185800552368164,0.1950759887695312,218.240364754184,10.665336266827866,116.64799767094917,-20.979136530723785,0.0041551097986024,2179.8395743898664,1121.087419139311,2.906514454115E-4,0.0199999995529651,0.0199999995529651,0.0199999995529651,0.0,0.0,0.0,0.0,0.0,0.0,0.0,0.0,0.0,0.0,0.0,0.0,0.0,0.0,0.0,0.0,0.0,0.0,0.0,0.0,0.0,1.082311475751893E17,19.163200378418,19.0722999572754,19.1060009002686,19.2003002166748,19.205099105835,0.0081150000914931,0.0091300001367926,0.0051199998706579,0.0212060008198023,0.032685000449419,115000.0,115000.0,115000.0,1.6892216E7,1.6892216E7,4.36527104E8,52.0,0.062590696,3.086347109312413E18,1.082311475751893E17,0,0.0,0.0,0.0,0.0,0.0,0.0,0.0,0.0,0.0,0.0,0.0,0.0,0.0,0.0,0.0,0.0,0.0,0.0,0.0,0.0,0.0,0.0,0.0,0.0,0.0,0.0,0.0,0.0,0.0,0,6.825105870219082,0.0299115021763211,114.75752792753102,0.1989862704805287,0.02984,0.02905,0.0307,8206.52,8.204634,7190.130515963419,136.26933076112073,148.33341532779104,7.869975147595045,0.0490705951915968,0.0498924269768501,0.500080910375528,0.0269794451842643,0.0280139349901146,1.2812648240175128,0.0226561532380742,0.0234554148874155,4.6226999664353325,0,0.2344000450413931,0.2798515236796535,0.2433877931373987,421.8563208590684,507.96449307252607,,421.8563214674524,509.2457578965436,,11,DC:,GaiaXP,mixed,3086347869523890560,1.0469608,11.527239,07390084+0011529,171102005001215,3086347869523890560,3086347869523890560,galah_main,4405,0,10k_26,lbol,0,4973.2153,85.07328086945988,5134.0,0.0,bay,4.4837484,0.18113458659399478,-0.237679,0.06178999486301023,0,-0.105388485,1.0157145,9.835101,2.1811791295278806,4.0647187,0.2486548638619924,0.028673414747686546,411.0,0,0.72218853,7.327614,,,,32,,,,32,0.45236680984497113,0.11264039218245656,1,0,0.12018388748168984,0.0425703436375013,1,0,0.19343080520629918,0.05690073167121719,1,0,0.2801283264160155,0.05857889334436872,1,0,0.3143098640441897,0.048091615247872754,1,0,-0.2267864418029788,0.07147210099985266,1,0,0.03622657775878935,0.06352833922127477,1,0,0.12978967666625962,0.044946827955690424,1,0,,,0,0,0.22480328431373944,0.04588006938174508,51,0,0.16196945057173098,0.06269734604111268,3,0,0.2941653823852537,0.1233575570050843,1,0,0.1035052490234376,0.06214649266647105,1,0,,,0,0,0.21833269119262688,0.05967577882289087,1,0,0.2415918731689457,0.13164565659363656,8,0,0.06148704628409481,0.06458800632371284,3,0,0.2804199776374191,0.047752976864554555,3,0,0.27048753102052014,0.077657391802911,3,0,,,,32,,,,32,0.2916628456115724,0.1251357825538063,2,0,0.005455742739724446,0.08975467487484044,3,0,,,,32,,,,32,-0.15532915115356438,0.07313870610900738,1,0,,,,32,0.5488279914855956,0.12540804611735765,1,0,,,,32,,,2,32,,,,32,114.75352064571392,0.19788973344741836,6.765710156161478,0.03773523163871932,147.181456558455,146.362370817341,148.009596524313,714.447973717819,51.6609992980957,0.0860000029206276,51.742588,0.37007213,0,0.0,38.8987141862,51.5113348347,76.2715351256,62.1437349378,0,11.756738,10.22,0.027,9.801,0.023,9.695,0.021,AAA,9.734,0.02,AAAC,0.0,0.02798018237775127,1.9326711,1.2322355403813532
3204349244119416320,2016.0,68.0214843806747,0.1970170140266418,-4.33028395060829,0.1503510475158691,7.782284732709353,0.2721725106239319,28.593204498291016,46.83951568603516,24.408556134299115,0.3299135863780975,-39.97702706470443,0.2820655703544616,31.0,0.958221971988678,false,245.0,569.083059330829,1.2993459701538086,437.9765319824219,18.799427032470703,23.0,347.51200240762125,11.908924102783203,29.180805206298828,18.98611831665039,23.0,313.23071669503344,21.79815101623535,14.369600296020508,18.50823402404785,0.0,1.0,0.0,0.0,0.0,1.1610655784606934,0.477884292602539,0.1866912841796875,0.2911930084228515,199.6933670822382,-32.778372433588785,65.48544429600682,-25.918391387674944,0.0020358137214221,990.2588691408646,634.073293278111,9.100682278464E-4,0.0199999995529651,0.0199999995529651,0.0199999995529651,0.0,0.0,0.0,0.0,0.0,0.0,0.0,0.0,0.0,0.0,0.0,0.0,0.0,0.0,0.0,0.0,0.0,0.0,0.0,0.0,0.0,1.0280068021392414E17,18.9347991943359,18.7805004119873,18.7672004699707,18.7716999053955,18.4710006713867,0.0073009999468922,0.0061289998702704,0.0082869995385408,0.0143839996308088,0.0434009991586208,115000.0,115000.0,115000.0,1.6892216E7,1.6892216E7,4.36527104E8,52.0,0.066945106,3.2043492441194163E18,1.0280068021392414E17,0,0.0,0.0,0.0,0.0,0.0,0.0,0.0,0.0,0.0,0.0,0.0,0.0,0.0,0.0,0.0,0.0,0.0,0.0,0.0,0.0,0.0,0.0,0.0,0.0,0.0,0.0,0.0,0.0,0.0,0,7.377988507504091,0.0624075109615204,68.0214843806747,-4.33028395060829,0.04478,0.04242,0.04735,7133.44,7.911936,7047.808921184227,166.14823386333774,167.60365144782554,7.762292509674323,0.067026733059631,0.0636858498878893,0.4605916934047189,0.0334826782326574,0.0335619113926884,1.1327964408816142,0.0208928766725138,0.0238093577856575,2.1345735607622345,1,0.2909007665739138,-0.0632346359277236,0.2915891519781789,,,,,,,11,0.0,0.0,H,3204349244120535808,2.1313152,13.413129,04320466-0419456,161109004901331,3204349244120535808,3204349244120535808,galah_main,697,0,10k_1,lbol,261,3499.2825,164.73769346745166,,,,4.208867,0.23839027009637456,,,17,-0.48305604,0.77988523,9.414774,2.8859867437271514,0.39106753,,,,32,0.5673878,0.28120732,,,,32,,,,32,,,,32,,,,32,,,,32,,,,32,,,,32,,,,32,,,,32,,,,32,,,0,0,,,,32,,,,32,,,,32,,,,32,,,0,0,,,,32,,,,32,,,,32,,,,32,,,,32,,,,32,,,,32,,,,32,,,,32,,,,32,,,,32,,,,32,,,,32,,,,32,,,,32,,,,32,,,,32,68.01957453745277,-4.3295509040521845,7.7110186307317905,0.08546619544701378,129.225187334689,127.80270155367,130.679116400075,408.366593708777,-10.521764214050293,0.9675354786190528,-10.681479,1.9683292,0,0.0409494,5.65500768213,9.07583597221,16.4011739832,31.0470274894,0,13.581357,10.992,0.026,10.371,0.026,10.127,0.019,AAA,9.981,0.021,AAAC,0.28458026614379894,0.030680983184573088,2.6298656,2.0110306365487554
3284868817084785024,2016.0,64.98857051225235,0.3141891062259674,5.381168350595982,0.2540723383426666,6.422784304475607,0.3855504691600799,16.658737182617188,72.16327667236328,-17.204739219230053,0.5254837274551392,-70.08234581891651,0.3667774498462677,31.0,0.9492847919464112,false,268.0,268.45717862147274,1.0050595998764038,267.1057434082031,19.61517906188965,30.0,162.43949231228356,11.615257263183594,13.985010147094728,19.811813354492188,30.0,144.17123049858284,5.285614967346191,27.27615165710449,19.350698471069336,0.0,0.0,0.0,0.0,0.0,1.1421215534210205,0.4611148834228515,0.196634292602539,0.2644805908203125,188.1915937410446,-30.078057208351098,64.05320696052631,-15.833556356713355,0.002955698757609,1902.994469513756,617.2028693103701,3.7574499906539744E-5,0.209999993443489,0.1299999952316284,0.2800000011920929,0.0,1.23767345055223E18,20.27229,19.78553,19.60275,19.56474,19.86066,0.05029532,0.01652962,0.01714083,0.02077724,0.08077481,3.5253360394768E13,2.75146506256E11,2.6846824E8,4.503599904621072E15,2.77250576E8,2.75280724496E11,0.012947202,3.284868817084785E18,1.23767345055223E18,1.1445064988575798E17,19.7661991119385,19.6014003753662,19.6131992340088,19.6175003051758,19.5172004699707,0.0098829995840787,0.0158329997211695,0.0108749996870756,0.0453840009868145,0.0608210004866123,1.6892216E7,115000.0,115000.0,115000.0,115000.0,4.36527104E8,52.0,0.009435475,3.2848688170847846E18,1.1445064988575798E17,0,0.0,0.0,0.0,0.0,0.0,0.0,0.0,0.0,0.0,0.0,0.0,0.0,0.0,0.0,0.0,0.0,0.0,0.0,0.0,0.0,0.0,0.0,0.0,0.0,0.0,0.0,0.0,0.0,0.0,0,5.549825158397844,0.0167957051583327,64.98857051225235,5.381168350595982,0.19617,0.14883,0.25206,8215.209,8.40746,7334.738561325507,200.74495005380595,216.07707432970165,7.859563560405164,0.0743103577069037,0.0721873323378741,0.4946385152917908,0.0397366415785342,0.0407664597477385,1.202423201900784,0.0349621431474174,0.0358697172890201,3.7358050021056153,0,0.3452358086753624,0.2325674656106946,0.3541829691376068,807.5977564530286,874.1393741930098,,807.597757209811,875.3417973949105,,11,DC,MWDD,mixed,3284868817084785408,1.6816025,13.676106,04195659+0522508,141104004301099,3284868817084785408,3284868817084785408,galah_main,1012,0,10k_3,lbol,0,4381.0317,105.62931580662072,4494.0,0.18,bay,4.5966225,0.19362186365448555,0.0026140213,0.09992699160118455,0,-0.006826073,0.9209651,6.7699075,2.3822050307675275,0.94369346,0.035139274409203954,0.05908549892172845,411.0,0,0.75177395,0.97273886,-0.8096036195755005,0.11356874676739775,1,1,,,,32,,,,32,-0.14385705947875937,0.08777037335471116,1,0,0.23036613464355504,0.16966082155704498,1,0,0.1074465179443358,0.09943424687082562,1,0,-0.06964847564697241,0.0896609404686483,1,0,-0.03585035324096708,0.1319674696236212,1,0,,,,32,0.09973796844482408,0.08524511836060682,1,0,,,0,0,0.08425158885620705,0.08862750076767761,51,0,,,,32,,,,32,-0.14066017150878896,0.12080007747251095,1,0,,,0,0,-0.05106313705444343,0.13752633089308125,1,0,0.14243645769383842,0.10992992636386895,12,0,-0.08012900905530038,0.10633792268480625,3,0,0.05374855041503945,0.10868790240930587,2,0,-0.10719954213469164,0.16505315824593406,3,0,-0.07035884857177743,0.13667249719947702,1,0,0.012285661697387873,0.14024977845031364,1,1,0.6124354934692384,0.2742125016838063,2,0,0.3806564331054689,0.14044041755950698,16,0,0.763579444885254,0.15111759714895243,2,0,,,2,32,-0.23120300292968743,0.13898925931953054,1,0,,,4,32,,,,32,,,,32,,,2,32,,,1,32,64.98569660742555,5.380446588494126,5.581413642558286,0.028536724163159898,178.247191172616,177.338280084889,179.165299558821,409.081070863491,-40.7599983215332,0.09799999743700027,,,0,0.251301,13.3087337391,25.0746588092,31.8870804772,47.5590336232,0,13.997155,11.67,0.023,11.036,0.022,10.876,0.024,AAA,10.839,0.022,AABU,0.10740623112487756,0.02856145694677443,2.2210681,1.1784541503694583
3462390466948151680,2016.0,182.08936255788504,0.1460162848234176,-35.545750893392146,0.111377365887165,9.467513010357305,0.1984126567840576,47.71627426147461,157.05430603027344,-156.09882178946077,0.2107836157083511,17.297813324209702,0.1597603410482406,31.0,0.9795796275138856,true,385.0,519.0567910710621,0.9495397806167604,546.640380859375,18.89933013916016,43.0,276.559592193156,7.034013271331787,39.31746673583984,19.23406982421875,43.0,312.7775252383741,6.801284313201904,45.98801040649414,18.50980758666992,0.0,43.0,0.0,43.0,0.0,1.1354000568389893,0.7242622375488281,0.3347396850585937,0.3895225524902344,293.1495718784427,26.50634354580574,197.6340229545657,-31.43836205859377,0.0054005944189187,1979.411343503392,837.7916204357371,2.8473340048852565E-7,0.0199999995529651,0.0199999995529651,0.0199999995529651,0.0,0.0,0.0,0.0,0.0,0.0,0.0,0.0,0.0,0.0,0.0,0.0,0.0,0.0,0.0,0.0,0.0,0.0,0.0,0.0,0.0,0.0,0.0,0.0,0.0,0.0,0.0,0.0,0.0,0.0,0.0,0.0,0.0,0.0,0.0,0.0,0.0,0.0,0.0,0.0,0.0,0.0,96895002,0.0,0.0,0.0,0.0,18.8368,18.7399,0.0,0.0,0.0,0.0,0.0202,0.0266,0.0,0.0,0.0,0.0,0.0,0.0,0.0,0.0,0.0,0.0,0.0,0.0,0.0,0.0,0.0,0.12663998,3.462390466948152E18,96895002,9.776836320045645,0.0172527622216439,182.08936255788504,-35.545750893392146,0.04448,0.04339,0.04565,6208.954,7.913209,6054.251666147575,114.26313998407204,117.04786367671112,7.901879613109058,0.0561374484142929,0.0538882633175408,0.5308772197607674,0.0315730365698935,0.0315214164236868,1.970150220046552,0.062337426324291,0.0646328524857948,2.5335973299329466,0,0.2743096139869113,0.5474128563055383,0.2738611331336826,53.46486806051979,76.19340081919701,482.3857542994088,53.46490440170552,78.16355103924356,482.38575862935176,11,DA,GaiaXP,H,3462390432588412672,2.0770082,13.74356,12082098-3533025,150207004101281,3462390432588412672,3462390432588412672,galah_main,5978,0,10k_0,lbol,256,3596.158,128.51837229596802,,,,4.565545,0.21348105525247946,,,17,-0.4199129,0.7953853,7.742553,2.636443986111843,0.9911291,,,,32,0.38225982,0.15425001,,,,32,,,,32,,,,32,,,,32,,,,32,,,,32,,,,32,,,,32,,,,32,,,,32,,,0,0,,,,32,,,,32,,,,32,,,,32,,,0,0,,,,32,,,,32,,,,32,,,,32,,,,32,,,,32,,,,32,,,,32,,,,32,,,,32,,,,32,,,,32,,,,32,,,,32,,,,32,,,,32,,,,32,182.08658225860995,-35.5506470110937,9.798587829371822,0.03134681049171077,101.756284697377,101.430299932084,102.084334094388,679.442376420622,-5.518095452880861,0.7410760219778946,,,0,0.0916819,6.38592700946,16.4254274866,23.147690439,44.6482049767,0,13.828403,11.412,0.023,10.815,0.024,10.593,0.023,AAA,10.427,0.02,AAAU,0.2827436147918705,0.028679237109263078,2.53598,1.11712072483327
3466208104461652736,2016.0,181.248302026569,0.1440470963716507,-33.17848332307787,0.1096296086907386,14.765259385105958,0.1992719769477844,74.09601593017578,98.8052215576172,32.26031536284498,0.2065309584140777,-93.3902798240246,0.1332157999277115,31.0,1.0027756690979004,false,447.0,541.299415414152,0.9541577100753784,567.3060302734375,18.85377311706543,49.0,257.2963245212256,6.782168865203857,37.93717575073242,19.31245803833008,49.0,404.5374194485796,8.895853996276855,45.47482681274414,18.230499267578125,0.0,0.0,0.0,0.0,0.0,1.222675919532776,1.0819587707519531,0.4586849212646484,0.6232738494873047,291.86023563314245,28.69278843990602,195.6496308639292,-29.65907739306109,0.0028693569533704,706.3615057238869,749.9380918490109,9.1922798034834E-5,0.0099999997764825,0.0099999997764825,0.0099999997764825,0.0,0.0,0.0,0.0,0.0,0.0,0.0,0.0,0.0,0.0,0.0,0.0,0.0,0.0,0.0,0.0,0.0,0.0,0.0,0.0,0.0,0.0,0.0,0.0,0.0,0.0,0.0,0.0,0.0,0.0,0.0,0.0,0.0,0.0,0.0,0.0,0.0,0.0,0.0,0.0,0.0,0.0,97081667,0.0,0.0,0.0,0.0,0.0,18.4469,0.0,0.0,0.0,0.0,0.0,0.0375,0.0,0.0,0.0,0.0,0.0,1.0,0.0,0.0,0.0,0.0,0.0,0.0,1.0,0.0,1.0,0.27276218,3.466208104461653E18,97081667,14.580026519248324,0.0157070117848129,181.248302026569,-33.17848332307787,0.02701,0.02668,0.02735,5043.838,7.903538,4997.251112612055,96.3506419552432,100.00754743575273,7.835366691118248,0.0751670391501093,0.079461067266326,0.4845861095821264,0.0406888562393472,0.0455804632465927,3.795472759274497,0.2234965331719101,0.3405053586915487,0.1089509567002317,0,0.3535087423053624,0.1452311866388056,0.3960074999703968,1861.242099542367,1939.967834574256,,1861.2421129610136,1943.7633073335296,,11,DA,GaiaXP,H,3466208108758248064,2.2372503,13.720052,12045936-3310309,160524002701316,3466208108758248064,3466208108758248064,galah_main,6144,0,10k_0,lbol,768,3484.5693,,,,,4.880483,,,,17,0.21803519,0.77753115,16.858023,,,,,,32,,,,,,32,,,,32,,,,32,,,,32,,,,32,,,,32,,,,32,,,,32,,,,32,,,,32,,,0,0,,,,32,,,,32,,,,32,,,,32,,,0,0,,,,32,,,,32,,,,32,,,,32,,,,32,,,,32,,,,32,,,,32,,,,32,,,,32,,,,32,,,,32,,,,32,,,,32,,,,32,,,,32,,,,32,181.2475636390388,-33.1756678088729,14.607662320426025,0.03113958313529771,68.32217365528,68.1760329936624,68.4689310189364,660.895126478585,,,,,0,0.0,19.0423242755,36.4882640276,53.5508150858,103.802002565,0,13.587822,11.236,0.022,10.67,0.022,10.435,0.019,AAA,10.186,0.02,AAAU,0.0,0.0,2.6812317,1.1143637545449294
3466700277649287424,2016.0,178.77583770970017,0.158937469124794,-33.570923389913965,0.1237398833036422,4.056384133593293,0.2175073623657226,18.64941024780273,8.016671180725098,-7.333710844150464,0.2476277500391006,-3.237854256963648,0.1683292984962463,31.0,0.9851903319358826,false,418.0,495.8164098089722,1.016658902168274,487.6919860839844,18.949064254760746,44.0,356.82066597671246,9.306234359741213,38.34210968017578,18.957416534423828,48.0,210.547818539944,7.235964298248291,29.097410202026367,18.93951797485352,0.0,2.0,0.0,2.0,0.0,1.1443116664886477,0.0178985595703125,0.0083522796630859,0.0095462799072265,289.6758993393694,27.8465702993896,193.73637622808724,-30.95866437803257,0.002398685602453,2270.8468689393803,762.9887971825463,2.296727659059E-4,0.1000000014901161,0.0900000035762786,0.1000000014901161,0.0,0.0,0.0,0.0,0.0,0.0,0.0,0.0,0.0,0.0,0.0,0.0,0.0,0.0,0.0,0.0,0.0,0.0,0.0,0.0,0.0,0.0,0.0,0.0,0.0,0.0,0.0,0.0,0.0,0.0,0.0,0.0,0.0,0.0,0.0,0.0,0.0,0.0,0.0,0.0,0.0,0.0,0,0.0,0.0,0.0,0.0,0.0,0.0,0.0,0.0,0.0,0.0,0.0,0.0,0.0,0.0,0.0,0.0,0.0,0.0,0.0,0.0,0.0,0.0,0.0,0.0,0.0,0.0,0.0,0.0,0.0,0,3.7688841582715726,0.0336334541610462,178.77583770970017,-33.570923389913965,0.10785,0.10363,0.11223,12290.32,8.171435,12480.993686978618,960.4003258778192,1213.8525697819896,8.066219023791792,0.1035687560354068,0.1059763120852412,0.6460639126204618,0.0634559785196847,0.0675420609804662,0.3866324881889861,0.0372319670217089,0.0305426423924194,0.3808884843815953,0,1.3149167778184272,2.3117711140545443,0.7201122102233071,0.526675786269889,0.970569358947084,10.585875071293248,0.527990154464372,1.35720184713607,10.585919132415103,1,DA,GaiaXP,H,3466700346370262272,1.4754992,13.659381,11550566-3334099,150205005001248,3466700346370262272,3466700346370262272,galah_main,6078,0,10k_8,lbol,1,4705.7144,119.46014652912476,4502.0,0.057,sfd,4.4594026,0.19538068749262452,0.013136864,0.11512719934050906,0,0.026704088,0.97291434,6.7709794,2.4729469095986674,0.722306,0.15420081952594153,0.06539164776440347,415.0,0,0.7673216,1.2179657,-0.393157172203064,0.13027825707837515,1,1,,,,32,0.23417041778564496,0.21773211799538778,1,1,0.17303747177124063,0.11837707861237728,1,0,0.06356754302978551,0.198869668838411,1,0,0.22005399703979478,0.12092644120966396,1,0,0.058362274169922124,0.11592466653913906,1,0,0.3957425880432126,0.16881223125425926,1,0,0.3401935768127444,0.13013861768420376,1,0,0.08165725708007798,0.10880088965172262,1,0,,,0,0,-0.13362150424095812,0.21111325624563168,17,0,,,,32,0.4764440155029295,0.3151726638042425,2,0,0.06175720214843761,0.15612168936928383,1,0,,,0,0,-0.10381896972656257,0.1928344662564882,1,0,0.3103581026426882,0.1269216301138645,12,0,-0.005096085750699348,0.1336514724432029,3,0,-0.09654582354246417,0.10531679970359242,3,0,-0.904434642791748,0.28095097708859673,2,1,0.2743705749511718,0.15844441457940353,1,0,0.44352598190307635,0.15486034090767042,1,1,0.19710842132568374,0.3752797631596286,2,0,-0.01925235748291021,0.19383201776706319,1,0,,,2,32,,,2,32,-0.21170131683349602,0.1789753556137028,1,0,0.823449592590332,0.23788043730143993,1,0,0.5219558334350585,0.18807465173389054,1,0,,,2,32,,,2,32,,,1,32,178.77356013727956,-33.569457057470494,3.772578113379272,0.04507095032645447,263.107537759207,260.000286686063,266.288595525301,644.68389949581,-1.5260000228881836,0.10000000149011612,0.6276182,2.2444425,0,0.0775352,16.0327933632,16.5423722129,26.6031568147,37.8730510353,0,13.7497,11.801,0.023,11.267,0.023,11.124,0.021,AAA,11.084,0.021,AAAU,0.09455418209838902,0.02859094769139741,2.0597324,2.218625336383177
3468670941788876800,2016.0,186.4807348982513,0.3368585705757141,-32.840319423613906,0.1990877985954284,2.768475217585643,0.4251731038093567,6.511407375335693,19.42014503479004,-19.413106794096887,0.5019814372062683,-0.5227964036563788,0.361185610294342,31.0,0.99663645029068,false,582.0,219.16808984348071,0.6065556406974792,361.3322143554688,19.835424423217773,62.0,148.26351174937167,5.746309757232666,25.801517486572266,19.91095733642578,59.0,93.16459339862736,6.590575695037842,14.136033058166504,19.82476806640625,0.0,0.0,0.0,1.0,0.0,1.101565957069397,0.0861892700195312,0.0755329132080078,0.0106563568115234,296.7613181782566,29.725538748359487,199.93160588119144,-27.3760424947123,0.0027616664600296,4265.467631637386,722.2451317510211,0.0013980749796092,0.1400000005960464,0.1299999952316284,0.1599999964237213,0.0,0.0,0.0,0.0,0.0,0.0,0.0,0.0,0.0,0.0,0.0,0.0,0.0,0.0,0.0,0.0,0.0,0.0,0.0,0.0,0.0,0.0,0.0,0.0,0.0,0.0,0.0,0.0,0.0,0.0,0.0,0.0,0.0,0.0,0.0,0.0,0.0,0.0,0.0,0.0,0.0,0.0,0,0.0,0.0,0.0,0.0,0.0,0.0,0.0,0.0,0.0,0.0,0.0,0.0,0.0,0.0,0.0,0.0,0.0,0.0,0.0,0.0,0.0,0.0,0.0,0.0,0.0,0.0,0.0,0.0,0.0,0,2.299412630428906,0.0173305214081062,186.4807348982513,-32.840319423613906,0.12159,0.11504,0.12866,11238.78,8.055666,11630.04854630203,1248.1467728898715,1810.857628717702,7.849720705514198,0.2152694290407595,0.1859060276570066,0.5206157227141224,0.1080749853398279,0.1089738145334947,0.3456556949182829,0.045267731160459,0.0194377048108841,0.6570041197583766,0,0.9389659890515014,0.4582599714519759,1.5567037484670097,115.45254138004816,116.8289784802379,,115.45255025454924,117.17463417515616,,11,0.0,0.0,H,3468670843005316864,0.9481764,12.990677,12255580-3250336,160520003101363,3468670843005316864,3468670843005316864,galah_main,6191,0,10k_40,lbol,0,5690.4316,91.21455207438875,5582.0,0.075,sfd,4.3301406,0.18166586920059058,0.14297819,0.07498080865147067,0,0.110258296,1.133549,6.9312587,2.278172209528942,0.5401863,-0.059429171102780835,0.04161998065984279,187.0,0,0.69391346,0.79529923,1.0853821754455566,0.09332241779896637,1,0,-0.1024367332458489,0.13509644285301245,1,1,-0.07090856552123981,0.14188990435600174,1,0,-0.02213531494140586,0.059479553524023315,1,0,-0.07884988784790004,0.08451112456461521,1,0,0.03073343276977525,0.07594682867944189,1,0,-0.0631921005249021,0.06422548435557252,1,0,-0.07120496749877958,0.0954005428748637,1,0,0.08688718795776396,0.08171046370854115,1,0,0.008975353240966655,0.06122128278494164,1,0,,,0,0,-0.04079209581521873,0.07163916889100073,23,0,-0.0069853019714356535,0.12568496868898316,8,0,-0.016561612530237694,0.1141390795684657,3,0,-0.13107383728027333,0.0854805069822566,1,0,,,0,0,-0.011583404541015696,0.08804394048334405,1,0,,,,32,-0.06075589778239659,0.0830315650006489,3,0,-0.08341719642280002,0.061686512038833276,3,0,-0.028787400584032508,0.1118167813385819,3,0,,,,32,,,1,32,-0.2619924338474048,0.1470152726663121,3,0,,,,32,,,2,32,,,2,32,-0.06541387557983391,0.09922534702064163,1,0,,,4,32,0.046605930328369016,0.14706714693694367,1,0,,,2,32,,,2,32,,,1,32,186.48237908766782,-32.8427122620448,2.2876198218632586,0.031131035195911157,431.771001133822,426.000210273315,437.697403552831,695.973200518468,14.647000312805176,0.10599999874830246,17.220682,5.5865207,0,0.0926896,33.4219349168,37.7433838113,38.4334366823,52.3433892879,0,13.1368685,11.768,0.021,11.419,0.024,11.314,0.021,AAA,11.3,0.022,AABU,0.03580169883727962,0.02988791490166774,1.4794797,0.9702380681009138
3488951502482649728,2016.0,183.92379694039505,0.518921971321106,-24.35763447782908,0.4355051517486572,8.414753834534189,0.6527858972549438,12.890525817871094,110.98125457763672,76.53097349075999,0.7963041663169861,-80.37318941103007,0.717388391494751,31.0,1.0561933517456057,false,355.0,134.45041301003744,0.6410869359970093,209.7225952148437,20.3659610748291,33.0,58.543784670112,5.550191879272461,10.548065185546877,20.91983985900879,39.0,97.13664825037192,5.211315631866455,18.639562606811523,19.779438018798828,0.0,0.0,0.0,1.0,0.0,1.1579022407531738,1.140401840209961,0.5538787841796875,0.5865230560302734,292.616224798945,37.79712310518861,193.6818957527184,-20.70772965563281,0.0190460160850569,8399.332358610682,603.1972343182833,0.0038236082296997,0.0199999995529651,0.0199999995529651,0.0299999993294477,0.0,0.0,0.0,0.0,0.0,0.0,0.0,0.0,0.0,0.0,0.0,0.0,0.0,0.0,0.0,0.0,0.0,0.0,0.0,0.0,0.0,7.877183923740131E16,20.8983001708984,20.3066997528076,20.0224990844727,19.9185009002686,19.8337993621826,0.0352099984884262,0.0240690000355244,0.0234079994261265,0.0332610011100769,0.0353999994695187,115000.0,115000.0,115000.0,115000.0,115000.0,4.36527104E8,52.0,0.037642397,3.4889515024826496E18,7.877183923740131E16,103829610,0.0,0.0,20.7763,20.3256,20.0981,0.0,0.0,0.0,0.0178,0.0252,0.0229,0.0,0.0,0.0,0.0,0.0,0.0,0.0,0.0,0.0,0.0,0.0,0.0,0.0,0.0,0.0,0.0,0.27176943,3.4889515024826496E18,103829610,8.119968557993106,0.0159214858113726,183.92379694039505,-24.35763447782908,0.04493,0.04116,0.04957,5071.124,8.13247,4983.177314084658,64.66072577967498,61.45084338543438,7.971723546293651,0.0461141928276083,0.0445303206059275,0.5624608839098808,0.0277786480390479,0.027511390829552,5.657572635983364,0.2399125013484848,0.2377583413315758,3.8142101857958,0,0.2413435972115372,0.8218148037348465,0.239021640569522,13.407426379439633,22.67877113352338,45.33065936262053,13.409572704914837,28.336343769506744,45.3312828770465,11,0.0,0.0,H,3488951472418386432,1.9084377,13.256823,12153717-2421578,160328003201397,3488951472418386432,3488951472418386432,galah_main,6505,0,10k_1,lbol,256,3911.0486,116.22614843554524,3941.0,0.0,bay,4.537859,0.2030844600287766,0.19480705,0.2243745080101414,16,0.09590984,0.8457678,6.359511,2.7042592108464136,0.5465105,,,,32,0.5741448,0.7509461,,,,32,,,,32,,,,32,,,,32,,,,32,,,,32,,,,32,,,,32,,,,32,,,,32,,,0,0,,,,32,,,,32,,,,32,,,,32,,,0,0,,,,32,,,,32,,,,32,,,,32,,,,32,,,,32,,,,32,,,,32,,,,32,,,,32,,,,32,,,,32,,,,32,,,,32,,,,32,,,,32,,,,32,183.90528267532162,-24.36649190692601,8.116252136170747,0.02963592675346221,122.773815344184,122.325359208776,123.225512856609,581.344020336078,-16.809916993850706,0.687851580520778,-16.476606,1.4260485,0,0.107875,6.29441280041,14.4772497204,19.8701075213,35.3956005282,0,13.510711,11.054,0.021,10.383,0.025,10.224,0.021,AAA,10.168,0.02,AAAU,0.12393034318542548,0.029390340884043426,2.50779,1.1770235397768576
3491749111035692288,2016.0,175.5277993019967,0.2670037448406219,-24.55175752097618,0.1876899152994156,4.9029615196601055,0.3574271500110626,13.71737289428711,27.923480987548828,-26.92855176347188,0.3656329810619354,-7.387415624144015,0.2505694925785064,31.0,1.0272668600082395,false,540.0,234.9488480104552,0.6661098003387451,352.7178955078125,19.759933471679688,65.0,152.14982426723648,7.887753486633301,19.28937339782715,19.88286399841309,67.0,148.6926108501318,7.216025352478027,20.60588836669922,19.31717109680176,0.0,0.0,0.0,1.0,0.0,1.2804592847824097,0.5656929016113281,0.1229305267333984,0.4427623748779297,283.4445832231119,35.68280860079004,186.3060115628448,-24.169663471940883,0.0022638577748486,1471.2909894729091,607.3352628386726,2.121413761005E-4,0.0399999991059303,0.0399999991059303,0.050000000745058,0.0,0.0,0.0,0.0,0.0,0.0,0.0,0.0,0.0,0.0,0.0,0.0,0.0,0.0,0.0,0.0,0.0,0.0,0.0,0.0,0.0,7.853175527910827E16,19.806999206543,19.5571002960205,19.6625003814697,19.6121006011963,0.0,0.0100870002061129,0.0275430008769035,0.0224479995667934,0.058398999273777,0.0,115000.0,1.6892216E7,115000.0,1.6892216E7,16416.0,4.36527104E8,52.0,0.06319752,3.491749111035692E18,7.853175527910827E16,0,0.0,0.0,0.0,0.0,0.0,0.0,0.0,0.0,0.0,0.0,0.0,0.0,0.0,0.0,0.0,0.0,0.0,0.0,0.0,0.0,0.0,0.0,0.0,0.0,0.0,0.0,0.0,0.0,0.0,0,5.512322034428811,0.0160914411564653,175.5277993019967,-24.55175752097618,0.07386,0.069,0.07888,6686.001,7.703473,7190.677760763562,213.6767385183948,221.18332939344785,7.970137860087004,0.0790730560324162,0.0762194901047941,0.5744920715516286,0.0458460340968083,0.0462327862654922,1.4024351908898838,0.0488319413325748,0.052106914075638,4.91516458776049,0,0.3983148053588903,0.9263429326813956,0.7549013341379922,12.9324695485427,14.946974046699236,69.19706869227184,12.932561740911137,16.349409237589118,69.19708831109502,11,DA,GaiaXP,H,3491749042317484672,1.4789076,12.96893,11420724-2433096,170530002101349,3491749042317484672,3491749042317484672,galah_main,6459,0,10k_1,lbol,64,4398.3535,112.28055668698674,4309.0,0.0,bay,4.40152,0.19368752205348688,-0.109298706,0.11169555119953349,0,-0.1843741,0.9237366,21.80617,2.559626088193052,1.456919,0.14917269984471443,0.05479072547804454,415.0,0,0.6717782,0.8824393,-0.24257164001464848,0.11884421966341965,1,0,,,,32,,,,32,-0.3302894210815426,0.09670155028499876,1,0,0.019961738586426137,0.15433549608298444,1,0,0.023532714843749858,0.10602287280876965,1,0,0.2742522048950198,0.09743236155892031,1,0,-0.24934226989746122,0.14294916248639963,1,0,0.0073865127563479405,0.11392453748770871,1,0,-0.15881076812744155,0.09232254215665028,1,0,,,0,0,0.1783546010340461,0.09589823556401732,51,0,,,,32,,,,32,0.0754138183593751,0.13135115827589325,1,0,,,0,0,0.017542762756347585,0.153507483358312,1,0,0.6633514404296879,0.12526777386665344,2,0,0.18526412963867145,0.16690841761931566,2,0,0.12265860400119903,0.09556759933741558,3,0,-0.23181768417358395,0.22809955877305732,2,1,,,,32,0.5274981975555422,0.14496160148497694,1,1,-0.26102122306823716,0.3036971717876037,2,1,,,16,32,,,2,32,,,2,32,0.16074283599853523,0.15091426906436528,1,0,,,4,32,,,,32,,,2,32,,,2,32,,,1,32,175.5300424320321,-24.552745396770288,5.505291345255298,0.02542595537114648,180.697961650933,179.865304888393,181.538225113945,540.874525621861,83.58200073242188,0.21899999678134918,,,0,0.055128,15.6853692131,22.2260963164,32.6652511972,47.5383060499,0,13.29877,11.098,0.024,10.498,0.023,10.341,0.019,AAA,10.273,0.021,AAAU,0.1331101330718997,0.02859094769139741,2.2960315,1.2150628227632239
3496380597611439744,2016.0,190.31524584392045,0.1119133979082107,-26.74507640324001,0.0753305330872535,4.860996230484753,0.1306052654981613,37.21899032592773,21.48192977905273,-20.60115988016368,0.1478839516639709,-6.088145092367916,0.1050497367978096,31.0,1.175495147705078,false,267.0,1508.1263945783962,2.153333902359009,700.3681030273438,17.74127197265625,34.0,1182.6990420439663,12.686147689819336,93.22759246826172,17.656356811523438,34.0,665.4611461151779,20.256017684936523,32.852516174316406,17.690088272094727,0.0,0.0,0.0,0.0,0.0,1.2254676818847656,-0.033731460571289,-0.0849151611328125,0.0511837005615234,300.1207756179917,36.07111869569661,200.34143294107565,-20.44324187710886,0.0016588453768877,1260.0801007475638,640.1211811156031,1.750995511900524E-5,0.1000000014901161,0.1000000014901161,0.1099999994039535,0.0,0.0,0.0,0.0,0.0,0.0,0.0,0.0,0.0,0.0,0.0,0.0,0.0,0.0,0.0,0.0,0.0,0.0,0.0,0.0,0.0,7.590190315354619E16,17.5540008544922,17.7024993896484,18.1124992370605,18.1364002227783,0.0,0.0331160016357899,0.0020630001090467,0.0151829998940229,0.0260569993406534,0.0,115000.0,115000.0,1.6892216E7,1.6793912E7,16416.0,4.44915712E8,53.0,0.09744938,3.49638059761144E18,7.590190315354619E16,0,0.0,0.0,0.0,0.0,0.0,0.0,0.0,0.0,0.0,0.0,0.0,0.0,0.0,0.0,0.0,0.0,0.0,0.0,0.0,0.0,0.0,0.0,0.0,0.0,0.0,0.0,0.0,0.0,0.0,0,4.7220736449555245,0.0146101638026276,190.31524584392045,-26.74507640324001,0.0941,0.09203,0.09616,17304.97,8.016544,12990.879264999843,498.1793920172077,561.3948146656603,7.556966041267073,0.0570678745030832,0.0605392178424075,0.3902844006711217,0.0236481124255942,0.0264390394954437,0.1623679315434986,0.009701666117104,0.0095479418548694,5.019212742191231,0,0.2054571018731035,-0.6740712365671424,0.2297049478318307,,,,,,,11,DA,GaiaXP,H,3496379841697195008,1.1176872,12.44257,12411589-2644474,160423003801193,3496379841697195008,3496379841697195008,galah_main,6473,0,10k_23,lbol,0,5091.407,88.78496884703479,5195.0,0.07,bay,4.5114484,0.18240556191819368,0.22523642,0.06874073394775014,0,0.20031938,1.0346252,6.041515,2.2333469558248695,1.2840753,0.02315181435436909,0.03077118908982222,447.0,0,0.7629708,2.910368,-0.1771152496337891,0.08728550417160919,1,1,0.28928117752075266,0.1270000724555592,1,1,-0.20870115280151325,0.1310822498267084,1,0,0.08449596405029336,0.05280130334738922,1,0,0.18887701034545934,0.07319669242898205,1,0,0.09748825073242173,0.0695312151680105,1,0,-0.020160408020019283,0.057969227437113656,1,0,-0.22932941436767607,0.08621146591650497,1,0,-0.11498992919921847,0.07494999339201228,1,0,-0.01178804397583022,0.05503917990363018,1,0,,,0,0,0.03977734833163589,0.05038730923348226,55,0,0.08169200183064994,0.08103417410309692,9,0,0.25350083398127965,0.10494659574511694,3,0,-0.007670288085937393,0.07654648879578571,1,0,,,0,0,0.16336147308349602,0.0766969172011714,1,0,-0.0908236570596337,0.08275612415995254,12,0,-0.06897263917099178,0.07635190492291791,3,0,0.14209077352201588,0.05658607254896592,3,0,-0.0010667680136835739,0.09860091108386326,3,0,,,,32,0.08513374328613299,0.11507712699132691,1,1,0.024052295684814595,0.1588501049705666,2,0,0.07427289618875393,0.10213785181763303,9,0,,,2,32,,,2,32,-0.31093255996704094,0.08921543657637568,1,0,0.5386514854431153,0.12211705211439756,2,0,0.2574032402038573,0.13965359012465883,1,0,,,2,32,,,2,32,,,1,32,190.31609878778931,-26.7465506690014,4.673882063249697,0.03610761143573463,212.656582337589,211.023787803897,214.31438372996,656.700510412102,16.341999053955078,0.07100000232458115,15.40787,1.2086438,0,0.0691552,29.4178646964,42.2100283221,49.6733825437,48.8508208547,0,12.739313,11.073,0.026,10.642,0.025,10.497,0.023,AAA,10.535,0.02,AAAU,0.02478618209838854,0.029390340884043426,1.8247489,0.9767139446640689
3540228743369046784,2016.0,173.8876391616799,0.0714691951870918,-22.99158154248791,0.0469908341765403,7.391155599986207,0.0787538811564445,93.851318359375,126.35699462890624,-124.83731111792991,0.0883432179689407,-19.538043967346564,0.0587581247091293,31.0,1.003368854522705,false,401.0,2419.070687391936,2.053480863571167,1178.0341796875,17.22824478149414,45.0,1788.86576531608,18.293222427368164,97.78844451904295,17.20709800720215,44.0,1043.757784701969,14.625075340270996,71.36768341064453,17.201396942138672,0.0,0.0,0.0,0.0,0.0,1.1709553003311155,0.0057010650634765,-0.0211467742919921,0.0268478393554687,281.03479045395306,36.63241700709397,184.0892221888176,-23.41291839027621,0.0015975395978732,782.4519367777069,595.5577970498724,3.6926639530013895E-10,0.0199999995529651,0.0199999995529651,0.0199999995529651,0.0,0.0,0.0,0.0,0.0,0.0,0.0,0.0,0.0,0.0,0.0,0.0,0.0,0.0,0.0,0.0,0.0,0.0,0.0,0.0,0.0,8.041173887832045E16,17.1630001068115,17.3362007141113,17.5090999603271,17.6721000671387,17.6865997314453,0.0128420004621148,0.0066189998760819,0.0265590008348227,0.0367240011692047,0.0167929995805025,115000.0,115000.0,115000.0,1.6892216E7,1.6892216E7,4.36527104E8,52.0,0.26143345,3.540228743369047E18,8.041173887832045E16,0,0.0,0.0,0.0,0.0,0.0,0.0,0.0,0.0,0.0,0.0,0.0,0.0,0.0,0.0,0.0,0.0,0.0,0.0,0.0,0.0,0.0,0.0,0.0,0.0,0.0,0.0,0.0,0.0,0.0,0,7.3102120391184355,0.0144106043194261,173.8876391616799,-22.99158154248791,0.04578,0.04523,0.04634,11629.31,7.847824,11421.79712122079,268.8125123590744,311.6216387656805,7.787995028721566,0.0398294279895905,0.0390951414925444,0.488430472589061,0.0205596521762715,0.0208592037186029,0.3364815056769263,0.0083404980905342,0.006425388422749,1.7988380976719922,1,0.1786242586991449,0.1786313865252919,0.1812267916472887,1420.662962453661,1422.5775015225674,,1420.662962478144,1422.9139830282445,,11,DA,GaiaXP,H,3540228743369046528,1.689743,13.333686,11353284-2259325,170508002601330,3540228743369046528,3540228743369046528,galah_main,6489,0,10k_2,lbol,264,3925.234,96.14266053210997,4123.0,0.0,bay,4.541222,0.19230830522087375,-0.109585285,0.1063798407150599,16,-0.36436355,0.8480375,8.296715,2.363124225100476,1.5322659,,,,32,0.6195451,3.602941,,,,32,,,,32,,,,32,,,,32,,,,32,,,,32,,,,32,,,,32,,,,32,,,,32,,,0,0,,,,32,,,,32,,,,32,,,,32,,,0,0,,,,32,,,,32,,,,32,,,,32,,,,32,,,,32,,,,32,,,,32,,,,32,,,,32,,,,32,,,,32,,,,32,,,,32,,,,32,,,,32,,,,32,173.88623664778316,-22.992495154054303,7.363493933247683,0.022523793335764423,135.274530176229,134.86051569714,135.691049038611,518.190142528796,10.11691812133789,0.5470352715533338,11.152754,3.1330197,1,0.0422895,16.8309129238,25.7103269454,40.7761508038,62.7272700931,0,13.778408,11.362,0.027,10.712,0.022,10.543,0.026,AAA,10.491,0.02,AAAU,0.1294379019470218,0.027294102053785345,2.4908657,1.1527003682287285
3579070056770023936,2016.0,189.24556101137625,0.3036770522594452,-9.380912953877406,0.1571421325206756,5.233301325934821,0.3262501060962677,16.0407657623291,64.42640686035156,-61.07572646452133,0.3989073038101196,20.50651577433137,0.2755822837352752,31.0,1.0061776638031006,false,465.0,288.22679063297136,0.73418128490448,392.5825805664063,19.53803062438965,54.0,174.64171648823842,5.731386661529541,30.471111297607425,19.73317146301269,48.0,146.23912433051976,6.515873908996582,22.44351577758789,19.33523750305176,0.0,1.0,0.0,1.0,0.0,1.113292932510376,0.3979339599609375,0.1951408386230468,0.2027931213378906,296.9555670763543,53.32301155367237,192.18475298717965,-4.961850012299643,0.0068175086720724,5032.909204798077,449.77186917769626,9.875518383608E-4,0.0299999993294477,0.0199999995529651,0.0299999993294477,0.0,0.0,0.0,0.0,0.0,0.0,0.0,0.0,0.0,0.0,0.0,0.0,0.0,0.0,0.0,0.0,0.0,0.0,0.0,0.0,0.0,9.67418924565632E16,19.6145000457764,19.5214996337891,19.6056995391846,19.6163005828857,19.7250003814697,0.0146000003442168,0.0089649995788931,0.0116600003093481,0.0246789995580912,0.0465329997241497,115000.0,115000.0,115000.0,115000.0,115000.0,4.36527104E8,52.0,0.18178761,3.579070056770024E18,9.67418924565632E16,106381463,0.0,0.0,19.6904,19.5977,19.6128,0.0,0.0,0.0,0.0102,0.0314,0.0214,0.0,0.0,0.0,0.0,0.0,0.0,0.0,0.0,0.0,0.0,0.0,0.0,0.0,0.0,0.0,0.0,0.14690143,3.579070056770024E18,106381463,4.837974128180825,0.0240402105493704,189.24556101137625,-9.380912953877406,0.05459,0.05198,0.05733,7773.428,8.040767,7802.983372297088,155.12501023179266,164.95073753529323,7.908158817709005,0.0508997374274091,0.050705857979457,0.5408554793679979,0.0285734086274235,0.0293761033071674,1.0500875931306837,0.0164901090395674,0.0185426093983813,3.510751157963475,0,0.2482485545388663,0.6341049467245699,0.2552224440240436,36.33289056032768,53.60218789678751,114.69587479089112,36.33289430244231,54.6522754899182,114.69587628976088,11,DA,GaiaXP,H,3579070056770819456,0.7805662,11.252839,12370062-0922561,160403003601340,3579070056770819456,3579070056770819456,k2_hermes,6719,0,10k_44,lbol,0,5835.8374,85.38600366021046,5943.0,0.02,bay,4.437758,0.1785326905940111,-0.23159552,0.0714222468135231,0,-0.2163806,1.1786985,8.672995,2.2528476551036625,0.7364807,0.055662835145811176,0.03341168450431406,159.0,0,0.5990536,1.230012,1.2635180473327636,0.08528324769395176,1,0,,,,32,0.1533508110046391,0.1276051811916302,1,0,0.06307500839233438,0.05075675720156539,1,0,0.07119646072387731,0.06983138988849408,1,0,0.08675130844116197,0.06746674451456067,1,0,0.06450679779052759,0.05602692949563287,1,0,0.009682350158691122,0.08333774649671385,1,0,0.014693565368652628,0.07278483909843576,1,0,0.11613210678100572,0.05309010551350424,1,0,,,0,0,0.06510012724303568,0.07384531117531543,19,0,0.0076108095967895905,0.06420828523902852,11,0,,,2,32,-0.0027607727050780184,0.07374627763742424,1,0,,,0,0,-0.06726463317871101,0.07325695778899892,1,0,0.5348567390441898,0.14905041734561358,8,0,-0.08496854782104535,0.10145750214757959,2,0,-0.01664072036743125,0.06822290630814108,2,0,0.06454246251767724,0.09448944559114153,3,0,,,,32,,,,32,-0.12572291374671607,0.12548706478147087,3,0,,,16,32,,,,32,,,,32,0.14588125228881843,0.086083153138708,1,0,0.5346164512634277,0.16769586329328265,1,0,,,1,32,,,2,32,,,2,32,,,,32,189.25236298185317,-9.382162659726392,4.8319809520548,0.048613676043818145,205.753142845616,203.69987664148,207.847469231339,541.881660660419,-3.6549999713897705,0.10499999672174454,-4.1874437,0.6642194,0,0.0,40.3948079965,43.7808006751,59.4573628627,63.9114462448,0,11.362427,10.257,0.026,9.945,0.023,9.927,0.024,AAA,9.892,0.02,AAAU,0.0,0.02798018237775127,1.4361043,1.1568342518186958
3581259592443040640,2016.0,183.75462616618856,0.3699808418750763,-9.68567973191031,0.3612191379070282,9.58691991346247,0.5474674701690674,17.511396408081055,60.35737228393555,-54.42985293471244,0.4298462569713592,-26.08454204954999,0.3814013302326202,31.0,0.9193217158317566,false,234.0,376.62918728768864,1.1649442911148071,323.30230712890625,19.2475814819336,24.0,247.7034072007841,19.59786796569824,12.639304161071776,19.35371208190918,24.0,242.95435735020249,13.35017204284668,18.19859313964844,18.78408432006836,0.0,1.0,0.0,1.0,0.0,1.3027608394622805,0.5696277618408203,0.1061305999755859,0.4634971618652344,288.20755201326887,52.14180375538562,187.30809622544817,-7.393508562363721,0.0098719607165649,3738.406501499608,429.0817265757498,1.0894385570907476E-6,0.0099999997764825,0.0099999997764825,0.0199999995529651,0.0,0.0,0.0,0.0,0.0,0.0,0.0,0.0,0.0,0.0,0.0,0.0,0.0,0.0,0.0,0.0,0.0,0.0,0.0,0.0,0.0,9.637183754701768E16,19.5937004089355,19.1795997619629,19.1023006439209,19.0823001861572,19.0618991851807,0.0188929997384548,0.0052029998041689,0.0220860000699759,0.0143600003793836,0.0191500000655651,115000.0,115000.0,115000.0,115000.0,115000.0,4.36527104E8,52.0,0.21570681,3.581259592443041E18,9.637183754701768E16,106123049,0.0,0.0,19.6507,19.2728,19.1299,19.0797,0.0,0.0,0.0141,0.0116,0.0218,0.0464,0.0,0.0,0.0,0.0,0.0,0.0,0.0,0.0,0.0,1.0,0.0,0.0,0.0,1.0,0.0,0.10387507,3.581259592443041E18,106123049,9.491275932627794,0.0329117382237112,183.75462616618856,-9.68567973191031,0.03152,0.03015,0.03312,6385.662,8.261456,5825.701832957646,72.8792030158229,75.19272963602361,7.977668093297757,0.0392220258405515,0.038,0.5733162833765189,0.0260359043787703,0.0232388818016691,2.443904590466888,0.070091369963531,0.0716987021986903,4.649384500488557,0,0.2262024707104285,0.9161275706039868,0.2171816617906837,8.192164446011382,15.530946640885915,25.114685729601007,8.192464288029356,17.974851231352805,25.1147880739719,11,0.0,0.0,H,3581259489363690240,1.6828041,12.696457,12145886-0941179,160403003101037,3581259489363690240,3581259489363690240,k2_hermes,6728,0,10k_1,lbol,256,4052.18,96.93267880367026,4152.0,0.0,bay,4.5970006,0.19357038662279255,0.061524868,0.09833574106865409,16,-0.16429698,0.86834884,6.5097075,2.3703065640414382,1.3999139,,,,32,0.6867981,2.8412442,,,,32,,,,32,,,,32,,,,32,,,,32,,,,32,,,,32,,,,32,,,,32,,,,32,,,0,0,,,,32,,,,32,,,,32,,,,32,,,0,0,,,,32,,,,32,,,,32,,,,32,,,,32,,,,32,,,,32,,,,32,,,,32,,,,32,,,,32,,,,32,,,,32,,,,32,,,,32,,,,32,,,,32,183.74502695207252,-9.688465113912649,9.646283175869879,0.07412654433895348,103.367028289386,102.57503293119,104.171127600279,499.47440737373,-1.320106531173706,0.5138297967532999,-1.389267,0.93644893,0,0.0750683,14.283982555,26.664509418,41.1849789806,44.7877477975,0,12.825375,10.674,0.023,10.07,0.024,9.932,0.025,AAA,9.886,0.02,AAAU,0.09547171984863352,0.028679237109263078,2.4565494,1.0900173380770364
3582221252800858880,2016.0,183.53774905271524,0.2001973539590835,-8.545354368907581,0.1935835033655166,2.074950360178637,0.2920140922069549,7.105651378631592,36.16899490356445,-35.92833386802474,0.2718459367752075,4.165451424543068,0.1807692348957061,31.0,1.025155544281006,false,321.0,624.627920688659,1.2312740087509155,507.3021240234375,18.69831275939941,36.0,472.60204956212255,10.871960639953612,43.46981048583984,18.65230369567871,35.0,208.756613557163,5.717387676239014,36.51258850097656,18.94879531860352,0.0,0.0,0.0,0.0,0.0,1.0908232927322388,-0.2964916229248047,-0.0460090637207031,-0.2504825592041015,287.4222637376377,53.19985719784064,186.6510441560376,-6.433954445873937,0.0023688386981606,4779.614922103953,418.8958102178685,1.1761047729668796E-5,0.1199999973177909,0.1099999994039535,0.1000000014901161,0.0,0.0,0.0,0.0,0.0,0.0,0.0,0.0,0.0,0.0,0.0,0.0,0.0,0.0,0.0,0.0,0.0,0.0,0.0,0.0,0.0,9.7741835378326E16,18.5093002319336,18.8826999664307,19.2150001525879,19.5013008117676,19.4890995025635,0.0040730000473558,0.0095979999750852,0.0247249994426966,0.0186759997159243,0.0389220006763935,115000.0,115000.0,115000.0,115000.0,115000.0,4.36527104E8,52.0,0.010195124,3.5822212528008586E18,9.7741835378326E16,106100822,18.2067,0.0,0.0,0.0,19.4162,0.0,0.0598,0.0,0.0,0.0,0.017,0.0,3.0,0.0,0.0,0.0,1.0,0.0,0.0,0.0,0.0,0.0,0.0,0.0,3.0,0.0,34.0,0.14478537,3.582221252800859E18,106100822,1.7427029367195928,0.0241873000594052,183.53774905271524,-8.545354368907581,0.09237,0.08742,0.09405,25206.17,7.906001,20892.95064027421,1658.1174445545694,1848.9063505642189,7.431047287591392,0.0989698778225269,0.1022508121908867,0.3747886117498929,0.0359031147674204,0.0407837742217339,0.0186786178935031,0.0018462716516985,0.0011469393975257,3.4161975107040528,0,0.3119297547126016,-0.8087001585587046,0.3543333989724924,,,,,,,11,0.0,0.0,H,3582221257096644864,0.9033108,13.861541,12140872-0832498,190209003601343,3582221257096644864,3582221257096644864,k2_hermes,6728,0,190209,lbol,0,5400.183,143.96607110754135,,,,4.4652762,0.19932506541715264,-0.015865326,0.14324521849203053,0,-0.062028475,1.0840293,6.440079,2.761343283717436,0.39702183,-0.04292207296780525,0.1020724542262311,6.0,0,0.7333293,0.61818063,0.4588781118392944,0.14319028135363132,1,1,0.5733964920043952,0.19914895772341368,1,1,0.38111160278320355,0.2477879754598008,1,0,-0.19280200958251914,0.1467962092666152,1,0,-1.0862599372863766,0.26046333082913864,1,1,-0.009878311157226705,0.13873679615014164,1,0,0.07902935028076197,0.13954976210138034,1,0,-0.11341745376586942,0.20140853962506847,1,0,-0.18323534011840792,0.14968732675600338,1,0,0.17146095275878892,0.1292583871350808,1,0,,,0,0,,,,32,,,,32,,,,32,0.08155214309692393,0.18721140496321836,1,0,,,0,0,-5.985069274903054E-4,0.2453428011098692,1,0,1.5109295272827152,0.25999063877937467,8,0,-0.5631842422485356,0.2238030021705583,2,0,-0.26685195922851523,0.16377500996013822,2,0,-0.22645803451538082,0.34945722853476546,2,1,,,,32,,,1,32,,,2,32,,,16,32,,,2,32,,,2,32,-0.10644809722900384,0.2143028069912044,1,0,,,4,32,0.9193423843383788,0.20106519584910004,1,1,,,2,32,,,2,32,0.7305704879760743,0.1524820476770401,1,0,183.53621496743256,-8.547170129018992,1.8333208872311662,0.03920023721531673,537.184280082237,526.02057450784,548.823078971695,499.008459796972,2.0510001182556152,0.14100000262260437,,,0,0.06752856,5.97978369408081,10.7945785559357,27.4501724510298,24.2361086934382,0,13.935476,12.709,0.026,12.391,0.024,12.32,0.024,AAA,12.293,0.025,AAUU,0.016523810897827826,0.03181370052617791,1.6374196,0.9753686189651489
3607186214065172480,2016.0,204.3742403787552,0.3472681045532226,-13.256329962551806,0.3001221120357513,3.815976140346508,0.407635748386383,9.36124038696289,24.38205909729004,-24.14108243628248,0.4441236853599548,-3.4194916012593115,0.3170185089111328,31.0,1.0120182037353516,false,216.0,303.98435867479657,1.3250612020492554,229.4115600585937,19.48023796081543,21.0,205.67039323362928,6.2154927253723145,33.08995819091797,19.55561256408692,22.0,136.3870960590509,7.625124454498291,17.886539459228516,19.41096305847168,0.0,0.0,0.0,0.0,0.0,1.1252470016479492,0.1446495056152343,0.0753746032714843,0.06927490234375,319.845356518184,48.0970786004273,207.4099728954696,-2.900376800040157,0.0028265378389393,3158.294598090533,483.8310269993618,0.0086987350443124,0.1199999973177909,0.0900000035762786,0.1500000059604644,0.0,0.0,0.0,0.0,0.0,0.0,0.0,0.0,0.0,0.0,0.0,0.0,0.0,0.0,0.0,0.0,0.0,0.0,0.0,0.0,0.0,9.209204374359283E16,19.4664993286133,19.5268001556396,19.7273998260498,19.851900100708,19.7019004821777,0.0224469993263483,0.0137200001627207,0.0179929994046688,0.0274330005049706,0.0650010034441948,115000.0,115000.0,115000.0,115000.0,1.6892216E7,4.36527104E8,52.0,0.03146231,3.607186214065173E18,9.209204374359283E16,105876641,0.0,0.0,19.3964,19.4756,19.7895,0.0,0.0,0.0,0.0115,0.0156,0.0277,0.0,0.0,0.0,0.0,1.0,0.0,0.0,0.0,0.0,0.0,0.0,0.0,0.0,1.0,0.0,14.0,0.20202711,3.607186214065173E18,105876641,3.181281287404633,0.0277970706794884,204.3742403787552,-13.256329962551806,0.11367,0.10612,0.1214,10544.78,8.177937,10647.777815967936,316.3339613064127,330.5624425140795,7.930661344575732,0.0587496808031007,0.0549212539510319,0.5618153865146205,0.0332859769076866,0.0324696872963105,0.491864093434088,0.007216447883269,0.0069431516934768,4.205398746396947,0,0.2891918063222122,0.81620665955361,0.2820998027481362,14.993339590984345,23.19478997920229,61.36484688399055,14.993341327659376,23.686654072636387,61.36484727678348,11,0.0,0.0,H,3607186218360334720,1.3643818,14.186683,13372920-1315188,170220004101289,3607186218360334720,3607186218360334720,k2_hermes,6648,0,10k_10,lbol,0,4689.1704,131.29920949545684,4727.0,0.08,bay,4.6358776,0.2023967065815775,-0.03501177,0.1288470824998316,0,-0.03432461,0.9702673,8.071771,2.541178522384615,0.54260087,0.048236690868421535,0.08173910432768862,411.0,0,0.7599253,0.6147586,-0.3173047780990601,0.13448431958973603,1,1,,,,32,0.4334115791320805,0.22733315470919968,1,0,-0.13580900192260703,0.12716778326775513,1,0,-0.04478034973144496,0.21756514514985004,1,0,0.09570201873779283,0.12661652644379154,1,0,-0.02962657928466772,0.12329926991997113,1,0,0.06815736770629854,0.17903559974645059,1,0,-0.5203897285461423,0.13636500919297484,1,0,0.11566003799438462,0.115250905598937,1,0,,,0,0,0.1611409223311099,0.12622083100042233,51,0,,,,32,0.6665065383911131,0.3337017720917086,2,0,0.025335426330566513,0.1658867026693172,1,0,,,0,0,-0.14702375411987312,0.20897271255071834,1,0,0.23104280471801797,0.2433856005713269,8,0,-0.07838285319651238,0.15139944067033417,3,0,-0.04147726058959922,0.14627098070789596,2,0,0.04188514709472635,0.37057085888775854,1,0,-0.052147960662841886,0.16401830482901747,1,0,0.4918927669525148,0.15840318975493434,1,1,0.46903768539428725,0.4043192601460494,2,0,,,16,32,,,2,32,,,2,32,0.05646188735961921,0.19005958827211278,1,0,,,4,32,,,,32,,,2,32,,,2,32,,,1,32,204.37156014918145,-13.255249992933592,3.3073150002717426,0.07614538375203984,299.977153410674,293.224479200539,307.042312595264,694.91773166451,-20.479999542236328,0.10400000214576721,,,0,0.0805438,9.9044668411,14.5991219059,24.7240766054,39.4473335604,0,14.486673,12.532,0.022,11.936,0.023,11.853,0.023,AAA,11.828,0.023,AABU,0.02570388093566949,0.029859705321590546,2.0694919,0.9792768665035844
3615852014958898176,2016.0,210.7356833501431,0.4348121285438537,-9.259536349308018,0.3625608384609222,8.614328095874365,0.4751544594764709,18.12953186035156,87.5391616821289,-65.97542985547518,0.4915544092655182,57.53561465347508,0.387844830751419,95.0,1.0535389184951782,false,224.0,230.8131711026313,1.0296272039413452,224.17160034179688,19.77921485900879,11.0,102.00048188201744,17.258678436279297,5.910098075866699,20.31703758239746,12.0,155.38344717494775,13.730326652526855,11.316805839538574,19.26938438415528,0.0,0.0,0.0,0.0,0.0,1.1151180267333984,1.0476531982421875,0.5378227233886719,0.5098304748535156,330.8598811943508,49.695124265244615,211.83955411145612,3.0390821659839635,0.0161582619909557,6641.4619588417445,504.839479487492,0.0082268825404182,0.0299999993294477,0.0299999993294477,0.0299999993294477,0.0,1.2376719580611218E18,21.49684,19.93426,19.21414,18.91977,18.7469,0.1747328,0.02224771,0.01743422,0.02098453,0.05534739,3.5219001709072E13,2.75146375184E11,2.78302736E8,4.503599896887312E15,2.75147558928E11,2.75146510864E11,0.05055559,3.615852014958898E18,1.2376719580611218E18,9.688210735788883E16,20.1615009307861,19.6460990905762,19.4514999389648,19.3383007049561,19.3448009490967,0.0177069995552301,0.0088950004428625,0.0173289999365807,0.0350689999759197,0.0371120013296604,1.6892216E7,1.6892216E7,1.6892216E7,1.6892216E7,1.6892216E7,4.44915712E8,53.0,0.23173541,3.6158520149588977E18,9.688210735788883E16,109763802,0.0,0.0,19.9854,19.5913,19.3278,0.0,0.0,0.0,0.0227,0.0389,0.0463,0.0,0.0,0.0,0.0,1.0,0.0,0.0,0.0,0.0,0.0,0.0,0.0,0.0,1.0,0.0,0.0,0.31402573,3.615852014958898E18,109763802,8.722170087179244,0.0143511123839159,210.7356833501431,-9.259536349308018,0.05196,0.04913,0.05516,5435.771,7.983562,5127.717592519393,96.1892042262616,102.3798756027154,7.726880945395226,0.0705958022226473,0.0682697155618257,0.4296647313512429,0.0353052375336688,0.0361263785699286,2.654041056157486,0.0525986402906997,0.0564955283764878,4.342197040515344,1,0.3067353391283132,-0.3319310916486266,0.3138694923538541,,,,,,,11,0.0,0.0,H,3615852087974226944,0.9077854,10.639148,14025472-0914444,150409007101173,3615852087973264512,3615852087974226944,k2_hermes,6642,0,10k_30,lbol,0,5380.6562,83.0755522731015,5481.0,0.0,bay,4.497149,0.1783446704726745,-0.29973745,0.05834193207460164,0,-0.29624507,1.0809051,4.2857656,2.2205268790865893,1.0689099,0.07214108940984604,0.023773378352774186,191.0,0,0.72440434,2.1242664,,,,32,,,,32,0.24905202865600629,0.10261364776233134,1,0,-0.053930816650390234,0.03768014698325661,1,0,0.08471574783325231,0.04967430283110816,1,0,0.10601696014404283,0.0526210127207456,1,0,0.07406499862670923,0.043195920594316206,1,0,-0.020630187988281534,0.06402692861570837,1,0,0.007995910644531534,0.057391144836408475,1,0,0.02819761276245103,0.03974055611452136,1,0,,,0,0,0.09758656440816947,0.043661807362132175,23,0,0.10509033636920924,0.03465372171946763,15,0,0.026115665435790802,0.11138239183278464,2,0,-0.09061086654663075,0.05483037512902478,1,0,,,0,0,-0.043689327239990305,0.051744732443493695,1,0,0.33827871322631875,0.11909934992734707,8,0,-0.07902638672266402,0.0579752523734661,3,0,-0.030498462614093544,0.042916010151241885,3,0,0.0030626146480128664,0.06725343796276037,3,0,,,,32,,,,32,-0.3561339122921637,0.0965346286996844,3,0,,,,32,,,,32,,,,32,-0.16415540695190423,0.06500544735921619,1,0,,,,32,0.024288163185119505,0.11650923071242203,1,1,,,,32,,,2,32,,,,32,210.72773842348283,-9.245421619045613,8.67576312899917,0.06343961198453629,114.890887312812,114.05321294734,115.740734960705,736.369765004655,-4.104000091552734,0.09200000017881393,-3.8685222,1.2202941,0,0.0,45.0978457031,57.8828137811,76.6642698443,69.891088449,0,10.874554,9.517,0.024,9.12,0.021,9.068,0.021,AAA,9.064,0.02,AAAU,0.0,0.026621999714268433,1.6864375,1.066162985738859
3620756734467444224,2016.0,208.1655566424637,0.5194347500801086,-5.850019794360178,0.3900856673717499,7.369782017762055,0.5819026827812195,12.664974212646484,41.67803192138672,6.993440417725783,0.588529646396637,-41.08710499928375,0.5224355459213257,31.0,1.1231318712234497,false,186.0,242.2865011998757,1.1782783269882202,205.6275634765625,19.726543426513672,23.0,125.10258553625157,8.366015434265137,14.95366382598877,20.09537696838379,21.0,197.62670882347183,11.424345970153809,17.29873275756836,19.008281707763672,0.0,0.0,0.0,0.0,0.0,1.3320151567459106,1.0870952606201172,0.3688335418701172,0.71826171875,329.3653597428775,53.8497748186902,208.25668803961847,5.351590778525416,0.0061260734425978,2879.1119200515614,452.6366581533504,4.742904156370724E-5,0.0299999993294477,0.0299999993294477,0.0299999993294477,0.0,1.2376719569856102E18,23.14859,20.61555,19.75232,19.32992,19.3488,0.4818971,0.02554568,0.01805323,0.01788218,0.06698385,3.525339473512E13,2.75179896848E11,2.75180945424E11,4.503599930408976E15,3.03071248E8,2.75179929616E11,0.03901168,3.620756734467444E18,1.2376719569856102E18,1.0098208165582051E17,20.3052005767822,19.6471996307373,19.3684005737305,19.2292995452881,19.0550003051758,0.0126010002568364,0.0341099984943867,0.0146719999611378,0.0234919991344213,0.0297129992395639,115000.0,1.6892216E7,115000.0,115000.0,1.6892216E7,4.36527104E8,52.0,0.014361219,3.620756734467444E18,1.0098208165582051E17,110117092,0.0,0.0,0.0,0.0,19.4628,0.0,0.0,0.0,0.0,0.0,0.1428,0.0,0.0,0.0,0.0,0.0,0.0,0.0,0.0,0.0,0.0,0.0,0.0,0.0,0.0,0.0,0.0,0.35015583,3.620756734467444E18,110117092,7.626118956758043,0.0205393202076256,208.1655566424637,-5.850019794360178,0.05045,0.04741,0.05387,4998.029,7.381805,4582.112528733252,54.985350344799016,54.985350344799016,7.04060843314764,0.038,0.038,0.199993867056227,0.0010247477835257,-0.0010247437568989,0.7087190079078893,0.3792762767541207,0.7356515214446888,6.622009816787687,0,0.0089031084580866,-2.3273339091552794,0.0089030734743609,,,,,,,11,0.0,0.0,H,3620756768827183232,0.9148102,10.348992,13524035-0550395,150429002101228,3620756768827183232,3620756768827183232,k2_hermes,6646,0,10k_33,lbol,0,5580.726,72.67188360885369,5549.0,0.0,bay,4.4102573,0.1769505327401748,0.3572626,0.045312174695051013,0,0.3465921,1.1106793,6.174589,2.0945363615831583,4.779647,-0.03198898634719243,0.013803989609089967,447.0,0,0.7382478,8.157917,,,,32,-0.19180221557617116,0.059046016574493126,1,0,-0.23044635772705035,0.06596549931764906,1,0,0.016041221618652735,0.024810597960870213,1,0,-0.0010677337646480822,0.03366578796703831,1,0,0.09157070159912095,0.030813250795363047,1,0,-0.079291076660156,0.02912476619001967,1,0,-0.09349710464477567,0.041589617450207776,1,0,-0.06785934448242159,0.03566302289393275,1,0,0.013769950866699077,0.023185163354133995,1,0,,,0,0,0.01630598031700807,0.022632970962214217,53,0,-0.018907190001382603,0.025096457358069292,11,0,-0.16353868484497092,0.06259791776566656,1,0,0.07531558990478526,0.032455427040811204,1,0,,,0,0,0.09166900634765618,0.032088265930179306,1,0,0.038877924355809605,0.031672340170647365,12,0,0.10752118172654163,0.031733576813585004,3,0,0.13765723826332762,0.025438802346768298,3,0,-0.04299522379839099,0.03726625729362977,3,0,,,,32,,,,32,-0.12968771942912616,0.054177592758775865,3,0,,,,32,,,,32,,,,32,-0.15286724090576165,0.040398640723732664,1,0,0.22923709869384767,0.06780456553528694,2,0,0.19375072479248034,0.06769427397306389,1,0,,,,32,,,,32,,,,32,208.16815589575424,-5.844461090747864,7.577013867536244,0.04624329152478438,131.483716530132,130.683060167747,132.294067271991,697.663167894115,1.4839999675750732,0.09799999743700027,2.0781832,0.47182953,0,0.0312751,88.1434788926,105.165146433,129.208492411,135.543222112,0,10.434032,9.216,0.021,8.911,0.026,8.831,0.024,AAA,8.821,0.019,AAAB,0.009180231124878176,0.02956188101545733,1.5903169,0.9544691901347564
3797377055378494720,2016.0,173.63927465237984,0.4728239774703979,0.4874194941606034,0.3077375888824463,4.184282274441973,0.4747229814529419,8.814155578613281,16.92494773864746,-16.126194313883857,0.6098732948303223,-5.13806652932996,0.4669413864612579,95.0,0.9966022968292236,false,252.0,208.5538677949767,1.0131694078445437,205.8430328369141,19.88932037353516,20.0,142.9068589183778,10.364175796508787,13.788540840148926,19.950908660888672,20.0,114.38242802138468,9.945635795593262,11.500765800476074,19.60199737548828,0.0,1.0,0.0,1.0,0.0,1.233682632446289,0.3489112854003906,0.0615882873535156,0.287322998046875,265.0398280199164,57.58943239008992,173.96737070867897,-2.0781211388306446,0.0028367363960332,2456.137332099677,392.7943995507977,0.0013403846399234,0.0399999991059303,0.0299999993294477,0.050000000745058,0.0,1.2376746509996524E18,25.99994,17.89653,16.99564,16.1395,23.63324,6.59808,0.0329776,0.01766316,0.01238396,6.131339,1.231522012467472E15,9.007199666213168E15,2.77254416E8,4.573968641462289E15,2.7514676968E11,9.007199666213168E15,0.13457088,3.797377055378495E18,1.2376746509996524E18,1.0858173639401533E17,19.4638004302979,19.7247009277344,19.6060009002686,19.2926998138428,19.1331996917725,0.0473430007696152,0.0348920002579689,0.0361299999058247,0.0559540018439293,0.0540699996054173,115000.0,1.6793912E7,1.6892216E7,1.6892216E7,1.6793904E7,4.44915712E8,53.0,0.13401435,3.797377055378495E18,1.0858173639401533E17,0,0.0,0.0,0.0,0.0,0.0,0.0,0.0,0.0,0.0,0.0,0.0,0.0,0.0,0.0,0.0,0.0,0.0,0.0,0.0,0.0,0.0,0.0,0.0,0.0,0.0,0.0,0.0,0.0,0.0,0,4.126835651653327,0.0155850755495118,173.63927465237984,0.4874194941606034,0.05641,0.05244,0.06067,8188.433,8.071682,6286.580228194279,268.7260952633933,332.96823626592686,7.206766889594026,0.1402907105049751,0.1606197580901813,0.2417784107510108,0.0373290889116523,0.0515486607223086,0.8284171847517678,0.0636610533404421,0.0489560066914392,4.895308881804026,1,0.3243187568345114,-1.9643057276193647,0.4478597803849573,,,,,,,11,0.0,0.0,H,3797377059673423104,0.68120384,10.779878,11343409+0029117,150409005601119,3797377059673423104,3797377059673423104,k2_hermes,6630,0,10k_52,lbol,0,6116.6016,74.97721891176488,6238.0,0.0,bay,4.2983866,0.17716749840518395,-0.03548765,0.05290169402188361,0,-0.0067382082,1.3137392,8.875481,2.1336361910111177,1.2730767,0.027306652500420327,0.02063869699231124,155.0,0,0.5752307,2.773937,1.638230037689209,0.05275062424628059,1,0,0.13838701248169016,0.07837004598067869,1,0,0.04941843032836957,0.07952396267762989,1,0,0.06931251525878945,0.028515547820339777,1,0,0.01586093902587926,0.03760363113220277,1,0,-0.01959911346435561,0.03888919906907856,1,0,0.032500534057617436,0.03348356235026252,1,0,-0.03577501296997099,0.048805599754152836,1,0,-0.04914300918579073,0.043528243062910824,1,0,0.063501682281494,0.028732116339713974,1,0,,,0,0,0.031931409045465056,0.036550865684423756,19,0,-0.024841321658948142,0.04735305037670056,9,0,,,,32,-0.025750999450683487,0.03973368779596347,1,0,,,0,0,0.04175893783569329,0.037457052905545185,1,0,,,,32,-0.05324548109529584,0.046411163987668695,3,0,0.024151268005371485,0.03731319439699841,2,0,-0.009027990192119712,0.04660136935478024,3,0,,,,32,,,,32,0.07974189762322383,0.06605796506783211,3,0,,,,32,,,,32,,,,32,0.12508161544799812,0.04833637072739207,1,0,,,,32,,,,32,,,,32,,,,32,,,,32,173.64198770493326,0.4865836408681921,4.158714905604354,0.047512808844862475,238.837660899781,236.137218264824,241.599450527584,418.365040104101,-11.916999816894531,0.08900000154972076,-11.457075,0.66433984,0,0.0,65.7771158462,79.7115014829,100.717425321,91.2604288623,0,10.948178,9.938,0.021,9.681,0.024,9.657,0.023,AAA,9.638,0.02,AAAU,0.0,0.028679237109263078,1.2942083,1.0330600466695583
3813067124961343104,2016.0,173.91097822043417,1.3363975286483765,4.906247997716545,0.9198062419891356,7.600300995275334,1.1997510194778442,6.334898471832275,65.03575897216797,-64.19491399449063,2.0909457206726074,10.424154096220889,1.9596705436706543,95.0,0.8380693197250366,false,108.0,103.94571128124544,1.158415913581848,89.73091125488281,20.64534950256348,10.0,51.60674593533837,6.837502479553223,7.547601699829102,21.05677604675293,8.0,104.39734863855809,18.77955818176269,5.559094905853272,19.701171875,0.0,0.0,0.0,0.0,0.0,1.5008227825164795,1.3556041717529297,0.4114265441894531,0.9441776275634766,260.4729622146023,61.36308822277176,172.46852233547386,2.087705468839332,0.0050710723981756,2581.8673073420614,359.0535516153159,0.0408722742699059,-99.0,1.0E20,1.0E20,999999.0,0.0,0.0,0.0,0.0,0.0,0.0,0.0,0.0,0.0,0.0,0.0,0.0,0.0,0.0,0.0,0.0,0.0,0.0,0.0,0.0,1.1388173911099795E17,21.1982002258301,20.5284996032715,20.2273998260498,20.1445007324219,19.9204998016357,0.0192300006747246,0.0322090014815331,0.0172830000519753,0.0236659999936819,0.113558001816273,1.6892216E7,1.6892216E7,1.6892216E7,1.6892216E7,115000.0,4.44915712E8,53.0,0.046895687,3.813067124961343E18,1.1388173911099795E17,0,0.0,0.0,0.0,0.0,0.0,0.0,0.0,0.0,0.0,0.0,0.0,0.0,0.0,0.0,0.0,0.0,0.0,0.0,0.0,0.0,0.0,0.0,0.0,0.0,0.0,0.0,0.0,0.0,0.0,0,7.052034139338644,0.014747422015535,173.91097822043417,4.906247997716545,0.0345,0.02985,0.0413,0.0,0.0,4790.712135577531,77.43568331338156,86.87502768715058,7.770592352545906,0.0685691845143647,0.0734214447446444,0.4483644038910234,0.035414036903988,0.039826515931816,4.1754444477366,0.3167458498283841,0.4131396726062206,3.043666563682084,0,0.307680598644553,-0.1694665170197784,0.3460166458020508,,,,,,,11,0.0,0.0,H,3813067124961517184,1.213274,12.141784,11353960+0454095,150409006101259,3813067124961517184,3813067124961517184,k2_hermes,6631,0,10k_11,lbol,0,4732.0327,95.85405920505357,4809.0,0.0,bay,4.571909,0.1865958165369818,-0.12122679,0.0778507031616899,0,-0.15800312,0.9771253,6.130233,2.279920235431192,0.9630455,0.0641930336045317,0.04266346749495785,414.0,0,0.76213884,1.4320765,-0.44585468173027043,0.0980229573023632,1,1,,,,32,,,,32,-0.13529020309448203,0.065225288798068,1,0,,,,32,0.1535733604431151,0.0811352701409151,1,0,0.11056640625000025,0.06951588754029853,1,0,-0.08307392120361357,0.10310092187065723,1,0,0.03404695510864286,0.08721025670291127,1,0,-0.09073606491088881,0.0663499280665953,1,0,,,0,0,-0.005312903127362232,0.09643007261470322,19,0,,,,32,0.25430131912231424,0.19145249017768984,2,0,-0.08308208465576161,0.09294638040594914,1,0,,,0,0,-0.2055378723144532,0.09792553230293492,1,0,-0.09056785010146887,0.09393250120199619,12,0,-0.08663804587999036,0.08832904407475185,3,0,0.04008785766431203,0.06575742436733073,3,0,-0.061528818984472544,0.12295682072369672,3,0,0.18222703933715811,0.11700810079425954,1,0,,,,32,-0.1781714820861815,0.19981843634708682,2,0,-0.06503492355346685,0.15659569659604067,1,0,,,2,32,,,2,32,-0.11081163406372063,0.107607384232284,1,0,,,,32,0.3770006752014159,0.1526743266995355,1,0,,,2,32,,,2,32,,,1,32,173.91464395706262,4.902718472211789,7.037658170597807,0.04833463957051918,141.520533669471,140.551750949572,142.502522811206,405.125066489566,20.086999893188477,0.09399999678134918,22.871782,1.3673538,0,0.0256864,22.9344392356,34.5140254496,49.0375202568,55.4566634187,0,12.294821,10.618,0.021,10.163,0.025,10.038,0.023,AAA,10.024,0.02,AAAU,0.054162098052979314,0.029390340884043426,2.0826578,1.0777068515050958
3820478486167721728,2016.0,143.99888611328305,0.3105979561805725,-7.546100503005404,0.2662194669246673,2.4228152373735155,0.3607755005359649,6.715575695037842,16.282197952270508,-14.22859648725424,0.3681148588657379,-7.915618865620929,0.2517243921756744,31.0,1.083483338356018,false,482.0,291.1921709152743,0.7060636878013611,412.4162902832031,19.526918411254883,49.0,198.6310088387896,7.958767414093018,24.957508087158203,19.59342384338379,48.0,145.292920068704,7.692221164703369,18.88829231262207,19.34228515625,0.0,0.0,0.0,0.0,0.0,1.181089162826538,0.251138687133789,0.0665054321289062,0.1846332550048828,241.9569467768873,31.37014760949939,148.97383071152953,-20.626587964973748,0.003014438829621,3339.348835576936,608.290192497224,0.016549469288136,0.0900000035762786,0.0799999982118606,0.0900000035762786,0.0,0.0,0.0,0.0,0.0,0.0,0.0,0.0,0.0,0.0,0.0,0.0,0.0,0.0,0.0,0.0,0.0,0.0,0.0,0.0,0.0,9.894143998912504E16,19.4979000091553,19.4831008911133,19.6466999053955,19.8213996887207,19.6508007049561,0.0201980005949736,0.0243749991059303,0.0145560000091791,0.0172530002892017,0.0988899990916252,98616.0,1.6892216E7,115000.0,115000.0,1.6892216E7,1.68091648E8,20.0,0.022189235,3.8204784861677215E18,9.894143998912504E16,0,0.0,0.0,0.0,0.0,0.0,0.0,0.0,0.0,0.0,0.0,0.0,0.0,0.0,0.0,0.0,0.0,0.0,0.0,0.0,0.0,0.0,0.0,0.0,0.0,0.0,0.0,0.0,0.0,0.0,0,3.2078398350820847,0.0160573214562308,143.99888611328305,-7.546100503005404,0.07473,0.07073,0.07889,9167.493,7.277433,9512.094135674784,269.7852369925531,286.2000871308519,7.716495287369343,0.0690740877747604,0.0695999955207335,0.4468191910378969,0.0329143759011766,0.0350592251419781,0.509069487523902,0.006490591712013,0.0068306066122556,3.16928049639086,0,0.2859633006183897,-0.1828914766472886,0.3045979595306525,,,,,,,11,0.0,0.0,H,3820478417448245120,1.0712109,13.076963,09360011-0732554,160423002701088,3820478417448245120,3820478417448245120,galah_main,6360,0,10k_27,lbol,0,5237.762,88.01167201533522,5047.0,0.0,bay,4.5278635,0.1817187602630707,0.12763405,0.06728591768325828,0,0.1513618,1.0580419,6.6261377,2.2252003956582738,1.2663774,0.115588021924402,0.05287342988159954,408.0,0,0.7510222,2.861633,0.03161258697509761,0.08352993057593082,1,1,0.3214681625366218,0.12191449216667052,1,1,,,,32,0.08866542816162148,0.049034935346521195,1,0,0.21804275512695348,0.06703659854983454,1,0,-0.0299889183044435,0.06568549976727599,1,0,-0.05272123336791967,0.0543800933810346,1,0,-1.2141535949707034,0.08089251671752429,1,0,,,,32,0.06200965881347642,0.051425099685623074,1,0,,,0,0,0.115588021924402,0.05287342988159954,51,0,0.06579070813303697,0.05851052397966969,11,0,0.14689994812011697,0.13474166797580472,1,0,0.07683526992797862,0.07136100277980928,1,0,,,0,0,0.14693300247192376,0.07037372189963509,1,0,0.22289662704668342,0.07696626223589702,6,0,-0.00226852317567793,0.07227532368760863,3,0,0.18917924316289725,0.05349906370783038,3,0,-0.14323642215384705,0.09100054678698344,3,0,,,,32,,,1,32,-0.09103092193603501,0.14643588297656357,2,0,0.031650009155273384,0.13794643751677574,1,0,,,2,32,,,,32,-0.5722607803344726,0.08341714186401028,1,0,0.4690452164465096,0.09632198685963,3,0,0.33599315643310534,0.13490908572097066,1,0,,,2,32,,,2,32,,,1,32,144.0004144256654,-7.548706493097444,3.2541569216514943,0.02808123546852524,304.614008317332,302.010790535552,307.261677820492,439.184676253045,12.711999893188477,0.0820000022649765,12.032079,1.6429577,0,0.0,33.8251516008,45.196518442,41.5767810409,51.8802273925,0,13.309021,11.735,0.024,11.279,0.021,11.195,0.021,AAA,11.236,0.021,AABU,0.0,0.02726320877641714,1.780499,0.9803523677016726
3861312557023374080,2016.0,155.05768841604598,0.4842425882816314,5.228577736742923,0.4112723767757416,9.870040700952114,0.5440419316291809,18.14205741882324,88.76150512695312,-12.28192863973907,0.4500506818294525,-87.90767407843194,0.46278116106987,95.0,1.034156084060669,false,199.0,257.5237864982448,1.138805270195007,226.1350555419922,19.660324096679688,18.0,116.23681265938004,10.889474868774414,10.674235343933104,20.175182342529297,18.0,178.659066616036,20.06841468811035,8.90250015258789,19.11783218383789,0.0,0.0,0.0,0.0,0.0,1.1451209783554075,1.0573501586914062,0.5148582458496094,0.5424919128417969,237.3945364366101,47.88830287462612,154.97451352419066,-4.786163124208931,0.001230330278633,468.5423359556966,437.994403388896,6.858496286633901E-6,0.0199999995529651,0.0199999995529651,0.0199999995529651,0.0,1.2376546026393436E18,21.72731,20.43797,20.0211,18.61459,18.40663,0.176352,0.02976195,0.02643052,0.01107222,0.03339056,7.216325050276661E16,7.0369012781073E13,2.68603408E8,3.647915700947886E17,2.882306512984842E17,2.322443704373265E15,0.1664413,3.8613125570233743E18,1.2376546026393436E18,0.0,0.0,0.0,0.0,0.0,0.0,0.0,0.0,0.0,0.0,0.0,0.0,0.0,0.0,0.0,0.0,0.0,0.0,0.0,0.0,0.0,0,0.0,0.0,0.0,0.0,0.0,0.0,0.0,0.0,0.0,0.0,0.0,0.0,0.0,0.0,0.0,0.0,0.0,0.0,0.0,0.0,0.0,0.0,0.0,0.0,0.0,0.0,0.0,0.0,0.0,0,9.40708436541205,0.017621367401758,155.05768841604598,5.228577736742923,0.02755,0.0263,0.02899,5030.824,7.835763,5109.379120652367,150.3402148131563,149.15845727258056,7.8262034005361,0.1311383291367986,0.1139767710895425,0.4809117985357396,0.0689859637374292,0.0657863041326781,3.2077543936970256,0.2191322315047981,0.3334178362013342,0.8567602744069143,1,0.5993567657465608,0.1133084147327516,0.5715578117521991,2826.676017478442,2868.382134774889,,2826.6760259723296,2871.589889168586,,11,0.0,0.0,H,3861312561316551040,2.0823698,13.365521,10201391+0513485,161229003201348,3861312561316551040,3861312561316551040,k2_hermes,6809,0,10k_0,lbol,260,3706.607,135.90005256625602,,,,4.5308695,0.21484311182263974,-0.015363693,0.3532723955968085,16,-0.15728775,0.8130572,7.883529,2.7716403102172693,0.70456785,,,,32,0.47140592,2.1901066,,,,32,,,,32,,,,32,,,,32,,,,32,,,,32,,,,32,,,,32,,,,32,,,,32,,,0,0,,,,32,,,,32,,,,32,,,,32,,,0,0,,,,32,,,,32,,,,32,,,,32,,,,32,,,,32,,,,32,,,,32,,,,32,,,,32,,,,32,,,,32,,,,32,,,,32,,,,32,,,,32,,,,32,155.05788519294768,5.229804850256651,9.439584699189437,0.03792533603400993,105.615318242933,105.190780290851,106.043235419431,376.41263125205,-2.418799335784911,0.816419448036031,,,0,0.0167218,8.19298261785,9.4635755463,17.5251328068,34.7550427807,0,13.637146,11.04,0.023,10.362,0.024,10.173,0.021,AAA,10.098,0.021,AAAU,0.16891242723083427,0.029275421861509228,2.5805092,1.0095897312506388
39475117435006336,2016.0,58.01898878844005,0.2754954397678375,14.070183950993908,0.1811314821243286,8.1957140250013,0.3176079988479614,25.80449676513672,66.66162109375,-3.150628631782018,0.3333700895309448,-66.58712427726222,0.2336630076169967,95.0,0.9802029132843018,false,427.0,370.0760186875849,0.934085488319397,396.1907348632813,19.266639709472656,48.0,214.098102209728,8.069188117980957,26.532793045043945,19.51201057434082,48.0,237.9870653857484,8.412834167480469,28.288572311401367,18.8065128326416,0.0,2.0,0.0,3.0,0.0,1.2216007709503174,0.7054977416992188,0.245370864868164,0.4601268768310547,175.40664828434157,-29.85985009091976,58.8980943028858,-5.982921716717972,0.0029581635581982,1298.5534272022408,578.3690631959477,6.651944419227967E-5,0.0799999982118606,0.0799999982118606,0.1000000014901161,0.0,0.0,0.0,0.0,0.0,0.0,0.0,0.0,0.0,0.0,0.0,0.0,0.0,0.0,0.0,0.0,0.0,0.0,0.0,0.0,0.0,1.2488058019025491E17,19.4347991943359,19.2331008911133,19.165599822998,19.0254001617432,18.8141994476318,0.0247169993817806,0.0139709999784827,0.0154929999262095,0.0256089996546507,0.0480579994618893,115000.0,1.6892216E7,115000.0,1.6892216E7,1.6892216E7,4.36527104E8,52.0,0.13823882,3.947511743500634E16,1.2488058019025491E17,0,0.0,0.0,0.0,0.0,0.0,0.0,0.0,0.0,0.0,0.0,0.0,0.0,0.0,0.0,0.0,0.0,0.0,0.0,0.0,0.0,0.0,0.0,0.0,0.0,0.0,0.0,0.0,0.0,0.0,0,8.188095301985657,0.0154089041536471,58.01898878844005,14.070183950993908,0.08848,0.07898,0.10086,6274.998,7.949166,6351.734777989027,157.643882589432,165.01407179349007,7.941715630662765,0.0708834819275008,0.0680688493378145,0.5551829758340778,0.0408772884451521,0.0408174342431405,1.8452718775224053,0.0694035651831299,0.0782293777736713,3.300080659761732,1,0.3551458596451097,0.7585836301831266,0.365821025952,22.08024361041264,29.62471799584492,124.85787618334432,22.08035268626904,31.46998987336733,124.85790069054856,11,DA,GaiaXP,H,39475117434603904,1.4451485,12.344506,03520457+1404243,151111003101072,39475117434603904,39475117434603904,k2_hermes,6596,0,10k_6,lbol,0,4587.914,98.95878472365175,4450.0,0.0,bay,4.5675607,0.18681276476331238,0.032922745,0.08649625286612378,0,0.029506557,0.9540663,6.481158,2.318708460487584,1.1607984,0.06294928374274265,0.04207173863548095,479.0,0,0.763869,1.4857266,-0.7255868792533875,0.10704374078967925,1,1,,,,32,0.3476147460937504,0.16818045009330482,1,1,-0.10774904251098594,0.07763205577308827,1,0,0.13379659652709996,0.11732465845992254,1,0,0.1365931892395018,0.09154624226347671,1,0,0.002890853881836186,0.08070696768919863,1,0,0.09818237304687472,0.11921578623325088,1,0,0.06613285064697294,0.09832331223192163,1,0,0.002407875061035014,0.07695551042377195,1,0,,,0,0,0.0788585708465347,0.06518429134249779,59,0,,,,32,0.18522907257080057,0.17044634346149584,1,0,-0.05078638076782216,0.10851911201601504,1,0,,,0,0,0.09941856384277337,0.11957326875844983,1,0,0.027514762878418253,0.12273920282545246,4,0,0.05978997696185179,0.09869749479284444,3,0,-0.17964410744162124,0.08775091736506607,3,0,-0.19236273286106634,0.14640666574931643,3,0,-0.08502254486083993,0.12834445338440273,1,0,-0.028679656982421697,0.13428091868657777,1,1,0.2986947631835939,0.2407513803090667,2,0,,,16,32,0.5842190551757813,0.15007638931274414,2,0,,,2,32,-0.08112422943115227,0.12513342029976496,1,0,,,,32,,,,32,,,2,32,,,2,32,,,1,32,58.01907641663694,14.07315015649584,8.081615432658916,0.03722101580164057,123.299596082247,122.732056531022,123.872314610803,398.475039587389,-11.284000396728516,0.07699999958276749,,,0,0.379777,17.90280448,28.829456978,42.9416480248,43.0193367532,0,12.681762,10.601,0.023,10.014,0.031,9.881,0.02,AAA,9.877,0.021,AAAC,0.05232594396972595,0.03437294043254777,2.0482826,1.2387640352307734
4074164092467492096,2016.0,285.0236854849028,0.5458687543869019,-25.199903594127026,0.4470531046390533,5.019736540340269,0.5857867002487183,8.569222450256348,22.55786323547364,-12.384236662227384,0.8870854377746582,-18.854386093116023,0.6343855261802673,31.0,1.0869358777999878,false,141.0,231.33161473620893,1.4708430767059326,157.2782440185547,19.776779174804688,16.0,162.07231621218332,9.140995979309082,17.730268478393555,19.81427001953125,16.0,151.81336562805058,10.717780113220217,14.164628028869627,19.294620513916016,0.0,0.0,0.0,0.0,0.0,1.35686457157135,0.5196495056152344,0.0374908447265625,0.4821586608886719,11.038606647789662,-12.97689978057295,283.5778050819498,-2.4659899507194742,0.0044914578330787,3333.676453570412,1776.4874747917358,0.0825130003594952,0.3199999928474426,0.2899999916553497,0.3899999856948852,0.0,0.0,0.0,0.0,0.0,0.0,0.0,0.0,0.0,0.0,0.0,0.0,0.0,0.0,0.0,0.0,0.0,0.0,0.0,0.0,0.0,7.776285023706053E16,19.7866992950439,19.8253002166748,19.899299621582,20.0611000061035,0.0,0.0155880004167557,0.025730999186635,0.0169169995933771,0.0358039997518063,0.0,115000.0,115000.0,115000.0,115000.0,114720.0,4.36527104E8,52.0,0.021341447,4.074164092467492E18,7.776285023706053E16,256769993,0.0,0.0,19.9036,19.8232,0.0,0.0,0.0,0.0,0.0157,0.0331,0.0,0.0,0.0,0.0,1.0,1.0,0.0,0.0,0.0,0.0,0.0,0.0,0.0,0.0,1.0,0.0,12.0,0.06598355,4.074164092467492E18,256769993,4.815231549450839,0.0634754959493278,285.0236854849028,-25.199903594127026,0.28116,0.24457,0.34252,7951.136,8.028053,10478.602363434542,597.6660467364381,683.9284240566012,8.547911413410542,0.0992675902072459,0.0925741611160333,0.9507319648665892,0.065174123776448,0.0578633060566806,1.419581915251689,0.0908024429282026,0.0688549290730426,3.2140382299354187,0,0.9040879320348818,4.872348455608894,0.7458716965603411,0.0356455063342162,0.1223862029210299,0.0854449769828309,0.0975483765295565,1.541968118172719,0.1097353422979591,0,0.0,0.0,H,4074164096774137344,1.1308069,11.659702,19000496-2512120,170510006801090,4074164096774137344,4074164096774137344,k2_hermes,6673,0,10k_27,lbol,0,5173.766,83.18290275245835,4943.0,0.0,bay,4.354985,0.18134890193170428,-0.022285461,0.05788186790520542,0,-0.07087109,1.0478026,11.210349,2.171840229335323,1.2186524,0.018137553325399045,0.023694202373894538,415.0,0,0.7047786,2.18565,,,,32,,,,32,0.2759442138671879,0.10239725721228127,1,0,-0.04112154006957969,0.03758022717365783,1,0,-0.03226099014282191,0.04953130448120868,1,0,0.08972486495971665,0.052492404858821284,1,0,0.012847213745117436,0.043094331326228134,1,0,0.33213537216186495,0.06387118568509825,1,0,0.1200202178955081,0.05725935404329295,1,0,-0.11366287231445327,0.03963067068959015,1,0,,,0,0,-0.05606140054357813,0.037616027793786304,55,0,0.00902170246292083,0.060198824983385406,9,0,,,,32,-0.015195255279540909,0.05467695384305181,1,0,,,0,0,0.06883232116699212,0.05158443263177863,1,0,-0.11577898025512656,0.1188190843628862,8,0,-0.1762021191679249,0.057830676582129634,3,0,-0.15113821979372838,0.04281160574942073,3,0,-0.032504449715010694,0.06703746590123569,3,0,0.041994476318359286,0.11600182950496674,1,0,,,,32,0.11684187348806303,0.09138462440947503,3,0,,,,32,,,,32,,,,32,0.2549792098999024,0.06483519890859159,1,0,,,,32,0.159396514892578,0.11630562693200906,1,0,,,,32,,,,32,,,,32,285.02059546555114,-25.20341451373989,5.534585163055407,0.05977268460098598,179.779872465892,177.853767424836,181.747392009347,2011.87458830162,-10.784000396728516,0.08100000023841858,-15.362946,1.150246,0,0.0,48.5777469291,58.0343139851,75.8262475005,64.0210526077,0,11.783518,10.222,0.023,9.762,0.022,9.687,0.026,AAA,9.694,0.02,AAAU,0.0,0.027294102053785345,1.812127,1.2587334996486759
4083701260633245952,2016.0,288.7120490583149,0.0619549304246902,-20.02758629928208,0.0575406290590763,8.398644172546529,0.0712810009717941,117.82444763183594,38.2372932434082,20.459102503088555,0.071611687541008,-32.303493117289875,0.0623117499053478,31.0,1.0445984601974487,false,238.0,3304.4679356208712,3.2487003803253174,1017.1661376953124,16.889612197875977,26.0,2452.305083369672,11.97630786895752,204.76303100585932,16.864606857299805,26.0,1337.7600575159647,10.183460235595703,131.365966796875,16.931949615478516,0.0,0.0,0.0,1.0,0.0,1.146951675415039,-0.0673427581787109,-0.0250053405761718,-0.042337417602539,17.322911431729626,-13.97067485009222,287.5567745731602,2.278461423442124,0.0069105180521896,2923.782826726367,1683.2226781398851,8.165413466015E-4,0.050000000745058,0.0399999991059303,0.050000000745058,0.0,0.0,0.0,0.0,0.0,0.0,0.0,0.0,0.0,0.0,0.0,0.0,0.0,0.0,0.0,0.0,0.0,0.0,0.0,0.0,0.0,8.396288712042734E16,16.8248996734619,17.0785007476807,17.2654991149902,17.4563999176025,17.5955009460449,0.0091180000454187,0.0087930001318454,0.0041209999471902,0.0038399999029934,0.0077530001290142,115000.0,65848.0,115000.0,115000.0,115000.0,1.68091648E8,20.0,0.088508055,4.0837012606332457E18,8.396288712042734E16,258932575,16.7276,16.7882,16.8704,17.0261,17.3121,17.0,0.011,0.0108,0.0138,0.007,0.0068,0.0,0.0,0.0,0.0,0.0,0.0,0.0,0.0,0.0,0.0,0.0,0.0,0.0,0.0,0.0,0.0,0.053951837,4.0837012606332457E18,258932575,8.470078432984689,0.0169785596910389,288.7120490583149,-20.02758629928208,0.09247,0.09001,0.09498,13514.86,7.967682,13249.854081581268,383.1949642102736,414.8868307939265,7.9642932097427135,0.0444750412219105,0.0471668913424352,0.5656869262441138,0.0257324086410309,0.0285170945656895,0.2844536813114831,0.0062360814520798,0.0064716124603657,1.508722104504136,1,0.2235656702087834,0.8498429734501632,0.2477592924907862,11.879206827818406,20.099831770412745,35.76131425880104,11.879208464657877,20.384285451724228,35.7613148443747,11,DB,GaiaXP,He,4083689509602720000,0.70701027,9.453059,19145140-2002025,170604006601244,4083689509602720000,4083689509602720000,galah_main,2790,0,10k_53,lbol,8,6108.922,70.78625810252528,6136.0,0.0,bay,4.3286366,0.17554846720763256,-0.12349844,0.04472041230088568,0,-0.13797343,1.3092066,8.8817835,2.0822241439524887,7.165943,0.08699706368203694,0.016199834228312823,158.0,0,0.55841434,19.95475,1.6247212409973144,0.029645083576609756,1,0,0.11348562240600657,0.041652791145073836,1,0,-0.1531057548522945,0.057644912550469815,1,0,-0.04000335693359336,0.02340071034532916,1,0,-0.10573301315307582,0.03252128461250567,1,0,-0.10566869735717788,0.025847218298319454,1,0,0.04800060272216822,0.027230918922656257,1,0,0.2633396911621091,0.03822736519991776,1,0,0.15181285858154325,0.031046461477205738,1,0,-0.032907161712646626,0.0203907034725244,1,0,,,0,0,0.07670885784797708,0.02649598181443414,19,0,-0.019958752792063595,0.021066370042061945,11,0,,,,32,-0.05476701736450185,0.02899046360758182,1,0,,,0,0,-0.04192502975463874,0.030225295433291104,1,0,,,,32,-0.014512042999268004,0.03504827908398573,2,0,-0.03110319137573203,0.026574520576917723,2,0,-0.03339075088500998,0.05782700622025384,1,0,,,,32,,,,32,-0.09417343166662057,0.04806750523040162,3,0,,,,32,,,,32,,,,32,0.2937494087219239,0.03667890007662809,1,0,,,,32,,,,32,,,,32,,,2,32,,,,32,288.71426258321327,-20.034171081852374,8.404066018189821,0.04193466326624624,118.586513717319,117.995268229869,119.183607736202,1879.70569261543,11.416000366210938,0.11100000143051147,,,12,0.0,147.211124708,144.000723127,155.309663647,152.043486963,0,9.563076,8.551,0.023,8.301,0.031,8.269,0.023,AAA,8.238,0.021,AAAB,0.0,0.03437294043254777,1.2941529,1.0248002938461906
4247376794917301760,2016.0,301.1733325247281,0.7845395803451538,4.252555946643733,0.4162455797195434,8.355466295673477,1.046985387802124,7.980499267578125,51.1475944519043,48.93924626686864,1.0762691497802734,-14.866966680032323,0.5817810297012329,31.0,0.9771424531936646,false,434.0,183.2770018063208,0.8112317323684692,225.92434692382807,20.02959632873535,43.0,112.5162521010079,8.322452545166016,13.51960277557373,20.21050453186035,38.0,130.1964845169043,9.831512451171877,13.242773056030272,19.461397171020508,0.0,1.0,1.0,0.0,0.0,1.3242945671081543,0.7491073608398438,0.180908203125,0.5681991577148438,45.37391371999342,-14.186050542947736,304.41956656014673,24.043936972884847,0.0029350311275861,1534.2068764930266,1551.7606951459795,4.035710074008E-4,0.0399999991059303,0.0299999993294477,0.0599999986588954,0.0,0.0,0.0,0.0,0.0,0.0,0.0,0.0,0.0,0.0,0.0,0.0,0.0,0.0,0.0,0.0,0.0,0.0,0.0,0.0,0.0,1.1310301173239357E17,19.9719009399414,19.8570003509521,19.6452007293701,19.0349006652832,0.0,0.0321590006351471,0.0311110001057386,0.0429849997162819,0.0280939992517233,0.0,115000.0,1.6892216E7,1.6793912E7,16952.0,16416.0,4.44915712E8,53.0,0.1483103,4.247376794917302E18,1.1310301173239357E17,0,0.0,0.0,0.0,0.0,0.0,0.0,0.0,0.0,0.0,0.0,0.0,0.0,0.0,0.0,0.0,0.0,0.0,0.0,0.0,0.0,0.0,0.0,0.0,0.0,0.0,0.0,0.0,0.0,0.0,0,6.8573373384622345,0.0166381276528131,301.1733325247281,4.252555946643733,0.06895,0.05688,0.095,6058.004,8.420814,5415.14628368326,255.90642912671683,289.7234746111453,7.6941412732887,0.1951026197584378,0.1799002692067768,0.4174351059441656,0.0898577901305858,0.0954418739812458,2.01703009373446,0.098129663926207,0.1953237762342166,3.505276523572372,1,0.7806932244186429,-0.4381832672096808,0.8292082882818923,,,,,,,11,0.0,0.0,H,4247376794925428480,0.9041481,10.759937,20044198+0415177,160524006601138,4247376794925428480,4247376794925428480,galah_main,2922,0,10k_32,lbol,0,5593.517,75.5341975583402,5526.0,0.0,bay,4.4633417,0.1783370024748654,0.13488054,0.04936116092207561,0,0.1240596,1.11285,4.746099,2.137479590333141,2.275526,-0.028259696563585023,0.016930418641035356,447.0,0,0.7347472,4.0711927,,,,32,,,,32,-0.0776977729797359,0.07924351968576278,1,0,-0.0829330062866207,0.028424676443167825,1,0,-0.05303916931152308,0.03749768173299478,1,0,0.03231414794921861,0.038722278606971805,1,0,-0.046132774353027095,0.03338151120295265,1,0,-0.0612743568420413,0.04864078625861665,1,0,0.007686920166015909,0.04336290257997251,1,0,0.015614833831786967,0.028608904060210417,1,0,,,0,0,-0.017471604060251698,0.027233841887671348,55,0,-0.027465725225198828,0.02538793913451424,15,0,-0.020459100959975895,0.05674999655609698,3,0,-0.0021885681152342684,0.03956871858664107,1,0,,,0,0,-0.03219659805297859,0.03732109198906264,1,0,-0.08019023895263633,0.08552820761995338,8,0,0.003918325001838778,0.04179750337996633,3,0,-0.02901916399568348,0.03172376541085539,3,0,-0.09838467062611245,0.04638414434823557,3,0,,,,32,,,,32,-0.09195642068641809,0.06578734075614945,3,0,0.5212710762023924,0.10343613971392406,8,0,,,,32,,,,32,-0.05084077835083001,0.04815544041816953,1,0,0.37373163223266603,0.085714339034348,2,0,0.10677896499633777,0.09021787309486042,1,0,,,,32,,,,32,,,,32,301.1751608319837,4.254852831791818,6.938625652817254,0.07560017267882255,143.552616011124,141.999535867323,145.139424935555,1152.66885527576,-49.03200149536133,0.10499999672174454,-48.582775,0.30828476,0,0.0076562368231216,70.3623809147,80.0847091227,88.1795346532,94.9671934161,0,10.919588,9.633,0.023,9.302,0.025,9.216,0.023,AAA,9.219,0.02,AAAU,0.0027540420227056116,0.029390340884043426,1.5778455,0.8435597767972762
4248619071266347648,2016.0,301.3510696786884,0.1926137804985046,5.137256051068365,0.1322160065174102,7.075986159119268,0.2549147009849548,27.758251190185547,30.54435157775879,-15.98577922658821,0.2668210864067077,-26.02714582679761,0.1779488921165466,31.0,1.0088739395141602,false,579.0,423.40206877612064,0.7732799649238586,547.5404663085938,19.120485305786133,58.0,291.9267460566489,8.06351089477539,36.20343017578125,19.17535781860352,56.0,186.76384353915967,7.72158145904541,24.18725204467773,19.069664001464844,0.0,4.0,0.0,6.0,0.0,1.130581617355347,0.1056938171386718,0.0548725128173828,0.050821304321289,46.25765090862335,-13.904832867644656,304.8295007050595,24.86541683182105,0.0138225556839187,7113.642841422071,1545.394497422304,0.0023472233288806,0.0599999986588954,0.050000000745058,0.0599999986588954,0.0,0.0,0.0,0.0,0.0,0.0,0.0,0.0,0.0,0.0,0.0,0.0,0.0,0.0,0.0,0.0,0.0,0.0,0.0,0.0,0.0,1.1416301351125528E17,19.1630001068115,19.1763000488281,19.2266998291016,19.482400894165,19.4465999603271,0.0088940002024173,0.0119300000369549,0.0141890002414584,0.029772000387311,0.0940089970827103,115000.0,1.6892216E7,1.6892216E7,115000.0,115000.0,4.36527104E8,52.0,0.06176854,4.248619071266348E18,1.1416301351125528E17,0,0.0,0.0,0.0,0.0,0.0,0.0,0.0,0.0,0.0,0.0,0.0,0.0,0.0,0.0,0.0,0.0,0.0,0.0,0.0,0.0,0.0,0.0,0.0,0.0,0.0,0.0,0.0,0.0,0.0,0,6.962211413121362,0.0194990210825571,301.3510696786884,5.137256051068365,0.0934,0.08723,0.09963,10968.96,8.826352,10195.535790979831,312.04990974628345,332.0920619264216,8.680734924338445,0.0498148891186236,0.0493326609324729,1.0313844138680817,0.0298244366311482,0.0291318296783413,2.0742518584377745,0.0297994432079362,0.0276933757702595,3.055606049482296,0,0.4221950413285995,5.983344074235404,0.2895808119119429,0.0074033141731615,0.0747006792389724,0.0141972290096106,0.0307053069720781,2.148952537676747,0.0311204815692837,1,DA,GaiaXP,H,4247868414062631552,0.7267418,10.06994,20052288+0507292,160524006601296,4247868414057315712,4247868414062631552,galah_main,2922,0,10k_51,lbol,0,6038.1997,72.3292903915169,6069.0,0.0,bay,4.369009,0.1795696969714162,-0.27086258,0.048003972432733785,0,-0.27812523,1.2696836,7.5232897,2.1064760269737057,1.4166582,0.017382600473954256,0.01552648327605341,159.0,0,0.5613545,2.7254992,1.526374053955078,0.03828847728742532,1,0,0.042400169372559304,0.05610018250038015,1,0,0.1206211853027348,0.06428369567261386,1,0,-0.007490692138671484,0.02446221190615928,1,0,-0.02387485504150355,0.03335215763723687,1,0,-0.071294460296631,0.029810382809002084,1,0,0.019443302154541264,0.028681173071808695,1,0,-0.038673706054687784,0.04082451809342187,1,0,-0.0024563598632809658,0.03471137661657141,1,0,0.02102741241455064,0.022569817359811617,1,0,,,0,0,0.05979871517208296,0.02882481624289358,19,0,0.014352492778195029,0.028580923818004436,10,0,,,,32,-0.11353147506713857,0.03167400796663036,1,0,,,0,0,-0.07784183502197273,0.0316109432810778,1,0,,,,32,-0.11633536984983686,0.03889932849130279,3,0,-0.12636810302734336,0.02940210738741275,2,0,-0.008118612542821901,0.03629810099130233,3,0,,,,32,,,,32,-0.017937172396980075,0.05287383344720284,3,0,,,,32,,,,32,,,,32,0.11649425506591804,0.03955420822579376,1,0,,,,32,,,,32,,,,32,,,,32,,,,32,301.3452918193831,5.124693070399618,7.113451000533841,0.08109365816248869,140.041880380163,138.457200738422,141.662591770704,1152.45820209502,33.6619987487793,0.09000000357627869,33.240444,0.5022798,0,0.01786346223816048,92.52496224,110.209339706,135.632065269,152.719809251,0,10.199154,9.139,0.034,8.886,0.055,8.832,0.023,AAA,8.799,0.02,AAAB,0.006425705841064921,0.05372457246164624,1.3265373,0.8712871838235383
4298811124237354880,2016.0,300.7512312878034,0.0993564426898956,8.058411933438672,0.0542133599519729,16.286018351969197,0.1098085641860961,148.3128204345703,223.2794342041016,-122.27698775991666,0.1375586837530136,-186.8208943672488,0.076427973806858,31.0,0.9756718277931212,false,432.0,1786.3757021712515,1.4761141538619995,1210.18798828125,17.55743408203125,45.0,1049.0654267631924,9.075563430786133,115.59231567382812,17.786535263061523,45.0,1093.2964602939526,18.9014835357666,57.841835021972656,17.151050567626953,0.0,3.0,0.0,3.0,0.0,1.199278473854065,0.6354846954345703,0.2291011810302734,0.4063835144042969,48.55369637491352,-11.934945653707572,304.9288505115449,27.8453842129282,0.0031671512920965,691.5413908795705,1643.4339423669112,5.345019655826179E-6,0.0199999995529651,0.0199999995529651,0.0199999995529651,0.0,0.0,0.0,0.0,0.0,0.0,0.0,0.0,0.0,0.0,0.0,0.0,0.0,0.0,0.0,0.0,0.0,0.0,0.0,0.0,0.0,0.0,0.0,0.0,0.0,0.0,0.0,0.0,0.0,0.0,0.0,0.0,0.0,0.0,0.0,0.0,0.0,0.0,0.0,0.0,0.0,0.0,0,0.0,0.0,0.0,0.0,0.0,0.0,0.0,0.0,0.0,0.0,0.0,0.0,0.0,0.0,0.0,0.0,0.0,0.0,0.0,0.0,0.0,0.0,0.0,0.0,0.0,0.0,0.0,0.0,0.0,0,16.447259766759792,0.0255374831523792,300.7512312878034,8.058411933438672,0.03876,0.03863,0.03889,6477.886,7.912947,6515.637597632745,96.50780663329442,103.92303516102857,7.926699393483407,0.0458229204517239,0.0489226422883612,0.5472583644310488,0.0262986000177518,0.0286034102576043,1.6918614543985098,0.0441248428455087,0.0561203444625897,0.3354121006664512,0,0.228484795983943,0.6897338351959066,0.2485092116212367,26.39553250267108,40.6857269354908,74.62585984798086,26.39556938391974,42.37758838988931,74.6258809498658,11,DA,GaiaXP,H,4298811119933335808,1.6312943,11.4539585,20030030+0803444,170514003801212,4298811119933335808,4298811119933335808,galah_main,3303,0,10k_1,lbol,257,4059.122,86.27737792886049,4217.0,0.0,bay,4.639492,0.18476370018728044,0.12491751,0.07662965862524572,16,-0.1037804,0.86945957,7.2223496,2.2411394173904005,2.5267632,,,,32,0.6832616,3.0767019,,,,32,,,,32,,,,32,,,,32,,,,32,,,,32,,,,32,,,,32,,,,32,,,,32,,,0,0,,,,32,,,,32,,,,32,,,,32,,,0,0,,,,32,,,,32,,,,32,,,,32,,,,32,,,,32,,,,32,,,,32,,,,32,,,,32,,,,32,,,,32,,,,32,,,,32,,,,32,,,,32,,,,32,300.7507475042912,8.061566280337582,16.432157016662828,0.06896439060046565,60.7511517339136,60.4957696177651,61.0086605085759,1241.46755911916,45.30304654724121,0.4384465213479465,46.05443,0.8170029,0,0.0,22.8901314781,41.091489506,51.6211706535,81.4203351214,0,11.927903,9.544,0.023,8.902,0.022,8.734,0.021,AAA,8.712,0.02,AAAB,0.0,0.0,2.5046804,1.8159859759236512
4433378806161595904,2016.0,248.2612233082497,0.090301364660263,3.191554981226341,0.0585356429219245,22.01179904725075,0.114290565252304,192.59506225585932,415.2672424316406,-369.4117075510945,0.1297743022441864,-189.6888924992055,0.1076792702078819,31.0,0.9969109296798706,false,388.0,1437.1000255173108,1.5198190212249756,945.5731201171876,17.793649673461914,41.0,702.9666265593482,10.82631778717041,64.9312744140625,18.22120475769043,40.0,951.64145840428,18.439043045043945,51.61013412475586,17.301712036132812,0.0,1.0,0.0,0.0,0.0,1.151352047920227,0.9194927215576172,0.4275550842285156,0.4919376373291015,18.666538647072056,32.00239173366823,245.9532356714367,24.83427846276301,0.0017745097715229,288.6676394349708,829.1972535087747,5.121084605438648E-11,0.0199999995529651,0.0199999995529651,0.0199999995529651,0.0,0.0,0.0,0.0,0.0,0.0,0.0,0.0,0.0,0.0,0.0,0.0,0.0,0.0,0.0,0.0,0.0,0.0,0.0,0.0,0.0,1.1183248261885075E17,18.4475002288818,17.7569007873535,17.6564998626709,17.6236991882324,0.0,0.0276050008833408,0.0282990001142025,0.0081369997933507,0.0056730001233518,0.0,4120.0,280.0,280.0,280.0,0.0,3.02063616E8,36.0,0.029490622,4.433378806161596E18,1.1183248261885075E17,0,0.0,0.0,0.0,0.0,0.0,0.0,0.0,0.0,0.0,0.0,0.0,0.0,0.0,0.0,0.0,0.0,0.0,0.0,0.0,0.0,0.0,0.0,0.0,0.0,0.0,0.0,0.0,0.0,0.0,0,22.07806282985145,0.0162940317257326,248.2612233082497,3.191554981226341,0.03988,0.03977,0.03999,5416.161,8.014806,5527.242518599711,69.52784938084187,67.56454398124606,8.10426179527154,0.0419190474681734,0.0391264152565717,0.6493563779735887,0.0272132896297038,0.0252166161607827,4.154857157632819,0.2055840521351313,0.1606230914590876,3.0755536975519178,0,0.631659751521022,2.366829063103489,0.3578155726778851,0.2986217341060018,0.9070659052646294,0.9357316023551396,0.3625461937088514,5.061923062897448,0.9494174051258968,0,DA,GaiaXP,H,4433378806164302464,2.595231,13.38721,16330278+0311372,160814000101023,4433378806164302464,4433378806164302464,galah_main,6321,0,10k_0,lbol,1280,3688.0254,87.42587549325106,,,,4.919747,0.18825571954626727,-1.1989951,0.08286236128824076,16,-1.0031219,0.8100841,6.744265,2.269058614129532,18.428669,,,,32,0.5083593,15.99171,,,,32,,,,32,,,,32,,,,32,,,,32,,,,32,,,,32,,,,32,,,,32,,,,32,,,0,0,,,,32,,,,32,,,,32,,,,32,,,0,0,,,,32,,,,32,,,,32,,,,32,,,,32,,,,32,,,,32,,,,32,,,,32,,,,32,,,,32,,,,32,,,,32,,,,32,,,,32,,,,32,,,,32,248.2600732691935,3.1928885315114206,22.033983114875877,0.0506550291454101,45.3252561553353,45.2206478368728,45.4303409401407,1315.96815846486,-51.02644778137207,0.467262100177647,,,0,0.0,15.4605634919,40.1682017303,81.0688365924,152.682837259,0,13.1566725,10.625,0.026,10.011,0.023,9.775,0.021,AAA,9.506,0.021,AAAC,0.0,0.0,2.4958694,1.2204832413380315
4620279221491091456,2016.0,48.11377557708831,0.0675694420933723,-80.17822705366694,0.0637172013521194,7.028489934159159,0.064474232494831,109.01238250732422,96.8318328857422,84.57039938733946,0.0901703685522079,47.1619633861624,0.0843542292714119,31.0,1.073251247406006,false,353.0,2362.3672551944446,2.2139711380004883,1067.027099609375,17.253997802734375,37.0,1760.3578692976032,15.524950981140137,113.38894653320312,17.22454071044922,37.0,981.2749693543686,16.050609588623047,61.13630676269531,17.26841926574707,0.0,0.0,0.0,1.0,0.0,1.160544753074646,-0.0438785552978515,-0.0294570922851562,-0.0144214630126953,296.03005843332033,-34.97888715516491,292.4651235092877,-72.65951352142716,0.002072144181816,1069.5860517581143,770.3099245647735,2.702904053490068E-7,0.0199999995529651,0.0199999995529651,0.0199999995529651,0.0,0.0,0.0,0.0,0.0,0.0,0.0,0.0,0.0,0.0,0.0,0.0,0.0,0.0,0.0,0.0,0.0,0.0,0.0,0.0,0.0,0.0,0.0,0.0,0.0,0.0,0.0,0.0,0.0,0.0,0.0,0.0,0.0,0.0,0.0,0.0,0.0,0.0,0.0,0.0,0.0,0.0,0,0.0,0.0,0.0,0.0,0.0,0.0,0.0,0.0,0.0,0.0,0.0,0.0,0.0,0.0,0.0,0.0,0.0,0.0,0.0,0.0,0.0,0.0,0.0,0.0,0.0,0.0,0.0,0.0,0.0,0,6.975513403148073,0.0210547520806522,48.11377557708831,-80.17822705366694,0.06762,0.06691,0.06834,12711.5,7.899225,12983.566795661776,493.47112580289286,546.006682765259,7.870694776081352,0.0522772280704648,0.0556586792978874,0.5357415719533603,0.0285676125466612,0.031580020245653,0.2596543751172789,0.0109235006175579,0.0112791968826688,0.7626049205057434,0,0.2481981976252065,0.589674821488795,0.2743702888414688,46.77835620904595,65.85802223941224,95.38512829601775,46.77835748445272,66.11767661452951,95.38512896289468,11,DA,GaiaXP,H,4620279182834805888,1.4252119,12.548779,03122523-8010486,150828005201090,4620279182834805888,4620279182834805888,galah_main,458,0,10k_5,lbol,1,4554.457,90.29110095914095,4641.0,0.059,sfd,4.5571404,0.1852454676750218,0.06684685,0.07215243593944755,0,0.060084358,0.9487132,6.0907135,2.2537802066086297,1.2164167,0.058438216463678146,0.03394875480002934,478.0,0,0.7671652,1.7916536,,,,32,,,,32,,,,32,-0.05885749816894492,0.05462088666637513,1,0,0.31038370132446325,0.13226120173931122,1,0,0.08956607818603501,0.0713261994659232,1,0,0.014857559204101811,0.05968658530247886,1,0,0.0272113609313962,0.08874372080512688,1,0,0.10492212295532255,0.07683671409054707,1,0,0.006282653808593608,0.05675015851996733,1,0,,,0,0,0.06887868102160882,0.04893603419514936,59,0,0.35936487197875966,0.11761685557095558,1,0,,,,32,-0.07254827499389638,0.07901138992614687,1,0,,,0,0,-0.20915706634521491,0.07977239706490023,1,0,0.018146729301557554,0.07131561052937409,14,0,-0.07036104133303359,0.07823568548512769,3,0,-0.008092937469482031,0.07284279393072746,2,0,-0.23794232839900226,0.10250298577642332,3,0,-0.005037879943847745,0.10589473973972281,1,0,-0.25619678497314435,0.20518866181373596,1,0,0.490389976501465,0.16484859267112795,2,0,0.20934886455134005,0.0911826727989446,20,0,0.7254105377197266,0.12651345053799187,2,0,,,2,32,-0.10313694000244134,0.091974764303448,1,0,,,,32,,,,32,0.7633567810058595,0.18977145850658417,2,0,,,2,32,,,,32,48.10727123797724,-80.17999135581873,6.9191844358840955,0.028380160756902806,143.926710124542,143.336784216633,144.521424900809,594.133900496951,35.577999114990234,0.08799999952316284,34.878796,2.139652,0,0.0681126,19.7916062822,40.9005177559,52.5008553732,63.3510088566,0,12.817821,10.83,0.024,10.274,0.023,10.14,0.023,AAA,10.098,0.02,AAAU,0.08812815408325127,0.02798018237775127,2.1586778,1.6425703485830851
4629430933509910016,2016.0,60.553790512080944,0.3292111456394195,-74.20763802391993,0.306716114282608,3.788123211245407,0.3186169564723968,11.889270782470703,22.62409400939941,22.60189467049661,0.373659998178482,-1.001995069542843,0.3870992660522461,31.0,1.0109431743621826,false,312.0,218.1765336978748,0.9017869830131532,241.93798828125,19.840347290039062,33.0,130.85747801487702,7.185009479522705,18.21256828308105,20.046545028686523,33.0,102.78569923942943,6.4965691566467285,15.821535110473633,19.718063354492188,0.0,0.0,0.0,1.0,0.0,1.0708905458450315,0.3284816741943359,0.2061977386474609,0.122283935546875,288.33489805356174,-36.99905464741568,308.98213840813366,-77.72061971338924,0.0114380194403301,10412.013056271542,675.4535784820039,0.0090386119695415,0.1700000017881393,0.1299999952316284,0.1800000071525573,0.0,0.0,0.0,0.0,0.0,0.0,0.0,0.0,0.0,0.0,0.0,0.0,0.0,0.0,0.0,0.0,0.0,0.0,0.0,0.0,0.0,0.0,0.0,0.0,0.0,0.0,0.0,0.0,0.0,0.0,0.0,0.0,0.0,0.0,0.0,0.0,0.0,0.0,0.0,0.0,0.0,0.0,491578013,0.0,0.0,0.0,0.0,19.7624,0.0,0.0,0.0,0.0,0.0,0.0229,0.0,0.0,0.0,0.0,0.0,0.0,0.0,0.0,0.0,0.0,0.0,0.0,0.0,0.0,0.0,0.0,0.27709284,4.629430933509911E18,491578013,3.940344635891685,0.0188828120344563,60.553790512080944,-74.20763802391993,0.13283,0.12278,0.14196,9237.575,8.097026,7352.821512459267,369.1619354872501,396.5052669935149,7.587219981277126,0.1425357902981607,0.1370630021183112,0.3802581277486293,0.0580422794587969,0.0639240732432734,0.8495577273651594,0.0222837453839941,0.022480538537478,3.687611521570721,0,0.5042769718401119,-0.761180471341186,0.5553785685775277,,,,,,,11,0.0,0.0,H,4629431006524715776,1.1371107,12.947177,04020361-7412103,181221002101217,4629431006524715776,4629431006524715776,tess_hermes,7242,0,181221,lbol,6,5190.4077,207.1971662089568,,,,4.545134,0.22239832010207772,0.2766056,0.20300590618623376,0,0.14611787,1.0504652,2.6683552,4.847154628527326,0.50094444,0.015926465696268224,0.10542710847541076,7.0,0,0.7912119,0.5758358,0.5129326105117797,0.151164586464709,1,1,1.30527572631836,0.2090277877038132,1,1,,,,32,-0.26084428787231406,0.1665058012676242,1,0,-0.04046974182128871,0.3049763317311958,1,0,-0.2582413291931154,0.1502325054533305,1,1,-0.06247159957885717,0.1556094142077819,1,0,,,,32,0.11729795455932646,0.16239218077961232,1,0,,,1,32,,,0,0,,,,32,,,,32,,,,32,1.2853971672058107,0.2080570614697561,1,0,,,0,0,0.2046789360046386,0.2822737042448863,1,0,,,,32,,,,32,-0.030715826790360747,0.1691661656176729,3,0,0.0695968055725098,0.39655047387871245,2,0,,,,32,,,1,32,,,,32,,,16,32,,,2,32,,,2,32,0.006856040954589915,0.2380459858191319,1,0,,,4,32,0.7458015537261962,0.20882081162097924,1,1,,,2,32,,,2,32,,,1,32,60.515485690967424,-74.20292749187557,3.9623727061951213,0.016953457628317247,250.547294746309,249.479552306558,251.624052091697,534.901141241897,-9.78499984741211,0.164000004529953,8.021977,2.6231043,0,0.12791301,5.65052522314732,7.53914433588462,9.06218307648161,,0,12.990051,11.436,0.023,11.012,0.021,10.904,0.021,AAA,10.903,0.02,AAAC,0.026622077041625544,0.026621999714268433,1.7648547,1.232463002204895
4632873886668040320,2016.0,34.970771885117344,0.357406884431839,-78.43530095660803,0.3287835717201233,4.563161802602619,0.3574881553649902,12.764512062072754,19.36758804321289,-11.945790016877837,0.4579119682312011,-15.24472188891388,0.4543564617633819,31.0,1.0147550106048584,false,291.0,173.63146328078284,0.7796733975410461,222.6976928710937,20.08829498291016,29.0,101.0535509643687,9.983392715454102,10.12216567993164,20.327163696289062,28.0,90.07590943477987,9.244672775268556,9.743547439575195,19.861373901367188,0.0,0.0,0.0,0.0,0.0,1.1007766723632812,0.465789794921875,0.2388687133789062,0.2269210815429687,297.45656509618385,-37.73604144014747,300.0224614466792,-70.83241939086288,0.0020052661763551,1413.2854876552417,704.7380880109125,2.357265928326E-4,0.0799999982118606,0.050000000745058,0.1000000014901161,0.0,0.0,0.0,0.0,0.0,0.0,0.0,0.0,0.0,0.0,0.0,0.0,0.0,0.0,0.0,0.0,0.0,0.0,0.0,0.0,0.0,0.0,0.0,0.0,0.0,0.0,0.0,0.0,0.0,0.0,0.0,0.0,0.0,0.0,0.0,0.0,0.0,0.0,0.0,0.0,0.0,0.0,0,0.0,0.0,0.0,0.0,0.0,0.0,0.0,0.0,0.0,0.0,0.0,0.0,0.0,0.0,0.0,0.0,0.0,0.0,0.0,0.0,0.0,0.0,0.0,0.0,0.0,0.0,0.0,0.0,0.0,0,5.095702389625585,0.0107387092584598,34.970771885117344,-78.43530095660803,0.09855,0.09005,0.10791,7697.233,8.161347,7977.295762893752,960.639320498536,1403.001402919631,8.38989689236081,0.2944556717060269,0.305334233674106,0.8440148923660769,0.1938984261204861,0.1953027977202495,2.327948984574228,0.5311500626970165,0.2704020596026275,0.7780293612070546,0,1.2993023728759183,3.678841942200177,2.383361736590344,0.1831718843214242,0.2557705832434648,0.6370670466070041,0.561847246419261,2.5837195678176927,0.6920778104446881,1,0.0,0.0,H,4632873886669139200,1.0525513,12.220398,02195109-7826110,150704002301353,4632873886669139200,4632873886669139200,galah_main,332,0,10k_23,lbol,0,5154.602,95.05484466045189,5364.0,0.071,sfd,4.5683165,0.1836785038719041,0.09853506,0.0766681200805224,0,0.07150079,1.0447364,6.984364,2.2708091642621655,0.87176514,-0.011107490652070458,0.041018647563244796,447.0,0,0.75134534,1.4730204,,,,32,,,,32,-0.13017560958862262,0.16030215119763275,1,0,-0.0989399528503414,0.07192148991880641,1,0,0.03779878616333043,0.10671513628125548,1,0,0.024587001800536967,0.08687263246836759,1,0,0.012901573181152592,0.07559155068602344,1,0,-0.057747192382812784,0.11187654366437433,1,0,-0.0018178749084469814,0.09332248017443122,1,0,-0.02802625656127944,0.07214498901373366,1,0,,,0,0,-0.05523639989642726,0.06793083397781265,55,0,-0.01852725942660293,0.10187515132305242,9,0,-0.06264232635498068,0.1644995611832904,1,0,-0.05603206634521474,0.10143472023332684,1,0,,,0,0,0.006166858673095632,0.10956097802174872,1,0,0.14102357864379922,0.18323947857443298,8,0,-0.017443250601769784,0.0940845776829018,3,0,-0.08609952139791978,0.0701953583897258,3,0,-0.12270467561796283,0.13570759666888946,3,0,,,,32,,,,32,-0.14892705917358384,0.22190855474555737,2,0,0.28826644961291786,0.11457006657567624,9,0,,,,32,,,2,32,0.001023845672607493,0.11715386160938232,1,0,,,4,32,0.36381231307983386,0.1585334956116193,1,0,,,2,32,0.2444144630432128,0.1830274909734726,1,0,,,,32,34.962597033641885,-78.43645233338887,5.073706467618288,0.020224095502810555,195.979535728937,195.199990547202,196.765220596928,572.857859196365,-0.5059999823570251,0.07100000232458115,-0.6913936,1.187814,0,1.187701721114623E-6,33.6978606254,31.2653692553,60.6450424708,64.449867885,0,12.377504,10.911,0.022,10.487,0.022,10.415,0.023,AAA,10.407,0.02,AAAU,4.272308349333176E-7,0.027294102053785345,1.8285125,1.0143577616158235
4634381282749736576,2016.0,10.283962632944355,0.2840229868888855,-80.010574846869,0.2800936996936798,2.724443188770145,0.3206339180469513,8.497053146362305,7.345920562744141,5.984829035106577,0.3538912236690521,4.259620918913343,0.3987053036689758,31.0,0.9507399201393129,false,378.0,215.9771332298279,0.7713771462440491,279.989013671875,19.85134696960449,40.0,163.6883945079076,9.50106143951416,17.228431701660156,19.803497314453125,37.0,102.9681934760918,7.769539833068848,13.25280475616455,19.716136932373047,0.0,0.0,0.0,1.0,0.0,1.2346519231796265,0.0873603820800781,-0.0478496551513671,0.1352100372314453,303.49193702684715,-37.10647057190651,295.1622708391085,-66.33264296859416,0.0024407196409407,3386.2491626664605,726.7014701575941,4.364768208673E-4,0.1599999964237213,0.1500000059604644,0.1800000071525573,0.0,0.0,0.0,0.0,0.0,0.0,0.0,0.0,0.0,0.0,0.0,0.0,0.0,0.0,0.0,0.0,0.0,0.0,0.0,0.0,0.0,0.0,0.0,0.0,0.0,0.0,0.0,0.0,0.0,0.0,0.0,0.0,0.0,0.0,0.0,0.0,0.0,0.0,0.0,0.0,0.0,0.0,0,0.0,0.0,0.0,0.0,0.0,0.0,0.0,0.0,0.0,0.0,0.0,0.0,0.0,0.0,0.0,0.0,0.0,0.0,0.0,0.0,0.0,0.0,0.0,0.0,0.0,0.0,0.0,0.0,0.0,0,2.574600696161069,0.0102157165579841,10.283962632944355,-80.010574846869,0.1674,0.15987,0.17557,11232.16,8.029195,12062.547103252396,1669.6029063671049,2902.6648987804747,8.028023626502499,0.2611210025378101,0.2479206187444305,0.6220934116098259,0.1476193996293779,0.1595373371911584,0.3992397296680584,0.0781770106764472,0.029343527160726,1.58443964368856,0,1.6759599230641142,1.7333362217647923,1.672589405726095,1.5325383943524498,1.8482180404270447,,1.5345310603447198,2.247457770095104,,1,0.0,0.0,H,4634381282751068160,0.8207121,12.179144,00410824-8000469,140711004402012,4634381282751068160,4634381282751068160,galah_main,344,0,10k_45,lbol,8,5891.0767,92.01493550917455,6055.0,0.062,sfd,4.3466997,0.1799415395105509,0.1435194,0.0792995150833346,0,0.14872637,1.2002841,6.61298,2.3044840948136214,0.6319398,0.018979000718536254,0.04036974595927432,159.0,0,0.6721357,1.2377341,0.9886581420898437,0.0954069332989674,1,0,0.13104896545410227,0.13787101480151653,1,0,-0.030640144348144105,0.14573218312831102,1,0,0.04808277130126992,0.061967830109562874,1,0,0.03546228408813512,0.08884207666987062,1,0,0.053918685913085795,0.07822722872634906,1,0,0.04098537445068384,0.06652610671745189,1,0,0.118183784484863,0.09875645386736588,1,0,-0.0468041229248044,0.08412431667072034,1,0,0.09787448883056626,0.0634617857231171,1,0,,,0,0,0.03765601109789153,0.09142005283983172,19,0,-0.08133089065551768,0.129596815166114,8,0,0.021644124212190714,0.13959231710919096,3,0,0.034292812347412216,0.08873637905443384,1,0,,,0,0,0.09337417602539055,0.09231082969922602,1,0,0.07484048843383828,0.16854232987486642,8,0,0.047177899043805656,0.08537104321739672,3,0,0.1110261642031875,0.06348213022767857,3,0,0.10998141423412287,0.11666537766563331,3,0,,,,32,,,1,32,-0.24989361653988656,0.1530309662733117,3,0,,,,32,,,2,32,,,,32,0.03427036285400398,0.10287897752297483,1,0,,,4,32,,,1,32,,,2,32,0.8130262756347657,0.1392171923163802,2,0,,,1,32,10.284285178229013,-80.01301545388856,2.649460447917053,0.020761472059944608,373.380247312276,370.486250058091,376.318992767515,623.94809351801,15.51517323161316,0.48028687375884604,16.077665,1.0836865,2,0.0,27.1647332566,36.2863839541,40.3586932817,42.5275243402,0,12.2584095,11.147,0.022,10.879,0.025,10.814,0.023,AAA,10.808,0.02,AAAU,0.0,0.029390340884043426,1.4171233,1.0209467977933675
4644032074264184704,2016.0,43.91729470308415,0.4135722219944,-72.04163648929381,0.4124411344528198,2.353245191203014,0.4592675566673279,5.123908996582031,10.42773723602295,10.32550061249846,0.509843111038208,-1.4566200340172597,0.5577051639556885,31.0,1.0832209587097168,false,295.0,168.86161453645266,0.879817008972168,191.92811584472656,20.118539810180664,34.0,122.5115817253369,11.836525917053224,10.350298881530762,20.118099212646484,29.0,78.0212622493808,9.364060401916504,8.331990242004395,20.01736259460449,0.0,2.0,0.0,1.0,0.0,1.187557339668274,0.1007366180419921,-4.405975341796E-4,0.1011772155761718,290.5768872191737,-41.97744286430076,320.63864200800134,-73.30589526697713,0.0022417489487783,4085.262200823797,624.5239966925973,0.0178297694176922,0.0900000035762786,0.0799999982118606,0.1000000014901161,0.0,0.0,0.0,0.0,0.0,0.0,0.0,0.0,0.0,0.0,0.0,0.0,0.0,0.0,0.0,0.0,0.0,0.0,0.0,0.0,0.0,0.0,0.0,0.0,0.0,0.0,0.0,0.0,0.0,0.0,0.0,0.0,0.0,0.0,0.0,0.0,0.0,0.0,0.0,0.0,0.0,0.0,0,0.0,0.0,0.0,0.0,0.0,0.0,0.0,0.0,0.0,0.0,0.0,0.0,0.0,0.0,0.0,0.0,0.0,0.0,0.0,0.0,0.0,0.0,0.0,0.0,0.0,0.0,0.0,0.0,0.0,0,1.9534279124846987,0.0111782777319843,43.91729470308415,-72.04163648929381,0.09561,0.08931,0.1035,10775.82,7.959009,12493.99224206053,2568.1607325288896,5473.646018817684,7.892893455746766,0.4113265372836636,0.4358258077979702,0.5461698342683682,0.197025350667177,0.2740723657453714,0.2914159575652214,0.0887865407379578,0.0471521473435633,0.8561125095780776,0,1.71177541848112,0.6802765792212704,2.890479382677536,42.39083879975704,42.66823896771131,,42.39093178023813,42.95965492527653,,11,0.0,0.0,H,4644032074264939136,0.6961317,12.377112,02554005-7202378,140807006201396,4644032074264939136,4644032074264939136,galah_main,131,0,10k_54,lbol,8,6138.992,92.06540454838428,6178.0,0.03,sfd,4.258584,0.17952478783364864,-0.07162237,0.08696993557874742,0,-0.08529008,1.3272235,7.0396585,2.3648155217638163,0.47486112,-0.06912178075540704,0.03980899766324179,159.0,0,0.5773699,1.4857824,0.9616697549819946,0.09464635830955355,1,1,0.053220081329346414,0.13685986484966361,1,0,-0.1013784599304195,0.14432379247986454,1,0,0.01006216049194375,0.061048961288756656,1,0,-0.08365306854248011,0.08723589828276686,1,0,0.08000692367553697,0.07739137177949275,1,0,-0.07281419754028295,0.06567829847747524,1,0,0.13993280410766573,0.09752110492400465,1,0,-0.15324323654174776,0.08323891313952468,1,0,0.12412866592407212,0.06263802971586357,1,0,,,0,0,0.051619392484591076,0.08999961097074403,19,0,-0.013032504276920405,0.08625748858193605,10,0,,,2,32,-0.18327796936035146,0.08753825595923162,1,0,,,0,0,-0.05953653335571296,0.09073286085082634,1,0,,,,32,0.017725009918212464,0.11808964631494556,2,0,-0.03943925857543906,0.08026590347704436,2,0,-0.12199247563661986,0.11487934366025888,3,0,,,,32,,,1,32,-0.04089915819419759,0.1508155912516144,3,0,,,16,32,,,2,32,,,2,32,-0.09261362075805657,0.1015341541385561,1,0,,,4,32,,,1,32,,,2,32,,,2,32,,,1,32,43.91717875519334,-72.04387782895695,1.9868408729436544,0.021899742004072673,496.134638441257,490.761309256522,501.624777522648,544.214366895742,28.341999053955078,0.13600000739097595,28.874128,2.2192457,8,0.0,25.949778151,36.813261556,43.5376542046,53.2842833317,0,12.495785,11.455,0.023,11.188,0.024,11.158,0.021,AAA,11.199,0.02,AABU,0.0,0.028679237109263078,1.2799022,1.0472246357424029
4653722929233862272,2016.0,60.84531885850704,0.0340175293385982,-72.33481750796535,0.0338490642607212,23.05140529268384,0.0353820621967315,651.499755859375,102.85137176513672,-100.03732946638657,0.047391802072525,23.894287412472533,0.0412675440311431,31.0,1.0649299621582031,false,328.0,6675.554033257769,4.410601615905762,1513.5245361328125,16.126148223876953,31.0,4544.33364548668,17.578405380249023,258.5179748535156,16.194866180419922,35.0,3371.371679729317,27.786455154418945,121.33148193359376,15.92837905883789,0.0,0.0,2.0,0.0,0.0,1.1857750415802002,0.2664871215820312,0.0687179565429687,0.1977691650390625,286.3135963554548,-37.96968092417495,317.4126827134182,-78.41665284231311,0.0024876300001571,388.8361789854061,670.678930189247,5.81855375592326E-6,0.0099999997764825,0.0099999997764825,0.0099999997764825,0.0,0.0,0.0,0.0,0.0,0.0,0.0,0.0,0.0,0.0,0.0,0.0,0.0,0.0,0.0,0.0,0.0,0.0,0.0,0.0,0.0,0.0,0.0,0.0,0.0,0.0,0.0,0.0,0.0,0.0,0.0,0.0,0.0,0.0,0.0,0.0,0.0,0.0,0.0,0.0,0.0,0.0,0,0.0,0.0,0.0,0.0,0.0,0.0,0.0,0.0,0.0,0.0,0.0,0.0,0.0,0.0,0.0,0.0,0.0,0.0,0.0,0.0,0.0,0.0,0.0,0.0,0.0,0.0,0.0,0.0,0.0,0,23.020398923068257,0.0116318603373063,60.84531885850704,-72.33481750796535,0.01589,0.01587,0.01591,8904.438,8.237022,8614.274049827047,103.37128859792456,106.75239388194676,8.13787673448389,0.038,0.038,0.6618890723968704,0.0255276478359831,0.0222991172839682,1.1706473554320445,0.0259987128762371,0.0259281364510064,0.4691943860444086,0,0.4240717759827146,2.5646591509525702,0.2505505755916966,0.1711242288855674,0.7214765201458344,0.4787712905226948,0.1730879394495788,1.8921238755778789,0.4794728531299647,0,DQ,GaiaXP,He,4653722929233862144,1.6854239,11.0113945,04032156-7220101,181224002101385,4653722929233862144,4653722929233862144,tess_hermes,7243,0,181224,lbol,0,4451.7725,72.15474746304632,,,,4.7762594,0.1788397527902923,-0.5667062,0.04541648923646328,0,-0.5057985,0.93228364,6.5064898,2.0984634365439154,14.823296,0.43922820590147654,0.02164798567930968,388.0,0,0.7557733,21.8359,-0.2231638908386231,0.0365837935019204,1,0,,,,32,,,,32,0.13530153274536172,0.024180372440097617,1,0,-0.08653697967529261,0.033110215074207854,1,0,0.3713367843627928,0.02892928721678794,1,0,-0.38911506652832006,0.0533607192337513,1,0,,,,32,0.4371770095825198,0.033881845451290166,1,0,0.39269956588745103,0.02204723087212765,1,0,,,0,0,0.3330820655093963,0.021385113468128627,51,0,-0.14061128616333018,0.05112690478563309,8,0,0.20028902053832986,0.056014942331361436,1,0,0.1261955451965333,0.03101680286821809,1,0,,,0,0,-0.14001615524292,0.031230994137737993,1,0,0.19105768203735352,0.0995773342177234,1,0,0.036912056593725796,0.029081165296388895,3,0,-0.033116397857665625,0.028726549572948328,2,0,-0.10372587203979489,0.04258905383689126,2,0,,,,32,,,,32,0.726532611846924,0.06464663542548604,2,0,0.42601234647253994,0.03551950680953129,21,0,0.9580274391174317,0.055569841704253255,2,0,,,2,32,0.18886430740356452,0.03884593450520421,1,0,1.2320079612731933,0.07095857709646225,1,0,,,,32,1.2801066398620606,0.08433300256729126,2,0,0.7554796486461135,0.04967773343662409,3,0,,,,32,60.83829474567924,-72.33607940142484,23.109078696154985,0.022359608070116097,43.2188775320116,43.1768394328289,43.2609961150064,516.128475650362,20.277000427246094,0.08699999749660492,20.424738,0.4515165,0,0.0,68.6089822445311,115.351698215529,169.637831570429,,0,11.551812,9.084,0.024,8.415,0.036,8.251,0.023,AAA,8.157,0.02,AAAB,0.0,0.0,2.2404616,1.0268735885620117
4654615182920350464,2016.0,75.36074335941343,0.5392466187477112,-71.4038450303306,0.4608948528766632,5.16272957500744,0.4930416345596313,10.471183776855469,43.77484130859375,37.52283775710127,0.7648318409919739,-22.544919389018688,0.670221745967865,31.0,1.015245795249939,false,229.0,117.53691748457427,0.7689359784126282,152.8565673828125,20.51193046569824,20.0,54.49149917949586,6.241461277008057,8.730567932128906,20.99772071838379,20.0,82.04678515143601,10.820815086364746,7.582311153411865,19.96274185180664,0.0,1.0,0.0,2.0,0.0,1.1616629362106323,1.0349788665771484,0.4857902526855469,0.5491886138916016,282.91318026063504,-34.27889118723312,310.63189512706145,-82.8905758199149,0.0045611712416155,2875.6029718653745,746.1183732148054,0.0023328721488622,0.0399999991059303,0.0199999995529651,0.0599999986588954,0.0,0.0,0.0,0.0,0.0,0.0,0.0,0.0,0.0,0.0,0.0,0.0,0.0,0.0,0.0,0.0,0.0,0.0,0.0,0.0,0.0,0.0,0.0,0.0,0.0,0.0,0.0,0.0,0.0,0.0,0.0,0.0,0.0,0.0,0.0,0.0,0.0,0.0,0.0,0.0,0.0,0.0,0,0.0,0.0,0.0,0.0,0.0,0.0,0.0,0.0,0.0,0.0,0.0,0.0,0.0,0.0,0.0,0.0,0.0,0.0,0.0,0.0,0.0,0.0,0.0,0.0,0.0,0.0,0.0,0.0,0.0,0,5.657352200881624,0.140973577860979,75.36074335941343,-71.4038450303306,0.10061,0.08539,0.12166,5128.282,7.494736,5289.481085364532,432.6684228023423,606.773232051888,7.703082185467821,0.375753162556812,0.3912199754406646,0.4200325186423863,0.1593939514984723,0.2247813359521053,2.256213683548705,0.2378817746917869,0.7992780044147088,0.4513997839374931,0,1.3848301607165268,-0.4156166929419074,2.7062327512665063,,,,,,,11,0.0,0.0,H,4654615182934413952,1.6587067,12.94876,05012743-7123576,161115003201021,4654615182934413952,4654615182934413952,galah_main,501,0,10k_2,lbol,65,4118.8354,81.07504574452514,4483.0,0.136,sfd,4.2029185,0.21040874701977516,-0.046433926,0.07755891514751827,0,-0.1732839,0.8790137,8.039255,2.2586347180927193,1.7212765,0.12723002245520415,0.03977525651667317,414.0,0,0.69297546,2.140414,,,,32,,,,32,,,,32,-0.18847328186035117,0.05998059087982788,1,0,,,,32,0.17962869644165025,0.07641037769193566,1,0,0.15745809555053736,0.06468996640301389,1,0,-0.07707817077636747,0.09607902221301025,1,0,0.08828813552856474,0.08220069785258616,1,0,-0.027424488067627095,0.061674953598066296,1,0,,,0,0,0.1212735696552182,0.06387114457688173,51,0,,,,32,,,,32,-0.09099758148193349,0.08613904094718745,1,0,,,0,0,-0.04780347824096687,0.08890151894394377,1,0,0.0261496843873525,0.08949700663259695,12,0,-0.19194553375244183,0.11983317850869135,1,0,-0.20987897872924766,0.07905240063071499,2,0,,,,32,0.06538095474243155,0.11171322695305337,1,0,,,,32,,,,32,,,,32,0.5730567741394044,0.13151492843792378,2,0,,,,32,-0.19277231216430657,0.09996410116128121,1,0,0.4265342903137208,0.14136406779289246,4,0,,,,32,,,,32,,,,32,,,,32,75.36483899153762,-71.39947350252382,5.1787697280361655,0.29718449444213857,193.051702156501,182.309819509792,205.113867902186,523.306078327937,-29.976999282836914,0.10000000149011612,-28.333242,0.7378486,0,0.144491,21.0432478832,37.4421485719,57.8339845261,73.4937532401,0,13.265557,10.987,0.022,10.33,0.024,10.207,0.023,AAA,10.163,0.02,AAAC,0.07986592996215797,0.028679237109263078,2.4207604,14.872765587176874
4657977695738959104,2016.0,80.55684358883762,0.0324991978704929,-69.76389468120753,0.036169484257698,11.811929343109323,0.0338193848729133,349.2650451660156,47.79374313354492,-25.064673960808463,0.0546218901872634,-40.69403128797032,0.0510929822921752,31.0,0.9562117457389832,false,299.0,6791.276133193479,4.792805194854736,1416.97314453125,16.10748863220215,23.0,5206.480380355785,29.7606201171875,174.94529724121094,16.047182083129883,23.0,2684.35058815115,14.739001274108888,182.12567138671875,16.175796508789062,0.0,16.0,0.0,16.0,0.0,1.1619069576263428,-0.1286144256591797,-0.0603065490722656,-0.068307876586914,280.50032293044586,-33.00158617275076,313.3209190303058,-85.25533988530906,0.0038664817949884,1182.007796601452,846.7042972488832,7.097665185633502E-6,0.0099999997764825,0.0099999997764825,0.0099999997764825,0.0,0.0,0.0,0.0,0.0,0.0,0.0,0.0,0.0,0.0,0.0,0.0,0.0,0.0,0.0,0.0,0.0,0.0,0.0,0.0,0.0,0.0,0.0,0.0,0.0,0.0,0.0,0.0,0.0,0.0,0.0,0.0,0.0,0.0,0.0,0.0,0.0,0.0,0.0,0.0,0.0,0.0,493084483,15.6689,15.7531,16.0445,16.1258,0.0,0.0,0.0207,0.0387,0.1331,0.117,0.0,0.0,1.0,3.0,3.0,3.0,0.0,0.0,4.0,4.0,3.0,3.0,0.0,0.0,3.0,14.0,0.0,0.5391241,4.657977695738959E18,493084483,11.771859809296624,0.0106368265561048,80.55684358883762,-69.76389468120753,0.03233,0.03222,0.03245,14433.9,8.04253,14124.949845791089,280.1175687960713,310.08660750754643,8.034054760816677,0.038,0.038,0.6082650104894993,0.0248261472320295,0.0211242883187086,0.2621266257689109,0.0034931792381657,0.0034815674676221,0.0927671909744006,0,0.2950735896803389,1.2991471192847677,0.7121153355804435,3.2718362473176485,4.637704812746167,6.628840767474035,3.271838112065269,4.899831438515077,6.628841681759927,0,DB,GaiaXP,He,4657977764458434688,0.9163513,9.962824,05221110-6945523,170108002201144,4657977764458434688,4657977764458434688,tess_hermes,7135,0,10k_30,lbol,0,5390.6626,74.46009639795321,,,,4.5145802,0.17608119300200953,-0.011502266,0.046450350300621064,0,-0.032447822,1.0825061,5.7209854,2.1082432326721574,2.1744895,-0.08048286875225555,0.023297732693461044,440.0,0,0.7403973,4.24557,,,,32,,,,32,0.19614360809326215,0.06769766177797815,1,0,-0.1252141571044918,0.02519811093379938,1,0,-0.011473274230956676,0.03403050382798828,1,0,-0.022973213195800923,0.031845819398868914,1,0,0.010113029479980717,0.029607639448767396,1,0,-0.0735119056701663,0.04241310179240399,1,0,0.030733413696289347,0.03665011123535166,1,0,-0.07887950897216811,0.02383919487035699,1,0,,,0,0,-0.08048286875225555,0.023297732693461044,55,0,-0.061580876670356804,0.021886827106894515,15,0,,,,32,-0.06839025497436513,0.03329356556658109,1,0,,,0,0,-0.022212581634521555,0.03262729470496001,1,0,,,,32,-0.07788658475552435,0.033123209668704745,3,0,-0.16199684878176368,0.026269914694968758,3,0,-0.06145290638361965,0.03831263670873886,3,0,,,,32,,,,32,-0.005592702358088655,0.05555861033506519,3,0,-4.8492431640623224E-4,0.07321631163358688,2,0,,,,32,,,,32,0.10934455871582038,0.041306674547340265,1,0,0.2932200622558594,0.1025618463754654,2,0,0.07553230285644519,0.07127772458631945,1,0,,,,32,,,,32,,,,32,80.5459372394189,-69.76472180902772,11.68885413620679,0.04305027273219489,85.341975558558,85.0272178223236,85.6590305875834,529.592980718516,-7.693999767303467,0.08100000023841858,,,0,0.0,75.9017979126,100.647620133,116.565702793,115.806543198,0,10.22911,8.842,0.023,8.483,0.038,8.38,0.02,AAA,8.4,0.02,AAAU,0.0,0.0,1.6879199,1.0073189019300872
4664802433028608640,2016.0,73.82651813303787,0.4617398083209991,-63.45639200755338,0.4739984571933746,5.493681381745868,0.4552603363990783,12.067120552062988,31.059539794921875,9.65303487638218,0.518147885799408,29.52141490192924,0.664686918258667,95.0,0.977532923221588,false,274.0,144.6940918691764,0.9270555377006532,156.07920837402344,20.28623962402344,27.0,72.72479520585489,6.353579044342041,11.446271896362305,20.684335708618164,29.0,91.61051872325466,9.152612686157228,10.009220123291016,19.843032836914062,0.0,0.0,0.0,1.0,0.0,1.1357431411743164,0.8413028717041016,0.3980960845947265,0.443206787109375,273.66784132081943,-36.93707832502131,16.945748538647784,-82.52310292612222,0.0105619880563197,6516.788642157093,717.4704834582642,9.36423472378E-4,0.0199999995529651,0.0199999995529651,0.0199999995529651,0.0,0.0,0.0,0.0,0.0,0.0,0.0,0.0,0.0,0.0,0.0,0.0,0.0,0.0,0.0,0.0,0.0,0.0,0.0,0.0,0.0,0.0,0.0,0.0,0.0,0.0,0.0,0.0,0.0,0.0,0.0,0.0,0.0,0.0,0.0,0.0,0.0,0.0,0.0,0.0,0.0,0.0,0,0.0,0.0,0.0,0.0,0.0,0.0,0.0,0.0,0.0,0.0,0.0,0.0,0.0,0.0,0.0,0.0,0.0,0.0,0.0,0.0,0.0,0.0,0.0,0.0,0.0,0.0,0.0,0.0,0.0,0,5.826873892630594,0.0104665327693743,73.82651813303787,-63.45639200755338,0.0499,0.04681,0.05391,5667.462,7.789287,5770.615107532269,447.560407105233,518.2073499141507,7.927146738765151,0.29431786109655,0.2599307151840637,0.5437022975138921,0.1565101154020649,0.162673843934032,2.321172530107788,0.3333947354959656,0.8252481527814584,0.7285053178960494,0,1.3597751120943946,0.6588383797905486,2.3214368038389392,46.69602582013656,47.16230029316717,,46.69721597102463,49.48347282327496,,11,0.0,0.0,H,4664802531812429568,0.82011795,10.680362,04552319-6327037,170114002101395,4664802531812429568,4664802531812429568,tess_hermes,7155,0,10k_40,lbol,0,5739.2383,81.48691502914875,5872.0,0.027,sfd,4.3772016,0.17721463584668976,0.16319132,0.06069398854016864,0,0.15345974,1.1468179,5.9846296,2.195798915868803,1.1491512,-0.03334464525208297,0.026723249181290484,447.0,0,0.6988477,1.863483,,,,32,-0.14444704055786062,0.11427034871925229,1,0,-0.17341043472289996,0.11533049641071311,1,0,-0.010694084167480078,0.04396602016167549,1,0,-0.10211095809936488,0.05903747972848348,1,0,0.031131591796874858,0.06017693924146757,1,0,-0.024197788238525142,0.049464929760375004,1,0,-0.07841856002807646,0.0735417232864137,1,0,-0.018577270507812216,0.06518432705199745,1,0,0.04026540756225572,0.04637953231221801,1,0,,,0,0,-0.006677813684648752,0.04615888828464203,55,0,0.060387973785400284,0.09830645712445947,8,0,-0.12691179776730574,0.09102774789851024,3,0,-0.041729335784912,0.06417458522648622,1,0,,,0,0,0.037805004119872976,0.06196682631242393,1,0,-0.05652695518437615,0.08103520537590081,9,0,-0.00592315196680758,0.0663348417103417,3,0,0.004087751650996123,0.04904853316035872,3,0,0.027166386963534704,0.0805737778068121,3,0,,,,32,,,,32,-0.3587622056092547,0.10818832873079161,3,0,,,,32,,,,32,,,,32,-0.0817531776428222,0.07539793071345904,1,0,,,4,32,0.2402847862243651,0.12763833120937393,1,0,,,2,32,,,,32,,,,32,73.84672097470181,-63.45091832690979,5.740684461175006,0.022957229368756306,173.32418756499,172.632066957239,174.021780750119,473.642644725614,43.12799835205078,0.125,43.26055,0.50193745,0,0.0,54.9699299523,49.9864168123,67.3750713287,69.0282550309,0,10.73848,9.641,0.022,9.336,0.022,9.315,0.021,AAA,9.313,0.02,AAAB,0.0,0.027294102053785345,1.497937,1.034267350326796
4665689876352642816,2016.0,71.86929186612524,0.3845473229885101,-61.03449895633592,0.3305716812610626,1.9464942542445751,0.3560583591461181,5.4667840003967285,13.905369758605955,-13.608280786840291,0.486221969127655,-2.859020660155705,0.387218713760376,95.0,1.0056689977645874,false,267.0,226.26707422295016,1.0064826011657717,224.80972290039065,19.80081367492676,33.0,172.11262913894066,10.416207313537598,16.523540496826172,19.74901008605957,27.0,93.8810471046458,8.166844367980957,11.49538803100586,19.816450119018555,0.0,0.0,0.0,1.0,0.0,1.1755739450454712,-0.0674400329589843,-0.0518035888671875,-0.0156364440917968,270.954162209216,-38.37945107585496,26.22627391601173,-80.32867335961106,0.0043624020146096,8192.17449547057,685.3211849537014,0.016641313724737,0.0900000035762786,0.0799999982118606,0.1000000014901161,0.0,0.0,0.0,0.0,0.0,0.0,0.0,0.0,0.0,0.0,0.0,0.0,0.0,0.0,0.0,0.0,0.0,0.0,0.0,0.0,0.0,0.0,0.0,0.0,0.0,0.0,0.0,0.0,0.0,0.0,0.0,0.0,0.0,0.0,0.0,0.0,0.0,0.0,0.0,0.0,0.0,0.0,500705943,0.0,0.0,19.6716,19.9815,0.0,0.0,0.0,0.0,0.0373,0.0272,0.0,0.0,0.0,0.0,1.0,0.0,0.0,0.0,0.0,0.0,0.0,0.0,0.0,0.0,1.0,0.0,0.0,0.14175102,4.665689876352643E18,500705943,1.8962201796981253,0.0124884699696473,71.86929186612524,-61.03449895633592,0.06142,0.05765,0.0671,13830.51,7.774616,19562.57431337581,4036.056777844966,5555.600939627868,8.217752550093586,0.2671097436370342,0.267651115215024,0.7530184550385919,0.1673166225763207,0.1758613351378722,0.1252398233566382,0.0314867326167748,0.039908481916303,1.8736438532401567,0,2.22746585671698,3.2512002829747653,1.4129986165257584,0.226518955155593,0.3630370814044492,10.15779584805289,0.2286968547568196,0.4882769047610875,10.15787424502043,0,0.0,0.0,H,4665689876352209792,0.67043686,12.566478,04472680-6101559,151230001601366,4665689876352209792,4665689876352209792,galah_main,291,0,10k_52,lbol,0,6138.1377,82.67834498450594,6329.0,0.019,sfd,4.295566,0.17955282346051823,-0.19759655,0.07066819858312098,0,-0.21046388,1.3267018,8.455792,2.2386793328448107,0.7911828,0.025268997637449036,0.03113883946518127,159.0,0,0.5357754,1.5855016,1.763014030456543,0.08157011131988,1,0,,,,32,0.12920330047607465,0.12130285144005068,1,0,0.03573841094970742,0.047185264238544106,1,0,0.09212579727172887,0.06407661634911116,1,0,-6.920433044435015E-4,0.06372423445832909,1,0,-0.010003299713134517,0.0525987404099031,1,0,0.10960453033447237,0.07823799305242397,1,0,0.004454441070556925,0.06887370217614872,1,0,0.0920360946655272,0.04961031763339523,1,0,,,0,0,0.029230338757678286,0.06811946495571308,19,0,0.0011547104085804078,0.06691379313615063,10,0,,,,32,-0.22563255310058583,0.06876869911390408,1,0,,,0,0,-0.05549438476562507,0.06729133316924935,1,0,,,,32,0.11611654281616168,0.0952349204079157,2,0,-0.018774566650390234,0.06382614907822254,2,0,-0.06734788512286811,0.08722391436721275,3,0,,,1,32,,,,32,-0.017687741004280763,0.11645408183331551,3,0,,,,32,,,,32,,,,32,-0.01947681427001946,0.08052208768696512,1,0,0.462762336730957,0.16126734057139666,1,0,0.2057069396972655,0.13238939022941812,1,0,,,2,32,,,,32,,,,32,71.86156372058396,-61.0322606389462,1.8790976749194883,0.026854449714435034,524.172777330061,516.841291652413,531.711388710414,464.850050635153,19.541000366210938,0.10700000077486038,,,0,0.0,54.9118000591,46.8261679048,54.7524088184,52.7367641624,0,12.738424,11.713,0.024,11.488,0.025,11.424,0.023,AAA,11.424,0.02,AAAU,0.0,0.029390340884043426,1.2766584,1.042061579471103
4667718612743054080,2016.0,55.17554428142349,0.2911558449268341,-68.38561161584369,0.2874449789524078,1.514729013886215,0.287899374961853,5.261314392089844,5.827670574188232,5.4164086007587215,0.3921945989131927,2.1504098317380285,0.3843342959880829,31.0,0.984585702419281,false,343.0,229.64594895387165,0.877143919467926,261.81103515625,19.78471946716309,36.0,161.9167290603399,10.086769104003906,16.052387237548828,19.8153133392334,32.0,103.90245221871916,11.479143142700195,9.051411628723145,19.70633125305176,0.0,0.0,0.0,0.0,0.0,1.157517433166504,0.1089820861816406,0.0305938720703125,0.0783882141113281,283.50672335930227,-41.78485291127663,336.292634508374,-76.71801122531598,0.0020521442530409,4218.081652667015,620.7042780583919,0.0022357696537414,0.1299999952316284,0.1500000059604644,0.1299999952316284,0.0,0.0,0.0,0.0,0.0,0.0,0.0,0.0,0.0,0.0,0.0,0.0,0.0,0.0,0.0,0.0,0.0,0.0,0.0,0.0,0.0,0.0,0.0,0.0,0.0,0.0,0.0,0.0,0.0,0.0,0.0,0.0,0.0,0.0,0.0,0.0,0.0,0.0,0.0,0.0,0.0,0.0,0,0.0,0.0,0.0,0.0,0.0,0.0,0.0,0.0,0.0,0.0,0.0,0.0,0.0,0.0,0.0,0.0,0.0,0.0,0.0,0.0,0.0,0.0,0.0,0.0,0.0,0.0,0.0,0.0,0.0,0,1.7184049230402412,0.0103844242255672,55.17554428142349,-68.38561161584369,0.12944,0.12527,0.12944,10681.58,7.098119,12452.228629894931,2113.0498527561303,4175.39563566323,7.419541133782234,0.2957142997219089,0.4046080913602639,0.3381972743359509,0.0929927607912823,0.1831783697480966,0.1369761309339803,0.0489278570505183,0.026691760630165,0.8416770547559317,0,0.8079301545723916,-1.126609258592953,1.5914715008522722,,,,,,,11,0.0,0.0,H,4667718612744013568,0.8615837,13.733922,03404338-6823055,131116000501380,4667718612744013568,4667718612744013568,galah_main,138,0,10k_41,lbol,4,5631.0664,160.29990314454625,5728.0,0.035,sfd,4.478734,0.19819711619597769,-0.005549431,0.17577889130793586,0,-0.014978044,1.119978,9.614406,3.0229876515372673,0.22580558,-0.05455795821481054,0.10053295015379587,7.0,0,0.66120774,1.2729834,0.9616891860961914,0.14745980839900985,1,1,0.7052047729492195,0.20444848379927247,1,1,0.18468044281005902,0.2580995152330655,1,0,0.04949420928955117,0.15714057050265448,1,0,-0.3958149909973141,0.28365702783509206,1,0,-0.06676689147949233,0.1448456562806338,1,0,0.025217323303222905,0.14800798084712163,1,0,0.030474357604980185,0.2129777015112006,1,0,-0.03988521575927706,0.15643077049051618,1,0,0.05823024749755845,0.1427866369485855,1,0,,,0,0,,,,32,,,,32,,,2,32,,,1,32,,,0,0,0.17614261627197259,0.2646780113743142,1,0,0.5052031898498539,0.26812619815150535,8,1,-0.11433551788330121,0.23453091509858973,2,0,,,2,32,0.05090621948242191,0.37421175126938566,2,1,,,,32,,,1,32,,,2,32,,,,32,,,2,32,,,,32,0.21440608978271491,0.22683242998441894,1,0,,,4,32,,,1,32,,,2,32,,,2,32,,,1,32,55.18073772025688,-68.38487125841648,1.7459332112055732,0.011613227315588451,563.422833652541,559.732522569628,567.16124777668,505.417588609864,23.851999282836914,0.17299999296665192,,,0,0.0,5.34836138607,9.02618073851,18.0056213852,18.5499975261,0,13.849629,12.64,0.026,12.288,0.022,12.259,0.023,AAA,12.273,0.022,AABU,0.0,0.02856145694677443,1.5533469,1.0463025237185153
4669117535130857088,2016.0,60.22053443026875,0.5112362504005432,-67.60048856248613,0.5612742900848389,6.228545204767492,0.5733020305633545,10.864335060119627,23.661466598510746,18.830035868928263,0.6788036227226257,14.328111424982788,0.7625185251235962,31.0,1.07803213596344,false,289.0,147.61165390911543,0.9065819382667542,162.8221893310547,20.26456451416016,29.0,88.07703743888004,7.683973789215088,11.46243381500244,20.47638511657715,31.0,81.74657788625436,7.483849048614502,10.923066139221191,19.96672248840332,0.0,0.0,0.0,0.0,0.0,1.1504756212234497,0.5096626281738281,0.2118206024169922,0.2978420257568359,281.2519096490565,-40.64010759409228,341.2308007142364,-78.4695226847895,0.0023866107296937,1758.2269027873897,637.5747020261327,0.0036178950484413,0.0199999995529651,0.0199999995529651,0.0199999995529651,0.0,0.0,0.0,0.0,0.0,0.0,0.0,0.0,0.0,0.0,0.0,0.0,0.0,0.0,0.0,0.0,0.0,0.0,0.0,0.0,0.0,0.0,0.0,0.0,0.0,0.0,0.0,0.0,0.0,0.0,0.0,0.0,0.0,0.0,0.0,0.0,0.0,0.0,0.0,0.0,0.0,0.0,0,0.0,0.0,0.0,0.0,0.0,0.0,0.0,0.0,0.0,0.0,0.0,0.0,0.0,0.0,0.0,0.0,0.0,0.0,0.0,0.0,0.0,0.0,0.0,0.0,0.0,0.0,0.0,0.0,0.0,0,4.876728408142632,0.0114733991087149,60.22053443026875,-67.60048856248613,0.05424,0.04938,0.06021,7133.414,8.557075,7398.608476813116,749.012654572517,998.1920439222296,8.2942501693952,0.2570215072541888,0.2617335501521882,0.7794453665557933,0.166504445161235,0.1734065609155418,2.38911398380914,0.4986532435296416,0.413329705380185,0.363728007172822,0,1.9852800129211177,3.3950890879045104,1.4900920711229424,0.1969627873714933,0.3185733317785491,3.2191831705055955,0.5361430750198869,2.7076873155876893,3.2456096084735964,0,0.0,0.0,H,4669117535131706752,1.057992,12.637828,04005155-6735578,151229002502091,4669117535131706752,4669117535131706752,galah_main,177,0,10k_23,lbol,0,5023.774,73.62023073811996,5214.0,0.055,sfd,4.593563,0.1793424820748617,-0.4438696,0.04506230532426769,0,-0.41601512,1.0238038,7.1178837,2.094445767604799,4.695427,0.10809679492281375,0.013961317552179497,415.0,0,0.7335381,15.018103,,,,32,,,,32,0.08983371734619183,0.06041152428694149,1,0,-0.06008726119995078,0.02377573301015548,1,0,0.22078456878662145,0.032786209620815326,1,0,0.10883983612060533,0.027499879092608003,1,0,0.12376764297485376,0.027768461863127356,1,0,0.023140602111816122,0.039214010460289314,1,0,0.005960292816162394,0.03255180255346407,1,0,0.009077873229980327,0.021241162054905116,1,0,,,0,0,0.09341651682351104,0.022590812321232893,51,0,0.14785495238669683,0.024920293904608527,13,0,0.023049125671386506,0.052530963311051435,2,0,-0.04097211837768544,0.030017583756149574,1,0,,,0,0,-0.04920633316040046,0.030698303168039315,1,0,0.4485949897766117,0.04834855493637951,8,0,-0.015250191388393869,0.026906602671330198,3,0,0.09240424952002313,0.022616296080055238,3,0,0.08066600503009544,0.034269372493474066,3,0,,,,32,,,,32,-0.07576257340729721,0.05602147692686905,3,0,0.1681265258789062,0.05299224311646257,1,0,,,,32,,,2,32,0.011855201721191477,0.03777339387773916,1,0,,,,32,,,,32,,,,32,0.5112749481201171,0.06882445514202118,1,0,,,,32,60.215057392426516,-67.59932842546577,4.856488903244165,0.021333726252736912,204.693989145682,203.797272383879,205.59849033048,492.434259158411,40.19744603448486,0.29681133516016733,39.733868,1.6751039,0,0.0,83.6673421923,125.79594132,158.330632267,178.873704957,0,12.832202,11.293,0.025,10.827,0.021,10.767,0.023,AAA,10.758,0.02,AAAU,0.0,0.026621999714268433,1.8939621,0.9589256020941266
4669315275425089280,2016.0,60.86239807849969,0.0591842532157897,-66.24251890085696,0.0711657106876373,5.332950957551629,0.06103952601552,87.36881256103516,31.42612838745117,-31.40404580832609,0.0729137435555458,-1.1778988470127814,0.0819258019328117,31.0,1.0281243324279783,true,509.0,2177.33905991576,1.7510771751403809,1243.4283447265625,17.342552185058594,56.0,1642.296036535961,8.219911575317383,199.7948608398437,17.29991340637207,55.0,795.2086673525663,6.041666030883789,131.62075805664062,17.496692657470703,0.0,56.0,0.0,55.0,0.0,1.1194878816604614,-0.1967792510986328,-0.0426387786865234,-0.1541404724121093,279.5252914034738,-41.0900074940833,348.13249200021244,-78.4371174111976,0.0069954378121976,4764.129392827948,631.208504302457,5.929765320337792E-5,0.0199999995529651,0.0199999995529651,0.0199999995529651,0.0,0.0,0.0,0.0,0.0,0.0,0.0,0.0,0.0,0.0,0.0,0.0,0.0,0.0,0.0,0.0,0.0,0.0,0.0,0.0,0.0,0.0,0.0,0.0,0.0,0.0,0.0,0.0,0.0,0.0,0.0,0.0,0.0,0.0,0.0,0.0,0.0,0.0,0.0,0.0,0.0,0.0,0,0.0,0.0,0.0,0.0,0.0,0.0,0.0,0.0,0.0,0.0,0.0,0.0,0.0,0.0,0.0,0.0,0.0,0.0,0.0,0.0,0.0,0.0,0.0,0.0,0.0,0.0,0.0,0.0,0.0,0,5.26204425351955,0.0098680793976284,60.86239807849968,-66.24251890085696,0.05942,0.05869,0.06017,16666.63,7.888351,17396.31200251002,586.2430597337152,611.4090040796364,7.917810928587146,0.042463603042826,0.0421414569639315,0.5721432817726734,0.0238526457030416,0.0246736601646883,0.1006441806368013,0.0052175483777313,0.0052189444479474,0.4384127769638203,0,0.2072341068900232,0.905936418528874,0.2315746880098369,8.904784400243704,16.146504963891342,22.65917214461917,8.904785928793274,16.247149144528144,22.65917274564247,11,DA,GaiaXP,H,4669315275426231040,1.2840929,13.063981,04032961-6614531,151229002502340,4669315275426231040,4669315275426231040,galah_main,177,0,10k_10,lbol,0,4677.696,75.70526465219794,4741.0,0.038,sfd,4.6440816,0.17848752089245434,-0.07546091,0.05012453615455868,0,-0.11326777,0.96843135,7.3945217,2.126715879613079,3.624986,0.05405571393217876,0.016499638986722,479.0,0,0.7558229,6.4347763,,,,32,,,,32,,,,32,-0.28128868103027305,0.02869711466284538,1,0,0.1752308845520023,0.0396324098110199,1,0,0.0222271347045897,0.03921974852907867,1,0,-0.0022990417480466263,0.03368695780352954,1,0,0.0474592971801755,0.049133655478775275,1,0,0.06961709976196317,0.04385594318815975,1,0,-0.04212251663208022,0.0289770098131842,1,0,,,0,0,0.03230263667647903,0.024727368781061947,59,0,-0.011708141358012063,0.03765650913524418,10,0,-0.1894290351867678,0.08562484808691531,1,0,-0.1135515022277831,0.04006192172813608,1,0,,,0,0,-0.15523775100708015,0.037729188538575195,1,0,-0.13661847237499758,0.04706006941657436,12,0,-0.10419786259475614,0.042400516876495,3,0,-0.10393767349859354,0.03211941324239582,3,0,-0.2646062251232013,0.04703425669026634,3,0,,,,32,,,,32,0.3584667778015138,0.07947673275486693,2,0,,,,32,0.7248092460632325,0.08278265983433966,2,0,,,,32,0.007872180938720774,0.048696467998319413,1,0,,,,32,,,,32,0.13507497787475597,0.09510979801416397,1,0,0.0010529899597166992,0.10925162583589554,1,0,,,,32,60.8729282035379,-66.24808475656661,5.234146408691481,0.015859009215095685,190.003195033233,189.4280814082,190.581749008981,489.285271958182,19.91335426992798,0.33292038421784587,19.784182,2.5047042,0,0.0,64.9810946089,78.984237973,94.4911045683,134.982496644,0,13.328505,11.479,0.022,10.907,0.02,10.836,0.022,AAA,10.846,0.02,AAAU,0.0,0.025964960841187504,2.1187325,1.01022716407586
4669661587228569088,2016.0,58.38865603526919,0.0850578770041465,-65.23779382388487,0.0939766317605972,8.516104620451475,0.0954275280237197,89.24159240722656,98.4763412475586,16.7719614116812,0.1001388058066368,97.03757198342896,0.1160972639918327,31.0,0.9838746786117554,false,546.0,1159.0085869337838,1.2099181413650513,957.9231567382812,18.02715110778809,64.0,748.7798230884254,10.09246063232422,74.19200134277344,18.15265655517578,60.0,579.0374218789424,7.522789001464844,76.97110748291016,17.841129302978516,0.0,2.0,0.0,1.0,0.0,1.1456491947174072,0.3115272521972656,0.1255054473876953,0.1860218048095703,279.027546931807,-42.469951171371385,351.2139642462883,-77.16462640766609,0.015868805557751,6862.329901573865,607.0169529524889,7.825708300305223E-5,0.0099999997764825,0.0099999997764825,0.0099999997764825,0.0,0.0,0.0,0.0,0.0,0.0,0.0,0.0,0.0,0.0,0.0,0.0,0.0,0.0,0.0,0.0,0.0,0.0,0.0,0.0,0.0,0.0,0.0,0.0,0.0,0.0,0.0,0.0,0.0,0.0,0.0,0.0,0.0,0.0,0.0,0.0,0.0,0.0,0.0,0.0,0.0,0.0,497677207,0.0,0.0,18.0954,17.6846,18.1159,18.0,0.0,0.0,0.0242,0.0639,0.0182,0.0,0.0,0.0,0.0,0.0,0.0,0.0,0.0,0.0,0.0,0.0,0.0,0.0,0.0,0.0,0.0,0.06597484,4.66966158722857E18,497677207,8.326164219501825,0.0116477984588096,58.38865603526918,-65.23779382388487,0.03392,0.03358,0.03427,8561.818,7.972107,8420.626451170487,146.70112040186177,155.7714766675981,7.899528447799016,0.0434422128219633,0.0443493905727638,0.5378369403047286,0.0242381285319027,0.0255210819236917,0.8609233174326287,0.0098298377651889,0.0102676471825097,1.992808262148552,1,0.2105832192172263,0.6078795856188416,0.2217296431250366,39.20890549821823,61.17049282442291,97.94616188081534,39.20890673040908,62.03141614185554,97.94616241899148,11,DA,GaiaXP,H,4669661552869995904,1.4885082,12.526237,03532695-6514590,171230001601190,4669661552869995904,4669661552869995904,tess_hermes,7363,0,10k_6,lbol,0,4642.411,129.0922164241718,4507.0,0.054,sfd,4.673598,0.1976666918011834,-0.2299695,0.12770428292253688,0,-0.15123773,0.96278584,7.4568863,2.587694126801442,0.7134413,0.15214408935025914,0.06397175573437927,415.0,0,0.7563031,0.85134107,-0.1458584547042847,0.12880354593815116,1,1,,,,32,1.0401878166198735,0.21441010978660693,1,1,0.03408283233642617,0.11540013022405328,1,0,-0.09747371673583949,0.1926169534241893,1,0,0.1792534255981444,0.11895746776790612,1,0,-0.05190250396728491,0.11341214028812607,1,0,0.3092257308959958,0.16531810226031612,1,0,0.31581146240234403,0.12798849164896914,1,0,0.11988767623901353,0.10658865801955811,1,0,,,0,0,0.31243666966205796,0.11278726835877612,51,0,,,,32,0.6252305603027342,0.3088040241879571,2,0,0.05057727813720714,0.15278098122713182,1,0,,,0,0,-0.24543102264404304,0.1873924237724185,1,0,0.2358078384399418,0.23253843769035282,8,1,0.09292491177044966,0.12654973337405043,3,0,-0.09574800491332969,0.13543454887211787,2,0,-0.3187405681610107,0.2737266838320636,2,1,0.30817975997924796,0.1695132851600647,1,0,,,1,32,0.39138570785522475,0.3654466563366711,2,0,,,16,32,1.3837219047546387,0.2244686782360077,2,0,,,2,32,-0.03163663864135735,0.1751860253329665,1,0,,,4,32,,,,32,,,2,32,,,2,32,,,1,32,58.362500276358055,-65.24929231197288,8.27422145327197,0.025246788764247716,120.437137627605,120.06928687413,120.807208945303,491.355710977397,36.20500183105469,0.11900000274181366,35.94308,0.6980491,0,0.0538636,10.4946476547,17.241342155,19.0398525812,24.3750412932,0,12.830624,10.734,0.022,10.166,0.023,10.009,0.021,AAA,10.015,0.02,AAAU,0.06517833618164011,0.02798018237775127,2.1403296,1.0935143921530863
4674958033525400704,2016.0,67.20909987478537,0.232762724161148,-65.01361765750521,0.2178673595190048,6.949563094914674,0.2283966690301895,30.427602767944336,14.666369438171388,-6.047291380856088,0.2968811988830566,13.361611656930714,0.3010208308696747,31.0,0.9918055534362792,false,616.0,263.1014750483934,0.654956042766571,401.7085876464844,19.63705825805664,69.0,150.66673157109983,6.539824962615967,23.03834342956543,19.89349937438965,68.0,167.9448666870354,7.512753963470459,22.354633331298828,19.184978485107425,0.0,3.0,0.0,1.0,0.0,1.2109837532043457,0.7085208892822266,0.2564411163330078,0.4520797729492187,276.6299533240337,-39.22857087612118,358.85893817729175,-80.58070524014767,0.0031902429402282,1614.6449525545545,669.7240005306955,7.642505839148E-4,0.0099999997764825,0.0099999997764825,0.0099999997764825,0.0,0.0,0.0,0.0,0.0,0.0,0.0,0.0,0.0,0.0,0.0,0.0,0.0,0.0,0.0,0.0,0.0,0.0,0.0,0.0,0.0,0.0,0.0,0.0,0.0,0.0,0.0,0.0,0.0,0.0,0.0,0.0,0.0,0.0,0.0,0.0,0.0,0.0,0.0,0.0,0.0,0.0,0,0.0,0.0,0.0,0.0,0.0,0.0,0.0,0.0,0.0,0.0,0.0,0.0,0.0,0.0,0.0,0.0,0.0,0.0,0.0,0.0,0.0,0.0,0.0,0.0,0.0,0.0,0.0,0.0,0.0,0,7.064868081223251,0.1019275223826453,67.20909987478537,-65.01361765750521,0.04405,0.04275,0.04542,6157.028,7.942466,6040.963036041942,259.1000641862948,311.22774357557864,7.893897947502484,0.1346031511623078,0.1514641551736897,0.5098395085611526,0.0737200785697921,0.0907137834661898,2.1389363864459536,0.0834292388517705,0.1332985362739673,0.2992845902847164,0,0.6404872160711735,0.3646351742932462,0.8328494489385748,82.80821886516723,88.90751012612576,,82.80826089261465,91.0464465125717,,11,DQ,GaiaXP,He,4674958037821384576,0.952446,11.360616,04284856-6500444,161213003101043,4674958037820717952,4674958037821384576,tess_hermes,7179,0,10k_29,lbol,1,5335.857,76.87429059348669,5471.0,0.037,sfd,4.501258,0.1823043623663272,-0.0045752525,0.04925244780874293,0,-0.016161546,1.0737371,5.0794134,2.1339499558029575,2.049744,-0.022924898937685345,0.016796818658156933,447.0,0,0.7475141,4.0969696,,,,32,,,,32,0.043012599945068786,0.0787040895258033,1,0,-0.09137254714965781,0.02825143161546559,1,0,0.013013267517090199,0.03729672554774862,1,0,0.0017889404296873579,0.0384011964578796,1,0,-0.0024211120605466263,0.03318646664586088,1,0,-0.04028875350952177,0.04832537607302591,1,0,-0.0412952232360837,0.043045130450577396,1,0,-0.06294122695922866,0.028372765403196616,1,0,,,0,0,-0.04799131853403249,0.02693999538689535,55,0,-0.03143439323309777,0.025507217395419068,15,0,0.0010683631896970525,0.07588489725526272,2,0,-0.03193700790405263,0.039252884007921464,1,0,,,0,0,0.040043277740478445,0.037062337424177604,1,0,-0.23080259323120078,0.08464713082625201,8,0,-0.07004657895930542,0.04140700563886887,3,0,-0.043965846941579644,0.03146862335392415,3,0,-0.05844309496870229,0.04596891410532321,3,0,,,,32,,,,32,-0.09866050315175202,0.06526971414649393,3,0,-0.07360551834106444,0.08838182869726124,2,0,,,,32,,,,32,-0.08099882125854485,0.04780914998037546,1,0,0.3190118730819535,0.07169939627129421,3,0,0.19538103103637683,0.0894648280566597,1,0,,,,32,,,,32,,,,32,67.20226015091754,-65.01226737740642,6.53300885436735,0.10276939735737661,152.455138151361,150.0849707183,154.899983271923,473.793683498096,-6.2170000076293945,0.0729999989271164,-2.2536924,0.699772,0,0.0413723,65.5630511612,80.8142422611,99.9791263411,100.494245836,0,11.52711,10.14,0.026,9.815,0.026,9.678,0.025,AAA,9.683,0.02,AAAU,0.04773561479187027,0.030112639292696627,1.7196447,2.722193728252161
4679240429451202176,2016.0,59.9793116065609,0.4784201979637146,-63.38879511610275,0.4779792129993438,3.818304210468445,0.5788244009017944,6.596653461456299,44.079345703125,11.187276600050849,0.6498106122016907,-42.63605977748914,0.6324487924575806,95.0,0.9553955793380736,false,331.0,145.18814755301543,0.7306326031684875,198.71566772460932,20.28253936767578,34.0,95.21880890477522,10.711856842041016,8.889103889465332,20.391735076904297,36.0,106.55013762542175,9.667553901672363,11.021416664123535,19.67901039123535,0.0,0.0,0.0,1.0,0.0,1.3897067308425903,0.7127246856689453,0.1091957092285156,0.6035289764404297,276.37559811104524,-42.76181566899189,0.0507116784438585,-77.04962722841633,0.0018287195938037,1611.4416889224703,595.2394871636885,0.0142817165760307,0.050000000745058,0.0299999993294477,0.0900000035762786,0.0,0.0,0.0,0.0,0.0,0.0,0.0,0.0,0.0,0.0,0.0,0.0,0.0,0.0,0.0,0.0,0.0,0.0,0.0,0.0,0.0,0.0,0.0,0.0,0.0,0.0,0.0,0.0,0.0,0.0,0.0,0.0,0.0,0.0,0.0,0.0,0.0,0.0,0.0,0.0,0.0,0.0,0,0.0,0.0,0.0,0.0,0.0,0.0,0.0,0.0,0.0,0.0,0.0,0.0,0.0,0.0,0.0,0.0,0.0,0.0,0.0,0.0,0.0,0.0,0.0,0.0,0.0,0.0,0.0,0.0,0.0,0,4.076292370921338,0.0228996656572494,59.9793116065609,-63.38879511610275,0.06245,0.05665,0.06863,0.0,0.0,6141.103313050649,481.6286278509188,831.5913781238323,7.4789560666155666,0.3042511485191541,0.3831113654692091,0.3303716637808659,0.1042373096973502,0.182261067678311,1.1710146083174733,0.134641962370656,0.1441897827943925,1.864567200613104,0,0.9056238896381426,-1.1945989245797906,1.583501891210347,,,,,,,11,0.0,0.0,H,4679240429451193344,1.1295271,12.84172,03595598-6323185,171206001602229,4679240429451193344,4679240429451193344,tess_hermes,7210,0,10k_20,lbol,1,5036.771,71.12634530355099,5111.0,0.044,sfd,4.582363,0.17872914882120286,0.18263388,0.04313654401446671,0,0.1567228,1.0258834,7.271981,2.0747833135465092,9.274082,0.029831926273321027,0.014082714280046702,414.0,0,0.75956106,16.4544,-0.22638850212097172,0.029401633486987704,1,1,,,,32,-0.002876300811767152,0.05749150631977165,1,0,-0.0203409767150875,0.023383243000246863,1,0,0.2531289100646976,0.032510164727564614,1,0,0.17057689666748033,0.025755514959852448,1,0,0.01703193664550806,0.02720460703575924,1,0,-0.025088615417480753,0.03817780906126761,1,0,0.01430637359619169,0.030964292160351736,1,0,0.021683063507079936,0.02034675380162805,1,0,,,0,0,0.016002728986922798,0.017803850522656484,55,0,-0.022694910189354694,0.020989360754738215,11,0,-0.002965202331543182,0.04199160829594538,1,0,-0.05771577835082997,0.028938466716568197,1,0,,,0,0,0.08095352172851555,0.030204025386069477,1,0,-0.0346328316838261,0.021423157279787785,12,0,-0.03674005572271544,0.023864667128759544,3,0,0.13099893883721128,0.020819617409081805,3,0,-0.05510645415666165,0.03296276787423437,3,0,0.01853456497192374,0.041102374499532676,1,0,,,,32,-0.19133900459902167,0.05165029562410386,3,0,-0.010720138140000435,0.03383819075948585,9,0,,,,32,,,2,32,-0.23912755966186516,0.036623811725538094,1,0,0.5687923622131348,0.04657105739922901,2,0,0.19916902542114245,0.042941033745799224,1,0,,,,32,0.04877771377563467,0.061200983822345734,1,0,,,,32,59.983376569504415,-63.38863688945982,4.237018825471545,0.02587455540532469,234.423681757793,232.999612673486,235.864951410813,486.078129950722,15.980558162811278,0.2763662842955728,16.373133,1.3560538,0,0.044202,129.792101267,145.360756534,159.013109222,243.117750833,0,12.967668,11.426,0.023,11.01,0.021,10.899,0.023,AAA,10.906,0.02,AAAU,0.022032210113524856,0.026621999714268433,1.9007186,1.5779158976423753
4684781517084823808,2016.0,16.915931054343478,0.1173091754317283,-74.4289467179753,0.0821007266640663,8.74019603780343,0.1055215075612068,82.82857513427734,57.482418060302734,52.75789448129311,0.1713870614767074,-22.821768523349395,0.1056733578443527,31.0,0.989997386932373,false,341.0,986.6562333320028,1.418729305267334,695.45068359375,18.20195198059082,36.0,610.361958026591,9.344913482666016,65.31488800048828,18.37457275390625,39.0,536.3772761700981,7.31776237487793,73.29798889160156,17.924219131469727,0.0,1.0,0.0,1.0,0.0,1.1622480154037476,0.4503536224365234,0.1726207733154297,0.2777328491210937,301.452470579093,-42.65266161640707,309.5025894884148,-66.18834973185066,0.002023984519595,836.372693922296,641.3944206603383,1.2677920297432832E-5,0.0099999997764825,0.0099999997764825,0.0099999997764825,0.0,0.0,0.0,0.0,0.0,0.0,0.0,0.0,0.0,0.0,0.0,0.0,0.0,0.0,0.0,0.0,0.0,0.0,0.0,0.0,0.0,0.0,0.0,0.0,0.0,0.0,0.0,0.0,0.0,0.0,0.0,0.0,0.0,0.0,0.0,0.0,0.0,0.0,0.0,0.0,0.0,0.0,0,0.0,0.0,0.0,0.0,0.0,0.0,0.0,0.0,0.0,0.0,0.0,0.0,0.0,0.0,0.0,0.0,0.0,0.0,0.0,0.0,0.0,0.0,0.0,0.0,0.0,0.0,0.0,0.0,0.0,0,8.679852313034393,0.0116633103993166,16.915931054343478,-74.4289467179753,0.03724,0.03683,0.03764,7493.411,7.794113,7537.019151500683,148.77986337266975,157.43785098929857,7.783856000352381,0.0523578328872194,0.0546938932249476,0.4731672722555021,0.0266526529171606,0.0292344168166821,0.9872480905212726,0.0133009864729017,0.0143401778053673,0.3176268727430716,0,0.231560842025722,0.0460232168158318,0.253991458007664,,,,,,,11,DA,GaiaXP,H,4684781521385645440,1.8205166,13.410965,01074127-7425464,140807005601087,4684781521385645440,4684781521385645440,galah_main,92,0,10k_1,lbol,256,3762.1394,105.58227199087779,4051.0,0.052,sfd,4.562322,0.19825110159608356,-0.3133254,0.22482514474658855,16,-0.2916622,0.8219423,7.226817,2.47285904235656,1.3963401,,,,32,0.50349915,1.2375479,,,,32,,,,32,,,,32,,,,32,,,,32,,,,32,,,,32,,,,32,,,,32,,,,32,,,0,0,,,,32,,,,32,,,,32,,,,32,,,0,0,,,,32,,,,32,,,,32,,,,32,,,,32,,,,32,,,,32,,,,32,,,,32,,,,32,,,,32,,,,32,,,,32,,,,32,,,,32,,,,32,,,,32,16.922938709894655,-74.42967120239238,8.697801667917322,0.016130034717663288,114.590225905904,114.377223455651,114.804009041712,594.787078535646,-6.188542432792664,0.6102768531928835,,,0,0.0517962,7.02059430112,24.5404467581,27.0745702001,47.1368507225,0,13.9027605,11.352,0.024,10.678,0.023,10.497,0.019,AAA,10.402,0.021,AAAU,0.17992841322326728,0.02859094769139741,2.5449052,1.111538954384013
4690089615625487232,2016.0,12.312535127129246,0.1098601818084716,-71.22542854430058,0.1047832816839218,3.495783628305208,0.1285858303308487,27.18638229370117,33.582366943359375,33.49982769341147,0.1370835900306701,-2.3530436761450795,0.1461520195007324,31.0,0.9745255708694458,false,385.0,816.0618963778956,1.368783950805664,596.19482421875,18.408058166503903,42.0,600.7977991493876,5.713701248168945,105.1503677368164,18.391721725463867,44.0,321.9672295856005,7.3750081062316895,43.656524658203125,18.47836685180664,0.0,0.0,0.0,0.0,0.0,1.130753755569458,-0.0866451263427734,-0.016336441040039,-0.0703086853027343,303.1848758300224,-45.90174690749121,315.07288560461774,-63.6326582718669,0.0029959690470641,2933.334085721434,611.4732913590619,9.702682602602032E-5,0.0700000002980232,0.0700000002980232,0.0799999982118606,0.0,0.0,0.0,0.0,0.0,0.0,0.0,0.0,0.0,0.0,0.0,0.0,0.0,0.0,0.0,0.0,0.0,0.0,0.0,0.0,0.0,0.0,0.0,0.0,0.0,0.0,0.0,0.0,0.0,0.0,0.0,0.0,0.0,0.0,0.0,0.0,0.0,0.0,0.0,0.0,0.0,0.0,0,0.0,0.0,0.0,0.0,0.0,0.0,0.0,0.0,0.0,0.0,0.0,0.0,0.0,0.0,0.0,0.0,0.0,0.0,0.0,0.0,0.0,0.0,0.0,0.0,0.0,0.0,0.0,0.0,0.0,0,3.6307611610570873,0.0376974949238253,12.312535127129246,-71.22542854430058,0.06366,0.06233,0.06507,13757.23,7.715548,13917.654741472135,898.4184601500128,1142.2694132271663,7.799138534456858,0.0960017078108022,0.1050122455396511,0.5016486600632283,0.0486586745250152,0.0576423144306204,0.1845445605325524,0.0159216333467659,0.0153934090848273,0.2293146434566638,0,0.4227512990878821,0.2934722855189258,0.5008020367560413,380.4348637991336,405.8036286357722,,380.4348641323029,405.9881731963048,,11,DA,GaiaXP,H,4690113087622532480,1.4059839,13.285755,00491711-7113321,140806004701152,4690113087622532480,4690113087622532480,galah_main,32,0,10k_7,lbol,769,,,,,,,,,,17,,,,,,,,,32,,,,,,32,,,,32,,,,32,,,,32,,,,32,,,,32,,,,32,,,,32,,,,32,,,,32,,,0,0,,,,32,,,,32,,,,32,,,,32,,,0,0,,,,32,,,,32,,,,32,,,,32,,,,32,,,,32,,,,32,,,,32,,,,32,,,,32,,,,32,,,,32,,,,32,,,,32,,,,32,,,,32,,,,32,12.321809807970432,-71.22562249892616,3.5630168388867203,0.04242725274777124,278.453931946674,275.17766849203,281.807719584943,572.117665889866,,,,,0,0.0340806,18.651713174,34.1508032076,43.0929241823,56.9280506669,8,13.752495,11.565,0.024,10.981,0.024,10.812,0.021,AAA,10.729,0.02,AAAU,0.15789595097351147,0.028679237109263078,,2.5748801617011052
4700092044701380992,2016.0,36.71735155966461,0.2977691888809204,-64.57127797161044,0.2480016350746154,2.027174278285478,0.2756532728672027,7.3540730476379395,30.047840118408203,29.03770306873893,0.3766846656799316,7.725575150763646,0.3264733552932739,31.0,0.9970911741256714,false,340.0,283.82486462194026,0.9185787439346312,308.98260498046875,19.55474090576172,36.0,201.41470405218104,10.08504867553711,19.971614837646484,19.57831382751465,36.0,97.60296309721146,7.182927131652832,13.58818817138672,19.77423858642578,0.0,0.0,0.0,1.0,0.0,1.0535287857055664,-0.1959247589111328,0.0235729217529296,-0.2194976806640625,287.39540179134,-49.57930438206485,340.2310975057451,-68.54621180439425,0.0076092151117818,14639.662983656668,550.357793211774,0.0112237285548364,0.1000000014901161,0.0900000035762786,0.0900000035762786,0.0,0.0,0.0,0.0,0.0,0.0,0.0,0.0,0.0,0.0,0.0,0.0,0.0,0.0,0.0,0.0,0.0,0.0,0.0,0.0,0.0,0.0,0.0,0.0,0.0,0.0,0.0,0.0,0.0,0.0,0.0,0.0,0.0,0.0,0.0,0.0,0.0,0.0,0.0,0.0,0.0,0.0,0,0.0,0.0,0.0,0.0,0.0,0.0,0.0,0.0,0.0,0.0,0.0,0.0,0.0,0.0,0.0,0.0,0.0,0.0,0.0,0.0,0.0,0.0,0.0,0.0,0.0,0.0,0.0,0.0,0.0,0,1.8374216034667608,0.0127171133094526,36.71735155966461,-64.57127797161044,0.06349,0.05963,0.06594,17944.97,8.006051,18433.58241805708,3558.635602052369,5207.307229120444,7.952161095746684,0.2782183282189185,0.2997308283598254,0.593442289335381,0.1480373475824019,0.1873865974035959,0.0850554137917157,0.0232317425841396,0.0338215321551299,1.3809523173550118,0,1.286162880820172,1.0909842687696003,2.3113163041914166,8.084304796340168,8.400826309271734,,8.08433817662226,8.48588172306345,,1,0.0,0.0,H,4700092048996468608,0.8729887,13.983203,02264925-6434369,170907005201128,4700092048996468608,4700092048996468608,galah_faint,7005,0,10k_41,lbol,0,5457.112,133.7706697863312,5630.0,0.026,sfd,4.5166097,0.1933348508983543,-0.6590948,0.14070425655241495,0,-0.50836915,1.0931379,9.80839,2.5403358697963956,0.6361335,0.35661009613493627,0.06906818163521018,143.0,0,0.59221065,0.9276557,1.2375305414199829,0.12539373568078271,1,1,,,,32,0.4295973587036137,0.20681818929358245,1,0,0.09153408050537148,0.10872399902702974,1,0,0.3829597473144535,0.1787465604055524,1,0,0.2400606536865233,0.11445734117959835,1,1,0.32252672195434595,0.10774761133448411,1,0,0.03527420043945284,0.15741865402328778,1,0,0.3185351562500003,0.12308323230414375,1,0,0.41761955261230455,0.10157184906454914,1,0,,,0,0,0.5332346496564286,0.19543335173697757,17,0,0.7432488250732421,0.229758158326149,8,0,,,2,32,0.07754289627075206,0.1452219567422416,1,0,,,0,0,-0.1730061340332032,0.17523326213677645,1,0,0.9331883811950688,0.22602272042574564,8,1,0.26075962336223085,0.12145547449422214,3,0,0.038697662353516016,0.12915394702396843,2,0,0.40220956526000234,0.20240827002620945,3,0,1.2097612857818603,0.1520171756744123,1,1,,,1,32,0.4570829010009767,0.3433968852554405,2,0,,,,32,,,,32,,,,32,-0.1873463821411132,0.1666172547251873,1,0,,,4,32,1.195332155227661,0.1830060093132294,1,1,,,2,32,,,2,32,,,1,32,36.705428439666974,-64.57691255071371,1.8765267381398174,0.0166183913745898,524.824612578661,520.252389608822,529.476449238454,470.757146101992,36.81100082397461,0.13300000131130219,,,0,0.0,11.8141567012,18.8945485588,26.3049207811,22.299911809,0,14.125886,12.848,0.023,12.507,0.024,12.435,0.03,AAA,12.431,0.023,AABU,0.0,0.030515734255779137,1.6371104,1.0908889853062873
4701506394611406592,2016.0,34.4176851526549,0.3583264350891113,-62.13167693758798,0.3417195081710815,2.1268469795905127,0.3830378949642181,5.552575588226318,11.384663581848145,-2.078753808766375,0.6140859127044678,11.193272376286998,0.5153124332427979,31.0,1.0024133920669556,false,330.0,170.65379986539344,0.7700952291488647,221.6009063720703,20.10707664489746,36.0,114.56105649315153,7.441998481750488,15.393856048583984,20.19095039367676,35.0,85.83757273091052,8.005821228027344,10.721895217895508,19.9137020111084,0.0,2.0,0.0,0.0,0.0,1.174299240112305,0.2772483825683594,0.0838737487792968,0.1933746337890625,286.6624633590972,-52.18692902004776,344.1832644219493,-66.37275503268262,0.0058128718589534,8939.83662856839,495.6084927881621,0.014051532525531,0.1099999994039535,0.1000000014901161,0.0900000035762786,0.0,0.0,0.0,0.0,0.0,0.0,0.0,0.0,0.0,0.0,0.0,0.0,0.0,0.0,0.0,0.0,0.0,0.0,0.0,0.0,0.0,0.0,0.0,0.0,0.0,0.0,0.0,0.0,0.0,0.0,0.0,0.0,0.0,0.0,0.0,0.0,0.0,0.0,0.0,0.0,0.0,0.0,0,0.0,0.0,0.0,0.0,0.0,0.0,0.0,0.0,0.0,0.0,0.0,0.0,0.0,0.0,0.0,0.0,0.0,0.0,0.0,0.0,0.0,0.0,0.0,0.0,0.0,0.0,0.0,0.0,0.0,0,2.315113156583388,0.0099659909574372,34.4176851526549,-62.13167693758798,0.05763,0.05271,0.06028,9094.346,7.445937,9190.857155205424,985.3906326735378,1459.813273587437,7.577685977647513,0.3143834809669998,0.3473725716398288,0.3835501511652539,0.114717718155349,0.1754269389830068,0.4688674727873346,0.0342362893327521,0.019962856826443,0.3901122224363584,0,0.9966786981350912,-0.7325790515616499,1.5241263160991028,,,,,,,11,0.0,0.0,H,4701506020949789184,0.80742836,11.935262,02174289-6207442,161116002801186,4701506020949789184,4701506020949789184,galah_faint,6959,0,10k_42,lbol,0,5789.977,73.9937474956391,5931.0,0.035,sfd,4.115411,0.17631970143769934,0.07827234,0.04888860479666553,0,0.08829625,1.1626323,6.1562457,2.1168846238150576,2.2070522,0.027696030466771014,0.01670723326519482,191.0,0,0.66831094,4.0255876,0.9211012840270996,0.047611042648863636,1,0,0.08550291061401438,0.07064753364914017,1,0,0.04143045425415082,0.073594336031927,1,0,0.1110057258605961,0.026715078643728702,1,0,0.001233482360840199,0.03558030634383567,1,0,0.09484800338745103,0.035358907887294996,1,0,0.03606870651245142,0.031424703967433305,1,0,0.012153320312499716,0.04544872935291391,1,0,0.045402832031250284,0.04005334802716305,1,0,0.12225088119506822,0.026195775773698797,1,0,,,0,0,0.028895477657000568,0.029403608589425225,23,0,0.02819288253784169,0.0534058039795202,8,0,,,,32,-0.053017978668212784,0.03636380317420143,1,0,,,0,0,0.05500404357910149,0.034796928143020725,1,0,-0.09820419311523398,0.0759360845460034,8,0,-7.556833692970395E-4,0.03764857131638312,3,0,0.12058168141662066,0.02905798215282362,3,0,0.1452920486107794,0.042212524985629975,3,0,,,,32,,,,32,-0.03862009618104741,0.060558886367074925,3,0,,,,32,,,,32,,,,32,-0.08239786148071282,0.04464837154202868,1,0,0.20550348281860353,0.10161908715963364,2,0,-0.005859508514404421,0.08179045623118421,1,0,,,,32,,,,32,,,,32,34.42862849535044,-62.12891763998592,2.339124566131545,0.02209995253190843,422.316146769154,418.381333830789,426.324324919924,477.915090818305,22.618000030517578,0.0989999994635582,23.338684,1.2802752,0,0.0357802,65.978909201,88.6284059774,117.377516954,108.242372824,0,12.128083,10.931,0.023,10.631,0.023,10.556,0.021,AAA,,,,0.012880871999999998,0.012880871999999998,1.4678956,0.9848778642255132
4760499527063746560,2016.0,79.68111766701519,0.3860501646995544,-62.043199723831336,0.4453904032707214,3.955519333913045,0.44419065117836,8.905003547668457,1.940125823020935,0.0742033756922896,0.5512377023696899,1.9387062371312984,0.5320562720298767,31.0,0.8855984807014465,false,288.0,139.3181718551021,0.7897679209709167,176.40394592285156,20.32734680175781,32.0,87.1013968169365,6.690861701965332,13.017964363098145,20.48847961425781,28.0,85.61047227122181,5.5962324142456055,15.297876358032228,19.91657829284668,0.0,0.0,0.0,0.0,0.0,1.2396937608718872,0.5719013214111328,0.1611328125,0.4107685089111328,271.3853206743837,-34.540678548810135,40.53369135063281,-83.6564119592747,0.0032531838303429,2562.768548985027,698.3718902872367,0.0033221640730348,0.0399999991059303,0.0299999993294477,0.0599999986588954,0.0,0.0,0.0,0.0,0.0,0.0,0.0,0.0,0.0,0.0,0.0,0.0,0.0,0.0,0.0,0.0,0.0,0.0,0.0,0.0,0.0,0.0,0.0,0.0,0.0,0.0,0.0,0.0,0.0,0.0,0.0,0.0,0.0,0.0,0.0,0.0,0.0,0.0,0.0,0.0,0.0,0.0,0,0.0,0.0,0.0,0.0,0.0,0.0,0.0,0.0,0.0,0.0,0.0,0.0,0.0,0.0,0.0,0.0,0.0,0.0,0.0,0.0,0.0,0.0,0.0,0.0,0.0,0.0,0.0,0.0,0.0,0,4.539833249237995,0.0102237045269055,79.68111766701519,-62.043199723831336,0.05869,0.0552,0.06247,6693.443,7.771825,6825.705702374042,515.9374367255914,654.9365442147409,8.023183870451392,0.2193606731117841,0.2200858926071713,0.6050996495399634,0.1261987119463891,0.1410928328437931,1.7280623963271002,0.1816889306266973,0.2861207069401235,0.802209177644565,0,1.1617690901463549,1.257606949343352,1.9584983585422853,4.7932670816296,5.1671490247052,,4.796709307780305,6.8952114210323,,1,0.0,0.0,H,4760499527065964544,1.2835455,13.1689625,05184357-6202473,131123003001191,4760499527065964544,4760499527065964544,other,-1,0,10k_8,lbol,0,4707.3203,89.82073488818843,4775.0,0.028,sfd,4.5985446,0.18300496294833632,0.14659405,0.07252329258652968,0,0.11757514,0.9731713,5.9096956,2.245700822836826,1.5223632,0.008380341557004742,0.03717544143280838,271.0,0,0.77331156,3.0194044,,,,32,,,,32,,,,32,-0.07423215866088828,0.05670392650157001,1,0,0.13310565948486364,0.07975163306700292,1,0,0.057203617095947124,0.07333626004969653,1,0,-0.011623115539550533,0.061640511000357015,1,0,,,,32,0.0522716712951663,0.07895395552581484,1,0,-0.032603416442871236,0.058683602469834756,1,0,,,0,0,-0.14143442560041994,0.0836971940903831,33,0,,,,32,,,,32,-0.007461433410644425,0.08180402838620215,1,0,,,0,0,-0.11211545944213874,0.10800082236528397,1,0,-0.06567705752623038,0.06614540426461706,14,0,-0.10174180237888464,0.08033128775511492,3,0,0.11548399807930755,0.05961934689784978,3,0,-0.21281524658203121,0.12850323091125682,2,1,-0.1855903625488282,0.10821103936312655,1,0,-0.09815506935119611,0.1929558515548706,1,1,,,,32,0.16978187561035174,0.12287736158492545,16,0,,,,32,,,2,32,-0.07512180328369134,0.09510324897844621,1,0,,,4,32,,,,32,,,2,32,,,2,32,,,,32,79.68158194145911,-62.046445807680705,4.559828393581171,0.011940066046432208,217.92286051977,217.353032667879,218.495630671468,503.394511679747,36.25400161743164,0.0729999989271164,36.116238,2.4402788,0,0.0381534,6.83035754998,39.4911981127,61.3691879579,54.6740451942,0,13.35905,11.588,0.022,11.105,0.023,10.973,0.021,AAA,10.988,0.02,AAAU,0.03396557977294964,0.02798018237775127,2.1047938,1.0335029236776128
4784452559673199744,2016.0,70.37325446186523,0.3148831725120544,-50.545135909654654,0.3365298509597778,2.106008464445966,0.3428388237953186,6.142853260040283,8.705303192138672,7.638377637086705,0.3874133825302124,-4.175823112616499,0.4196154475212097,31.0,1.077541708946228,false,357.0,196.9332582558241,0.8331708908081055,236.3659820556641,19.951568603515625,35.0,141.05564874144537,8.319009780883789,16.955821990966797,19.96506690979004,37.0,86.00086879623838,7.491543769836426,11.47972583770752,19.91163825988769,0.0,2.0,0.0,1.0,0.0,1.1529617309570312,0.0534286499023437,0.013498306274414,0.0399303436279296,257.69142639868227,-40.98319342103212,48.59002437129485,-71.1735976474684,0.0027288021649729,5530.904485661535,593.9662476189534,0.0057270694044605,0.050000000745058,0.050000000745058,0.0599999986588954,0.0,0.0,0.0,0.0,0.0,0.0,0.0,0.0,0.0,0.0,0.0,0.0,0.0,0.0,0.0,0.0,0.0,0.0,0.0,0.0,0.0,0.0,0.0,0.0,0.0,0.0,0.0,0.0,0.0,0.0,0.0,0.0,0.0,0.0,0.0,0.0,0.0,0.0,0.0,0.0,0.0,0.0,0,0.0,0.0,0.0,0.0,0.0,0.0,0.0,0.0,0.0,0.0,0.0,0.0,0.0,0.0,0.0,0.0,0.0,0.0,0.0,0.0,0.0,0.0,0.0,0.0,0.0,0.0,0.0,0.0,0.0,0,1.7541387425535655,0.01091360315574,70.37325446186523,-50.545135909654654,0.03522,0.03305,0.03849,11167.74,7.75856,11787.661114121594,1613.0527834506977,2707.811555186954,7.554538969239031,0.2644212642832233,0.2875573082049465,0.3852201704056102,0.0980591085839607,0.1395929338630185,0.2162929096886089,0.0469192247471311,0.0277179103165117,0.555419745798197,0,0.8519470771847149,-0.7180697618973901,1.2127969927282232,,,,,,,11,0.0,0.0,H,4784452559674702208,0.66572285,12.49339,04412871-5032371,161116003301198,4784452559674702208,4784452559674702208,galah_main,236,0,10k_55,lbol,0,6140.0596,74.71311519766842,6304.0,0.009,sfd,4.245054,0.17808792495599612,-0.070700645,0.0522094132100845,0,-0.06811247,1.3278764,6.7067237,2.1397983844473907,1.1347976,5.15325707185079E-4,0.019528139306708343,151.0,0,0.58876145,2.8924584,1.4784147262573242,0.05262408572627773,1,0,-0.01412506103515554,0.07818197975971992,1,0,0.005119781494141051,0.07937173548548751,1,0,0.06008237838745156,0.02846615400512572,1,0,-0.019474601745605113,0.0375459957148683,1,0,-0.051357898712158345,0.038798593529532785,1,0,-0.010268421173095454,0.03342811311192348,1,0,0.1515094566345212,0.04871606686489047,1,0,0.031048603057861612,0.04343848329350165,1,0,0.04830535888671861,0.028665197845216393,1,0,,,0,0,0.05663904662942091,0.036460985681906165,19,0,-0.039865817993656065,0.04631289428587112,9,0,,,,32,-0.09211528778076161,0.03964407587614092,1,0,,,0,0,0.0163091850280761,0.037383130316762575,1,0,,,,32,-0.243302326202393,0.054766351900782814,2,0,-0.034053382873534765,0.037227646485748465,2,0,-0.026231983277904443,0.04648334324066775,3,0,,,,32,,,,32,0.030616480924863073,0.06591093898513808,3,0,,,,32,,,,32,,,,32,0.12879379272460945,0.04823808420020103,1,0,,,4,32,,,,32,,,,32,,,,32,,,,32,70.36964501299342,-50.54365547605039,1.7609626266955225,0.022687594449556592,558.737119587145,551.689908207837,565.963369256008,442.67858625987,7.111999988555908,0.10100000351667404,,,0,0.0,66.9045750616,79.9135761306,114.958771268,95.7797300093,0,12.673786,11.656,0.024,11.424,0.024,11.371,0.021,AAA,11.358,0.021,AABU,0.0,0.029275421861509228,1.2798198,1.1255482778789652
4800863389194157312,2016.0,89.21910349289168,0.5007721781730652,-47.59814190090071,0.5843389630317688,4.548611206950305,0.5439876914024353,8.36160659790039,23.32491874694824,23.09732452480576,0.6772655844688416,3.250447913459779,0.6224319338798523,31.0,1.0138405561447144,false,277.0,123.27070532799029,0.8116952776908875,151.8682098388672,20.4602165222168,30.0,78.71083136062136,9.179113388061523,8.574993133544922,20.59845542907715,32.0,94.82215417705736,10.482327461242676,9.045906066894531,19.805620193481445,0.0,3.0,0.0,1.0,0.0,1.4077390432357788,0.7928352355957031,0.1382389068603515,0.6545963287353516,254.67221513191527,-28.57074268781998,88.37973754275184,-71.03303081252297,0.0018128181607759,1333.5089560047236,805.960631817358,9.440954745859852E-5,0.0199999995529651,0.0199999995529651,0.0299999993294477,0.0,0.0,0.0,0.0,0.0,0.0,0.0,0.0,0.0,0.0,0.0,0.0,0.0,0.0,0.0,0.0,0.0,0.0,0.0,0.0,0.0,0.0,0.0,0.0,0.0,0.0,0.0,0.0,0.0,0.0,0.0,0.0,0.0,0.0,0.0,0.0,0.0,0.0,0.0,0.0,0.0,0.0,0,0.0,0.0,0.0,0.0,0.0,0.0,0.0,0.0,0.0,0.0,0.0,0.0,0.0,0.0,0.0,0.0,0.0,0.0,0.0,0.0,0.0,0.0,0.0,0.0,0.0,0.0,0.0,0.0,0.0,0,4.862874698059327,0.010425131767338,89.21910349289168,-47.59814190090071,0.05033,0.04576,0.05587,5761.881,7.674338,5906.934787785855,597.8428014607416,886.3752274757189,7.810863680589737,0.4103940327010482,0.3968858151897461,0.4804066328457024,0.1881230760870123,0.2409810988244433,1.84550525332296,0.2614317103945083,0.6923312779453406,1.7466946749721,0,1.634431590677777,0.1089194860617071,2.973331204359948,2995.601532639974,2996.025941921398,,2995.601544047789,2997.871447174721,,11,0.0,0.0,H,4800863389194157184,1.4560032,13.391461,05565193-4735553,150108001502388,4800863389194157184,4800863389194157184,galah_main,989,0,10k_3,lbol,1280,3753.2837,81.78176478196787,4302.0,0.039,sfd,4.2032666,0.18678665592633215,-2.7484555,0.06803520496907826,16,-3.1104283,0.8205254,86.29894,8.510177350920229,2.947943,,,,32,0.19290173,4.237126,,,,32,,,,32,,,,32,,,,32,,,,32,,,,32,,,,32,,,,32,,,,32,,,,32,,,0,0,,,,32,,,,32,,,,32,,,,32,,,0,0,,,,32,,,,32,,,,32,,,,32,,,,32,,,,32,,,,32,,,,32,,,,32,,,,32,,,,32,,,,32,,,,32,,,,32,,,,32,,,,32,,,,32,89.21652833870576,-47.59867322701438,4.848762855044129,0.014589399343580339,205.014957712599,204.398967570284,205.634605479576,517.059580493629,1.3797508493652337,5.318010758075105,4.438634,2.0318687,0,0.0102077705895983,24.2212730694,245.003812049,293.873112629,482.897951249,8,13.7192955,11.648,0.023,11.035,0.026,10.931,0.021,AAA,10.951,0.021,AAAU,0.0036718599243159354,0.030680983184573088,2.3186057,1.0800218291471186
4880759500412788352,2016.0,74.41154486692636,0.0452959686517715,-26.343731874704048,0.0473019666969776,14.653865439007143,0.0636088326573371,230.37469482421875,62.38629531860352,-46.58092172272748,0.0567285493016243,-41.50020921047787,0.0602004416286945,31.0,1.0327303409576416,false,517.0,2426.7504344565573,1.8701266050338743,1297.6396484375,17.224803924560547,54.0,1590.6829281326402,9.310757637023926,170.8435516357422,17.334583282470703,54.0,1221.9133599310394,10.513710021972656,116.220947265625,17.03029441833496,0.0,2.0,0.0,3.0,0.0,1.1589969396591189,0.3042888641357422,0.1097793579101562,0.1945095062255859,227.19364166496908,-35.61045875890977,68.62993721434674,-48.63306908017861,0.0110064260244311,2707.765746346978,624.8423065787811,8.646055129563158E-5,0.0099999997764825,0.0099999997764825,0.0099999997764825,0.0,0.0,0.0,0.0,0.0,0.0,0.0,0.0,0.0,0.0,0.0,0.0,0.0,0.0,0.0,0.0,0.0,0.0,0.0,0.0,0.0,7.638074411591789E16,17.3155002593994,17.2915000915527,17.372200012207,17.4820995330811,17.5373001098633,0.0025679999962449,0.0025440000463277,0.0032299999147653,0.0076890001073479,0.0153590003028512,115000.0,115000.0,115000.0,115000.0,115000.0,5.03635968E8,60.0,0.06668038,4.880759500412788E18,7.638074411591789E16,19630787,17.6249,17.5255,17.287,17.2806,17.3851,17.5254,0.0147,0.0082,0.0061,0.0088,0.0085,0.0167,0.0,0.0,0.0,0.0,0.0,0.0,0.0,0.0,0.0,0.0,1.0,0.0,0.0,1.0,0.0,0.09690781,4.880759500412789E18,19630787,14.631978269491034,0.0114236233339413,74.41154486692636,-26.343731874704048,0.01725,0.01721,0.01729,8487.049,8.20836,8366.966734010657,100.40360080812788,100.40360080812788,8.166302147113004,0.038,0.038,0.6799184114115866,0.0263401880434948,0.0220104039491954,1.310316466074939,0.0287639994606423,0.0366005723746682,1.99594786745831,0,0.3424536237740812,2.779695277153312,0.1625034844972188,0.0890839871068519,0.5747530842006262,0.2608976217927131,0.0936126296170853,1.8850695502755648,0.2634524073817639,0,DQ,GaiaXP,He,4880759500410004096,1.8051472,12.433218,04573899-2619571,160129003101238,4880759500410004096,4880759500410004096,galah_main,556,0,10k_0,lbol,256,3741.306,94.46944147378005,3879.0,0.0,bay,4.6642475,0.19174169927471715,-0.35684824,0.12076983346691386,16,-0.43630698,0.818609,8.133872,2.3170311607383742,3.1472683,,,,32,0.51437294,4.396086,,,,32,,,,32,,,,32,,,,32,,,,32,,,,32,,,,32,,,,32,,,,32,,,,32,,,0,0,,,,32,,,,32,,,,32,,,,32,,,0,0,,,,32,,,,32,,,,32,,,,32,,,,32,,,,32,,,,32,,,,32,,,,32,,,,32,,,,32,,,,32,,,,32,,,,32,,,,32,,,,32,,,,32,74.41225269251782,-26.332737603926585,14.530854515441511,0.025955062186575666,68.6824046982659,68.5592657785345,68.8059788724517,407.551238282827,-15.49298735900879,0.519417137525744,-15.419876,0.7251001,0,0.0,23.3994261796,28.5999363299,38.3858090793,52.7877152231,0,12.645804,10.35,0.022,9.729,0.026,9.565,0.021,AAA,9.405,0.021,AAAB,0.0,0.0,2.5271637,1.1160638712948017
5247205457270313984,2016.0,139.70859473790318,0.1130466237664222,-67.26894731285722,0.0946597531437873,4.412712365953647,0.1042959839105606,42.30951690673828,27.9378662109375,18.701806252189627,0.1732887476682663,20.75492193442387,0.1250906735658645,31.0,0.9629119038581848,false,314.0,942.8722320215236,1.4469071626663208,651.6466674804688,18.25123405456543,36.0,663.1584335755772,7.664390087127685,86.52462005615234,18.28449821472168,34.0,369.2411811092711,6.420436382293701,57.510292053222656,18.329620361328125,0.0,0.0,0.0,0.0,0.0,1.0949517488479614,-0.0451221466064453,0.03326416015625,-0.0783863067626953,284.47658252629554,-12.376149470089006,205.0292667572544,-71.01721873178093,0.007989205227968,6459.59194826234,1409.794485908009,4.928146024622E-4,0.1199999973177909,0.1099999994039535,0.1199999973177909,0.0,0.0,0.0,0.0,0.0,0.0,0.0,0.0,0.0,0.0,0.0,0.0,0.0,0.0,0.0,0.0,0.0,0.0,0.0,0.0,0.0,0.0,0.0,0.0,0.0,0.0,0.0,0.0,0.0,0.0,0.0,0.0,0.0,0.0,0.0,0.0,0.0,0.0,0.0,0.0,0.0,0.0,0,0.0,0.0,0.0,0.0,0.0,0.0,0.0,0.0,0.0,0.0,0.0,0.0,0.0,0.0,0.0,0.0,0.0,0.0,0.0,0.0,0.0,0.0,0.0,0.0,0.0,0.0,0.0,0.0,0.0,0,4.4294675485796535,0.0121546878213245,139.70859473790318,-67.26894731285722,0.13344,0.1283,0.13841,13669.15,7.916807,13873.312187451244,778.674209551029,899.5953386848505,7.960076204542394,0.0748576410767043,0.0801894225019337,0.5870519413696919,0.0430406869915491,0.0482947674321648,0.2432680197194017,0.0159135020139123,0.0160552470604995,0.6923172157506394,0,0.3739416767293583,1.0354643038200857,1.0861564214482642,8.879356473823254,10.107232632129096,36.492372458081526,8.879370733828681,10.350500651848495,36.49237598992843,1,DA,GaiaXP,H,5247205461571101824,0.8436165,11.254895,09184808-6715419,160426003501245,5247205461571101824,5247205461571101824,galah_main,3548,0,10k_40,lbol,0,5840.2964,81.15637368887779,5830.0,0.064,sfd,4.225638,0.17778107992147496,-0.335536,0.06512295603310381,0,-0.34441385,1.1803503,10.959852,2.2050353583305364,0.65778834,0.04173023956785232,0.026821221645446182,159.0,0,0.52921355,0.9762506,,,,32,,,,32,0.12433383941650433,0.1085752047187006,1,0,0.04413217544555703,0.0405273418531341,1,0,-0.009148693084716442,0.05382992713098819,1,0,0.09586318969726548,0.056163666445502886,1,0,0.01864603042602564,0.046063310587255706,1,0,-0.13943750381469755,0.06840105520336731,1,0,0.06820613861084013,0.0610331776327368,1,0,0.0182140731811522,0.04280979772575688,1,0,,,0,0,0.14083317267536932,0.06648397688028468,3,0,0.060644363540356024,0.05132266744922933,11,0,0.02319026947021463,0.12389389425516129,2,0,-0.08683002471923817,0.05913275064636065,1,0,,,0,0,-0.0732298660278321,0.056343057537083636,1,0,,,,32,0.035148651391280844,0.07051226346065935,3,0,-0.06980567932128867,0.0552191388037354,2,0,0.019142879738102518,0.07334815952203765,3,0,,,,32,,,,32,-0.20912121300095896,0.09921387660623869,3,0,,,,32,,,,32,,,,32,-0.10696308135986321,0.06978503622388463,1,0,,,,32,,,,32,,,,32,0.3977535629272462,0.1338615119457245,2,0,,,,32,139.7005818933415,-67.26158460004423,4.41459085423533,0.021490919959335473,225.052607905904,223.96115881423,226.154556052679,1037.36287703712,38.61600112915039,0.10000000149011612,,,0,0.125288,56.4956123818,53.9531774807,63.9903502711,80.3920529595,0,11.432585,10.146,0.023,9.837,0.022,9.729,0.021,AAA,9.699,0.02,AAAC,0.05324390194702163,0.027294102053785345,1.3850963,1.0295740981884114
5248239586610814464,2016.0,136.3767324407472,0.4885568022727966,-65.85503109816261,0.5647110342979431,4.64545072823096,0.6305602192878723,7.367180347442627,54.22416305541992,-12.482309041040867,0.7378907799720764,52.76790332388346,0.7663180828094482,95.0,0.9157089591026306,false,201.0,167.7999873008046,1.0597633123397827,158.3372344970703,20.12538719177246,14.0,105.44163490380966,11.575586318969728,9.108966827392578,20.2810115814209,13.0,130.01052888944892,16.843692779541016,7.718647480010986,19.462949752807617,0.0,0.0,0.0,0.0,0.0,1.4031715393066406,0.8180618286132812,0.1556243896484375,0.6624374389648438,282.49340379727505,-12.41957787383967,199.3624353454715,-71.70815231051186,0.0022476302918507,1645.8440366508207,1358.8649041186025,1.334933512996184E-5,0.0900000035762786,0.050000000745058,0.1500000059604644,0.0,0.0,0.0,0.0,0.0,0.0,0.0,0.0,0.0,0.0,0.0,0.0,0.0,0.0,0.0,0.0,0.0,0.0,0.0,0.0,0.0,0.0,0.0,0.0,0.0,0.0,0.0,0.0,0.0,0.0,0.0,0.0,0.0,0.0,0.0,0.0,0.0,0.0,0.0,0.0,0.0,0.0,0,0.0,0.0,0.0,0.0,0.0,0.0,0.0,0.0,0.0,0.0,0.0,0.0,0.0,0.0,0.0,0.0,0.0,0.0,0.0,0.0,0.0,0.0,0.0,0.0,0.0,0.0,0.0,0.0,0.0,0,4.907557160374023,0.0133831780377584,136.3767324407472,-65.85503109816261,0.11381,0.08942,0.14715,0.0,0.0,6331.453393398071,698.7803097434289,1224.7658417642451,7.739564357643955,0.4188060425561781,0.4725556401355408,0.4463948924256078,0.1772807410273866,0.2794056298601534,1.431867861654779,0.1979418289845493,0.3636425395084395,1.6085532427774951,0,1.540232328648015,-0.1865778242779501,3.2954025590151987,,,,,,,11,0.0,0.0,H,5248239517895748352,0.7045088,10.221801,09053174-6551177,160421001601190,5248239517895748352,5248239517895748352,galah_main,3679,0,10k_55,lbol,0,6164.3774,78.01628743197828,6507.0,0.075,sfd,4.230553,0.17624442897642592,0.0055999756,0.05870213027966978,0,0.017018914,1.3429967,9.551501,2.170476957125595,0.9128545,-0.03407500335493535,0.022021255917432935,159.0,0,0.55076534,2.0036674,,,,32,0.04887657165527415,0.0931427261546116,1,0,-0.16281654357910114,0.09266241048052283,1,0,0.13566106796264688,0.03334615442320536,1,0,-0.08231697082519496,0.04367462095102661,1,0,-0.04483810424804702,0.04670522651740558,1,0,-0.033995838165282954,0.038717138780472365,1,0,-0.386915035247803,0.05710156480252227,1,0,-0.006209545135497763,0.051363191674411404,1,0,0.08795150756835923,0.0348073999749836,1,0,,,0,0,-0.004229169147774922,0.04509624308318845,19,0,0.10910929646206878,0.05625692015898846,9,0,,,,32,-0.13312662124633778,0.047990259804923704,1,0,,,0,0,-0.01270397186279304,0.04487034821853306,1,0,,,,32,-0.10606143951416058,0.06737524265381131,2,0,0.0512689971923832,0.04505949412280266,2,0,-0.01797238502725109,0.057730956142119705,3,0,,,,32,,,,32,-0.04011366013253109,0.07985586853058221,3,0,,,,32,,,,32,,,,32,-0.02142707824707024,0.057429770791536494,1,0,,,,32,,,,32,,,,32,,,,32,,,,32,136.3821644778669,-65.85468938594722,4.952821871611278,0.02646237389814974,200.740000520301,199.671252132042,201.820045679439,1027.88566989325,58.82400131225586,0.08699999749660492,59.137573,0.49135974,0,0.0,51.6323359228,65.6553288808,76.4337913179,79.98675089,0,10.341491,9.337,0.022,9.091,0.022,9.059,0.024,AAA,9.023,0.02,AAAB,0.0,0.027294102053785345,1.2699091,1.0423054465737638
5279982964045369600,2016.0,96.55428923071672,0.1455366611480713,-68.88689259842062,0.1488013714551925,7.3381304322338226,0.1528254002332687,48.01642990112305,126.926513671875,-45.48394920780114,0.1898505538702011,118.4970470268552,0.1775168031454086,31.0,0.9448224306106568,false,284.0,558.1602545880475,1.1276127099990845,494.9928588867188,18.82046890258789,33.0,344.24696774678466,6.114130020141602,56.30350875854492,18.99636650085449,31.0,304.4934412424393,5.529694557189941,55.06514739990234,18.538949966430664,0.0,0.0,0.0,0.0,0.0,1.162283420562744,0.4574165344238281,0.1758975982666015,0.2815189361572265,279.1433787160513,-27.424663718775346,226.1149068345236,-86.59965892735197,0.0042612539797651,2090.3195022332434,890.9493714284301,2.3256409633831737E-7,0.0199999995529651,0.0199999995529651,0.0199999995529651,0.0,0.0,0.0,0.0,0.0,0.0,0.0,0.0,0.0,0.0,0.0,0.0,0.0,0.0,0.0,0.0,0.0,0.0,0.0,0.0,0.0,0.0,0.0,0.0,0.0,0.0,0.0,0.0,0.0,0.0,0.0,0.0,0.0,0.0,0.0,0.0,0.0,0.0,0.0,0.0,0.0,0.0,464844835,0.0,0.0,18.925,18.9197,18.9506,18.9633,0.0,0.0,0.0109,0.0211,0.0143,0.0379,0.0,0.0,0.0,0.0,0.0,0.0,0.0,0.0,0.0,0.0,0.0,0.0,0.0,0.0,0.0,0.13706838,5.279982964045369E18,464844835,7.336086716432868,0.0120698863110799,96.55428923071672,-68.88689259842062,0.0564,0.05531,0.05753,7447.073,7.949138,7760.772844874698,146.5813559354383,158.88929009560707,8.03767487343999,0.0447750117981691,0.0489628061567852,0.6164072084659072,0.0272356315423131,0.0306554663982944,1.2720965865427316,0.0242801116162005,0.0274392429755558,2.591939009972408,0,0.477788003233107,1.531667907000215,0.7968049168158653,1.739956857193613,2.69187681746365,6.803623417955868,1.7401262565443836,3.963973404006381,6.803678749427589,0,DA,GaiaXP,H,5279982968345149056,1.4139013,12.726847,06261203-6853008,161213004601264,5279982968345149056,5279982968345149056,tess_hermes,7132,0,10k_6,lbol,0,4508.741,113.16352071275253,4592.0,0.061,sfd,4.639402,0.19498693149138335,-0.15710497,0.1109246786004144,0,-0.15884748,0.9413986,6.7394223,2.468097721778925,0.61917937,0.1375581408900615,0.060653468090728094,478.0,0,0.7531301,0.69178873,-0.4515165269374848,0.12585765754122452,1,1,,,,32,,,,32,-0.12925487518310508,0.10961540585138888,1,0,,,,32,0.052778568267822124,0.11506526832480239,1,0,0.028201847076416264,0.10850642793164818,1,0,0.012084178924560263,0.1584786724818467,1,0,0.08449680328369169,0.12374515194848619,1,0,0.013085689544677592,0.1022463304179598,1,0,,,0,0,0.24245121349115567,0.09069029728673134,59,0,,,,32,0.05262876510620096,0.19802011125525437,1,0,-0.13843667984008778,0.14623682645574704,1,0,,,0,0,-0.12569864273071296,0.17685304300384033,1,0,0.09813344162009101,0.14406568103929554,12,0,-0.15577049090995707,0.12988371474316854,3,0,-0.047243175506591406,0.129998544361263,2,0,-0.11035081900455505,0.20396664551117769,3,0,-0.12581644058227548,0.15262546209537642,1,0,0.38465638160705584,0.15108143902606788,1,1,0.47898927688598647,0.3463408342064509,2,0,,,16,32,,,2,32,,,2,32,-0.018052501678466726,0.1677672493008373,1,0,,,4,32,,,,32,,,2,32,,,2,32,,,1,32,96.54950674562272,-68.88301437815082,7.30668560327779,0.022746749130575256,136.322218736033,135.897626926959,136.74942456519,571.502340000766,-8.02400016784668,0.0949999988079071,,,0,0.08282,16.4032255334,18.6664964374,26.4740055462,45.391154206,0,13.072296,11.001,0.02,10.408,0.022,10.284,0.023,AAA,10.284,0.02,AAAC,0.04039199299621518,0.027294102053785345,2.1817155,0.9821478875593632
5369060727501878784,2016.0,179.2944463594108,0.1406920403242111,-51.10980690664535,0.1413774341344833,2.442694775709932,0.2266327887773513,10.778205871582031,7.514911651611328,-5.407818518362348,0.1930390298366546,-5.2181792942349485,0.2012885808944702,31.0,1.07439923286438,false,572.0,505.3890236528161,0.9003651142120361,561.315673828125,18.92830276489257,64.0,383.4179023522863,6.4097442626953125,59.817970275878906,18.87936210632324,65.0,185.73280986402943,7.033454895019531,26.40705299377441,19.07567405700684,0.0,1.0,0.0,2.0,0.0,1.1261636018753052,-0.1963119506835937,-0.0489406585693359,-0.1473712921142578,294.30859975218056,10.851187502792262,205.72858473038693,-45.82362029433586,0.0030035987701747,4404.953712760128,1543.8029479913848,0.0033686825491705,0.1599999964237213,0.1500000059604644,0.1599999964237213,0.0,0.0,0.0,0.0,0.0,0.0,0.0,0.0,0.0,0.0,0.0,0.0,0.0,0.0,0.0,0.0,0.0,0.0,0.0,0.0,0.0,0.0,0.0,0.0,0.0,0.0,0.0,0.0,0.0,0.0,0.0,0.0,0.0,0.0,0.0,0.0,0.0,0.0,0.0,0.0,0.0,0.0,0,0.0,0.0,0.0,0.0,0.0,0.0,0.0,0.0,0.0,0.0,0.0,0.0,0.0,0.0,0.0,0.0,0.0,0.0,0.0,0.0,0.0,0.0,0.0,0.0,0.0,0.0,0.0,0.0,0.0,0,2.430294046753523,0.0148050405870403,179.2944463594108,-51.10980690664535,0.15694,0.15196,0.16272,19787.55,7.949495,19972.48146904696,2460.1895693088263,2956.71144379571,7.960899882653333,0.1661754687116818,0.170680186121821,0.6018810980527448,0.0924775547659854,0.1045642209416789,0.0598298284520643,0.0113171063848882,0.0148509534611017,0.2065536477391036,0,0.854521275282689,1.2153687408496696,1.7654987162943694,5.33374659749603,5.79971938981295,10.455560069184289,5.333758603761273,5.859549218265014,10.455570616238008,1,DA,GaiaXP,H,5369060830588594688,0.8220024,12.934926,11571098-5106246,140409002501047,5369060830588594688,5369060830588594688,galah_main,4304,0,10k_43,lbol,2,5813.2197,139.91593739242754,6029.0,0.082,sfd,4.456738,0.1920322194129067,-0.2872324,0.1683140435144349,0,-0.23210928,1.1705647,2.9164944,4.143869525624081,0.52876514,0.13770403284032076,0.09053467134180067,31.0,0,0.6676594,0.58210266,1.3528358459472656,0.14397757090218638,1,1,0.7502725601196296,0.2001279996431767,1,1,0.042312126159668395,0.24967570333680472,1,0,0.260011138916016,0.14866781000497487,1,0,0.06430616378784215,0.26463117924657864,1,0,0.19920810699462876,0.13985519598480584,1,1,0.18756225585937525,0.1410851748494083,1,0,0.05445163726806612,0.2035123152118146,1,0,0.10252410888671903,0.1509205177572884,1,0,-0.07739654541015639,0.15872207283973694,1,0,,,0,0,0.23583732446764336,0.21590286811612858,19,0,0.4064325332641605,0.3022560983618581,2,0,,,2,32,-0.21853578567504872,0.1892136645871923,1,0,,,0,0,0.03720180511474602,0.24883299425251373,1,0,0.9762811088562016,0.2614911897245506,8,1,,,2,32,0.03882640838623086,0.16869473457336426,2,0,0.035857238769531286,0.35394259839248654,2,0,,,,32,,,1,32,0.10795608520507827,0.4753605528710197,2,0,,,,32,,,,32,,,,32,0.4282599258422852,0.2165815573014826,1,0,1.1768460083007812,0.2571829204862413,1,0,,,1,32,,,2,32,,,2,32,,,1,32,179.29570972605015,-51.10690896811183,2.4034412286765465,0.026285087659093327,411.188442481817,406.757996264288,415.714702260653,1146.0803588869,-20.158000946044922,0.1860000044107437,,,0,0.0,11.6680507679,10.4639182057,17.5069882396,13.6521139978,0,13.036348,11.86,0.027,11.572,0.026,11.495,0.021,AAA,11.505,0.021,AABU,0.0,0.030680983184573088,1.4477972,0.9448550991700368
5378112697492965888,2016.0,178.96847054032517,0.1446015536785125,-44.83741679611452,0.1379001140594482,3.19408892002205,0.2067229896783828,15.451057434082031,42.06209182739258,-42.05987432763974,0.1624713987112045,0.431992734836608,0.1879648566246032,31.0,1.1152313947677612,false,372.0,580.6770811687102,1.214582443237305,478.08782958984375,18.777530670166016,38.0,435.30667139507074,9.660968780517578,45.05828475952149,18.741554260253903,40.0,227.5049705674957,7.37307596206665,30.856182098388672,18.855419158935547,0.0,1.0,0.0,1.0,0.0,1.141446232795715,-0.1138648986816406,-0.0359764099121093,-0.0778884887695312,292.6816442417439,16.925607391882767,200.76024013466912,-40.69197320745938,0.0028664536329947,3625.640450124108,1158.0113659366305,5.956618912807447E-5,0.270000010728836,0.2599999904632568,0.2800000011920929,0.0,0.0,0.0,0.0,0.0,0.0,0.0,0.0,0.0,0.0,0.0,0.0,0.0,0.0,0.0,0.0,0.0,0.0,0.0,0.0,0.0,0.0,0.0,0.0,0.0,0.0,0.0,0.0,0.0,0.0,0.0,0.0,0.0,0.0,0.0,0.0,0.0,0.0,0.0,0.0,0.0,0.0,0,0.0,0.0,0.0,0.0,0.0,0.0,0.0,0.0,0.0,0.0,0.0,0.0,0.0,0.0,0.0,0.0,0.0,0.0,0.0,0.0,0.0,0.0,0.0,0.0,0.0,0.0,0.0,0.0,0.0,0,2.827402786560935,0.0135999689137357,178.96847054032517,-44.83741679611452,0.17289,0.16674,0.17899,18818.62,8.108064,16559.468552895116,1774.331134490123,2326.4203866160715,7.829077799631542,0.1488784725719405,0.1623827925423517,0.5236305149041696,0.0760144865524786,0.0928716678699103,0.101899950567552,0.0177114368736565,0.0204923883699075,0.559146845543585,0,0.6604212558859996,0.4844527793585544,1.0500333563708186,100.8563373707101,103.53227448293558,,100.85633892586766,103.63417443350312,,11,DA,GaiaXP,H,5378112697495106560,0.94774914,12.679228,11555234-4450045,170603002101388,5378112697495106560,5378112697495106560,galah_main,5134,0,10k_41,lbol,0,5784.3423,81.98370955854814,5860.0,0.123,sfd,4.427407,0.1787729241053253,-0.12027359,0.06208051312611181,0,-0.112294324,1.1607745,7.053333,2.2080366659967257,0.76535594,0.025031504907109373,0.02644078952334804,191.0,0,0.6487321,1.3882347,1.1267473220825195,0.07463799146046876,1,0,0.0996053695678718,0.10970683513493718,1,0,0.09993789672851605,0.11006098760303244,1,0,-0.024176654815673437,0.04126468752400783,1,0,-0.0011683464050289416,0.05493011305274978,1,0,0.03462013244628892,0.05704645201729676,1,0,0.018480091094970952,0.04679795481393969,1,0,0.15279834747314425,0.06951544132763535,1,0,0.029466457366943644,0.06194408337362381,1,0,0.07576450347900376,0.04358685664729303,1,0,,,0,0,0.052586903455770384,0.0511823776839139,23,0,0.0028964408708680796,0.0696496166229284,9,0,,,,32,-0.0880092430114745,0.060226964513311776,1,0,,,0,0,-0.036967830657959055,0.05754288274963676,1,0,,,,32,-0.06267344902664944,0.06496313562896844,3,0,-0.042966082495034585,0.04801680246138202,3,0,-0.005444563652573592,0.07490917993092255,3,0,,,,32,,,,32,-0.08828363411361285,0.1011519159581603,3,0,,,,32,,,,32,,,,32,0.007046775817871165,0.07100216166781899,1,0,,,,32,,,,32,,,,32,,,2,32,,,,32,178.96785259457087,-44.83458500908288,2.7981860125019073,0.033934540231175196,353.789329566879,349.559895104777,358.120487842161,849.491857682682,17.19700050354004,0.10999999940395355,15.794598,1.755779,0,0.0,49.353698299,53.0403437683,70.0144688325,79.0889403246,0,12.633841,11.443,0.023,11.118,0.022,11.071,0.021,AAA,11.053,0.02,AAAU,0.0,0.027294102053785345,1.466496,1.0423921439744592
5390094110062904704,2016.0,163.66189176779943,0.0317706614732742,-41.39408794145144,0.0340866856276989,8.053515195623447,0.0509284324944019,158.13397216796875,33.843597412109375,-33.371079685814166,0.0323349051177501,5.635608457196003,0.0445070639252662,31.0,0.9695610404014589,false,827.0,4056.259226581061,2.32757830619812,1742.695068359375,16.66705322265625,91.0,3101.784283458474,9.328847885131836,332.49383544921875,16.609512329101562,89.0,1542.897759525689,7.577816486358643,203.607162475586,16.77705192565918,0.0,2.0,0.0,5.0,0.0,1.145065426826477,-0.1675395965576172,-0.0575408935546875,-0.1099987030029296,280.5142953023706,16.33831617976878,185.5072054946294,-43.67867582856295,0.0024721564113108,1106.3851640855055,1144.3240408307274,7.029770694130757E-5,0.0199999995529651,0.0199999995529651,0.0199999995529651,0.0,0.0,0.0,0.0,0.0,0.0,0.0,0.0,0.0,0.0,0.0,0.0,0.0,0.0,0.0,0.0,0.0,0.0,0.0,0.0,0.0,0.0,0.0,0.0,0.0,0.0,0.0,0.0,0.0,0.0,0.0,0.0,0.0,0.0,0.0,0.0,0.0,0.0,0.0,0.0,0.0,0.0,0,0.0,0.0,0.0,0.0,0.0,0.0,0.0,0.0,0.0,0.0,0.0,0.0,0.0,0.0,0.0,0.0,0.0,0.0,0.0,0.0,0.0,0.0,0.0,0.0,0.0,0.0,0.0,0.0,0.0,0,8.008605748251309,0.0126267633412205,163.66189176779943,-41.39408794145144,0.05054,0.05016,0.05093,15825.24,7.968698,16110.258499624964,358.01267251016907,373.0504912690994,7.972590133520887,0.038,0.038,0.5995673062718991,0.0246237484103892,0.0196064526095569,0.1513353774220746,0.0043174055989759,0.0044435107988847,0.2939542153599647,0,0.2513927169372614,1.1816582066115435,0.4370417482858801,4.119770499726781,6.37982667171085,8.350657395327657,4.11977276198702,6.5311620491329245,8.350658577557144,1,DA,GaiaXP,H,5390094110062904960,1.7369242,13.164921,10543946-4123325,160420003801288,5390094110062904960,5390094110062904960,galah_main,5063,0,10k_1,lbol,256,3942.7922,85.01776404806395,4311.0,0.083,sfd,4.555553,0.1873585863273797,0.111750126,0.08586305358775417,16,-0.08742667,0.85084677,7.8232017,2.2534798612858866,2.7116568,,,,32,0.614599,4.9393535,,,,32,,,,32,,,,32,,,,32,,,,32,,,,32,,,,32,,,,32,,,,32,,,,32,,,0,0,,,,32,,,,32,,,,32,,,,32,,,0,0,,,,32,,,,32,,,,32,,,,32,,,,32,,,,32,,,,32,,,,32,,,,32,,,,32,,,,32,,,,32,,,,32,,,,32,,,,32,,,,32,,,,32,163.66426865426783,-41.39237137261375,7.979374239763345,0.0219429617499867,124.871008865953,124.527220096142,125.21666721442,753.055086582739,1.5215098227157586,0.45446689493709597,1.0101445,1.383709,0,0.132093,23.2153748507,38.1497669462,50.0968222766,80.3233863984,0,13.5884075,11.172,0.024,10.537,0.027,10.353,0.021,AAA,10.306,0.02,AAAU,0.13861772685241774,0.03084534671385088,2.4722478,1.1757349619355761
5420145102878491264,2016.0,152.15247349757018,0.0753517374396324,-40.92516891377074,0.0875085219740867,20.90909122022606,0.1213266998529434,172.33709716796875,123.53275299072266,116.7943640349117,0.101290762424469,-40.2419914536997,0.1129348054528236,31.0,1.0330402851104736,false,591.0,1008.148657038322,0.981085479259491,1027.5849609375,18.17855453491211,62.0,479.2433067388002,9.31080150604248,51.47175598144531,18.63715171813965,64.0,743.4067777733615,6.689732551574707,111.12653350830078,17.5698299407959,0.0,4.0,0.0,3.0,0.0,1.2127676010131836,1.06732177734375,0.458597183227539,0.6087245941162109,272.6584142091233,12.183722689789146,174.59215725789394,-47.85157429231543,0.0135916212483269,2369.052921495316,1277.377573255552,6.962494090666E-4,0.0099999997764825,0.0099999997764825,0.0099999997764825,0.0,0.0,0.0,0.0,0.0,0.0,0.0,0.0,0.0,0.0,0.0,0.0,0.0,0.0,0.0,0.0,0.0,0.0,0.0,0.0,0.0,0.0,0.0,0.0,0.0,0.0,0.0,0.0,0.0,0.0,0.0,0.0,0.0,0.0,0.0,0.0,0.0,0.0,0.0,0.0,0.0,0.0,79510723,0.0,0.0,18.6552,18.104,17.8797,17.8526,0.0,0.0,0.133,0.0298,0.0304,0.0162,0.0,0.0,0.0,0.0,0.0,0.0,0.0,0.0,0.0,0.0,0.0,0.0,0.0,0.0,0.0,0.14654137,5.420145102878492E18,79510723,20.76115338172904,0.0868067546201091,152.15247349757018,-40.92516891377074,0.01837,0.01829,0.01846,5124.752,8.024003,5084.19117688418,61.01029412261016,61.01029412261016,7.9781958730006,0.0388218811518701,0.038,0.5672196513234025,0.0260068733295296,0.0232750324605617,5.075546948149398,0.1756027991804254,0.1592056285926286,3.137523734233215,0,0.2259502461297102,0.8631594380834273,0.2022157468337246,10.00707922677942,19.143085677732067,33.563256614885226,10.008619834628558,24.218632625881465,33.56363420472837,11,DA:,GaiaXP,H,5420145132941379072,1.9913645,11.011629,10084062-4055185,170508001601028,5420145132941379072,5420145132941379072,galah_main,4428,0,10k_0,lbol,768,3546.1133,,,,,4.373884,,,,17,0.23172003,0.7873782,15.493953,,,,,,32,,,,,,32,,,,32,,,,32,,,,32,,,,32,,,,32,,,,32,,,,32,,,,32,,,,32,,,0,0,,,,32,,,,32,,,,32,,,,32,,,0,0,,,,32,,,,32,,,,32,,,,32,,,,32,,,,32,,,,32,,,,32,,,,32,,,,32,,,,32,,,,32,,,,32,,,,32,,,,32,,,,32,,,,32,152.16995885147148,-40.92204307782206,20.564155978130415,0.122436338245029,48.5631530428085,48.2739277288423,48.8558024974791,809.116663933912,,,-26.585403,0.8108653,0,0.0,15.0883674834,27.9484862074,46.2085235375,66.0512716789,0,11.198979,8.757,0.026,8.109,0.036,7.931,0.027,AAA,7.786,0.021,AAAB,0.0,0.0,2.7288516,1.3113617979337027
5442124615196939392,2016.0,157.3258569876827,0.0179692935198545,-37.80837358420503,0.0260115414857864,16.00036930502344,0.0328711010515689,486.7609558105469,119.54456329345705,-119.07611151773976,0.0332005247473716,-10.572754444152968,0.0335443653166294,31.0,1.014900803565979,false,611.0,9594.856283753565,5.74238920211792,1670.88232421875,15.732270240783691,66.0,6944.55534096316,12.80270004272461,542.428955078125,15.734431266784668,68.0,3997.764503193412,11.453336715698242,349.04803466796875,15.743352890014648,0.0,1.0,0.0,1.0,0.0,1.140436053276062,-0.0089216232299804,0.0021610260009765,-0.011082649230957,274.2335977582861,17.018251902741472,177.20551848420791,-43.12442031777432,0.0022596300124357,506.88251843825407,1099.1240369926293,6.068246121194674E-6,0.0099999997764825,0.0099999997764825,0.0099999997764825,0.0,0.0,0.0,0.0,0.0,0.0,0.0,0.0,0.0,0.0,0.0,0.0,0.0,0.0,0.0,0.0,0.0,0.0,0.0,0.0,0.0,0.0,0.0,0.0,0.0,0.0,0.0,0.0,0.0,0.0,0.0,0.0,0.0,0.0,0.0,0.0,0.0,0.0,0.0,0.0,0.0,0.0,83242761,16.0331,16.044,15.6392,15.8329,0.0,0.0,0.0088,0.0188,0.0064,0.035,0.0,0.0,3.0,3.0,3.0,3.0,0.0,0.0,0.0,6.0,0.0,0.0,0.0,0.0,3.0,6.0,12.0,0.15528645,5.442124615196939E18,83242761,16.031829102823565,0.0128157016118425,157.3258569876827,-37.80837358420503,0.02282,0.02278,0.02286,11932.51,8.027638,11951.832350519864,143.42198820623838,143.42198820623838,8.019754019638677,0.038,0.038,0.6168167498833574,0.0253006522302792,0.020111747999043,0.4079077940421014,0.0080097414386826,0.0085426579998462,0.0521795468093553,0,0.4695711433138276,1.543820471316245,0.6073664049903056,1.438189005795922,2.6239018299514894,6.247491247079831,1.4382113100480671,3.031809623993591,6.247497087581939,0,DA,GaiaXP,H,5442124610898498816,1.8423281,12.021135,10291862-3748375,170411002101078,5442124610898498816,5442124610898498816,galah_main,5261,0,10k_1,lbol,256,3780.6086,75.77062117829969,4094.0,0.035,sfd,4.6390405,0.18455286608780583,0.17042637,0.07045792060163665,16,-9.5852464E-4,0.8248974,7.7824345,2.142452180490499,11.949595,,,,32,0.52649885,19.495184,,,,32,,,,32,,,,32,,,,32,,,,32,,,,32,,,,32,,,,32,,,,32,,,,32,,,0,0,,,,32,,,,32,,,,32,,,,32,,,0,0,,,,32,,,,32,,,,32,,,,32,,,,32,,,,32,,,,32,,,,32,,,,32,,,,32,,,,32,,,,32,,,,32,,,,32,,,,32,,,,32,,,,32,157.32691652112138,-37.81047767216261,15.990574538833444,0.03186217798690699,62.4241023985445,62.2992565107865,62.5494407473408,704.375973580424,3.4025093223571776,0.3546636164785484,2.8751335,1.903384,0,0.0,34.7820852643,67.1256873754,105.726165227,131.005809443,0,12.398971,9.92,0.026,9.276,0.022,9.084,0.019,AAA,9.001,0.021,AAAC,0.0,0.0,2.5678914,1.2162897846853922
5459481918066824320,2016.0,153.28637019203148,0.157533586025238,-31.59703168709641,0.2196739017963409,2.7383297981381896,0.3031430244445801,9.033127784729004,9.15113353729248,-2.161212062977322,0.1957068741321563,8.8922670564224,0.2613449692726135,31.0,1.0138884782791138,false,756.0,336.486013918551,0.6743789315223694,498.9568786621094,19.369949340820312,84.0,234.3106578841612,6.377841949462891,36.73823547363281,19.4140625,84.0,136.9917095222719,5.079863548278809,26.96759605407715,19.40616035461425,0.0,0.0,0.0,0.0,0.0,1.1034704446792605,0.0079021453857421,0.0441131591796875,-0.0362110137939453,267.6073789178425,20.20658652197276,169.36397724671772,-39.27270032883153,0.0036872661731174,4373.049221110908,960.977546388864,0.0034199197014946,0.1099999994039535,0.1000000014901161,0.1199999973177909,0.0,0.0,0.0,0.0,0.0,0.0,0.0,0.0,0.0,0.0,0.0,0.0,0.0,0.0,0.0,0.0,0.0,0.0,0.0,0.0,0.0,0.0,0.0,0.0,0.0,0.0,0.0,0.0,0.0,0.0,0.0,0.0,0.0,0.0,0.0,0.0,0.0,0.0,0.0,0.0,0.0,0.0,0,0.0,0.0,0.0,0.0,0.0,0.0,0.0,0.0,0.0,0.0,0.0,0.0,0.0,0.0,0.0,0.0,0.0,0.0,0.0,0.0,0.0,0.0,0.0,0.0,0.0,0.0,0.0,0.0,0.0,0,3.006270540601094,0.0166218191839212,153.28637019203148,-31.59703168709641,0.10598,0.1017,0.11034,12520.75,7.875576,12705.471565051525,990.3022095394972,1283.3723970151914,8.055756037184718,0.0991489691794793,0.1126585944992939,0.640053245968415,0.060577980661377,0.0717545486876178,0.3630232252169755,0.0351363281262445,0.032283976440641,0.5914236665404198,0,1.239181254324636,2.2088186592511163,0.8114259663542742,0.6516759541651268,1.10007188247651,11.643446198309888,0.6526224871939547,1.4630951076934853,11.6434909553824,1,0.0,0.0,H,5459481918070505088,0.93718815,12.977865,10130857-3136025,150401004101166,5459481918070505088,5459481918070505088,galah_main,5576,0,10k_29,lbol,0,5297.107,93.28310136914203,5485.0,0.043,sfd,4.4662027,0.18384501321983746,-0.23407412,0.07207053611697722,0,-0.24507558,1.0675372,7.705157,2.2540496572904107,0.4473251,0.028619138828983103,0.03359289498199894,191.0,0,0.7135265,0.75063795,,,,32,,,,32,0.4885692405700688,0.13204140071604104,1,0,-0.0867019271850582,0.05337436725038299,1,0,0.015682601928711293,0.07414868070952149,1,0,-0.03388849258422866,0.07010066266525758,1,0,0.026039867401123296,0.058511200344316984,1,0,0.020600490570068075,0.08701146119380404,1,0,0.08995801925659208,0.07554812863333427,1,0,-0.06005159378051772,0.055580356452931814,1,0,,,0,0,-0.003625367866807769,0.06496229073517704,23,0,0.09971506549165098,0.07575668764771243,10,0,,,,32,-0.1128495979309081,0.07732546009760853,1,0,,,0,0,-0.039049224853515696,0.07766413025594374,1,0,-0.07853990554809531,0.15396330034323302,8,0,-0.2541094394685535,0.07955551904143963,3,0,-0.138328261913783,0.058384687460349485,3,0,0.06039667110640618,0.09974747726806173,3,0,,,,32,,,,32,0.09937500763428746,0.1320233058587926,3,0,,,16,32,,,,32,,,2,32,0.31628568649292,0.09008724496378778,1,0,,,,32,0.24280558586120593,0.14033569408015173,1,1,,,2,32,,,2,32,,,,32,153.285708910358,-31.60067683068391,3.082338632913192,0.02431059105760104,321.434394995384,318.923124931346,323.984810517109,635.728950569438,27.722000122070312,0.09799999743700027,0.59167135,5.083504,0,0.0791298,29.4551512384,41.7891449442,55.5178362651,57.2950400874,0,13.175989,11.782,0.026,11.397,0.022,11.317,0.019,AAA,11.286,0.021,AABU,0.028458287155151744,0.027919879851504546,1.6915661,1.0995479154600913
5462909954807537664,2016.0,149.45268219839627,0.2088261246681213,-32.13653406249831,0.2400125116109848,2.5367925300223835,0.4303354918956756,5.894918441772461,59.588321685791016,-52.65009013454101,0.2671070396900177,27.905842009481955,0.348126471042633,31.0,0.975364089012146,false,770.0,211.6301106505897,0.5790827870368958,365.4574279785156,19.873422622680664,79.0,153.39290499318744,6.912020683288574,22.19219398498535,19.8740291595459,77.0,102.3581972837485,5.20911169052124,19.649837493896484,19.72258949279785,0.0,0.0,0.0,2.0,0.0,1.2084816694259644,0.1514396667480468,6.065368652343E-4,0.1508331298828125,265.27085537001744,17.75511060753053,165.89309865378053,-41.24180442817386,0.0025242590233254,2912.399802948909,1010.3155787473517,1.088386781883E-4,0.1400000005960464,0.1299999952316284,0.1500000059604644,0.0,0.0,0.0,0.0,0.0,0.0,0.0,0.0,0.0,0.0,0.0,0.0,0.0,0.0,0.0,0.0,0.0,0.0,0.0,0.0,0.0,6.94314945274964E16,0.0,0.0,19.8871002197266,0.0,0.0,0.0,0.0,0.0205349996685982,0.0,0.0,0.0,0.0,280.0,0.0,0.0,3.02063616E8,36.0,0.0053313076,5.462909954807538E18,6.94314945274964E16,0,0.0,0.0,0.0,0.0,0.0,0.0,0.0,0.0,0.0,0.0,0.0,0.0,0.0,0.0,0.0,0.0,0.0,0.0,0.0,0.0,0.0,0.0,0.0,0.0,0.0,0.0,0.0,0.0,0.0,0,3.099446877051957,0.0309760241709039,149.45268219839627,-32.13653406249831,0.12402,0.11677,0.13097,10198.51,7.75674,9111.718827697448,548.5979918379271,571.451891721983,7.77016563573348,0.1554428807986223,0.1429045465169593,0.4715728938720299,0.0745412174583441,0.0776457668881267,0.6059742817680891,0.0137775676557813,0.0144582768723017,2.711670807400764,0,0.6476213506372206,0.0321711022765425,0.6745939781766002,,,,,,,11,0.0,0.0,H,5462909954807536768,1.085989,12.612581,09574934-3208078,151225003801290,5462909954807536768,5462909954807536768,galah_main,5260,0,10k_18,lbol,769,,,,,,,,,,17,,,,,,,,,32,,,,,,32,,,,32,,,,32,,,,32,,,,32,,,,32,,,,32,,,,32,,,,32,,,,32,,,0,0,,,,32,,,,32,,,,32,,,,32,,,0,0,,,,32,,,,32,,,,32,,,,32,,,,32,,,,32,,,,32,,,,32,,,,32,,,,32,,,,32,,,,32,,,,32,,,,32,,,,32,,,,32,,,,32,149.45533016203254,-32.13536442608948,3.0341469480035825,0.03620077290176913,326.529839086326,322.685807363116,330.46488067575,646.480457488138,,,-3.337462,4.292974,0,0.015312045294800378,36.3531570456,43.9471466205,51.9658723785,68.4748080299,8,12.759099,11.142,0.03,10.705,0.027,10.585,0.024,AAA,10.619,0.021,AAAU,0.00550792996215841,0.03140043149222111,,1.6230389365545903
5495364063427607680,2016.0,95.21689338046262,0.2947116196155548,-57.05140193940545,0.2807153463363647,8.18097269334563,0.2862358391284942,28.58123016357422,118.87844848632812,-27.49274004350244,0.3690356314182281,115.65567252817384,0.3382253050804138,31.0,0.9183692336082458,false,277.0,240.4460366861829,0.922524631023407,260.63916015625,19.73482322692871,32.0,132.35583555174912,6.798388957977295,19.468706130981445,20.0341854095459,30.0,134.3846936472812,6.576707363128662,20.43342971801757,19.427021026611328,0.0,1.0,0.0,1.0,0.0,1.1093571186065674,0.6071643829345703,0.2993621826171875,0.3078022003173828,265.874423621682,-26.552551268835067,106.8638782556066,-80.18475036983045,0.0251490871743156,11575.838803608149,846.3859873626994,5.16470675311945E-5,0.0099999997764825,0.0099999997764825,0.0099999997764825,0.0,0.0,0.0,0.0,0.0,0.0,0.0,0.0,0.0,0.0,0.0,0.0,0.0,0.0,0.0,0.0,0.0,0.0,0.0,0.0,0.0,0.0,0.0,0.0,0.0,0.0,0.0,0.0,0.0,0.0,0.0,0.0,0.0,0.0,0.0,0.0,0.0,0.0,0.0,0.0,0.0,0.0,0,0.0,0.0,0.0,0.0,0.0,0.0,0.0,0.0,0.0,0.0,0.0,0.0,0.0,0.0,0.0,0.0,0.0,0.0,0.0,0.0,0.0,0.0,0.0,0.0,0.0,0.0,0.0,0.0,0.0,0,7.813346492560157,0.0104647996537046,95.21689338046262,-57.05140193940545,0.03837,0.03718,0.03962,6693.711,8.464772,6743.370831503703,341.76109862370504,399.3633987941503,8.425197157267995,0.1195337647496295,0.119458982365602,0.864885416436362,0.0801580705870467,0.0790522077241893,4.033512564733337,0.1925868555109935,0.0999382942903457,1.3857050681535823,0,0.3621152323956051,3.782039942383468,1.0491805428498933,0.1114765516739734,0.2363486891127545,0.0760798710857336,0.2225235234502913,4.269861253846092,0.1256017891993804,0,DA,GaiaXP,H,5495364342601499264,0.94331837,10.601339,06204863-5701408,171205003101030,5495364342601499264,5495364342601499264,tess_hermes,7188,0,10k_29,lbol,0,5380.453,79.89329019010718,5540.0,0.029,sfd,4.4207935,0.1793297701826275,0.21477509,0.05627890363056814,0,0.20416412,1.0808725,5.627111,2.1700357695004544,1.9392501,-0.025113973262005804,0.026012329333547576,318.0,0,0.7491706,3.4034567,,,,32,,,,32,-0.007067222595214417,0.10410921820267102,1,0,-0.005379257202148047,0.03837738622019132,1,0,0.05263462066650426,0.050677701892520126,1,0,0.14836582183837876,0.05350984316391203,1,0,-0.011930198669433345,0.043902902836054074,1,0,-0.10674793243408232,0.06510925192521955,1,0,-0.00928848266601534,0.058302809300498484,1,0,-0.009623680114746236,0.040503001850175774,1,0,,,0,0,-0.04240351763365061,0.038781648769624706,39,0,-0.016732095397248004,0.045685251003871545,11,0,,,,32,0.02036392211914073,0.055896103946120754,1,0,,,0,0,0.07922212600708001,0.0528654184652754,1,0,0.02301438388279787,0.06532193675740446,12,0,0.06405882750959539,0.058972245220808205,3,0,0.07578293240644185,0.04363767682526618,3,0,-0.04510694297388081,0.0687563737484143,3,0,,,,32,,,,32,-0.13692654391344364,0.09608753364969602,3,0,-0.11489706974208945,0.08419251104068581,3,0,,,,32,,,,32,-0.05497066497802727,0.06618843974841278,1,0,0.35856391906738283,0.10649805649464136,2,0,0.344119415283203,0.11790188640970568,1,0,0.45354927062988293,0.12045440978504983,1,0,,,,32,,,,32,95.20243057406506,-57.027532844770946,7.751445760861508,0.022608555152267527,128.529253948939,128.154039995668,128.90663221711,542.918407383658,49.49100112915039,0.08799999952316284,49.837677,0.90146726,0,0.0514835,52.4965841637,56.8537061856,76.5395071609,68.7083294966,0,10.882757,9.461,0.023,9.116,0.023,8.984,0.019,AAA,9.013,0.02,AAAB,0.021114161087036225,0.02798018237775127,1.6993206,0.9960112430592184
5567933892444757632,2016.0,90.2515342996192,0.1645579040050506,-45.121133739875226,0.1911137551069259,3.4152339319084057,0.1788385659456253,19.09674072265625,36.81568145751953,8.57050142639059,0.2032380551099777,35.80420246842037,0.2321917861700058,31.0,1.017649531364441,false,381.0,412.6273270202139,0.9858834743499756,418.53558349609375,19.14847183227539,42.0,287.5112314866283,9.794109344482422,29.355525970458984,19.1919059753418,41.0,198.1731041091018,9.2021484375,21.53552627563477,19.00528335571289,0.0,27.0,0.0,27.0,0.0,1.1770532131195068,0.1866226196289062,0.0434341430664062,0.1431884765625,252.072429463694,-27.39909647286669,90.4855938702932,-68.5599905558751,0.0041732375133208,4205.467769304704,782.4057002397575,5.789365970923329E-5,0.050000000745058,0.050000000745058,0.0599999986588954,0.0,0.0,0.0,0.0,0.0,0.0,0.0,0.0,0.0,0.0,0.0,0.0,0.0,0.0,0.0,0.0,0.0,0.0,0.0,0.0,0.0,0.0,0.0,0.0,0.0,0.0,0.0,0.0,0.0,0.0,0.0,0.0,0.0,0.0,0.0,0.0,0.0,0.0,0.0,0.0,0.0,0.0,473148699,0.0,0.0,0.0,0.0,19.3169,0.0,0.0,0.0,0.0,0.0,0.0478,0.0,0.0,0.0,0.0,0.0,1.0,0.0,0.0,0.0,0.0,0.0,0.0,0.0,1.0,0.0,2.0,0.39939445,5.567933892444758E18,473148699,3.5571717349411527,0.0130696451375304,90.2515342996192,-45.121133739875226,0.06685,0.06393,0.07004,9665.469,7.657456,9274.855400201774,687.4934159238856,877.307499987448,7.473644069678021,0.2098570480693702,0.2207683007474639,0.3244636634002368,0.0715700025460714,0.0947896930149532,0.4155039977674289,0.0231529018091056,0.012647978831742,0.3304853530546848,0,0.6218071463603079,-1.2459282067746562,0.8235420765851711,,,,,,,11,DC,GaiaXP,mixed,5567933961164105216,1.1205482,12.938761,06010126-4507051,170217001601208,5567933961164105216,5567933961164105216,galah_main,1240,0,10k_19,lbol,0,5047.554,87.93611095668724,5130.0,0.03,sfd,4.544391,0.18310491807910614,0.39173555,0.06970292649606386,0,0.3568435,1.0276088,5.0247707,2.239037723451331,1.6208334,0.003203554622345554,0.03238487169739245,447.0,0,0.770319,2.5135343,,,,32,,,,32,0.002325992584228942,0.13596082874021026,1,0,0.18633121490478555,0.05575624092869175,1,0,0.0589579582214359,0.07814470950174815,1,0,0.2808311843872069,0.0724274623661387,1,0,0.027798919677734624,0.060753112222878956,1,0,-0.06668550491333036,0.09031244162797517,1,0,0.08246070861816435,0.07799612712311411,1,0,0.06550439834594712,0.0578071962148914,1,0,,,0,0,-0.07811993074619925,0.05311819787539438,55,0,0.036524206592471846,0.06593655523901892,11,0,0.25368953704833963,0.14479589368560514,1,0,0.05443346023559581,0.0805372293199009,1,0,,,0,0,0.1648062896728515,0.08169774183770295,1,0,0.04664290208029973,0.06632856006906453,14,0,0.11104442596435504,0.11496978212536285,1,0,0.13016361236572305,0.07417621878324629,2,0,,,,32,,,,32,,,,32,-0.22870286941528306,0.168591741210146,2,0,-0.07904218236104245,0.08462121526735501,11,0,0.6979881095886231,0.127623204403957,2,0,,,2,32,-0.2226556968688964,0.09368381149796545,1,0,,,,32,0.26874719619750964,0.14307219561663312,1,0,,,2,32,0.08396352767944326,0.21605990827083588,1,0,,,,32,90.2553602100248,-45.11795738877355,3.588543974505647,0.01873239687801592,276.441529800771,275.006596528401,277.891246604323,520.524922416526,32.005001068115234,0.06599999964237213,30.900513,1.0908744,0,0.0,28.099088753,40.1212110342,51.8877486088,58.0993285046,0,12.915822,11.531,0.029,11.134,0.026,11.07,0.026,AAA,11.066,0.02,AAAU,0.0,0.030112639292696627,1.8980623,1.0691162213308936
5604158716065895552,2016.0,105.54639264886345,0.2393293976783752,-31.65781255120028,0.266963392496109,4.335192943481786,0.3237833380699157,13.389178276062012,13.036211013793944,-12.256951149741337,0.2997815310955047,-4.439589594962492,0.3424413502216339,31.0,1.0308972597122192,true,385.0,215.13922525959453,0.7848536968231201,274.1138000488281,19.855567932128903,35.0,153.85240807924728,10.8978910446167,14.117630958557127,19.87078094482422,37.0,128.09688652390648,10.328035354614258,12.40283203125,19.479049682617188,0.0,35.0,0.0,37.0,0.0,1.310543417930603,0.3917312622070312,0.0152130126953125,0.3765182495117187,242.6481846933868,-11.759723864192202,112.76615889613488,-53.87524103902842,0.0029641047462553,2474.86956779942,1223.5832024904914,2.809015340713E-4,0.050000000745058,0.0399999991059303,0.0599999986588954,0.0,0.0,0.0,0.0,0.0,0.0,0.0,0.0,0.0,0.0,0.0,0.0,0.0,0.0,0.0,0.0,0.0,0.0,0.0,0.0,0.0,0.0,0.0,0.0,0.0,0.0,0.0,0.0,0.0,0.0,0.0,0.0,0.0,0.0,0.0,0.0,0.0,0.0,0.0,0.0,0.0,0.0,0,0.0,0.0,0.0,0.0,0.0,0.0,0.0,0.0,0.0,0.0,0.0,0.0,0.0,0.0,0.0,0.0,0.0,0.0,0.0,0.0,0.0,0.0,0.0,0.0,0.0,0.0,0.0,0.0,0.0,0,4.296409535588524,0.0120154762070187,105.54639264886345,-31.65781255120028,0.06414,0.05933,0.07029,7781.493,7.965159,8037.382602239106,872.1817195059011,1069.708253361072,8.000215109910851,0.3047104491178434,0.2889013260901212,0.5950194769318075,0.1668481155544667,0.1846134650872258,1.100766735831785,0.0934727563883504,0.1445309001368837,1.7612182625262196,0,1.4535649760962557,1.1086593407994776,2.287482950155229,7.616658369551553,7.934906246151347,,7.61723190369353,9.035672981983131,,1,0.0,0.0,H,5604146960740990464,0.81260204,10.218893,07021198-3139287,160403001601076,5604146960740990464,5604146960740990464,galah_main,3942,0,10k_41,lbol,0,5829.5337,72.0572141154118,6166.0,0.079,sfd,4.0314326,0.17671103047937736,0.2520876,0.04538553870374322,0,0.26598778,1.1763904,5.9985433,2.091740291405924,5.0255766,-0.008971927725086846,0.014172740248339076,447.0,0,0.6857858,7.916068,0.9808189392089843,0.03819469817901191,1,0,-0.02519531249999929,0.055949396367946436,1,0,-0.11942722320556598,0.06420048368913292,1,0,0.23665088653564492,0.02444571937671206,1,0,-0.055635070800780895,0.03333768874267313,1,0,0.12798961639404283,0.029760754081317623,1,0,0.05273225784301783,0.028659910186911556,1,0,-0.008400268554687784,0.04078760498982217,1,0,-0.0516564178466794,0.034664480575155615,1,0,0.10693820953369126,0.022539914301659428,1,0,,,0,0,-0.007795738756181547,0.022200246051836223,55,0,0.026156412554972697,0.02059760510964152,15,0,,,,32,0.04437744140625011,0.03163623232440103,1,0,,,0,0,0.1258677673339843,0.03158854408683001,1,0,-0.08499008178710898,0.05743358659368464,8,0,0.1113746674664698,0.030274413737353227,3,0,0.24474913505090992,0.024577283506174125,3,0,0.18867525606374208,0.03625148058061351,3,0,,,,32,,,,32,-0.01680670211199295,0.052810260308387404,3,0,,,,32,,,,32,,,,32,-0.12836448669433587,0.03951344601008204,1,0,0.11784984588623049,0.06451936227056365,2,0,-0.023073806762695437,0.06371493927867279,1,0,,,,32,,,,32,,,,32,105.54986863663886,-31.65801663985522,4.244397084506261,0.024422656804425947,234.019496690565,232.679497399256,235.374741484319,1077.24701149874,66.8030014038086,0.09399999678134918,66.57274,0.31074554,0,0.043384329530639934,99.2906891025,110.479348102,129.461709366,128.714877383,0,10.349537,9.212,0.03,8.969,0.024,8.866,0.021,AAA,8.872,0.02,AAAC,0.015605873931884869,0.028679237109263078,1.4516793,0.9930052223790209
5634938783878536960,2016.0,138.12096425001553,0.1243086457252502,-29.96113237175965,0.1428120881319046,4.463684864219499,0.2124542146921157,21.010103225708008,23.93020248413086,1.0782365538302887,0.1734037697315216,-23.905899682879088,0.1928495168685913,31.0,1.006124496459961,false,649.0,444.0497700581127,0.7343279123306274,604.7022705078125,19.068788528442383,66.0,290.3343957800474,5.77861213684082,50.24292755126953,19.18129539489746,65.0,207.67458925619223,6.847198486328125,30.32986259460449,18.95443725585937,0.0,2.0,0.0,2.0,0.0,1.1215161085128784,0.2268581390380859,0.1125068664550781,0.1143512725830078,256.4842865743143,12.557093063656083,152.76789712177248,-43.49224201771992,0.0079863762713655,6543.752216465129,1122.9972784564136,6.556938901588E-4,0.1099999994039535,0.1000000014901161,0.1199999973177909,0.0,0.0,0.0,0.0,0.0,0.0,0.0,0.0,0.0,0.0,0.0,0.0,0.0,0.0,0.0,0.0,0.0,0.0,0.0,0.0,0.0,7.204138120978698E16,19.1312007904053,19.1622009277344,19.2982997894287,19.4167003631592,19.505500793457,0.0092740003019571,0.0180549994111061,0.0105450004339218,0.0702390000224113,0.0432519987225533,115000.0,115000.0,115000.0,115000.0,115000.0,1.3760512E9,164.0,0.05800512,5.634938783878537E18,7.204138120978698E16,78725310,0.0,0.0,19.0256,19.102,19.262,0.0,0.0,0.0,0.0105,0.0162,0.0475,0.0,0.0,0.0,0.0,0.0,0.0,0.0,0.0,0.0,0.0,0.0,3.0,0.0,0.0,3.0,0.0,0.0512872,5.634938783878537E18,78725310,4.377141380798182,0.0125956488002534,138.12096425001553,-29.96113237175965,0.11603,0.10798,0.12397,9560.608,7.926457,10033.094009580422,268.48620922509326,279.33467601054144,8.012388538565839,0.0599486565448499,0.0579448468322585,0.6073858138990194,0.0357700732646645,0.0356744668824794,0.6378006546437177,0.0079931874198571,0.0080167149881398,2.392305107829492,0,0.3862560165004622,1.2876091062863428,0.9728768177943918,3.7450967097887786,4.77663395689242,11.64670979166482,3.74510523973838,5.414434611536137,11.64671255071492,1,DA,GaiaXP,H,5634938783877940352,1.0887909,12.753466,09122977-2958067,150429001101160,5634938783877940352,5634938783877940352,galah_main,4762,0,10k_24,lbol,0,5063.978,84.03435040389954,5384.0,0.12,bay,4.5612965,0.1807847855212823,-0.10714722,0.057698914823975565,0,-0.121540956,1.0302365,5.549103,2.182370720093206,1.08905,0.04400565633237487,0.02256885261143884,431.0,0,0.7603823,2.2964447,0.2724391937255859,0.0687879568490669,1,0,,,,32,0.18020294189453168,0.10113032708261797,1,0,-0.13267951965331992,0.03700013881871918,1,0,0.07388677597045934,0.048705166848938795,1,0,-0.049291763305664205,0.05173940120706437,1,0,0.046057968139648686,0.04250315007324515,1,0,-0.14984113693237333,0.06296373967839003,1,0,0.06785327911376982,0.05648833999773363,1,0,-0.03944030761718764,0.038989531422879115,1,0,,,0,0,-0.01371174878945461,0.03480718562463032,55,0,-0.04072091565865214,0.06413842597651855,9,0,-0.15294384002685568,0.11141324754870766,1,0,-0.09996355056762685,0.05378269439934953,1,0,,,0,0,-0.08351238250732429,0.05065535216426585,1,0,-0.06364923477172812,0.11716927456318475,8,0,-0.008821714000273673,0.05698254570616175,3,0,-0.05050512413432011,0.04220042289723837,3,0,-0.1292617363287217,0.06578061697555597,3,0,0.26676669120788565,0.16133993864059448,1,1,,,,32,-0.030601348876952983,0.10679250177625577,2,0,-0.1921467590332031,0.11510940624455444,2,0,,,,32,,,,32,-0.06000892639160149,0.06384313506435853,1,0,,,,32,0.22323451995849597,0.11510253675188148,1,0,,,,32,,,2,32,,,,32,138.1240759736169,-29.96864675712034,4.304220163049343,0.028638930522723316,230.792089575655,229.265136661975,232.339151180895,698.313676945053,4.894000053405762,0.08299999684095383,6.2756357,1.1159095,0,0.0,41.0176529098,58.9350641795,67.1404871695,74.0565944977,0,12.813503,11.347,0.023,10.945,0.026,10.851,0.021,AAA,10.87,0.021,AAAU,0.0,0.030680983184573088,1.877693,1.055223527715581
5668811885270273280,2016.0,156.70656491570176,0.8567409515380859,-18.864051515793307,1.02988862991333,6.514150627161378,1.1600829362869265,5.615245819091797,12.696085929870604,11.605088948152597,1.1209676265716553,-5.149030681535629,1.2544227838516235,31.0,0.9725474715232848,false,150.0,159.19181075920244,1.2775039672851562,124.6115951538086,20.18256568908692,15.0,80.36708193997893,13.648067474365234,5.888532161712647,20.575847625732425,16.0,92.62575286259356,11.694475173950195,7.92047119140625,19.8310661315918,0.0,0.0,0.0,0.0,0.0,1.086694359779358,0.744781494140625,0.3932819366455078,0.3514995574951172,261.6637166377595,32.1805056594494,166.12382762062117,-26.45482403280308,0.0033190583358187,2001.5623652292336,624.2056868064135,4.387872550254E-4,0.0199999995529651,0.0099999997764825,0.0199999995529651,0.0,0.0,0.0,0.0,0.0,0.0,0.0,0.0,0.0,0.0,0.0,0.0,0.0,0.0,0.0,0.0,0.0,0.0,0.0,0.0,0.0,8.536156706555352E16,20.2042007446289,20.0986995697021,20.1112003326416,20.1200008392334,0.0,0.0157440006732941,0.0267340000718832,0.0383489988744259,0.0244759991765022,0.0,1.6892216E7,115000.0,115000.0,1.6892216E7,114720.0,4.44915712E8,53.0,0.031193051,5.668811885270273E18,8.536156706555352E16,0,0.0,0.0,0.0,0.0,0.0,0.0,0.0,0.0,0.0,0.0,0.0,0.0,0.0,0.0,0.0,0.0,0.0,0.0,0.0,0.0,0.0,0.0,0.0,0.0,0.0,0.0,0.0,0.0,0.0,0,5.942401365023056,0.025761789723511,156.70656491570176,-18.864051515793307,0.04327,0.03661,0.05268,6315.615,8.291612,7322.752264579832,234.90827191182507,242.5281269395009,8.43454945823196,0.0651604156217402,0.063250984763469,0.8721579852175059,0.0435573460239619,0.0419204517839034,3.353596582749396,0.0992728509905038,0.0665810769986587,3.769547970719516,0,0.2272286613318539,3.832034805393064,0.5904391446304245,0.0718839165700979,0.2281827345294723,0.0415214078021895,0.1225658859766435,3.581779317278868,0.0784669810823447,0,0.0,0.0,H,5668811885269981440,1.406847,12.985399,10264907-1852003,170414003101369,5668811885269981440,5668811885269981440,galah_main,6351,0,10k_4,lbol,0,4557.185,90.13893007593039,4502.0,0.0,bay,4.617553,0.18547268986089305,-0.071059704,0.07484414412382615,0,-0.07933702,0.9491496,8.233989,2.2605223935591146,0.95668346,0.03509893785129394,0.042577512852233726,398.0,0,0.7533627,1.4407163,,,,32,,,,32,,,,32,-0.11005073547363242,0.06217378464342678,1,0,,,,32,0.1005648040771483,0.07841360519650131,1,0,-0.05256006240844702,0.06671585773170927,1,0,0.062824897766113,0.09903273135104385,1,0,0.10472709655761747,0.08432183897243944,1,0,0.0063537025451658735,0.06364585740268477,1,0,,,0,0,0.08824470757264749,0.07326304775712128,49,0,,,,32,0.05186913767447668,0.11759898813346695,3,0,-0.09358728408813466,0.08900426869061916,1,0,,,0,0,-0.09263999938964851,0.09266487510269518,1,0,0.036560972576041975,0.06942945522558305,13,0,-0.11573004107451411,0.08556146748888564,3,0,-0.03349382012171707,0.0650609661242543,3,0,-0.17839263916015646,0.20577600281968778,1,0,-0.14242944717407235,0.11397062746722467,1,0,,,,32,0.4787165260314943,0.18975380190478802,2,0,0.22292787551879867,0.14523267745434001,4,0,0.8482442665100098,0.13340526091620358,2,0,,,2,32,-0.05863515853881829,0.10317971956046047,1,0,0.6166791725158691,0.1849045393252186,1,0,,,,32,,,,32,,,2,32,,,,32,156.7045585531468,-18.86677449371676,5.99719743456148,0.06927120673076217,165.978509794866,164.077324132964,167.923464414225,486.323438980945,50.262001037597656,0.08500000089406967,53.30813,2.678576,0,0.078107,27.6645605971,36.1699999912,53.2554134695,59.0109661484,0,13.347361,11.298,0.022,10.695,0.023,10.588,0.022,AAA,10.587,0.021,AAAU,0.025703719848633046,0.02859094769139741,2.1530612,0.8925367820170985
5686625725986812928,2016.0,151.0755439575126,0.4448654055595398,-14.102220860775043,0.4118060767650604,4.0758788308599705,0.5310384035110474,7.675299644470215,14.887433052062988,-6.6902838934479405,0.4753274023532867,13.299464283578386,0.5059229135513306,31.0,1.0359864234924316,false,198.0,205.87610352286308,1.0843967199325562,189.8531188964844,19.90335273742676,20.0,122.89713836579396,13.22067642211914,9.295827865600586,20.114686965942383,21.0,121.36399695328676,6.853929042816162,17.70721435546875,19.537670135498047,0.0,0.0,0.0,0.0,0.0,1.186447262763977,0.5770168304443359,0.211334228515625,0.3656826019287109,253.15746540946407,32.17650801623414,158.5543617003872,-24.213378496883173,0.0081911194928985,7269.098763694094,604.7887837492023,0.0262526588895512,0.0900000035762786,0.0599999986588954,0.1400000005960464,0.0,0.0,0.0,0.0,0.0,0.0,0.0,0.0,0.0,0.0,0.0,0.0,0.0,0.0,0.0,0.0,0.0,0.0,0.0,0.0,0.0,9.107151075567766E16,20.1814994812012,19.9524993896484,19.8782005310059,19.9101009368896,19.5965995788574,0.0276510007679462,0.0170809999108315,0.0175749994814396,0.02394700050354,0.0830610021948814,115000.0,115000.0,115000.0,115000.0,115000.0,4.36527104E8,52.0,0.11092238,5.686625725986813E18,9.107151075567766E16,0,0.0,0.0,0.0,0.0,0.0,0.0,0.0,0.0,0.0,0.0,0.0,0.0,0.0,0.0,0.0,0.0,0.0,0.0,0.0,0.0,0.0,0.0,0.0,0.0,0.0,0.0,0.0,0.0,0.0,0,4.036238588965812,0.0152027460720157,151.0755439575126,-14.102220860775043,0.07241,0.06374,0.08116,6913.788,7.590923,6691.126578949301,156.89934903832273,167.40216431881618,7.449062420238173,0.0706422177209953,0.0720321884732282,0.3223284293381903,0.0257948672949291,0.0285395827030822,0.927900905074637,0.0174240788157865,0.016949614767529,3.158983265461012,0,0.2241083170714954,-1.264479328078275,0.2479546716167,,,,,,,11,0.0,0.0,H,5686628685219376512,1.0286522,12.439756,10041764-1405397,170106005101267,5686628685219376512,5686628685219376512,galah_main,6369,0,10k_29,lbol,0,5297.8433,88.14341649008435,5156.0,0.01,bay,4.452657,0.1845161416149606,0.024844646,0.06399119334300382,0,0.0025987402,1.067655,5.5365787,2.220211876376973,0.6851568,-0.05150187989098836,0.0344650985435377,442.0,0,0.74730784,1.2896464,,,,32,,,,32,-0.08223344802856403,0.11963922864825649,1,0,-0.045733985900878515,0.04627208547849733,1,0,0.06642093658447301,0.06263222474059901,1,0,0.026480045318603374,0.06273619616220709,1,0,-0.06588241577148413,0.05171430268163904,1,0,0.0342451858520505,0.07691612188436975,1,0,0.08799011230468778,0.06784428892641803,1,0,-0.12167421340942397,0.0487036361769855,1,0,,,0,0,-0.040010780396397085,0.04622787502157935,55,0,0.03185562459060508,0.07520052742287524,9,0,0.05482650756835916,0.13012636990756898,1,0,-0.017254714965820206,0.06747664012860852,1,0,,,0,0,-0.061529712677002024,0.0657755910032009,1,0,-0.1232305145263668,0.13995863470788547,8,0,-0.11844642307940165,0.06911005753990418,3,0,-0.09436475755534811,0.05111970310720558,3,0,-0.022732926359549682,0.08534783622026236,3,0,,,,32,,,,32,-0.002339845358360367,0.12112779314235968,3,0,,,,32,,,,32,,,,32,0.006418781280517649,0.07908009189850335,1,0,,,,32,-0.08207525253295911,0.1310921360391886,1,1,,,2,32,,,2,32,,,,32,151.073487866778,-14.09427842042593,4.035492264745916,0.05050040338465266,246.088794509918,243.044791964667,249.208612270694,458.536496235894,27.277999877929688,0.0729999989271164,31.759241,3.5034204,0,0.0503073,33.1231683481,47.6774954647,64.6299343939,91.8240385747,0,12.693051,11.139,0.023,10.709,0.025,10.607,0.023,AAA,10.579,0.02,AAAU,0.045899663818358805,0.029390340884043426,1.7416703,0.9809848944480775
5701768268849584000,2016.0,129.7369863075358,0.0942940413951873,-23.616439111879004,0.0811804980039596,5.718725014995032,0.1266024112701416,45.17074203491211,51.8924560546875,-39.88345452829357,0.1146070882678031,33.19844772227142,0.106081023812294,31.0,1.038093328475952,false,394.0,1137.2858027375696,1.3801418542861938,824.0354614257812,18.04769325256348,33.0,829.1818549705404,16.858428955078125,49.185001373291016,18.04191780090332,33.0,461.8481343386397,11.355080604553224,40.67325973510742,18.086647033691406,0.0,2.0,0.0,0.0,0.0,1.1351851224899292,-0.0447292327880859,-0.0057754516601562,-0.0389537811279296,246.6497074095536,10.718253855337592,140.2531487167877,-40.37751701781676,0.0075766826953529,4948.961619183582,1234.724048506924,4.946661376038E-4,0.0299999993294477,0.0299999993294477,0.0299999993294477,0.0,0.0,0.0,0.0,0.0,0.0,0.0,0.0,0.0,0.0,0.0,0.0,0.0,0.0,0.0,0.0,0.0,0.0,0.0,0.0,0.0,7.966129737046054E16,17.9650001525879,18.1916999816895,18.4022006988525,18.5583000183105,18.7453994750977,0.0028129999991506,0.0100600002333522,0.0048239999450743,0.0224539991468191,0.0700299963355064,1.6892216E7,1.6892216E7,115000.0,115000.0,1.6892216E7,4.36527104E8,52.0,0.010122079,5.701768268849584E18,7.966129737046054E16,47515727,0.0,0.0,18.1122,18.0867,18.5148,18.6865,0.0,0.0,0.0587,0.0186,0.074,0.0145,0.0,0.0,0.0,0.0,0.0,0.0,0.0,0.0,0.0,0.0,0.0,0.0,0.0,0.0,0.0,0.060293384,5.701768268849584E18,47515727,5.494325413706669,0.0164149210158065,129.7369863075358,-23.616439111879004,0.05673,0.05442,0.05929,13004.11,8.166229,12797.809874919716,434.1397682307325,470.3393497406214,8.080150057510945,0.038,0.0381230531839786,0.6550723321872847,0.0267394106070969,0.0242275236141333,0.3688868351113047,0.0164156492369147,0.0168685443336521,3.2982976793795538,0,0.4745208780610861,2.4621020330663006,0.3112229494405794,0.2356165794521898,0.813011182345721,0.5310463534061468,0.2361877347633011,1.1818980174570255,0.5313141982423418,0,DA,GaiaXP,H,5701768341861281664,0.6929159,9.822411,08385496-2337043,160418002101151,5701768341861281664,5701768341861281664,galah_main,4391,0,10k_57,lbol,0,6246.285,71.63137912763102,6167.0,0.0,bay,4.1938367,0.17573697834949797,0.11475611,0.04736429541241123,0,0.11416835,1.3974051,20.134295,2.110265827308147,1.9298036,0.05138062585247221,0.01506576766699097,159.0,0,0.410222,3.3321166,1.7396981239318847,0.034998292833916166,1,0,-0.004099559783934836,0.05074247746561707,1,0,0.023115139007568786,0.061502356443070665,1,0,0.15549463272094766,0.023951593191803778,1,0,-0.005553340911864879,0.032923150342215664,1,0,0.144190158843994,0.028151022125851133,1,0,0.03059509277343775,0.028008711149599293,1,0,-0.07399494171142607,0.039643943248233275,1,0,0.09902936935424833,0.033155014174870545,1,0,0.17001756668090806,0.02160139867385144,1,0,,,0,0,0.07884931812963077,0.027748499702961848,19,0,0.06929386138916005,0.03945956136839205,8,0,,,,32,0.03930389404296886,0.030461676354380855,1,0,,,0,0,0.06827919006347649,0.03092764255193743,1,0,,,,32,,,,32,0.1509398841857914,0.028149194687926142,2,0,0.015249672792539895,0.03481023576747948,3,0,,,,32,,,,32,0.07127802840623919,0.050795499464094104,3,0,,,,32,,,,32,,,,32,-0.11191408157348626,0.03824933429408507,1,0,,,,32,,,,32,,,,32,,,,32,,,,32,129.72884156948632,-23.617722063316016,5.444768386071724,0.04234122869075795,182.708713852913,181.295412492477,184.14382427855,753.433165169103,-0.9779999852180481,0.13199999928474426,,,0,0.025519387532960392,116.935456799,120.641082211,119.860065336,117.566903769,0,10.094427,8.989,0.039,8.716,0.034,8.659,0.019,AAA,8.626,0.021,AAAC,0.009179635803223164,0.03668555966598206,1.2305546,1.0390410170904685
5706021768230220032,2016.0,131.7797612665386,0.2133117765188217,-17.444038698962025,0.1647966802120208,3.138617500599445,0.3427602648735046,9.156888008117676,28.407123565673828,-12.499869533070909,0.2714051902294159,25.509172787556203,0.2412636429071426,95.0,0.9866319298744202,false,510.0,331.2081467784617,0.7595418691635132,436.0630493164063,19.387113571166992,54.0,250.33527673062693,7.846407890319824,31.904443740844727,19.34223747253418,53.0,190.3426725593313,9.826427459716797,19.370485305786133,19.049055099487305,0.0,0.0,0.0,1.0,0.0,1.3305165767669678,0.293182373046875,-0.0448760986328125,0.3380584716796875,242.6767689472937,15.896804210653205,139.99400586435158,-33.91914260774084,0.0016855211113833,1864.2199256221504,968.2986737710912,4.438397059507524E-5,0.270000010728836,0.2599999904632568,0.2800000011920929,0.0,0.0,0.0,0.0,0.0,0.0,0.0,0.0,0.0,0.0,0.0,0.0,0.0,0.0,0.0,0.0,0.0,0.0,0.0,0.0,0.0,8.706131779798744E16,19.1772003173828,19.3841991424561,0.0,0.0,0.0,0.0207679998129606,0.0072360001504421,0.0,0.0,0.0,1.6892216E7,16696.0,16416.0,16416.0,16416.0,4.44751872E8,53.0,0.16296405,5.70602176823022E18,8.706131779798744E16,0,0.0,0.0,0.0,0.0,0.0,0.0,0.0,0.0,0.0,0.0,0.0,0.0,0.0,0.0,0.0,0.0,0.0,0.0,0.0,0.0,0.0,0.0,0.0,0.0,0.0,0.0,0.0,0.0,0.0,0,3.235901076930801,0.0142294978966633,131.7797612665386,-17.444038698962025,0.12452,0.11592,0.13253,10240.05,7.689901,10894.970868714508,768.8855643616353,1026.961765865759,7.86559177990387,0.1579798963016419,0.1525135629156349,0.5269219835990707,0.0820609047464366,0.088703895164817,0.422147285464058,0.0152730248914073,0.009134372483739,4.493906183630616,0,0.7129531255120466,0.5130493796617791,0.9954336697117446,87.45796764245922,90.28757248144647,,87.45796897604434,90.70971976691054,,11,0.0,0.0,H,5706021763935109888,1.0367813,12.421093,08470757-1726404,170410002101064,5706021763935109888,5706021763935109888,galah_main,5168,0,10k_33,lbol,0,5517.3257,87.53814024921304,5597.0,0.14,bay,4.286017,0.17984779627911338,-0.08567858,0.06889912152255219,0,-0.069797315,1.1018527,5.81425,2.2539169758161273,0.8828664,0.003616709620612241,0.032170692257472815,191.0,0,0.7059401,1.6837771,,,,32,,,,32,0.1326751518249516,0.12855569422305402,1,0,-0.015414772033691015,0.05131050993622058,1,0,-0.08637294769287074,0.07073796515496361,1,0,0.1417191886901854,0.06803112257049675,1,0,0.009130268096924077,0.05655436263712837,1,0,0.1842834281921384,0.08411917315067916,1,0,0.018927402496338175,0.07337621719379683,1,0,0.0665543937683104,0.0536209042656257,1,0,,,0,0,0.07476113693364919,0.0696803005629007,22,0,0.02666256839161905,0.04837217041732843,15,0,-0.2456900978088381,0.15350973647874316,2,0,-0.0645703124999999,0.07450803406007853,1,0,,,0,0,-0.015364723205566477,0.07418694489496325,1,0,0.12416135773321577,0.0812359314263945,12,0,-0.10688759381130912,0.07476843646566303,3,0,-0.05887490701513056,0.055782053188033205,3,0,0.06805875958066206,0.09560629021679586,3,0,,,,32,,,,32,-0.20303080011166816,0.12687554233847798,3,0,,,16,32,,,,32,,,2,32,-0.16211740493774407,0.08693498362785071,1,0,,,,32,0.19409166336059558,0.1378322061837392,1,0,,,2,32,,,2,32,,,,32,131.7814736560796,-17.44446430918658,3.2308730355360082,0.03247895122935299,306.805815158693,303.755578328492,309.916815374104,602.211973290172,30.224000930786133,0.09600000083446503,31.16402,1.0604879,0,0.149813,33.8719540482,43.3441812955,62.6545046467,63.6386183235,0,12.510089,11.086,0.022,10.691,0.022,10.608,0.021,AAA,10.571,0.021,AAAU,0.03671998599243189,0.027919879851504546,1.5698259,1.084366059598239
5707071698757576576,2016.0,127.75227810681368,0.7450993657112122,-19.053113806772927,0.7648295760154724,7.79712598495967,1.0755603313446045,7.249361991882324,120.04549407958984,-99.81083888323474,0.860017716884613,-66.69870930304543,1.1852374076843262,95.0,0.9425500631332396,false,215.0,107.81406837890638,0.6953555941581726,155.048828125,20.60567855834961,19.0,53.44713025417698,9.584094047546388,5.576649188995361,21.01873207092285,23.0,85.71909197757867,11.8333158493042,7.243877410888672,19.91520118713379,0.0,0.0,0.0,0.0,0.0,1.290798306465149,1.1035308837890625,0.4130535125732422,0.6904773712158203,241.7621473042061,11.843501219064104,136.15531637475567,-36.64001944521311,0.0049508187497682,2205.61654047944,1169.1522119530632,5.920086206188408E-6,0.0099999997764825,0.0099999997764825,0.0199999995529651,0.0,0.0,0.0,0.0,0.0,0.0,0.0,0.0,0.0,0.0,0.0,0.0,0.0,0.0,0.0,0.0,0.0,0.0,0.0,0.0,0.0,8.513127752273658E16,20.7824001312256,20.0473003387451,19.6823997497559,19.5741996765137,0.0,0.025653999298811,0.0436449982225895,0.0424400009214878,0.0938720032572746,0.0,1.6892216E7,1.6793912E7,1.6892216E7,1.6892216E7,16416.0,4.44915712E8,53.0,0.103651755,5.707071698757577E18,8.513127752273658E16,0,0.0,0.0,0.0,0.0,0.0,0.0,0.0,0.0,0.0,0.0,0.0,0.0,0.0,0.0,0.0,0.0,0.0,0.0,0.0,0.0,0.0,0.0,0.0,0.0,0.0,0.0,0.0,0.0,0.0,0,8.052897698013727,0.1459213678349195,127.75227810681368,-19.053113806772927,0.03208,0.02863,0.03721,4941.722,8.100914,4855.200193593761,650.087847317157,822.1808537953966,8.090983523890268,0.5515728857631261,0.4709250982773021,0.6355911588866037,0.2995306701500275,0.3167291854749433,6.542616880887095,2.373883221082532,1.3828822513428705,0.4485329239889363,1,3.271363745534764,2.126189885730909,2.7557734578619906,1.0994028408600702,1.2212078825493276,,2.6161055318599766,7.763824763436422,,1,0.0,0.0,H,5707071630039205248,0.78324986,9.614036,08310184-1903162,170417002601038,5707071630039205248,5707071630039205248,galah_main,4517,0,10k_42,lbol,1,5822.009,71.06005568822614,5912.0,0.0,bay,4.238337,0.18037831855525768,-0.3242631,0.04465354361278324,0,-0.26662153,1.1736768,4.763461,2.0915041955950175,5.8488827,0.14914286709076094,0.015373880222131747,55.0,0,0.62380606,8.273036,,,,32,0.4574978828430183,0.04231189179041506,1,0,0.327098827362061,0.057886451470866705,1,0,0.11758083343505898,0.023428980739494242,1,0,0.16809930801391637,0.032539571334707744,1,0,0.15293058395385728,0.02599158927051009,1,0,0.1264269638061526,0.027273175687220392,1,0,0.0786477851867673,0.03830663046211508,1,0,0.11524898529052763,0.031176164517839517,1,0,0.21197446823120103,0.020460685610205927,1,0,,,0,0,0.2904384773480696,0.02359042495553391,23,0,0.1403809414181796,0.025181153694604393,10,0,0.3977320289611814,0.04581048712134361,1,0,-0.02713525772094716,0.02907352968802672,1,0,,,0,0,-0.09640605926513679,0.03025990781429284,1,0,,,,32,-0.09889322997787965,0.028722028594259902,3,0,0.2008542001330362,0.02109283286608919,3,0,0.34472951658317713,0.033125867318374955,3,0,,,,32,,,,32,1.2185555381991162,0.04823305432906813,3,0,1.3692664527893066,0.043738859683881755,1,0,,,,32,,,,32,1.1218772697448731,0.03676698505279977,1,0,1.1292875056291187,0.03654958004679311,6,0,0.5718735313415526,0.04461157885603152,1,0,1.251966658726939,0.032422598183042516,3,0,0.9798356437683104,0.05494712611650253,1,0,,,,32,127.75719868654039,-19.054838745492088,8.584057788954096,0.17160024537878182,116.187441372292,113.898000635936,118.569097303367,701.021394058056,10.387999534606934,0.09399999678134918,22.660572,1.0629348,0,0.125202,125.961724237,141.963392667,183.017425778,182.559400095,0,9.729409,8.618,0.02,8.38,0.031,8.285,0.021,AAA,8.275,0.02,AAAB,0.022950105056762368,0.03386661113810293,1.3971645,5.221323494356169
57366164481355520,2016.0,54.6944907371865,0.862115204334259,20.154799087446936,0.5734688639640808,9.084664107816517,0.9368221163749696,9.697319984436035,96.69573974609376,95.35445069549894,1.1259336471557615,16.049774721215833,0.8045910596847534,31.0,0.8992737531661987,false,184.0,113.42598168492007,0.8738882541656494,129.7946014404297,20.55058479309082,22.0,58.04801878158102,7.216123580932617,8.044210433959961,20.929073333740234,21.0,98.74290202304572,8.220257759094238,12.012142181396484,19.76163101196289,0.0,1.0,0.0,0.0,0.0,1.3823193311691284,1.1674423217773438,0.378488540649414,0.7889537811279297,167.95743411957275,-27.73510651937248,57.14047295703417,0.6523157461598352,0.0450447590142853,19291.765451092167,631.5268141886407,7.343654392736E-4,-99.0,1.0E20,1.0E20,999999.0,0.0,0.0,0.0,0.0,0.0,0.0,0.0,0.0,0.0,0.0,0.0,0.0,0.0,0.0,0.0,0.0,0.0,0.0,0.0,0.0,1.321805469449763E17,21.233699798584,20.5384006500244,20.1905002593994,20.1086006164551,19.7504005432129,0.0366589985787869,0.0251269992440939,0.016312999650836,0.0253570005297661,0.0609490014612675,115000.0,115000.0,115000.0,115000.0,115000.0,4.36527104E8,52.0,0.1963201,5.736616448135552E16,1.321805469449763E17,0,0.0,0.0,0.0,0.0,0.0,0.0,0.0,0.0,0.0,0.0,0.0,0.0,0.0,0.0,0.0,0.0,0.0,0.0,0.0,0.0,0.0,0.0,0.0,0.0,0.0,0.0,0.0,0.0,0.0,0,8.36197679586986,0.0150319921296978,54.6944907371865,20.154799087446936,0.07362,0.05739,0.10045,0.0,0.0,3000.000000000001,36.000000000000014,36.000000000000014,9.300636677485338,0.038,0.038,1.2999610264090524,0.0185032471667996,0.0,5.5148456548628175,0.3055583172920579,0.0027989172418259,9.568889144930628E33,1,0.1839288982783244,8.65309171380768,0.0,0.0,0.03435357220683,0.0015202174981152,0.3055583172920579,5.549199227069647,0.0031851214997494,11,0.0,0.0,H,57366301921437952,1.7152367,13.106472,03383522+2009449,161006005901231,57366301921437952,57366301921437952,k2_hermes,6598,0,10k_1,lbol,256,4002.7698,107.59296334398576,4096.0,0.0,bay,4.5758424,0.19669030272367702,-0.0072255135,0.12748112406949608,16,-0.1518456,0.8604432,9.167224,2.466701101002873,1.0165879,,,,32,0.64157474,0.93869454,,,,32,,,,32,,,,32,,,,32,,,,32,,,,32,,,,32,,,,32,,,,32,,,,32,,,0,0,,,,32,,,,32,,,,32,,,,32,,,0,0,,,,32,,,,32,,,,32,,,,32,,,,32,,,,32,,,,32,,,,32,,,,32,,,,32,,,,32,,,,32,,,,32,,,,32,,,,32,,,,32,,,,32,54.647213741073294,20.162577714825645,8.427906797174026,0.026037902338732228,118.248471028131,117.882770793831,118.61640672919,421.203844171949,97.4906329119873,0.6367658040903045,101.75461,1.3466538,0,0.239166,5.00973065766,19.1164806166,32.6347976791,64.2382493512,0,13.541988,11.111,0.018,10.444,0.017,10.288,0.016,AAA,10.243,0.021,AAAU,0.11107822412109346,0.02480299447650591,2.4012494,1.0818112162040625
5790024422236117504,2016.0,210.0667376388689,0.5958347320556641,-76.09090601834748,0.5428181886672974,3.71744629340314,0.7033523917198181,5.285325527191162,45.03936004638672,-41.37004421786718,1.0594924688339231,-17.806277657624516,1.0456383228302002,31.0,0.964816689491272,false,274.0,114.2462226885359,0.7635686993598938,149.62139892578125,20.542762756347656,30.0,67.66512065781473,5.784419059753418,11.697824478149414,20.762630462646484,25.0,58.94765666009047,5.566158771514893,10.590365409851074,20.32172966003418,0.0,0.0,0.0,1.0,0.0,1.108244776725769,0.4409008026123047,0.2198677062988281,0.2210330963134765,307.1309042418381,-13.783394762535911,247.27047460061007,-57.42361172666543,0.0062206618632,7976.135171711686,1536.8001304953414,0.0650702660092507,0.25,0.2000000029802322,0.2899999916553497,0.0,0.0,0.0,0.0,0.0,0.0,0.0,0.0,0.0,0.0,0.0,0.0,0.0,0.0,0.0,0.0,0.0,0.0,0.0,0.0,0.0,0.0,0.0,0.0,0.0,0.0,0.0,0.0,0.0,0.0,0.0,0.0,0.0,0.0,0.0,0.0,0.0,0.0,0.0,0.0,0.0,0.0,0,0.0,0.0,0.0,0.0,0.0,0.0,0.0,0.0,0.0,0.0,0.0,0.0,0.0,0.0,0.0,0.0,0.0,0.0,0.0,0.0,0.0,0.0,0.0,0.0,0.0,0.0,0.0,0.0,0.0,0,2.81691855372259,0.1534503978229625,210.0667376388689,-76.09090601834748,0.29697,0.25938,0.32394,8466.086,8.288933,8997.76658771253,1376.5609539114384,2399.9818009314768,8.015607143130792,0.4278969502742749,0.4650692768887765,0.6063582618569536,0.2248993514186272,0.3021794561655273,0.8283343055249246,0.0820526898938479,0.1009721072182686,0.345457934680459,0,2.024872125840006,1.2741241713510971,3.0592258767010634,4.781155415676797,4.946142830559882,,4.781859445108606,5.774477136084807,,1,0.0,0.0,H,5790024422240552448,1.1221704,13.365236,14001703-7605490,170511002101186,5790024422240552448,5790024422240552448,galah_main,3088,0,10k_24,lbol,65,4951.4575,110.11332988986918,5303.0,0.133,sfd,4.226056,0.22023273413594222,-0.38994217,0.0913478512073834,0,-0.37492853,1.0122333,6.698665,2.343663721500656,0.5718311,0.1605906622075505,0.054312560759179854,414.0,0,0.7353331,0.9709841,,,,32,,,,32,0.7529158401489262,0.17527918513231028,1,0,0.11381048202514688,0.08296707579339424,1,0,0.28943099975585973,0.12744591574113193,1,0,0.12561496734619126,0.09575676492458902,1,0,0.22501876831054712,0.08543770426851571,1,0,0.04286544799804659,0.1259671272744638,1,0,0.12709075927734403,0.10284429144864267,1,0,0.047937240600585795,0.08135462062666335,1,0,,,0,0,0.10792964801975122,0.09646616033973177,51,0,0.24717288439062615,0.11400834132220365,10,0,0.08657223599759375,0.14609954912376907,3,0,0.026836032867431747,0.11502540274312564,1,0,,,0,0,0.0011281204223632102,0.1289939429886367,1,0,0.07903427124023477,0.19762546848868828,8,0,-0.21458987941348875,0.10981933245152767,3,0,-0.05625753788887651,0.0825865843693053,3,0,0.23168830602046214,0.15627119097193837,3,0,,,,32,,,,32,0.10445610046386733,0.258358166402784,2,0,,,16,32,,,2,32,,,2,32,0.15644367218017585,0.13247060444650285,1,0,,,4,32,0.5213273620605468,0.16701052155858775,1,1,,,2,32,,,2,32,,,1,32,210.07021691245026,-76.0970683334108,2.6770044540739764,0.1711120432302787,371.998044508814,349.159861388361,397.974130679949,1021.76826072275,-6.34499979019165,0.10899999737739563,,,0,0.187065,16.2964246214,26.7741042831,49.3705181804,49.0873242146,0,13.537268,11.897,0.024,11.471,0.024,11.331,0.023,AAA,11.299,0.02,AAAU,0.08445574085998582,0.028679237109263078,1.8507963,11.0615719938054
5791133000540579712,2016.0,208.9587615420722,0.3821081221103668,-74.41662052818802,0.470011442899704,3.4548273488935486,0.5178938508033752,6.670917987823486,20.48712158203125,-13.606328550699256,0.457478255033493,-15.31632917452718,0.6451117396354675,31.0,1.0028393268585205,false,335.0,143.82970352075762,0.7707076072692871,186.62033081054688,20.29274559020996,35.0,93.4685291245219,6.536211490631104,14.300107955932615,20.41187858581543,34.0,77.02158435736641,7.2233452796936035,10.662869453430176,20.03136444091797,0.0,0.0,0.0,0.0,0.0,1.1853609085083008,0.3805141448974609,0.1191329956054687,0.2613811492919922,307.30126345727103,-12.093734865389171,244.93111609950904,-56.30649142052888,0.0066563096426592,7114.125737959525,1594.4142198946076,0.0777458195030917,0.3199999928474426,0.2800000011920929,0.3499999940395355,0.0,0.0,0.0,0.0,0.0,0.0,0.0,0.0,0.0,0.0,0.0,0.0,0.0,0.0,0.0,0.0,0.0,0.0,0.0,0.0,0.0,0.0,0.0,0.0,0.0,0.0,0.0,0.0,0.0,0.0,0.0,0.0,0.0,0.0,0.0,0.0,0.0,0.0,0.0,0.0,0.0,0.0,0,0.0,0.0,0.0,0.0,0.0,0.0,0.0,0.0,0.0,0.0,0.0,0.0,0.0,0.0,0.0,0.0,0.0,0.0,0.0,0.0,0.0,0.0,0.0,0.0,0.0,0.0,0.0,0.0,0.0,0,3.3498591803399864,0.0124781627084397,208.9587615420722,-74.41662052818802,0.32482,0.29619,0.34658,9164.312,8.161764,9525.968667306606,1294.293619914335,2065.663330049527,8.191072135002683,0.3505033202962719,0.3516739875301677,0.7168751598087919,0.2113572182605255,0.2321880242408603,0.9237092964742551,0.0872291797770461,0.0770982038757874,0.6694074290647617,0,2.7259541259906137,3.0530431055585234,1.809203771255352,0.3127112659082592,0.4357080475469119,209.5071297748463,0.3246494503776685,1.3594173440211672,209.50714396083808,1,0.0,0.0,H,5791133000539576192,0.94612503,10.96118,13554665-7425189,150703001601067,5791133000539576192,5791133000539576192,galah_main,3598,0,10k_42,lbol,0,5810.4106,82.40050353990267,5929.0,0.147,sfd,3.8598511,0.17924339456619806,-0.35743475,0.06636992827660412,0,-0.3738585,1.169583,4.7817016,2.2501420299127375,0.7108582,0.037846532422015626,0.025515425367779728,159.0,0,0.59093356,1.2643244,1.6389605522155761,0.07101760750837274,1,0,,,,32,0.07474229812622113,0.10447212722405766,1,0,0.09555286407470742,0.03854831615792276,1,0,-0.02626428604125941,0.05092514643742037,1,0,0.01173480987548814,0.05372551399943311,1,0,0.050610809326172124,0.04407572423914893,1,0,0.0950071144104001,0.06537342753666626,1,0,0.05174715042114286,0.05852423810991096,1,0,0.06577905654907212,0.04068879018389322,1,0,,,0,0,0.07884842310016035,0.05394041818531411,19,0,0.035538181931969975,0.046734048784998525,11,0,,,,32,-0.2837914276123046,0.05615610918178994,1,0,,,0,0,-0.10332687377929695,0.053140711115512905,1,0,,,,32,-0.10259197235107465,0.07876879502033984,2,0,0.053902376090482,0.044451835946291485,3,0,0.14369904183043217,0.06912374717057881,3,0,,,,32,,,,32,-0.16511868436465352,0.0939718735321332,3,0,,,,32,,,,32,,,,32,-0.14055196762084954,0.06647715145059056,1,0,,,,32,0.1915310478210448,0.11823607674884873,1,0,0.4605830955505372,0.12083326183626977,1,0,,,2,32,,,,32,208.9442331005803,-74.4220093493162,3.2903327854543183,0.025739462403264857,301.296671408148,298.960352370595,303.669132463034,1107.15645051007,-55.58000183105469,0.10000000149011612,-55.353214,0.65686,0,0.211889,42.5992819383,56.6085927411,59.5833591276,70.8706141894,0,11.089546,9.741,0.024,9.414,0.023,9.296,0.021,AAA,9.269,0.02,AAAU,0.05966959378051746,0.02798018237775127,1.3558902,1.068604489009528
597819555947490432,2016.0,133.61609765136947,0.2130181789398193,10.319082068995677,0.1067442372441291,12.89393569614058,0.2844191491603851,45.33427429199219,72.51725769042969,-45.73119029965203,0.2951903641223907,-56.27975643339632,0.1901178508996963,31.0,0.975126564502716,false,678.0,418.03367762275576,0.7521161437034607,555.8099975585938,19.13433837890625,70.0,198.84291658962795,5.644170761108398,35.22978210449219,19.592266082763672,72.0,310.221929108884,5.431390285491943,57.116485595703125,18.51871490478516,0.0,1.0,0.0,2.0,0.0,1.2177603244781494,1.0735511779785156,0.4579277038574219,0.6156234741210938,217.66443132716628,31.96842497183188,133.11936221331308,-6.832968015392541,0.0057594025807761,1552.1514127237149,579.6423027406828,1.140867238077E-4,0.0199999995529651,0.0199999995529651,0.0199999995529651,0.0,1.2376711232230523E18,21.63778,19.79684,19.05438,18.82259,18.77904,0.1168401,0.01447382,0.0112704,0.01190577,0.03165624,1.93583034535952E14,2.75146506256E11,2.68603408E8,4.661929570369552E15,2.6846824E8,2.75280592912E11,0.022889264,5.978195559474904E17,1.2376711232230523E18,1.2038133616175347E17,19.6875,19.1000995635986,18.8414001464844,18.781099319458,18.7105007171631,0.0111100003123283,0.0042530000209808,0.0081129996106028,0.0102070001885295,0.0219819992780685,115000.0,115000.0,115000.0,115000.0,115000.0,4.36527104E8,52.0,0.20387533,5.978195559474904E17,1.2038133616175347E17,0,0.0,0.0,0.0,0.0,0.0,0.0,0.0,0.0,0.0,0.0,0.0,0.0,0.0,0.0,0.0,0.0,0.0,0.0,0.0,0.0,0.0,0.0,0.0,0.0,0.0,0.0,0.0,0.0,0.0,0,13.305961531361774,0.0208509558081584,133.61609765136947,10.319082068995677,0.02052,0.02026,0.02078,5095.823,7.925705,4993.5136758185945,59.922164109823136,59.922164109823136,7.893195260943242,0.038,0.038,0.5166930776943388,0.0240372297335751,0.020148050864035,4.531234010326405,0.1247507689294362,0.133877040421849,4.270619323205235,0,0.2088377909085589,0.4241796498204941,0.1750482264468724,75.95217251236055,139.57710253695257,875.1505783552451,75.95227496330656,144.10833654727898,875.1505885952325,11,DA:,GaiaXP,H,597819560242832384,2.3731441,14.056522,08542650+1019082,160107004101053,597819560242832384,597819560242832384,k2_hermes,6605,0,10k_0,lbol,1280,,,,,,,,,,17,,,,,,,,,32,,,,,,32,,,,32,,,,32,,,,32,,,,32,,,,32,,,,32,,,,32,,,,32,,,,32,,,0,0,,,,32,,,,32,,,,32,,,,32,,,0,0,,,,32,,,,32,,,,32,,,,32,,,,32,,,,32,,,,32,,,,32,,,,32,,,,32,,,,32,,,,32,,,,32,,,,32,,,,32,,,,32,,,,32,133.61026313841762,10.3187080043825,13.299264287689432,0.04066666408777947,75.0297931253189,74.7998362321605,75.2611430114522,409.075178037966,,,,,0,0.0,3.09669226507,10.6553524205,28.1326541445,37.7890811582,0,13.914047,11.494,0.022,10.909,0.028,10.674,0.021,AAA,10.4,0.021,AAAU,0.0,0.0,2.4381418,1.01678594088819
6031896398873598208,2016.0,248.87823424010315,0.2006393820047378,-29.52945766726971,0.1203608438372612,4.127151313500675,0.2109943628311157,19.56048011779785,18.34296607971192,-2.303447398908075,0.2567752301692962,18.19776259274554,0.1818027794361114,31.0,0.9924602508544922,false,255.0,687.6260977763413,1.4648175239562988,469.4278259277344,18.59398651123047,29.0,478.2959857363541,6.961594581604004,68.70494842529297,18.639301300048828,28.0,288.12154659770795,7.528244972229004,38.272071838378906,18.59895706176757,0.0,0.0,0.0,0.0,0.0,1.1145846843719482,0.04034423828125,0.0453147888183593,-0.0049705505371093,350.4637209941914,12.00967783986317,251.566821684694,-7.431810373576089,0.0047839569752757,4119.244330619128,1566.7212597966177,0.0125894386389364,0.5199999809265137,0.5,0.550000011920929,0.0,0.0,0.0,0.0,0.0,0.0,0.0,0.0,0.0,0.0,0.0,0.0,0.0,0.0,0.0,0.0,0.0,0.0,0.0,0.0,0.0,7.25624887826149E16,18.6326007843018,19.5797996520996,18.9543991088867,19.167200088501,19.2401008605957,0.0,0.0,0.0220529995858669,0.0593160018324852,0.0469690002501011,115000.0,115000.0,115000.0,115256.0,115000.0,4.36527104E8,52.0,0.038946982,6.031896398873598E18,7.25624887826149E16,146358126,18.5195,18.5618,0.0,0.0,19.0304,19.0,0.0497,0.0327,0.0,0.0,0.0324,0.0,0.0,0.0,0.0,0.0,1.0,0.0,0.0,0.0,0.0,0.0,0.0,0.0,1.0,0.0,3.0,0.018190503,6.031896398873598E18,146358126,4.158878075282163,0.0181988183711418,248.8782342401032,-29.52945766726971,0.53895,0.52491,0.55416,18161.84,8.170738,19437.70041175781,1825.9755271904469,2119.50365814256,8.358486851362132,0.1194689938264144,0.1029101341383125,0.8188768522386528,0.0792075162728989,0.068863142096074,0.1733406458351756,0.021974685846963,0.0159782670684056,1.753823747800649,1,0.3832408916750718,3.5653293014254883,0.4294458423743514,0.0747904257875806,0.2786604319196396,0.1071272706862486,0.0779518736629231,0.4520010777548152,0.1083123129805383,0,DB,GaiaXP,He,6031896394564909568,1.1049767,12.550694,16353052-2932032,140414005101277,6031896394564909568,6031896394564909568,galah_main,4099,0,10k_29,lbol,0,5310.1226,98.90698275579126,5249.0,0.103,bay,4.4249315,0.185953218821973,0.0028972626,0.08625624899682852,0,0.027869873,1.0696197,15.379916,2.3213114669991914,3.5446012,-0.04749262031027795,0.05127868688642347,191.0,0,0.6545346,7.9302506,0.12610359191894527,0.1384548544883728,1,0,,,,32,-0.07216217041015582,0.1768592965627657,1,0,-0.06998735427856406,0.08417853061964486,1,0,-0.1810036659240719,0.12977080157308493,1,0,0.0628918075561522,0.09669391009193899,1,0,-0.03453371047973608,0.08650594925261612,1,0,,,,32,-0.004660778045654013,0.10385246592618641,1,0,-0.06073871612548842,0.08234185109491997,1,0,,,0,0,-0.02396519830692274,0.1028311747271699,23,0,0.3823231697082523,0.1657493026635058,2,0,,,,32,0.0310860824584962,0.11648896847102128,1,0,,,0,0,,,,32,0.41653560363823383,0.09663228659906217,10,0,0.3842787933349605,0.15088459546497587,2,0,0.30295062990543975,0.088672562755959,3,0,-0.13450396397203015,0.15849470615576264,3,0,0.9037803649902343,0.1338024981822512,1,0,,,,32,-0.23388465881347642,0.26235663548193877,2,0,,,16,32,,,,32,1.638345413208008,0.1807664930820465,2,0,-0.3229188156127929,0.13412216602588187,1,0,,,4,32,0.245822296142578,0.16786751371765254,1,1,,,2,32,,,2,32,,,,32,248.87716942303405,-29.534153353222262,4.171190572106196,0.06559239158555909,238.193822784615,234.50078316037,242.002899691604,2022.2737239772,-17.757999420166016,0.09000000357627869,-16.609373,1.902434,0,0.373935,30.3349222409,26.3329548716,57.0408659547,60.4828880144,0,12.586042,11.098,0.023,10.694,0.022,10.593,0.023,AAA,10.552,0.022,AAAU,0.056916224121094115,0.02856145694677443,1.6035091,1.0457756963310672
6042244551328961536,2016.0,242.80791600918388,0.0980796068906784,-27.77115743792912,0.0632542744278907,8.250222859766241,0.1119019463658332,73.72724914550781,21.38521194458008,18.86026735320688,0.144548237323761,-10.080556829134084,0.1057847812771797,31.0,1.0074856281280518,false,378.0,1441.3257326584155,1.770803451538086,813.9388427734375,17.79046058654785,40.0,1031.9243890374182,12.430405616760254,83.01615142822266,17.80442237854004,37.0,627.6707676001588,11.277146339416504,55.658653259277344,17.753564834594727,4.0,23.0,2.0,21.0,0.0,1.1514365673065186,0.0508575439453125,0.0139617919921875,0.036895751953125,348.05890842177416,17.113195380380223,245.9827234472083,-6.570874556413041,0.0041591172822242,1872.5113862260148,1276.104333710817,0.0041914989243249,0.1500000059604644,0.1400000005960464,0.1700000017881393,0.0,0.0,0.0,0.0,0.0,0.0,0.0,0.0,0.0,0.0,0.0,0.0,0.0,0.0,0.0,0.0,0.0,0.0,0.0,0.0,0.0,7.467242807895498E16,17.7602005004883,17.8465995788574,18.0706996917725,18.1713008880615,18.1916999816895,0.0050110002048313,0.0054979999549686,0.0105250002816319,0.0196150001138449,0.0211399998515844,115000.0,115000.0,1.6892216E7,1.6892216E7,1.6892216E7,4.36527104E8,52.0,0.036249116,6.042244551328962E18,7.467242807895498E16,121264538,18.0466,18.0974,17.673,17.8324,18.069,0.0,0.0146,0.037,0.0621,0.0788,0.0222,0.0,0.0,0.0,0.0,0.0,0.0,0.0,0.0,0.0,0.0,0.0,0.0,0.0,0.0,0.0,0.0,0.03600152,6.042244551328962E18,121264538,7.974383745112081,0.0239966755266469,242.8079160091839,-27.77115743792912,0.15552,0.14643,0.16535,12296.03,8.390852,11973.19676451651,348.6069045746517,374.13531088252057,8.298961658190997,0.0402568140849197,0.038,0.7917859632589739,0.0304692061781908,0.0246698230860642,0.6097350783609172,0.0157316511040447,0.0127824513083352,2.277355279114316,1,0.1579702019738378,3.451835276939303,0.1038713460536944,0.0241226284765737,0.305017789275692,0.0448352460881925,0.0287990633715438,0.9147528676366092,0.0466217798162913,0,DA,GaiaXP,H,6042244521273838208,1.1369667,10.767632,16111330-2746287,150413005101251,6042244521273838208,6042244521273838208,k2_hermes,6557,0,10k_21,lbol,96,4891.0283,86.11012674684785,4991.0,0.0,bay,4.2449193,0.18225410645152207,-0.14518976,0.06009519284085005,0,-0.22478715,1.0025645,26.766554,2.243290806131023,3.5822783,0.08259536230795124,0.023463016278593894,447.0,0,0.6227095,6.3875937,,,,32,,,,32,0.40963266372680707,0.1007688619032187,1,0,0.030820789337158594,0.0368361865648997,1,0,0.16411199569702184,0.05884804204106331,1,0,0.18002780914306626,0.05152455495784851,1,0,0.1363923835754397,0.042335619834680434,1,0,0.18694847106933565,0.06270622923713078,1,0,0.36162263870239286,0.05626855344119204,1,0,-0.04080072402954116,0.03880731201145676,1,0,,,0,0,-0.1340624365173506,0.03910470986608911,55,0,,,,32,,,,32,-0.040472393035888565,0.05352881822026162,1,0,,,0,0,0.24222175598144524,0.0503932502601267,1,0,,,,32,-0.05800531387329144,0.10946614295244217,2,0,0.21998971939086953,0.07978397607803345,2,0,-0.048849805312965816,0.06542443839272188,3,0,0.8635324478149413,0.13150779902935028,1,1,,,,32,0.4073821248621809,0.09047069063862861,3,0,,,,32,,,,32,,,,32,-0.01967184066772454,0.06356158041455964,1,0,,,,32,,,,32,,,,32,0.26987756729125967,0.11752321571111679,1,0,,,,32,242.80549403622047,-27.774722516535416,7.946830993312833,0.04082611536238983,125.385137232374,124.741720581919,126.035106441877,1883.46900694181,21.882999420166016,0.20399999618530273,11.224865,1.2054468,0,0.09187363470519949,52.2136227656,59.1964712625,62.0155286333,73.5460561068,0,10.915028,9.356,0.025,8.92,0.02,8.822,0.02,AAA,8.804,0.02,AAAC,0.03304807003784155,0.025964960841187504,1.9361831,1.1394503748112728
6044184231574743808,2016.0,246.45432116579616,0.2924195230007171,-28.86934925892533,0.2022052258253097,5.464353356780101,0.3444305658340454,15.864890098571776,79.47380828857422,-51.01871745437853,0.3773732483386993,-60.93583993791426,0.2916303277015686,31.0,0.9157221913337708,false,285.0,351.5448119475213,1.2737306356430054,275.9961853027344,19.32241439819336,25.0,198.16023267756947,8.336976051330566,23.76883888244629,19.59600067138672,25.0,183.40839177770724,5.91028356552124,31.03207969665528,19.08934783935547,0.0,0.0,0.0,0.0,0.0,1.085405349731445,0.50665283203125,0.2735862731933594,0.2330665588378906,349.52434663994785,14.0283353557344,249.35735153742203,-7.101823720647571,0.0082387159588373,5162.790148716778,1350.588847077824,1.00439104577E-4,0.5799999833106995,0.5400000214576721,0.6100000143051147,0.0,0.0,0.0,0.0,0.0,0.0,0.0,0.0,0.0,0.0,0.0,0.0,0.0,0.0,0.0,0.0,0.0,0.0,0.0,0.0,0.0,7.335246454424726E16,19.5189990997314,19.3054008483887,19.2171993255615,19.199800491333,19.0578002929688,0.0115510001778603,0.0161409992724657,0.0142559995874763,0.0125160003080964,0.0540569983422756,115000.0,115000.0,115000.0,115000.0,1.6892216E7,4.36527104E8,52.0,0.17645885,6.044184231574744E18,7.335246454424726E16,146215599,0.0,0.0,19.5023,19.3119,19.3459,0.0,0.0,0.0,0.0127,0.0553,0.0382,0.0,0.0,0.0,0.0,1.0,0.0,0.0,0.0,0.0,0.0,0.0,0.0,0.0,1.0,0.0,2.0,0.025695186,6.044184231574744E18,146215599,5.709514834241655,0.0190514356104767,246.45432116579613,-28.86934925892533,0.44441,0.40795,0.47987,9481.507,8.1133,7567.748376355925,211.90053243961847,222.68542744896783,7.690780808521401,0.0749354951674634,0.0739093934830545,0.4274476216504952,0.0348049261991429,0.0368062285687338,0.8827647890567798,0.0143561005566984,0.0149120062422878,4.852788116446914,0,0.3023885855703125,-0.3511935564683288,0.3197760952974271,,,,,,,11,DA,GaiaXP,H,6044184197222989568,1.2507696,10.119507,16254714-2852232,150607003602110,6044184197222989568,6044184197222989568,k2_hermes,6552,0,10k_50,lbol,0,6032.161,69.47452570633183,4721.0,0.0,bay,3.8701787,0.18018798823748203,0.1515212,0.04140796348130277,0,0.1492401,1.2664943,7.339204,2.058936158730253,22.401062,-0.016175903590040685,0.013950862148953786,63.0,0,0.610623,53.846745,,,,32,-0.08888883590698171,0.023080619714479916,1,0,-0.12670614242553668,0.053720022943204625,1,0,0.11444944381713906,0.02310912560498048,1,0,-0.024351692199706676,0.03236634996837906,1,0,-0.00830904006958022,0.023495788526644256,1,0,-0.025438995361327876,0.026744508111008106,1,0,0.023196392059325888,0.03725641788206719,1,0,-0.025010280609130575,0.029042624085635255,1,0,0.083246555328369,0.019468068289583456,1,0,,,0,0,0.00334431675595605,0.025001440804985214,7,0,0.05232608795166005,0.029517227910405598,8,0,-0.07471821578612979,0.025799826799241216,3,0,0.05097877502441417,0.027952617324320937,1,0,,,0,0,0.031707687377929616,0.029892744461487732,1,0,,,,32,-0.05680060819167172,0.016380004871249507,3,0,0.1951802140912991,0.014550737251468607,3,0,0.09847785408631413,0.0317596148612172,3,0,,,,32,,,,32,0.029905005446746475,0.04552405664203836,3,0,,,,32,,,,32,,,,32,-0.004535121917724538,0.03559426005784562,1,0,,,,32,,,,32,,,,32,,,,32,,,,32,246.44616970085613,-28.873441985911544,5.773452238010524,0.047080024320753484,172.362594324156,170.964553191529,173.783274337686,1898.04961489621,-73.73489143933105,0.25615304388036375,-73.90798,0.54610246,0,0.666606,258.832401821,369.23086742,456.148045861,467.544622657,0,10.036537,8.48,0.023,8.137,0.051,7.947,0.018,AAA,7.879,0.019,AAAB,0.16340407704162638,0.04996147015833061,1.1653354,0.950559931312045
6088117623852023040,2016.0,198.31698389081416,0.7733162641525269,-44.88063400200657,0.4889515042304992,8.881303145978665,0.7088418006896973,12.529316902160645,81.6627426147461,-80.97252296271974,0.8771902918815613,-10.595019811223391,0.6102657318115234,95.0,0.9903430938720704,false,236.0,125.58224572017367,0.8660135269165039,145.01187133789062,20.440046310424805,25.0,65.22655391218922,5.458280563354492,11.950018882751465,20.80248069763184,26.0,112.16198571182328,7.773322582244873,14.429091453552246,19.62328147888184,0.0,0.0,0.0,0.0,0.0,1.4125287532806396,1.17919921875,0.3624343872070312,0.8167648315429688,306.99110341939814,17.818992624104663,215.7914194975985,-33.97456027010823,0.0018393519785474,893.9606114638026,1248.729683499011,1.207716296569E-4,0.0199999995529651,0.0199999995529651,0.0199999995529651,0.0,0.0,0.0,0.0,0.0,0.0,0.0,0.0,0.0,0.0,0.0,0.0,0.0,0.0,0.0,0.0,0.0,0.0,0.0,0.0,0.0,0.0,0.0,0.0,0.0,0.0,0.0,0.0,0.0,0.0,0.0,0.0,0.0,0.0,0.0,0.0,0.0,0.0,0.0,0.0,0.0,0.0,0,0.0,0.0,0.0,0.0,0.0,0.0,0.0,0.0,0.0,0.0,0.0,0.0,0.0,0.0,0.0,0.0,0.0,0.0,0.0,0.0,0.0,0.0,0.0,0.0,0.0,0.0,0.0,0.0,0.0,0,7.394597018453775,0.0127114305433953,198.31698389081416,-44.88063400200657,0.05584,0.05044,0.06228,4750.782,8.04039,4721.256094139952,292.9164164674785,340.7933604026839,7.646219406337765,0.2856722951491344,0.2864716558165652,0.3861750129646376,0.118147050772401,0.1540586265823037,3.5115636590106813,0.6302783040030198,1.0749964897505109,2.1006545179782723,0,1.026473073609044,-0.7097739968319914,1.338476338682047,,,,,,,11,0.0,0.0,H,6088117623851491328,1.5619287,12.8431,13131596-4452562,160518000901280,6088117623851491328,6088117623851491328,galah_main,5158,0,10k_5,lbol,0,4399.009,114.70052254877316,4423.0,0.052,sfd,4.63557,0.19369093209264085,-0.033703327,0.11473865758256895,0,-0.047238253,0.9238414,6.485456,2.499417135723584,0.58631533,0.07693783978035375,0.061922566499458195,414.0,0,0.7550827,0.6520317,-0.6826309144496918,0.12274098637066932,1,1,,,,32,,,,32,-0.007356224060058203,0.10372848614330536,1,0,,,,32,0.14752801895141587,0.11100764362510182,1,0,-0.08088132858276342,0.1034802791090942,1,0,0.15061491012573214,0.151446554963301,1,0,0.14363033294677763,0.11933163630202424,1,0,0.08503087997436509,0.09776411886033945,1,0,,,0,0,0.18039723043898914,0.10143765500102497,51,0,,,,32,0.10518051147460916,0.2833260410616853,2,0,-0.005163555145263565,0.13950101752759353,1,0,,,0,0,-0.005018787384033274,0.1661780579359175,1,0,0.26214562748509407,0.1192808161644506,12,0,-0.03218130906218007,0.11724110540986335,3,0,0.029360237121582422,0.12438459492335528,2,0,0.1288447761535645,0.2453000290865248,2,0,0.2147101402282714,0.14854781521372837,1,0,0.16635508537292498,0.14838135319356285,1,1,0.38502374649047866,0.32689977438617884,2,0,0.5684439659118654,0.14690519682678,16,0,,,2,32,,,2,32,-0.06724016189575188,0.16013726807250128,1,0,,,4,32,,,,32,,,2,32,,,2,32,,,1,32,198.3160529629325,-44.882345166625335,7.442420778102967,0.037100685632367195,133.849514032265,133.183103495545,134.522507306982,1006.26263236731,39.78200149536133,0.0949999988079071,39.59598,2.7431874,0,0.0945001,11.4655739077,20.2182161197,26.2073107177,38.0895067479,0,13.220434,11.013,0.022,10.343,0.022,10.254,0.019,AAA,10.236,0.02,AAAU,0.0247863782043451,0.027294102053785345,2.2511024,0.957066521146495
6092646580962403840,2016.0,213.1569124484328,0.4586943387985229,-47.69836803584601,0.6027547121047974,5.543107286990044,0.7515750527381897,7.375320911407471,60.2113151550293,-53.66962703355992,1.121927261352539,-27.29420232711629,0.9155675768852234,95.0,1.0355751514434814,false,262.0,190.45598158262763,1.0268630981445312,185.4735870361328,19.98788070678711,19.0,139.11406766085287,20.12920188903809,6.911057472229004,19.980113983154297,17.0,106.10960909149534,13.82728385925293,7.673930168151855,19.683507919311523,0.0,0.0,0.0,0.0,0.0,1.2875609397888184,0.2966060638427734,-0.0077667236328125,0.3043727874755859,316.7942240739686,12.976189781385749,228.278880835814,-32.15131351591781,0.0023992508869136,1927.187797374003,1617.0142218136566,6.32508865242E-4,-99.0,1.0E20,1.0E20,999999.0,0.0,0.0,0.0,0.0,0.0,0.0,0.0,0.0,0.0,0.0,0.0,0.0,0.0,0.0,0.0,0.0,0.0,0.0,0.0,0.0,0.0,0.0,0.0,0.0,0.0,0.0,0.0,0.0,0.0,0.0,0.0,0.0,0.0,0.0,0.0,0.0,0.0,0.0,0.0,0.0,0.0,0,0.0,0.0,0.0,0.0,0.0,0.0,0.0,0.0,0.0,0.0,0.0,0.0,0.0,0.0,0.0,0.0,0.0,0.0,0.0,0.0,0.0,0.0,0.0,0.0,0.0,0.0,0.0,0.0,0.0,0,4.4578617721846445,0.0138898906479358,213.1569124484328,-47.69836803584601,0.11633,0.09994,0.14107,0.0,0.0,9187.89559135665,1799.6792418635523,3735.9275063838495,8.419213190524143,0.5011777699045359,0.5002238373494841,0.8652043969651151,0.3201614543438537,0.2960800731619404,1.419212065766963,0.2526963734275638,0.3635804263959448,1.0126297629652157,0,3.1131432474002843,3.783629282337394,3.490967836221807,0.1874728711514452,0.236049574863757,44.48456821154407,0.3146450930194354,1.65526164063072,44.48605399104281,1,0.0,0.0,H,6092646580968229248,0.75904083,10.777279,14123858-4741521,170517002801025,6092646580968229248,6092646580968229248,galah_main,4599,0,10k_52,lbol,0,6057.261,73.98803807159,6284.0,0.072,sfd,4.314366,0.17516838576317145,0.061139107,0.04980971180569629,0,0.07616796,1.2799423,6.0706434,2.125156194661153,2.1447744,-0.02264390542680432,0.021150634153970876,147.0,0,0.6457846,4.4335494,1.3853103637695312,0.0502224432517196,1,0,0.002020645141602273,0.07459344744680742,1,0,0.001555900573730895,0.0765414112467563,1,0,0.0380844497680668,0.02757765513197661,1,0,-0.01720342636108363,0.03652873218371308,1,0,-0.0275780296325685,0.03711375470461412,1,0,-0.021094532012939204,0.03242142055588708,1,0,-0.13348991394042997,0.04708267026346995,1,0,0.07827121734619169,0.04177467948524062,1,0,0.05616744995117173,0.027437755216525292,1,0,,,0,0,-0.03302743162413714,0.04324914657379086,18,0,-0.013797397613525497,0.056702191024219806,8,0,0.11416746139526346,0.08917859941720963,1,0,-0.09326065063476552,0.03800680078464553,1,0,,,0,0,-0.003751354217529368,0.03606198306942733,1,0,,,,32,-0.05176041583412937,0.04012254794788899,3,0,-0.005602012446472395,0.032410075919747997,3,0,0.10639605787310838,0.04433923926830275,3,0,,,,32,,,,32,0.1258685031778409,0.06323322449721583,3,0,,,,32,,,,32,,,,32,0.06984432220458991,0.046444280043810654,1,0,,,,32,-0.06788124084472669,0.08634365719231488,1,0,,,,32,,,,32,,,,32,213.1604337267112,-47.69794715030874,4.573665239698835,0.039793809879668234,217.295136467357,215.418039368623,219.204640557609,1272.31274809186,-5.2179999351501465,0.10199999809265137,-4.5792284,0.44969493,0,0.012760375234679338,81.6673441463,83.9063551841,106.965467349,93.2685621705,0,10.8847475,9.807,0.023,9.578,0.023,9.491,0.019,AAA,9.493,0.02,AAAU,0.004590063034057316,0.02798018237775127,1.3275768,0.9159551176123887
6095047433319186560,2016.0,207.4142167709872,0.2783350944519043,-46.9565919848276,0.2512915134429931,5.794280459933892,0.3331805467605591,17.390811920166016,38.554298400878906,38.42892200453353,0.3197781443595886,-3.1067524333125247,0.2841230034828186,31.0,1.0182026624679563,false,262.0,335.53328405830865,1.058371901512146,317.0277709960937,19.373027801513672,30.0,207.61630660610663,7.876336097717285,26.3595027923584,19.54538917541504,28.0,191.13596855695607,7.054134368896484,27.09559440612793,19.044538497924805,0.0,1.0,0.0,1.0,0.0,1.1884135007858276,0.5008506774902344,0.1723613739013672,0.3284893035888672,313.14907973278434,14.756931145027067,223.70128407811885,-33.06047563661641,0.0066610070334559,3933.317013670912,1454.039560087556,0.0012336875418579,0.050000000745058,0.0399999991059303,0.0599999986588954,0.0,0.0,0.0,0.0,0.0,0.0,0.0,0.0,0.0,0.0,0.0,0.0,0.0,0.0,0.0,0.0,0.0,0.0,0.0,0.0,0.0,0.0,0.0,0.0,0.0,0.0,0.0,0.0,0.0,0.0,0.0,0.0,0.0,0.0,0.0,0.0,0.0,0.0,0.0,0.0,0.0,0.0,0,0.0,0.0,0.0,0.0,0.0,0.0,0.0,0.0,0.0,0.0,0.0,0.0,0.0,0.0,0.0,0.0,0.0,0.0,0.0,0.0,0.0,0.0,0.0,0.0,0.0,0.0,0.0,0.0,0.0,0,6.071516806768327,0.0174874522632689,207.4142167709872,-46.9565919848276,0.09825,0.09249,0.10497,7224.572,7.877644,7410.265683167978,379.6425549625901,414.114678869536,7.979158104483675,0.1361791543743926,0.132571298133552,0.5804412841360691,0.0777359999343924,0.0819263826005129,1.316812649971371,0.0685004411650707,0.0844401866895656,0.3370697064256066,0,0.6753779316628352,0.9780302705131982,1.5934464636261476,11.642878504009785,12.358573170227457,329.0682249683028,11.643080012160569,13.675385820198828,329.06823580214274,11,DA,GaiaXP,H,6095047429021772672,0.7347517,9.276868,13493937-4656598,170205005901202,6095047429021772672,6095047429021772672,galah_main,4815,0,10k_50,lbol,0,6091.6245,70.18756283232604,6384.0,0.087,sfd,3.9603732,0.1912134329248366,-0.076818466,0.04342071732096318,0,-0.095928736,1.2991704,6.2682414,2.073527393716321,5.0524335,0.006208995297147301,0.014195920115042504,159.0,0,0.5841458,11.26141,,,,32,-0.09603996276855398,0.033292338750515016,1,0,-0.029726524353026917,0.055140519019990994,1,0,0.024044456481933985,0.02316959199558796,1,0,-0.026208496093749645,0.032389600359160366,1,0,-0.07979646682739272,0.02434876337301505,1,0,-0.021856994628906,0.026862504141865917,1,0,0.02100723266601534,0.03751209333552509,1,0,0.0695899200439456,0.02973196181109045,1,0,-0.005995903015136861,0.01973418428052072,1,0,,,0,0,0.021669542032592526,0.03057868929656969,3,0,-0.08750075007390078,0.02377110455750563,9,0,,,,32,-0.13006484985351552,0.028232865292768427,1,0,,,0,0,-0.054506378173828196,0.029954518808931994,1,0,,,,32,-0.07944939737601732,0.025880808112804105,3,0,-0.040464935302733984,0.025712742776966672,2,0,-0.004062627822023539,0.032109409531028255,3,0,,,,32,,,,32,-0.06723623496774511,0.046399890989860866,3,0,,,,32,,,,32,,,,32,0.15404708862304695,0.03588178953762633,1,0,,,4,32,,,,32,,,,32,,,,32,,,,32,207.4143132855824,-46.94993090813214,5.885559913080427,0.25254760876324295,169.649561654235,162.614566993843,177.309162945016,1158.45987763614,25.820999145507812,0.08299999684095383,,,0,0.0,180.673154852,178.635813247,196.48780952,240.63495931,0,9.502829,8.347,0.029,8.077,0.038,7.992,0.031,AAA,8.007,0.02,AAAB,0.0,0.03942059109093259,1.3025706,0.8236606148572617
6100579832238874496,2016.0,222.00714137068616,0.0630879253149032,-42.83337616355986,0.0573940873146057,19.04203531665092,0.0692686736583709,274.901123046875,96.7773208618164,-95.371371278284,0.0744001567363739,-16.436302379409618,0.0888023674488067,95.0,1.1133922338485718,false,178.0,6174.853535304417,6.8868088722229,896.6204223632812,16.210800170898438,9.0,4160.168017644707,36.42123794555664,114.22368621826172,16.2907657623291,9.0,3179.544862481518,17.976333618164062,176.87393188476562,15.991983413696287,0.0,1.0,0.0,0.0,0.0,1.1886457204818726,0.2987823486328125,0.079965591430664,0.2188167572021484,324.64141298520246,15.070154812774373,232.9076759018723,-25.3757374429686,0.071007206551954,13314.166048121007,1515.7916780072112,0.0238169006722541,0.0099999997764825,0.0099999997764825,0.0099999997764825,0.0,0.0,0.0,0.0,0.0,0.0,0.0,0.0,0.0,0.0,0.0,0.0,0.0,0.0,0.0,0.0,0.0,0.0,0.0,0.0,0.0,0.0,0.0,0.0,0.0,0.0,0.0,0.0,0.0,0.0,0.0,0.0,0.0,0.0,0.0,0.0,0.0,0.0,0.0,0.0,0.0,0.0,0,0.0,0.0,0.0,0.0,0.0,0.0,0.0,0.0,0.0,0.0,0.0,0.0,0.0,0.0,0.0,0.0,0.0,0.0,0.0,0.0,0.0,0.0,0.0,0.0,0.0,0.0,0.0,0.0,0.0,0,19.167301665496726,0.0195282269151626,222.00714137068616,-42.83337616355986,0.02947,0.02939,0.02955,8460.701,7.892965,8628.773758020168,103.54528509624204,103.54528509624204,7.921501370415315,0.038,0.038,0.5509272319401455,0.0238184535354979,0.0194296866771528,0.8317147410883139,0.012938230402034,0.015570426569417,0.697028898991845,0,0.2069370420112765,0.7216093131202912,0.1688070084895987,17.9343738237734,35.12569693051727,54.49624701503748,17.934378490727088,35.957411671605584,54.496249239394125,11,DA,GaiaXP,H,6100578698367473024,1.7659883,11.58218,14480881-4254038,170219004701031,6100578698367473024,6100578698367473024,galah_main,4873,0,10k_1,lbol,256,3801.1824,88.09945187151503,4387.0,0.14,sfd,4.6283717,0.18729632398989327,-0.17200851,0.09878777309050354,16,-0.3338398,0.82818925,6.710454,2.2790946778930574,2.5109823,,,,32,0.55189025,3.5385602,,,,32,,,,32,,,,32,,,,32,,,,32,,,,32,,,,32,,,,32,,,,32,,,,32,,,0,0,,,,32,,,,32,,,,32,,,,32,,,0,0,,,,32,,,,32,,,,32,,,,32,,,,32,,,,32,,,,32,,,,32,,,,32,,,,32,,,,32,,,,32,,,,32,,,,32,,,,32,,,,32,,,,32,222.03617967152883,-42.901120722143595,19.144103451255795,0.06162591265616942,52.1574546973773,51.9890835637232,52.3269004382185,1388.28209969398,30.31381962890625,0.462350324460127,,,0,0.0,19.5821039417,36.53632349,58.152845961,59.7983244869,0,11.95032,9.57,0.026,8.9,0.022,8.761,0.021,AAA,8.628,0.02,AAAB,0.0,0.0,2.522513,0.9954122738479245
6112283308883211264,2016.0,206.1065233165152,0.0670811757445335,-41.90593801942014,0.0499378144741058,6.002968498213018,0.0751187950372695,79.91300201416016,47.13864135742188,-46.9268096380324,0.0812298208475112,4.463845041622682,0.0580859258770942,31.0,1.009527325630188,false,348.0,3342.0447888623585,2.7753727436065674,1204.1787109375,16.877336502075195,43.0,2604.705664383533,16.191295623779297,160.87074279785156,16.799144744873047,42.0,1220.7406870146128,9.72741413116455,125.49488067626952,17.03133773803711,0.0,0.0,0.0,0.0,0.0,1.1446424722671509,-0.2321929931640625,-0.0781917572021484,-0.154001235961914,313.3808991217681,19.88820429275256,220.26916231478413,-28.850390929066936,0.0026623272108034,1576.713221683693,1197.4817918234205,3.526679751450355E-5,0.0399999991059303,0.0399999991059303,0.0399999991059303,0.0,0.0,0.0,0.0,0.0,0.0,0.0,0.0,0.0,0.0,0.0,0.0,0.0,0.0,0.0,0.0,0.0,0.0,0.0,0.0,0.0,0.0,0.0,0.0,0.0,0.0,0.0,0.0,0.0,0.0,0.0,0.0,0.0,0.0,0.0,0.0,0.0,0.0,0.0,0.0,0.0,0.0,95863683,16.601,16.7214,16.8195,17.0212,17.4119,0.0,0.0127,0.0145,0.0106,0.0144,0.0207,0.0,0.0,0.0,0.0,0.0,0.0,0.0,0.0,0.0,0.0,0.0,0.0,0.0,0.0,0.0,14.0,0.046561994,6.112283308883211E18,95863683,6.041691054855831,0.014019801561597,206.1065233165152,-41.90593801942014,0.08255,0.08161,0.08351,18705.8,7.876786,17801.412011213382,709.01768326214,771.3672578180958,7.929153598554407,0.0589843327166601,0.0576533075208569,0.5544357404894745,0.0323987151745481,0.033729684789872,0.0947040391498566,0.0053652365907651,0.0044127399808554,2.912379942578962,0,0.2814831900482029,0.7520915767982151,0.2930467835783842,20.618821504480604,30.398865917721903,80.16147486474132,20.618822202526395,30.493569956871763,80.16147498619789,11,DB,GaiaXP,He,6112283308883213696,1.777338,13.0582,13442571-4154119,160524003601393,6112283308883213696,6112283308883213696,galah_main,5459,0,10k_2,lbol,0,4662.2705,136.40151557181173,4214.0,0.05,sfd,4.492662,0.20018218315166345,0.4043584,0.11088372928675179,0,0.4646891,0.9659633,22.787926,2.7560758628568798,1.2847166,0.34330869177267237,0.10949312960183698,133.0,0,0.6742176,2.657628,-0.4252548694610596,0.13519285876882878,1,1,,,,32,0.37328145980835004,0.2289687437501122,1,1,0.06327289581298867,0.12869266176709054,1,0,-0.17963275909423793,0.22084215355786804,1,0,-0.045757923126220845,0.12758579092023803,1,0,,,1,32,,,,32,0.4829652976989749,0.13742747405744646,1,0,-0.0171715354919435,0.11635786751572175,1,0,,,0,0,0.6774427413940431,0.31687358445645153,16,0,,,,32,,,,32,-1.3521522331237792,0.16756617976987248,1,1,,,0,0,0.16200963973999016,0.21178209473435694,1,0,0.08500427246093789,0.2447378346824905,8,0,,,,32,-0.0075831985473628905,0.19823583960533142,2,0,,,,32,,,,32,,,1,32,1.3804241752624513,0.40935703967558373,2,0,,,16,32,,,2,32,,,2,32,-0.16449682235717766,0.19196709777570553,1,0,,,4,32,,,,32,,,,32,,,,32,,,1,32,206.1068456404741,-41.903286677049486,6.125977915259561,0.03566335022438863,162.48024565765,161.537057572401,163.434314273767,1129.33275773949,2.1570000648498535,0.23000000417232513,1.6894398,3.0288892,0,0.0893272,8.04965513403,14.2788250015,23.8149887213,39.8913351385,0,13.325368,10.97,0.022,10.367,0.022,10.168,0.019,AAA,10.118,0.019,AAAU,0.1551416568145749,0.02668523507339685,2.0959883,1.2712547935646137
6115328505111718400,2016.0,208.2515294395345,0.1672403812408447,-38.480618341851546,0.1388206779956817,4.321618795733731,0.1803544908761978,23.961803436279297,13.286606788635254,-7.10493050085678,0.2006195485591888,-11.22737195504071,0.1721384227275848,31.0,0.9053799510002136,false,205.0,775.166232887312,1.5690926313400269,494.02197265625,18.46388053894043,22.0,528.6786424163931,12.674139022827148,41.71318054199219,18.530563354492188,22.0,359.91398556057453,7.335447311401367,49.06503677368164,18.357398986816406,0.0,1.0,0.0,1.0,0.0,1.1463252305984497,0.1731643676757812,0.0666828155517578,0.1064815521240234,315.96043369457726,22.82852091723792,220.42958636807447,-25.05638904282962,0.0045362389856214,3958.8045356643856,1051.6958639512443,5.506054910328E-4,0.0700000002980232,0.0700000002980232,0.0799999982118606,0.0,0.0,0.0,0.0,0.0,0.0,0.0,0.0,0.0,0.0,0.0,0.0,0.0,0.0,0.0,0.0,0.0,0.0,0.0,0.0,0.0,0.0,0.0,0.0,0.0,0.0,0.0,0.0,0.0,0.0,0.0,0.0,0.0,0.0,0.0,0.0,0.0,0.0,0.0,0.0,0.0,0.0,99684122,0.0,0.0,18.4763,18.5393,18.7295,18.8051,0.0,0.0,0.0105,0.0131,0.007,0.0182,0.0,0.0,0.0,0.0,0.0,0.0,0.0,0.0,0.0,0.0,0.0,0.0,0.0,0.0,0.0,0.0999216,6.115328505111718E18,99684122,4.085146224307143,0.0148008944358745,208.2515294395345,-38.480618341851546,0.09704,0.09486,0.09923,9939.678,7.597428,9710.393103441662,224.7797106360213,225.38861725075367,7.400258068935569,0.0559934948470592,0.0527709089796539,0.3193946544725432,0.0193861146112536,0.019455065445825,0.3308200236298477,0.0039769240335847,0.0038534438554469,2.018246836162393,0,0.1684284501412136,-1.2899682495869378,0.1690275017013465,,,,,,,11,DA,GaiaXP,H,6115328406329723392,1.2735739,13.193128,13525924-3828593,170216003801216,6115328406329723392,6115328406329723392,galah_main,5690,0,10k_9,lbol,0,4778.2095,96.67106278426269,4863.0,0.049,sfd,4.566423,0.1863064546838488,0.2695222,0.08608352277298188,0,0.2240206,0.9845135,4.6834955,2.341407418651458,0.6269628,0.0032463921049832316,0.041671343864710754,479.0,0,0.7696164,1.0062091,,,,32,,,,32,2.460289001469107E-4,0.1669874372642704,1,0,0.07319396972656289,0.07675293134955817,1,0,0.09723367691040075,0.1156757974244162,1,0,0.1774528884887694,0.0908385647248307,1,0,-0.053493709564208736,0.07992309108743417,1,0,-0.03578121185302763,0.11809385378551046,1,0,0.06106407165527372,0.09756488499503131,1,0,0.021542873382568217,0.07622211511107442,1,0,,,0,0,-0.014351504152073404,0.06461270705159491,59,0,-0.126300449371338,0.15105597650609856,8,0,0.037248857385459244,0.13442500695537388,3,0,-0.10798871994018544,0.10743694189513094,1,0,,,0,0,-0.07595785140991218,0.11802691816661656,1,0,0.016193595118816212,0.08954416372621372,6,0,-0.0675777619453398,0.098003228274604,3,0,0.15156762293089934,0.07322113849531539,3,0,-0.08695864044367137,0.14476934312119702,3,0,,,,32,2.0117759704607607E-4,0.24239054322242737,1,1,0.11956563949584975,0.23785034996851456,2,0,-0.22184663772583013,0.1668166396797438,1,0,,,2,32,,,2,32,-0.16614381790161126,0.1239138450973161,1,0,,,,32,,,,32,,,,32,,,2,32,,,1,32,208.24680717065604,-38.483244491407206,4.177756699566034,0.036552001956954974,237.744826178176,235.680943560282,239.844519243099,1095.168993664,-34.57899856567383,0.06400000303983688,-33.090687,0.626475,0,0.0814542,19.2317029573,29.1873511943,38.0946635205,51.4087923278,0,13.429319,11.65,0.026,11.145,0.022,11.032,0.021,AAA,11.044,0.021,AABU,0.019278420227050338,0.027919879851504546,2.017902,0.9937287867931667
6125444188196994432,2016.0,182.89560898704812,0.0632375106215477,-51.664670215503406,0.0754216685891151,5.955980464146963,0.1231793090701103,48.35211944580078,5.8712334632873535,2.5621099779342167,0.0857425779104232,5.28270531642562,0.0995434001088142,31.0,0.9435138702392578,false,963.0,1064.8819439352976,0.9699836373329164,1097.8349609375,18.11911392211914,98.0,729.946204743524,4.264751434326172,171.15797424316406,18.180315017700195,100.0,459.49685843463885,3.661208391189575,125.504150390625,18.09218978881836,0.0,4.0,0.0,3.0,0.0,1.116971731185913,0.0881252288818359,0.0612010955810546,0.0269241333007812,296.6610477497728,10.721153173759063,208.8145535795224,-45.00785688409108,0.0194888393219619,11740.93807258218,1580.4085849025207,0.0061746216772304,0.0599999986588954,0.0599999986588954,0.0700000002980232,0.0,0.0,0.0,0.0,0.0,0.0,0.0,0.0,0.0,0.0,0.0,0.0,0.0,0.0,0.0,0.0,0.0,0.0,0.0,0.0,0.0,0.0,0.0,0.0,0.0,0.0,0.0,0.0,0.0,0.0,0.0,0.0,0.0,0.0,0.0,0.0,0.0,0.0,0.0,0.0,0.0,0.0,322607038,0.0,0.0,18.105,0.0,0.0,18.0,0.0,0.0,0.056,0.0,0.0,0.0,0.0,0.0,0.0,0.0,0.0,0.0,0.0,0.0,0.0,0.0,0.0,0.0,0.0,0.0,0.0,0.37699276,6.125444188196994E18,322607038,5.94763111770264,0.0270004866381288,182.8956089870481,-51.664670215503406,0.08789,0.08577,0.09016,10957.47,8.025242,10951.51729627551,400.86170595322073,470.657667716654,8.03199527996711,0.0677914406148145,0.0686084083506237,0.6214644664204172,0.0408417265161749,0.0428460179145047,0.5213928070716365,0.0109197890273005,0.0093156718109048,0.5581179580272378,1,0.7305211363085686,1.7101279121925157,0.889024286310645,1.2209713401745357,1.9190337642711024,10.36723183559576,1.2210201699071157,2.440426571342739,10.367236020981268,1,DA,GaiaXP,H,6125444359995708288,0.93722343,11.314135,12113640-5138441,160513001101038,6125444359995708288,6125444359995708288,galah_main,4079,0,10k_31,lbol,0,5426.353,86.80422796424372,5725.0,0.089,sfd,4.4855776,0.18043784378829286,0.06580305,0.06403287742559995,0,0.05515403,1.0882165,4.8319235,2.2345171962974533,1.0475978,0.01659608618348915,0.03701724419370228,46.0,0,0.74716336,1.7176877,,,,32,0.1999457359313972,0.1205081952592304,1,0,-0.01579858779907184,0.12285738652095912,1,0,-0.07127290725707969,0.048049847239141574,1,0,0.11005630493164098,0.06545457581837888,1,0,0.11657747268676744,0.064647434600016,1,0,0.02673032760620142,0.053433028948914565,1,0,-0.05102188110351591,0.07948250610739095,1,0,0.016600437164306925,0.06983677438972577,1,0,-0.050269756317138814,0.050462108668599494,1,0,,,0,0,-0.056145696050538124,0.051932079547921055,55,0,0.04426728733761493,0.045068234538081585,15,0,-0.04449485778808615,0.1440037793054512,2,0,-0.005024795532226456,0.06998442467109534,1,0,,,0,0,-0.03043802261352546,0.06873013056475513,1,0,-0.11763673782348594,0.14367580757773804,8,0,-0.02427281018252082,0.07116518116460302,3,0,0.03071513752036054,0.052662648509539944,3,0,-0.1497206308924003,0.08899302473472513,3,0,,,,32,,,,32,-0.0658277258636903,0.11865349337916402,3,0,-0.08204648971557615,0.1509130597114563,2,0,,,,32,,,2,32,-0.3055824470520019,0.0818794817328761,1,0,,,,32,0.27093301773071277,0.13358439753907836,1,0,,,2,32,,,2,32,,,,32,182.9017257169052,-51.64555529700828,6.045809561508196,0.04217440991225085,164.628980530087,163.485177490468,165.78861212296,1182.9150161866,24.610000610351562,0.08900000154972076,26.130373,0.35969856,0,0.0,39.5203091953,46.0493939746,63.0601056799,75.1291127861,0,11.572142,10.162,0.024,9.766,0.023,9.69,0.023,AAA,9.702,0.02,AAAB,0.0,0.02798018237775127,1.6698058,1.2599729222337268
6153188955358804608,2016.0,190.4845287800188,0.3947554528713226,-39.26346716838002,0.2617278099060058,3.621118311557423,0.3859789669513702,9.381646156311035,10.177674293518066,-7.062905973224618,0.4479812681674957,-7.328056202443173,0.2708209455013275,31.0,0.9707826375961304,false,340.0,201.08330633245347,0.7131689786911011,281.9574584960937,19.928926467895508,34.0,143.9877725114414,12.412080764770508,11.600615501403809,19.94272804260254,32.0,97.66881750155176,7.451403617858887,13.107439041137695,19.77350616455078,0.0,0.0,0.0,0.0,0.0,1.2017735242843628,0.1692218780517578,0.0138015747070312,0.1554203033447265,300.9259040425166,23.57127826494215,206.5862961146188,-31.64268305560554,0.0024251972849301,3065.473710430196,984.5324779664646,0.0247251832558389,0.1199999973177909,0.1000000014901161,0.1400000005960464,0.0,0.0,0.0,0.0,0.0,0.0,0.0,0.0,0.0,0.0,0.0,0.0,0.0,0.0,0.0,0.0,0.0,0.0,0.0,0.0,0.0,0.0,0.0,0.0,0.0,0.0,0.0,0.0,0.0,0.0,0.0,0.0,0.0,0.0,0.0,0.0,0.0,0.0,0.0,0.0,0.0,0.0,0,0.0,0.0,0.0,0.0,0.0,0.0,0.0,0.0,0.0,0.0,0.0,0.0,0.0,0.0,0.0,0.0,0.0,0.0,0.0,0.0,0.0,0.0,0.0,0.0,0.0,0.0,0.0,0.0,0.0,0,2.808133572284284,0.0134521892959532,190.4845287800188,-39.26346716838002,0.12929,0.12231,0.13594,9946.862,8.27685,10335.784945701553,1261.0455849561097,2162.0475411160714,7.979499282515722,0.3066403166264253,0.3001385218958061,0.588690470481697,0.1639776025210246,0.1912421341130871,0.551351980171603,0.0369340135242681,0.0218547039003561,0.8016011631084424,0,1.4246533668203696,1.0497000041850304,2.348124839132118,9.313831342241627,9.63155928550114,,9.31390457289946,10.182911265672743,,1,0.0,0.0,H,6153188955360324864,0.998003,13.335946,12415671-3915557,160513001601099,6153188955360324864,6153188955360324864,galah_main,5837,0,10k_29,lbol,0,5300.0425,91.37136975533237,5390.0,0.051,sfd,4.5532136,0.18150131069445175,-0.05284977,0.0680621521541686,0,-0.07967166,1.0680069,6.108164,2.2412178383634824,0.6743001,-0.06299436533503833,0.031450074179886274,447.0,0,0.7435491,1.3407127,,,,32,,,,32,0.1512751388549809,0.12930803224269924,1,0,-0.14724260330200156,0.05175157004657287,1,0,-0.04027328491210902,0.07146267356831831,1,0,-0.05661693572998061,0.06847782033795,1,0,-0.05175516128540014,0.05697371941859622,1,0,-0.08305198669433622,0.08473990439288195,1,0,-0.010996513366698935,0.07384456702020795,1,0,-0.11061302185058608,0.05404211536326929,1,0,,,0,0,-0.11688618309759871,0.05557750186369553,55,0,0.012898274001801248,0.049351795399051594,15,0,-0.3084471130371096,0.1762254238128662,1,0,-0.06061065673828114,0.07511296891911995,1,0,,,0,0,-0.041519241333007884,0.07492858938710795,1,0,,,,32,-0.15879708772703918,0.07524084462637419,3,0,-0.12049970941538586,0.05574246622498574,3,0,-0.11826185785342169,0.09649408658529077,3,0,,,,32,,,,32,0.04497416830222161,0.1279792229625487,3,0,0.17933513641357424,0.13953106650408856,2,0,,,,32,,,2,32,0.051510887145996165,0.08761158968451656,1,0,,,,32,0.34481655120849597,0.13837836580519286,1,0,,,2,32,,,2,32,,,,32,190.486233255778,-39.26550162290225,2.8577336087432945,0.02387218517243843,346.449752403099,343.586265209609,349.360503828833,826.890079158848,-12.333000183105469,0.08799999952316284,,,0,0.0,35.8150631147,43.0025075609,52.1328240373,57.3544371493,0,13.500439,12.067,0.024,11.678,0.023,11.585,0.022,AAA,11.629,0.021,AABU,0.0,0.02859094769139741,1.7386642,0.9921025643250603
6153596152618032896,2016.0,189.628888556,0.1345627158880233,-37.45684386582289,0.1054596900939941,10.226676553656526,0.1766344755887985,57.89739608764648,108.76496124267578,-108.1383870773692,0.1453274041414261,11.657876306457617,0.1301989406347274,31.0,1.012187957763672,false,300.0,801.8601597022878,1.3519952297210691,593.0939331054688,18.427120208740234,31.0,534.192245119,19.063167572021484,28.02221870422364,18.5192985534668,32.0,505.829905667885,13.769973754882812,36.73426818847656,17.987884521484375,0.0,1.0,0.0,1.0,0.0,1.2970118522644043,0.5314140319824219,0.0921783447265625,0.4392356872558594,300.0946835087738,25.343707010153523,204.92714902768884,-30.34219748069446,0.0013865220238504,489.34841349125605,875.6704968916082,6.84629630586849E-7,0.0199999995529651,0.0199999995529651,0.0199999995529651,0.0,0.0,0.0,0.0,0.0,0.0,0.0,0.0,0.0,0.0,0.0,0.0,0.0,0.0,0.0,0.0,0.0,0.0,0.0,0.0,0.0,0.0,0.0,0.0,0.0,0.0,0.0,0.0,0.0,0.0,0.0,0.0,0.0,0.0,0.0,0.0,0.0,0.0,0.0,0.0,0.0,0.0,0,0.0,0.0,0.0,0.0,0.0,0.0,0.0,0.0,0.0,0.0,0.0,0.0,0.0,0.0,0.0,0.0,0.0,0.0,0.0,0.0,0.0,0.0,0.0,0.0,0.0,0.0,0.0,0.0,0.0,0,10.189844064011533,0.0153868832166661,189.628888556,-37.45684386582289,0.04254,0.0417,0.0434,6621.055,7.868234,6880.784487950443,251.46280200339515,285.29592762684933,7.911814844593916,0.1006831957662948,0.1044345744905008,0.5400095307764061,0.0558128873534066,0.0619610625038362,1.4448693655156966,0.0591585990912606,0.071429398635805,2.466362696180969,0,0.4849077962937153,0.6267552630443629,0.589787955856456,49.942979458760725,55.72321292249524,1982.653805581161,49.94301449610388,57.168082288010936,1982.6538068678608,11,DA:,GaiaXP,H,6153596255698917504,1.6900959,12.687469,12383124-3727201,140314004401089,6153596255698917504,6153596255698917504,galah_main,5941,0,10k_1,lbol,2,4107.743,78.45734144997475,4139.0,0.05,sfd,4.622221,0.183307626820477,-0.7565918,0.0581667694239326,0,-0.8622931,0.8772389,0.1,16.075269263917153,10.7301,0.41641131440817525,0.035085741715860756,409.0,0,0.71650356,11.71261,-0.20964126586914067,0.07435009461534485,1,0,,,,32,,,,32,0.18069070816040078,0.04103938832961665,1,0,0.591964149475098,0.05731743946671486,1,0,0.6638868713378905,0.05677809394025482,1,0,,,1,32,0.3322192955017087,0.06917567885326822,1,0,,,,32,0.2288006210327147,0.04335013878968357,1,0,,,0,0,0.311212797055668,0.044369819989578736,51,0,,,,32,,,,32,0.20360815048217784,0.05989342913999455,1,0,,,0,0,0.0916113090515136,0.05717590239654419,1,0,0.2833833122253422,0.12793835005984366,8,1,0.2096705763390104,0.06260627324358994,3,0,0.16508144378662148,0.05590380328434583,2,0,0.4004516983032227,0.11595948785543442,2,0,0.6252502441406249,0.08838614668493947,1,0,,,,32,0.883893165588379,0.12009313723335971,2,0,0.500331820830012,0.08079201307783658,20,0,1.1058274754861188,0.0574952896453284,3,0,,,,32,0.11547668457031257,0.07063109798049859,1,0,0.9429026794433595,0.10885786133197847,4,0,,,,32,,,,32,1.2090526962280272,0.11960580462585847,1,0,,,,32,189.62957721840706,-37.45556495117113,10.14224645018159,0.042717306139621054,98.3196136445191,97.9052937508025,98.737392222829,768.117368856335,14.817999839782715,0.10700000077486038,15.662818,0.834076,0,0.0,24.4527378439,53.3152705035,83.3197659657,81.1822665581,0,13.033171,10.72,0.024,10.077,0.022,9.93,0.024,AAA,9.847,0.019,AAAU,0.0,0.0,2.380652,1.0916956612568158
6216266734853792000,2016.0,218.61802111857128,0.0623815506696701,-32.93970006535594,0.0609584003686904,8.70584848171854,0.0768264383077621,113.31838989257812,86.4443588256836,-83.17539701537595,0.086989127099514,-23.54739916158988,0.0974467620253562,31.0,0.9885923862457277,false,200.0,3535.332697258741,3.594197988510132,983.6221313476562,16.81629180908203,19.0,2570.053924336144,19.66774559020996,130.6735382080078,16.81368637084961,16.0,1435.1095420866225,17.18145751953125,83.52664947509766,16.855682373046875,0.0,1.0,0.0,2.0,0.0,1.132895827293396,-0.0419960021972656,-0.0026054382324218,-0.0393905639648437,326.6893766512563,25.13509823955521,226.74231404717656,-16.88990502787332,0.0015839222346822,668.5676317646046,991.535295462508,1.427853739664478E-6,0.0399999991059303,0.0399999991059303,0.0399999991059303,0.0,0.0,0.0,0.0,0.0,0.0,0.0,0.0,0.0,0.0,0.0,0.0,0.0,0.0,0.0,0.0,0.0,0.0,0.0,0.0,0.0,6.847218618090267E16,0.0,0.0,17.2838001251221,0.0,0.0,0.0,0.0,0.0190859995782375,0.0,0.0,0.0,0.0,272.0,0.0,0.0,3.02063616E8,36.0,0.04597365,6.216266734853792E18,6.847218618090267E16,101197848,17.043,16.9933,16.7509,0.0,0.0,0.0,0.045,0.0258,0.0146,0.0,0.0,0.0,2.0,0.0,3.0,0.0,0.0,0.0,0.0,0.0,0.0,0.0,0.0,0.0,3.0,0.0,32.0,0.10413911,6.216266734853792E18,101197848,8.493866790365,0.0157204229762845,218.61802111857128,-32.93970006535594,0.06471,0.06395,0.06552,12769.38,7.914112,13827.333872685964,351.30524257453,378.8262338378081,7.968247439503959,0.038,0.038,0.5915860193086825,0.0246511440844768,0.0215053242317233,0.2491036431006076,0.0068967443052355,0.0068528402497914,3.975704006344962,0,0.2141715385271665,1.074856814150152,0.3406072287222479,5.363733474930733,8.85327876924768,10.466972345616853,5.36373790888169,9.102382412348287,10.466974588931008,1,DA,GaiaXP,H,6216266734857178624,1.7913265,13.116937,14342819-3256274,170512001801301,6216266734857178624,6216266734857178624,galah_main,5863,0,10k_8,lbol,0,4312.483,105.24461021207115,3963.0,0.066,sfd,4.6178613,0.19277181914976393,-0.4802847,0.10303800554012991,0,-0.41106465,0.9099973,9.959589,2.3985815700554203,1.6586657,0.2468916987958859,0.04988149278699945,415.0,0,0.7072593,1.7214772,-0.4238680183887482,0.11285618367619377,1,1,,,,32,,,,32,0.09272188186645547,0.08661473327254854,1,0,0.08000555038452184,0.13447471182835966,1,0,0.43213209152221665,0.09855864120310354,1,0,0.3066079902648928,0.08864780923071608,1,0,0.4199907112121579,0.1305302126112431,1,0,0.4067905616760257,0.10586055840628127,1,0,0.3488748931884764,0.084314809032911,1,0,,,0,0,0.14975807592742257,0.08766615471985156,51,0,,,,32,,,,32,0.14867841720581065,0.11941752094882192,1,0,,,0,0,-0.5243325996398926,0.13546931272001228,1,0,,,,32,0.3962798221598804,0.10549847617741485,3,0,0.15431636810302773,0.10752038661760967,2,0,-0.14034315109252926,0.2032802667035026,2,1,0.8818086624145507,0.1357580434647338,1,0,0.5139941692352297,0.13960575888883905,1,1,0.8314744567871095,0.27039786462301807,2,0,0.731559064079224,0.11161858988544944,20,0,,,2,32,,,2,32,0.15968235015869148,0.13742804543948706,1,0,,,4,32,,,,32,,,2,32,,,2,32,,,1,32,218.6170597804589,-32.94105293916265,8.490947001267664,0.0396656909540389,117.376465542493,116.828396436046,117.929608787745,1218.73730470534,-22.395999908447266,0.1120000034570694,-23.406311,1.5398583,0,0.0900528,16.4267924762,25.4717105885,33.0856762073,54.9217542032,0,13.486112,11.022,0.022,10.38,0.022,10.19,0.023,AAA,10.144,0.021,AAAU,0.14320810505676257,0.027919879851504546,2.284398,1.321081822560985
6218444760015469440,2016.0,220.55015092000195,0.2233875840902328,-30.530458173915594,0.1783119291067123,6.125529100020688,0.2597402036190033,23.58329200744629,73.11001586914062,23.34853218478333,0.2704587876796722,-69.28145807802025,0.2233286052942276,31.0,1.0032440423965454,false,212.0,511.26879986074624,1.3553720712661743,377.216552734375,18.915742874145508,22.0,334.0514800457175,9.840350151062012,33.947113037109375,19.029008865356445,21.0,244.9856442437324,11.74820327758789,20.853031158447266,18.775043487548828,0.0,0.0,0.0,0.0,0.0,1.132549285888672,0.2539653778076172,0.1132659912109375,0.1406993865966797,329.5156159055028,26.56175895297809,227.563403143742,-14.083155301742336,0.0145347594003554,8678.276836174058,910.6845843718252,5.753779307515E-4,0.1199999973177909,0.1099999994039535,0.1299999952316284,0.0,0.0,0.0,0.0,0.0,0.0,0.0,0.0,0.0,0.0,0.0,0.0,0.0,0.0,0.0,0.0,0.0,0.0,0.0,0.0,0.0,7.136220550153391E16,19.0361995697021,18.971700668335,18.9720001220703,19.0872001647949,19.1732006072998,1.900000061141E-4,0.0121889999136329,0.0313020013272762,0.0260930005460978,0.0582070015370846,115000.0,115000.0,115000.0,115000.0,115000.0,4.36527104E8,52.0,0.1465767,6.218444760015469E18,7.136220550153391E16,101341799,0.0,0.0,0.0,0.0,0.0,19.0674,0.0,0.0,0.0,0.0,0.0,0.033,0.0,0.0,0.0,0.0,0.0,0.0,0.0,0.0,0.0,0.0,0.0,0.0,0.0,12.0,0.0,0.15331656,6.21844476001547E18,101341799,6.009513825940077,0.0187264665608919,220.55015092000195,-30.530458173915594,0.12775,0.1192,0.13622,9421.249,8.2446,8450.98447511222,197.9458336968292,208.33375555081875,7.956933035580413,0.0550729384209214,0.0569855523344084,0.5705087063941634,0.0318456997199233,0.0341685564516855,0.9177648050515838,0.0137557098972609,0.015663875178281,2.3149489795388827,0,0.2766785379663191,0.89173506858526,0.3603287482893987,11.851493402803776,17.09689261234666,42.00242536759508,11.851501385742491,18.014657417398244,42.00242828834281,11,DA,GaiaXP,H,6218444764311222784,1.4055939,12.892494,14421272-3032400,170712002101352,6218444764311222784,6218444764311222784,galah_main,5971,0,10k_1,lbol,0,4762.2188,96.98304212703655,4462.0,0.0,bay,4.5481052,0.18558099906880474,-0.19303226,0.08034690551259295,0,-0.128055,0.98195505,9.269265,2.2908953822125517,1.4538467,0.0804352833305733,0.040161422515490194,415.0,0,0.7401253,2.3661282,-0.2733936786651612,0.09986594511301172,1,1,,,,32,0.6806845474243168,0.15413643494229987,1,0,0.03228086471557656,0.06761111360909894,1,0,0.01718845367431676,0.09887305696093535,1,0,,,,32,-0.18546649932861303,0.07169095022447858,1,0,0.43186824798583956,0.1062503812076391,1,0,0.3924048614501956,0.0894216918089024,1,0,0.047047462463378764,0.06843544671418718,1,0,,,0,0,0.17732748606193885,0.07105495671640964,51,0,0.3635181236267089,0.13766390832365344,1,0,0.20276728737749916,0.12421717622608802,3,0,0.012223358154296982,0.09599505866509604,1,0,,,0,0,-0.039995269775390696,0.10205732618788542,1,0,0.16927361362109622,0.09583974838560791,12,0,-0.06695784945721674,0.0904269060631708,3,0,-0.10890141163163808,0.06948249180593158,3,0,-0.16451578846107578,0.1275268926184652,3,0,0.18986549377441397,0.11930669957670853,1,0,0.4410471439361574,0.1275163123858734,1,1,0.1220904922485353,0.20768838418245067,2,0,-0.12485843658447271,0.15886708553105974,1,0,,,2,32,,,2,32,0.2793274688720704,0.11103418792656986,1,0,,,4,32,0.3180552577972411,0.1548363081565287,1,1,,,2,32,,,2,32,,,1,32,220.5531605158169,-30.544749763796933,5.964924872964734,0.03710269260625581,166.847517055426,165.813202597139,167.894583596405,1238.68038880162,10.04699993133545,0.10400000214576721,-6.824342,13.111563,0,0.0894034,26.1464320435,33.300837795,42.0813198746,56.2622952194,0,13.262808,11.163,0.021,10.559,0.023,10.437,0.022,AAA,10.325,0.02,AAAU,0.141372014007569,0.02798018237775127,2.0201075,0.9879090658063222
6251221515175765888,2016.0,231.08671618454667,0.0680501610040664,-23.309307118390333,0.0700899884104728,6.40337426089884,0.0806640684604644,79.38322448730469,54.37384796142578,-36.65052470284932,0.0890185311436653,-40.16533788500078,0.0831110030412674,31.0,0.976036012172699,false,192.0,4954.539776733755,4.531772613525391,1093.28955078125,16.449857711791992,22.0,3918.792584684356,26.73090553283692,146.6015625,16.355661392211914,21.0,1871.5913886825444,19.770776748657227,94.66453552246094,16.567367553710938,0.0,0.0,0.0,1.0,0.0,1.1687027215957642,-0.2117061614990234,-0.0941963195800781,-0.1175098419189453,342.7706637031802,27.4935498259616,234.64261588042987,-4.519302383935952,0.0018061622069619,1025.4646676533443,915.1409227783982,6.944314315491832E-6,0.209999993443489,0.2000000029802322,0.209999993443489,0.0,0.0,0.0,0.0,0.0,0.0,0.0,0.0,0.0,0.0,0.0,0.0,0.0,0.0,0.0,0.0,0.0,0.0,0.0,0.0,0.0,8.002231086838926E16,16.3665008544922,16.6063995361328,16.7591991424561,17.0237998962402,17.0781993865967,1.659999979892E-4,0.0459650009870529,0.0829669982194901,0.0229919999837875,0.0129720000550151,115000.0,115000.0,115000.0,115000.0,1.6892216E7,4.36527104E8,52.0,0.039854754,6.251221515175766E18,8.002231086838926E16,118774714,0.0,16.331,0.0,0.0,0.0,0.0,0.0,0.0117,0.0,0.0,0.0,0.0,0.0,3.0,0.0,0.0,0.0,0.0,0.0,0.0,0.0,0.0,0.0,0.0,3.0,0.0,16.0,0.29793894,6.251221515175766E18,118774714,6.310026448534221,0.0239849142898854,231.08671618454665,-23.309307118390333,0.21569,0.21111,0.22015,22329.39,7.805665,18323.59702886697,1371.9447502032708,1484.923649847089,7.528713066805562,0.0955610762376579,0.0962426717894198,0.3984913765105531,0.0381629752967143,0.0422707922466035,0.0399430421859727,0.0069320513340184,0.0065822063512609,3.1532976682670304,1,0.3315636428906539,-0.6027682318805099,0.3672527562693612,,,,,,,11,DA,GaiaXP,H,6251221515175765632,0.9898462,11.467975,15242131-2318341,170220004601048,6251221515175765632,6251221515175765632,k2_hermes,6824,0,10k_32,lbol,0,5407.556,75.47015122017085,5302.0,0.0,bay,4.496241,0.17841834169257725,-0.109805584,0.04820913793729744,0,-0.12460589,1.085209,5.583261,2.1252897418201333,2.103768,-0.0065056407757512575,0.01620209551358049,447.0,0,0.7318399,4.012447,,,,32,,,,32,0.1789569664001469,0.07437405801369729,1,0,-0.06821733474731406,0.0269368728204578,1,0,-0.02151403427123988,0.03582013162656714,1,0,0.05380996704101548,0.03582325056234008,1,0,0.05494239807128931,0.03168306350168241,1,0,-0.03331214904785185,0.045874049174773945,1,0,0.002837486267090128,0.04050758653556008,1,0,-0.054134998321533345,0.026520577535084446,1,0,,,0,0,-0.0452666527917329,0.026496199431576644,55,0,0.0013832928887446223,0.023781254543104993,15,0,-0.17126058578491232,0.06995052303787189,2,0,-0.10019529342651357,0.036792031417406744,1,0,,,0,0,-0.04437358856201179,0.035120371231793776,1,0,,,,32,-0.03520023318785969,0.03822991878942878,3,0,-0.05108712405673502,0.02942535684560221,3,0,-0.02399399413051637,0.04276430837540903,3,0,,,,32,,,,32,0.034191733792008426,0.06125508390482456,3,0,,,,32,,,,32,,,,32,-0.029634876251220632,0.0451160121417183,1,0,0.21242048263549806,0.1423446536064148,2,0,0.24283586502075183,0.08303243530841806,1,0,,,,32,,,,32,,,,32,231.08863621693357,-23.309714535132333,6.2473612862694,0.052988650353928156,159.349448614131,158.005005491375,160.71655257321,1441.33671225389,-16.281999588012695,0.0689999982714653,-17.154139,0.5608246,0,0.133627,75.0753747819,87.3142062739,106.998084134,106.163472922,0,11.556576,10.217,0.022,9.827,0.025,9.776,0.021,AAA,9.725,0.02,AAAU,0.02019569183349642,0.029390340884043426,1.6315738,1.049820620090966
6266044886123081600,2016.0,231.21446936724632,0.279045045375824,-14.103127241918653,0.2133655846118927,7.282871915576782,0.2883536517620086,25.256736755371094,94.87043762207033,-24.4845818366548,0.3466885983943939,-91.65644941730493,0.2819277644157409,31.0,1.0912829637527466,false,201.0,438.4635860597851,1.2176339626312256,360.0947265625,19.08253288269043,18.0,245.63437809837868,10.8002347946167,22.74342918395996,19.36281967163086,20.0,251.1173136963341,6.967435359954834,36.04156875610352,18.74820327758789,0.0,0.0,0.0,0.0,0.0,1.13293719291687,0.6146163940429688,0.2802867889404297,0.334329605102539,349.8077308229859,34.45559212748794,232.45801362817883,4.425280369568981,0.0241877847556505,11836.283377854026,734.6592173121888,1.0942702617E-4,0.1500000059604644,0.1400000005960464,0.1500000059604644,0.0,1.2376746531506752E18,19.89133,19.30341,19.09681,19.04009,19.0436,0.04478163,0.01255775,0.01296568,0.01642214,0.05466332,3.525336000104E13,2.75146375184E11,2.6846824E8,4.503599895838736E15,2.6846824E8,2.75146375184E11,0.07271793,6.266044886123082E18,1.2376746531506752E18,9.107231214478682E16,19.2796001434326,19.128999710083,19.0729007720947,19.1093006134033,18.994499206543,0.0043020001612603,0.0106189996004105,0.0103909997269511,0.0194400008767843,0.023547999560833,1.6892216E7,115000.0,115000.0,115000.0,115000.0,4.36527104E8,52.0,0.21191998,6.266044886123082E18,9.107231214478682E16,166828058,0.0,0.0,19.2133,19.0458,18.995,0.0,0.0,0.0,0.0324,0.0399,0.0393,0.0,0.0,0.0,0.0,0.0,0.0,0.0,0.0,0.0,0.0,0.0,0.0,0.0,0.0,0.0,0.0,0.09966839,6.266044886123082E18,166828058,7.306823651116304,0.0293235378695753,231.21446936724635,-14.103127241918653,0.14074,0.13104,0.15089,7117.387,7.929209,7090.709506377167,91.3454617066127,99.48060889248065,7.917320563206656,0.038,0.038,0.5438291808070557,0.0237386937318149,0.0203954185182478,1.3489930428821597,0.0222466070813645,0.0244122524892098,4.101052186860387,0,0.2062440810757159,0.6599407541881469,0.1771973806972013,25.66237646061626,46.93121100964648,72.21431281726541,25.66238610335988,48.28020405252863,72.21431694358076,11,DA,GaiaXP,H,6266041866762624512,2.3319712,14.787477,15245570-1407116,170725002101365,6266041866762624512,6266041866762624512,k2_hermes,6827,0,10k_0,lbol,256,3475.672,144.74771177255317,,,,4.5045943,0.22575448706545373,,,17,-0.49314865,0.77610755,7.4929857,2.689133430523752,0.7797378,,,,32,0.4338291,0.18878777,,,,32,,,,32,,,,32,,,,32,,,,32,,,,32,,,,32,,,,32,,,,32,,,,32,,,0,0,,,,32,,,,32,,,,32,,,,32,,,0,0,,,,32,,,,32,,,,32,,,,32,,,,32,,,,32,,,,32,,,,32,,,,32,,,,32,,,,32,,,,32,,,,32,,,,32,,,,32,,,,32,,,,32,231.232001608447,-14.120320726486046,7.232530511209416,0.05817126758040079,137.728766527132,136.625709422523,138.849457192712,1311.82699666587,-8.730958953552246,0.7686023765760804,,,0,0.122625,5.89152492734,11.9885339727,25.0814625009,40.2411324734,0,14.947409,12.206,0.024,11.554,0.023,11.303,0.021,AAA,11.101,0.021,AABU,0.34241390895080487,0.02859094769139741,2.5668879,1.0694300409781847
6353670534020463232,2016.0,344.573778272296,0.306670993566513,-78.41536917866163,0.2874829471111297,7.451947702505529,0.3546737730503082,21.01070976257324,146.25584411621094,136.71241041077263,0.4291063845157623,51.96621614536452,0.4877511262893677,31.0,0.9917308688163756,false,397.0,210.3173430460508,0.7298313975334167,288.1725158691406,19.88017845153809,42.0,111.01407411578325,7.347072124481201,15.10997486114502,20.22509765625,42.0,138.53842229767014,8.078989028930664,17.14798927307129,19.39397048950196,0.0,0.0,0.0,0.0,0.0,1.1865521669387815,0.8311271667480469,0.344919204711914,0.4862079620361328,309.7899087529006,-37.16250836525055,293.8107764530855,-61.347561088216594,0.0024675778595342,1076.3783223605074,717.4704834582642,9.56807489123151E-8,0.0099999997764825,0.0099999997764825,0.0199999995529651,0.0,0.0,0.0,0.0,0.0,0.0,0.0,0.0,0.0,0.0,0.0,0.0,0.0,0.0,0.0,0.0,0.0,0.0,0.0,0.0,0.0,0.0,0.0,0.0,0.0,0.0,0.0,0.0,0.0,0.0,0.0,0.0,0.0,0.0,0.0,0.0,0.0,0.0,0.0,0.0,0.0,0.0,0,0.0,0.0,0.0,0.0,0.0,0.0,0.0,0.0,0.0,0.0,0.0,0.0,0.0,0.0,0.0,0.0,0.0,0.0,0.0,0.0,0.0,0.0,0.0,0.0,0.0,0.0,0.0,0.0,0.0,0,8.246799441640114,0.0155597407702196,344.573778272296,-78.41536917866163,0.05811,0.05507,0.0615,5761.075,8.029557,5821.851732561205,308.8457368725285,359.1338635729644,8.189456048452374,0.1677178356946775,0.1642836308568824,0.7059429725195445,0.1080628943528035,0.1099205550686192,4.103252106749894,0.8191295262086777,0.4746871473260432,0.2084353301747789,0,1.821990652016904,2.976566545544046,0.5767861078270338,0.1867216702163872,0.4681635066560166,6.431266970314276,0.8401417516319791,4.57141561340591,6.448761333100482,0,0.0,0.0,H,6353670572674134400,1.6431894,12.887726,22581682-7824472,160724003501229,6353670572674134400,6353670572674134400,galah_main,339,0,10k_1,lbol,256,4010.077,90.82632897552662,4496.0,0.148,sfd,4.5707464,0.18785053439239668,0.23927927,0.09258009294759587,16,0.07898988,0.8616123,6.787878,2.2625123025301224,2.4892247,,,,32,0.6321244,2.7414339,,,,32,,,,32,,,,32,,,,32,,,,32,,,,32,,,,32,,,,32,,,,32,,,,32,,,0,0,,,,32,,,,32,,,,32,,,,32,,,0,0,,,,32,,,,32,,,,32,,,,32,,,,32,,,,32,,,,32,,,,32,,,,32,,,,32,,,,32,,,,32,,,,32,,,,32,,,,32,,,,32,,,,32,344.57295958970246,-78.41291301433277,8.18147110965967,0.027948989291892892,121.79825969192,121.381929188938,122.217404875289,677.293783004819,48.152105156951905,0.4510161142068004,49.48176,1.0505598,0,0.153353,19.10705642,38.6356252287,42.2250439144,76.6438690791,0,13.357088,10.966,0.026,10.292,0.022,10.154,0.021,AAA,10.142,0.02,AAAU,0.06425983190918018,0.027294102053785345,2.4746833,1.1186613600435318
6355895812409249408,2016.0,325.1039954097633,0.4564204216003418,-78.25971959834737,0.5547667741775513,5.533531402106291,0.559023916721344,9.8985595703125,15.792231559753418,-14.370654206601907,0.6233731508255005,6.548195662604122,0.699995219707489,31.0,0.98377788066864,false,301.0,125.1343659201497,0.7254953384399414,172.4812774658203,20.443925857543945,29.0,72.83440109057562,6.08295202255249,11.973528861999512,20.682701110839844,30.0,82.81736427203,7.586618900299072,10.916241645812988,19.952592849731445,0.0,0.0,0.0,0.0,0.0,1.2438770532608032,0.7301082611083984,0.2387752532958984,0.4913330078125,313.47926143280165,-34.62419476343082,288.5876059722686,-58.42820252022558,0.0026870067835889,1693.4601254856852,767.7634454753031,6.501019567243175E-5,0.0299999993294477,0.0199999995529651,0.0700000002980232,0.0,0.0,0.0,0.0,0.0,0.0,0.0,0.0,0.0,0.0,0.0,0.0,0.0,0.0,0.0,0.0,0.0,0.0,0.0,0.0,0.0,0.0,0.0,0.0,0.0,0.0,0.0,0.0,0.0,0.0,0.0,0.0,0.0,0.0,0.0,0.0,0.0,0.0,0.0,0.0,0.0,0.0,0,0.0,0.0,0.0,0.0,0.0,0.0,0.0,0.0,0.0,0.0,0.0,0.0,0.0,0.0,0.0,0.0,0.0,0.0,0.0,0.0,0.0,0.0,0.0,0.0,0.0,0.0,0.0,0.0,0.0,0,5.686051025261173,0.0108003170332836,325.1039954097633,-78.25971959834737,0.09234,0.07946,0.11682,6131.565,8.14334,6315.209656760195,571.2889912544424,718.6359900590487,8.221112653841761,0.2762276737377975,0.252348271766861,0.7285637669938385,0.174937445855717,0.169029775216843,3.364492376002552,0.9618114625428152,0.5092018458307552,0.5948714848687496,0,2.378362644281594,3.123421906993336,1.016767931998137,0.2226082941894539,0.4084824614152597,31.0189850834243,0.9872364165288312,3.772974837417812,31.02316428292731,1,0.0,0.0,H,6355895812409995648,1.4349232,13.0436535,21402704-7815275,161006003901220,6355895812409995648,6355895812409995648,galah_main,459,0,10k_4,lbol,0,4556.15,88.1013176910212,4863.0,0.172,sfd,4.6353855,0.18290980804466006,0.17714071,0.07347594958317735,0,0.17175764,0.948984,7.075331,2.241696192510842,1.3379345,0.07077387121942344,0.042010281771629895,390.0,0,0.7598412,1.8684317,-1.1055577278137207,0.18336865305900574,1,0,,,,32,,,,32,0.15646738052368203,0.0582536720006932,1,0,,,,32,0.2653735542297362,0.07480294603156865,1,0,0.06515911102294947,0.0630863273104299,1,0,0.09446876525878878,0.0937344700764722,1,0,0.10005456924438505,0.08050171728931048,1,0,0.0926612281799315,0.06010570120171395,1,0,,,0,0,0.05147805584942863,0.0788002836578307,48,0,,,,32,0.17193437576293924,0.17290613384775408,2,0,-0.027172451019287003,0.08386279234757676,1,0,,,0,0,-0.07407005310058601,0.0859492219347083,1,0,0.14061020481251624,0.08795363896708103,12,0,0.01565806283733367,0.08185131115885971,3,0,0.09322065353393594,0.07707453546386425,2,0,-0.22214817047119162,0.19419771223872997,1,0,,,,32,,,,32,0.3646637535095216,0.17682630934040755,2,0,0.1338203620910643,0.14177173857561354,4,0,0.5647416877746583,0.12996644354885048,2,0,,,2,32,-0.23749105453491204,0.09741107867288937,1,0,,,,32,,,,32,,,,32,0.40292943954467764,0.1417103409767151,1,0,,,1,32,325.1123290778478,-78.25763470922985,5.674916797879734,0.018745212413600196,175.321465831693,174.7428365386,175.903871349461,743.352631505878,3.558000087738037,0.09700000286102295,,,0,0.0,22.6843420039,38.4982717864,49.5615574232,72.6720748413,0,13.33831,11.323,0.023,10.728,0.021,10.624,0.019,AAA,10.66,0.02,AAAU,0.0,0.026621999714268433,2.203817,0.9764923414271102
6362268130833039232,2016.0,304.3053719427275,0.1660736799240112,-78.38212202636944,0.2027584314346313,2.740573310436644,0.2222236096858978,12.33250331878662,5.766119003295898,2.4489075211156583,0.2160856872797012,-5.220246970091322,0.2693764567375183,31.0,1.0387284755706787,false,483.0,340.55446573067974,0.8339715003967285,408.3526306152344,19.35690116882324,50.0,228.3266099142236,5.957489490509033,38.32597732543945,19.4421501159668,52.0,150.0727634526546,6.206290721893311,24.18074989318848,19.3071403503418,0.0,0.0,0.0,1.0,0.0,1.1111273765563965,0.135009765625,0.0852489471435546,0.0497608184814453,315.53745112869063,-30.808608874643653,281.8220781960402,-56.357880348606486,0.0025703917956013,2984.376234698901,889.676131883695,8.600131627473E-4,0.3899999856948852,0.3799999952316284,0.4000000059604645,0.0,0.0,0.0,0.0,0.0,0.0,0.0,0.0,0.0,0.0,0.0,0.0,0.0,0.0,0.0,0.0,0.0,0.0,0.0,0.0,0.0,0.0,0.0,0.0,0.0,0.0,0.0,0.0,0.0,0.0,0.0,0.0,0.0,0.0,0.0,0.0,0.0,0.0,0.0,0.0,0.0,0.0,0,0.0,0.0,0.0,0.0,0.0,0.0,0.0,0.0,0.0,0.0,0.0,0.0,0.0,0.0,0.0,0.0,0.0,0.0,0.0,0.0,0.0,0.0,0.0,0.0,0.0,0.0,0.0,0.0,0.0,0,3.0651005557207727,0.0111887179903335,304.3053719427275,-78.38212202636944,0.33375,0.31921,0.35513,12541.63,7.705142,12387.428055132536,1190.6489770976532,1616.6618721902214,7.891902488314195,0.1392881558306511,0.1563986171743208,0.5457087173252443,0.0752862937670931,0.09280898643574,0.3088896052505564,0.0384455622167096,0.0316887279247998,0.331444373349357,0,0.6540946461085408,0.6762703503496466,1.5046213087341738,42.36481290662737,43.50805941490282,,42.36483035106827,43.81694902015337,,11,DA,GaiaXP,H,6362268100768816512,1.1902351,13.41118,20171105-7823019,150705004401368,6362268100768816512,6362268100768816512,galah_main,810,0,10k_25,lbol,0,5158.638,105.43751248431613,5378.0,0.184,sfd,4.489769,0.18570496895837493,0.19803047,0.09279718706853626,0,0.17084613,1.0453821,6.186687,2.3821524973990993,0.5329885,0.009552488451107056,0.05078739273559464,446.0,0,0.75544477,0.82356524,-0.13380317687988286,0.11149251886707501,1,1,0.498254585266114,0.15895852717537423,1,1,0.1557030487060551,0.17719428111365323,1,0,0.0066456222534183595,0.08443646673885268,1,0,0.24419345855712926,0.13026703560244776,1,0,0.29826721191406236,0.09689258188448459,1,0,0.0644767570495608,0.08673311952041543,1,0,6.501007080075283E-4,0.12781022865627611,1,0,0.057069606781006144,0.10406628389048705,1,0,0.031353797912597514,0.0825515129809764,1,0,,,0,0,-0.062412822895918804,0.07846501280691219,55,0,0.08621477888966388,0.11488910926758268,9,0,-0.16096281051635764,0.17703661278031807,1,0,-0.02647483825683583,0.11679994966471569,1,0,,,0,0,0.01798574447631829,0.13159919472360188,1,0,-0.06756168365478477,0.19941866489694177,8,0,-0.10599754333496136,0.1613336205482483,1,0,-0.05430418014526328,0.10530705641523135,2,0,,,,32,,,,32,,,1,32,-0.0783480072021483,0.2632079849189397,2,0,,,16,32,,,2,32,,,2,32,-0.054548187255859304,0.13447314286457784,1,0,,,,32,0.1381245708465575,0.16804834869078114,1,1,,,,32,,,2,32,,,1,32,304.296083826434,-78.3838848561593,3.0903052347637994,0.01614129695868602,320.598178564243,318.935165815006,322.278313018974,860.094332979633,13.89900016784668,0.07999999821186066,,,0,0.205347,18.9182699145,26.2401584055,32.3708641855,47.2006752814,0,13.533539,11.919,0.023,11.469,0.025,11.363,0.023,AAA,11.353,0.02,AABU,0.033047873931884984,0.029390340884043426,1.7400016,0.9519433550148634
6382347244674326784,2016.0,344.15374056685823,0.2662824988365173,-72.51535250988654,0.3703977465629577,3.7761552826136624,0.3604318797588348,10.476751327514648,3.1932528018951416,0.6563668427833542,0.3703062534332275,3.125067465121753,0.5670397877693176,95.0,1.017672419548035,false,362.0,211.17905376579256,0.7255998849868774,291.0406494140625,19.87574005126953,23.0,159.9580380355138,25.831523895263672,6.192358016967773,19.828527450561523,22.0,133.74417259249188,24.356609344482425,5.491083145141602,19.43220901489257,0.0,0.0,0.0,0.0,0.0,1.3907734155654907,0.3963184356689453,-0.0472126007080078,0.4435310363769531,314.1335898470057,-42.02460557717371,302.44407374054964,-57.400653645905365,0.0012606485705071,1350.299382328596,708.8761165313018,3.239826581715E-4,0.050000000745058,0.0399999991059303,0.0599999986588954,0.0,0.0,0.0,0.0,0.0,0.0,0.0,0.0,0.0,0.0,0.0,0.0,0.0,0.0,0.0,0.0,0.0,0.0,0.0,0.0,0.0,0.0,0.0,0.0,0.0,0.0,0.0,0.0,0.0,0.0,0.0,0.0,0.0,0.0,0.0,0.0,0.0,0.0,0.0,0.0,0.0,0.0,0,0.0,0.0,0.0,0.0,0.0,0.0,0.0,0.0,0.0,0.0,0.0,0.0,0.0,0.0,0.0,0.0,0.0,0.0,0.0,0.0,0.0,0.0,0.0,0.0,0.0,0.0,0.0,0.0,0.0,0,3.3450779542479028,0.0121995157126641,344.15374056685823,-72.51535250988654,0.07092,0.0664,0.07498,0.0,0.0,9864.96844664103,2416.220107864181,6762.939094621046,8.132629765395546,0.7347013397673949,0.6486458481400259,0.6802798664155929,0.3726450852987139,0.4139369111062621,0.704507674079017,0.1663085074481798,0.0918342532321315,1.5411417845637576,0,4.175556953384534,2.7834177797692368,3.824502473927137,0.5118310895958256,0.5718024103071231,,0.5381724481302358,1.27631008438614,,1,0.0,0.0,H,6382347244675589504,0.93658733,12.808762,22563775-7230576,160811004001322,6382347244675589504,6382347244675589504,galah_main,134,0,10k_29,lbol,0,5365.104,94.9510665828996,5526.0,0.031,sfd,4.5337634,0.18168031995458986,-0.1532321,0.07741792084529193,0,-0.16923586,1.0784167,6.0189805,2.3050463607899485,0.8414064,0.03333756982855248,0.04517013027277984,159.0,0,0.7260427,1.2463261,,,,32,,,,32,0.28293893814086957,0.15749747896666888,1,0,-0.08792549133300742,0.06994322671760907,1,0,-0.056626892089843395,0.10309749702531687,1,0,-0.023325595855713033,0.08520864150544619,1,0,0.07665946960449244,0.07380581674896244,1,0,0.041787319183349325,0.1093041984264892,1,0,0.04349977493286161,0.09154662590278817,1,0,-0.10409418106079116,0.07045141172334833,1,0,,,0,0,0.025805577795779147,0.10361996996742348,19,0,0.06675647818895497,0.06701684761918664,15,0,-0.17619775772094748,0.17943193018436432,1,0,0.03876220703125011,0.09894864360568961,1,0,,,0,0,0.04269783020019524,0.10611112912076467,1,0,0.23831420215325633,0.10570836838194386,10,0,-0.07284411041133754,0.0924260493676558,3,0,-0.08954472526892043,0.06950974882223118,3,0,-0.01745130097379291,0.13196478437417325,3,0,,,,32,,,,32,0.08720319637562389,0.1719753858349727,3,0,0.4082374000549316,0.16100199170450843,1,0,,,,32,,,2,32,0.1608777809143067,0.11435617612497563,1,0,0.8506775093078613,0.134122179654148,2,0,0.0759147262573241,0.1568680539265523,1,1,,,2,32,,,2,32,,,,32,344.1572646366066,-72.51603681308764,3.3186782349442066,0.021901101949750867,298.734657124624,296.778107170704,300.716710014135,706.417719287989,-22.761999130249023,0.07999999821186066,-26.015081,2.9830823,0,0.0,34.99820873,32.1762584961,57.7366907244,61.1806292704,0,12.84108,11.604,0.024,11.254,0.028,11.21,0.023,AAA,11.179,0.021,AAAU,0.0,0.032130000427281646,1.6988631,1.0525934887232542
6386217731763177600,2016.0,357.47840889878887,0.4972113370895386,-71.37544287249892,0.5238368511199951,5.463185573124419,0.594914972782135,9.18313694000244,45.56541061401367,18.72717778346927,0.6578782796859741,41.539130937284256,0.7632250785827637,31.0,1.0845495462417605,false,341.0,125.70401274790234,0.7114471197128296,176.68777465820312,20.43899345397949,29.0,76.94418131465619,8.409490585327148,9.149683952331545,20.62310218811035,35.0,108.06244166212475,9.799160957336426,11.027724266052246,19.663707733154297,0.0,1.0,0.0,3.0,0.0,1.4717638492584229,0.9593944549560548,0.1841087341308593,0.7752857208251953,309.8029091342092,-44.92299796582354,309.2980753920624,-59.7511983909974,0.0027414488893959,1610.425443397006,624.8423065787811,0.0010415138365583,0.0199999995529651,0.0099999997764825,0.0199999995529651,0.0,0.0,0.0,0.0,0.0,0.0,0.0,0.0,0.0,0.0,0.0,0.0,0.0,0.0,0.0,0.0,0.0,0.0,0.0,0.0,0.0,0.0,0.0,0.0,0.0,0.0,0.0,0.0,0.0,0.0,0.0,0.0,0.0,0.0,0.0,0.0,0.0,0.0,0.0,0.0,0.0,0.0,0,0.0,0.0,0.0,0.0,0.0,0.0,0.0,0.0,0.0,0.0,0.0,0.0,0.0,0.0,0.0,0.0,0.0,0.0,0.0,0.0,0.0,0.0,0.0,0.0,0.0,0.0,0.0,0.0,0.0,0,6.094728598430083,0.0110822839634561,357.47840889878887,-71.37544287249892,0.04474,0.04144,0.0488,0.0,0.0,5224.977490728679,421.7489494947322,573.5507335027924,7.731911127536136,0.3696210086909612,0.3618482287457514,0.4332848395071047,0.1619320471560703,0.2112150628365589,2.4505997427579427,0.2294187686770845,0.8084904191109086,2.3252171951639973,0,1.4068813827634248,-0.300479239729758,2.585700929483428,,,,,,,11,0.0,0.0,H,6386217628684656512,1.6549854,13.514407,23495279-7122289,150827004001335,6386217628684656512,6386217628684656512,galah_main,64,0,10k_5,lbol,256,3851.3235,115.30209711595907,4264.0,0.032,sfd,4.510317,0.20099163608446416,0.059708595,0.20874733422594408,16,-0.10817575,0.8362118,5.3458467,2.757851792248462,0.96894974,,,,32,0.57496583,1.3818521,,,,32,,,,32,,,,32,,,,32,,,,32,,,,32,,,,32,,,,32,,,,32,,,,32,,,0,0,,,,32,,,,32,,,,32,,,,32,,,0,0,,,,32,,,,32,,,,32,,,,32,,,,32,,,,32,,,,32,,,,32,,,,32,,,,32,,,,32,,,,32,,,,32,,,,32,,,,32,,,,32,,,,32,357.47029760572696,-71.37454380367865,6.120588035621137,0.013839013302876025,162.613953036516,162.246075869906,162.983472486909,629.264162485548,39.94658264642334,0.6790036601893649,38.437374,3.1749973,0,0.0314167,8.74831178906,12.5289848998,21.9535539205,27.3093669337,0,13.902177,11.568,0.023,10.898,0.022,10.772,0.019,AAA,10.765,0.021,AAAU,0.04865378288268991,0.027919879851504546,2.546188,1.1642131536648457
6396378215637773056,2016.0,326.6340170579266,0.346205472946167,-70.12570154916992,0.3848079144954681,2.7201864584758466,0.4965495467185974,5.478177070617676,45.525020599365234,43.18030045944949,0.4225903749465942,-14.421824017201336,0.4389864504337311,31.0,1.0928159952163696,false,392.0,171.6227734451653,0.7008807063102722,244.8673095703125,20.100929260253903,45.0,121.07116072160052,7.826714992523193,15.46896266937256,20.13094139099121,42.0,82.26139046807893,6.932706356048584,11.865696907043455,19.95990562438965,0.0,1.0,0.0,1.0,0.0,1.184764385223389,0.1710357666015625,0.0300121307373046,0.1410236358642578,321.5240574359246,-39.65343609753827,297.49072406037084,-52.04225373132786,0.0128264237683979,21569.48289013342,749.9380918490109,0.0781992856558723,0.0799999982118606,0.0700000002980232,0.0900000035762786,0.0,0.0,0.0,0.0,0.0,0.0,0.0,0.0,0.0,0.0,0.0,0.0,0.0,0.0,0.0,0.0,0.0,0.0,0.0,0.0,0.0,0.0,0.0,0.0,0.0,0.0,0.0,0.0,0.0,0.0,0.0,0.0,0.0,0.0,0.0,0.0,0.0,0.0,0.0,0.0,0.0,0.0,0,0.0,0.0,0.0,0.0,0.0,0.0,0.0,0.0,0.0,0.0,0.0,0.0,0.0,0.0,0.0,0.0,0.0,0.0,0.0,0.0,0.0,0.0,0.0,0.0,0.0,0.0,0.0,0.0,0.0,0,2.104558087651722,0.0139943518625094,326.6340170579266,-70.12570154916992,0.07627,0.07081,0.08274,10012.97,8.019129,10394.491892424456,1316.7802682377023,2040.6117763389248,7.703398610479754,0.3288643053508231,0.2956651383308539,0.4438959837195283,0.1359586665574896,0.162021138560912,0.3827506334260649,0.0432215500094261,0.0161746857307464,0.6810353853126341,0,1.1812221247392658,-0.2082885862769032,1.476623524340425,,,,,,,11,0.0,0.0,H,6396378387436190208,0.9511843,13.616653,21462473-7007598,161012002601172,6396378387436190208,6396378387436190208,galah_main,183,0,10k_23,lbol,4,5178.976,182.1396714272647,5376.0,0.024,sfd,4.4482965,0.2135617423625501,0.21271658,0.1869734651258887,0,0.20287898,1.0486362,5.8984814,3.0737247193428336,0.99136114,0.20108928176914942,0.10117477242516575,7.0,0,0.6457121,1.8077075,0.2590741634368896,0.14795062428535444,1,1,1.1597187995910652,0.20505617082785033,1,1,0.46392248153686566,0.2592965185207898,1,0,0.12686532974243203,0.15836042264625744,1,0,-0.12703475952148402,0.2864170534066942,1,0,0.017707672119140483,0.14555475011455007,1,0,0.3125560569763186,0.14900102160650713,1,0,-0.1927893829345706,0.214332848388294,1,0,0.17585594177246122,0.1572147080979143,1,0,0.22315153121948228,0.13728950582032068,1,0,,,0,0,,,,32,,,,32,,,2,32,0.15051042556762706,0.1995046302675874,1,0,,,0,0,0.4489249420166015,0.2669651599527081,1,0,-0.07996374130248984,0.2690611286609014,8,1,0.139174480438232,0.2734442353248596,2,0,0.19016689300537148,0.22917760908603668,2,0,,,2,32,,,,32,,,1,32,,,2,32,,,16,32,,,2,32,,,2,32,0.2999454307556153,0.22829980329727445,1,0,,,4,32,1.3002873516082762,0.2057179226881087,1,1,,,2,32,,,2,32,,,1,32,326.6036855058217,-70.13333863790423,2.1233502835839104,0.018711076401250047,464.658113409928,460.622548927117,468.763729301546,795.407203070029,28.364999771118164,0.16099999845027924,,,0,0.0,3.10792235833,8.82670495013,13.8425332079,20.5830755549,0,13.768819,12.384,0.023,12.034,0.027,11.923,0.026,AAA,11.974,0.022,AABU,0.0,0.03197224155259796,1.8161081,1.0310968089525998
6402162673295524608,2016.0,324.52807312051254,0.1118849515914917,-65.35115413910725,0.1316402852535247,3.2457325263304613,0.1853967458009719,17.506954193115234,56.046630859375,50.20802023329365,0.147852212190628,-24.9074208914876,0.1554564386606216,31.0,1.0074338912963867,false,604.0,507.5874910937965,0.8560510277748108,592.940673828125,18.9235897064209,65.0,364.49556558347217,5.128128528594971,71.07769775390625,18.934310913085938,61.0,186.00966076855843,5.700982093811035,32.62765121459961,19.07405662536621,0.0,1.0,0.0,2.0,0.0,1.0845524072647097,-0.1397457122802734,0.010721206665039,-0.1504669189453125,327.4684175842868,-41.39142964284629,300.19989507068186,-47.52842138105608,0.0057919434192567,6851.259645092438,723.83668118194,6.196205138708221E-5,0.0700000002980232,0.0599999986588954,0.0799999982118606,0.0,0.0,0.0,0.0,0.0,0.0,0.0,0.0,0.0,0.0,0.0,0.0,0.0,0.0,0.0,0.0,0.0,0.0,0.0,0.0,0.0,0.0,0.0,0.0,0.0,0.0,0.0,0.0,0.0,0.0,0.0,0.0,0.0,0.0,0.0,0.0,0.0,0.0,0.0,0.0,0.0,0.0,0,0.0,0.0,0.0,0.0,0.0,0.0,0.0,0.0,0.0,0.0,0.0,0.0,0.0,0.0,0.0,0.0,0.0,0.0,0.0,0.0,0.0,0.0,0.0,0.0,0.0,0.0,0.0,0.0,0.0,0,3.0131838900925114,0.0121528909051447,324.52807312051254,-65.35115413910725,0.05797,0.05642,0.05969,14456.49,8.024023,15405.016603944292,1189.0034660109504,1453.653604976018,8.03719012589405,0.1066192665800747,0.1112972921258546,0.6350280840377902,0.0635065636126358,0.0702786659269928,0.198442442101914,0.0175612386548217,0.0165249048411116,1.2381454391282725,0,1.2151306267615951,2.1156651222016856,0.8554543124283063,0.7661746190813148,1.2371126686937792,15.23567520149,0.7663758503681398,1.4355551107956932,15.235684163101354,1,DA,GaiaXP,H,6402162677591794048,0.7220192,12.002199,21380394-6521164,140809003701264,6402162677591794048,6402162677591794048,galah_main,139,0,10k_48,lbol,0,5984.3677,75.43728342363696,6277.0,0.04,sfd,4.3869185,0.17741131784772665,-0.36630344,0.05465420237628986,0,-0.3867373,1.2422816,4.847891,2.1794811324713925,0.89961016,0.020911847934216403,0.02159329851401918,147.0,0,0.59617335,1.4608262,1.6368352890014648,0.051744491074794355,1,0,,,,32,0.13093326568603558,0.0783220886341903,1,0,0.037797393798828516,0.02812998612072072,1,0,0.01499404907226598,0.03715667949602774,1,0,-0.027195129394531392,0.0381738105605684,1,0,0.03473642349243189,0.033049349124978006,1,0,-0.001418418884277628,0.048103309649568896,1,0,-0.04924839019775362,0.04282030748422838,1,0,0.09051116943359361,0.028206234685316873,1,0,,,0,0,0.05125658591100775,0.035847453796739745,19,0,0.07618982322867794,0.036369415172552905,10,0,-0.007407417297363494,0.11975199729204178,2,0,-0.1613897132873534,0.03903041704465665,1,0,,,0,0,-0.08663661956787116,0.036881311498659815,1,0,,,,32,-0.08493421554565472,0.0691654235124588,2,0,-0.07453495025634727,0.03664075192205528,2,0,-0.07343000776412499,0.04567695252947549,3,0,,,,32,,,,32,0.006976852904129887,0.06490548124504474,3,0,,,,32,,,,32,,,,32,-0.038856430053710866,0.04756531246887613,1,0,,,4,32,,,,32,,,,32,0.4403864288330077,0.10936188697814941,1,0,,,,32,324.51703487298914,-65.35467491324648,3.0760753035130923,0.027265618575394536,322.093429139889,319.267985528946,324.968419561834,830.886197403222,-29.979000091552734,0.10999999940395355,-28.169765,0.80501413,0,0.0025513195907578222,69.2914136072,81.3404542283,75.4295070677,102.331998313,0,12.276962,11.115,0.024,10.846,0.025,10.757,0.025,AAA,10.765,0.021,AABU,9.177408599848283E-4,0.029972384310899835,1.3513364,1.073713336138109
6402211361046424192,2016.0,324.7269171376084,0.2113000154495239,-64.85078529802531,0.2751584947109222,5.501616508857553,0.3378747701644897,16.283004760742188,43.89309310913086,43.278363551873085,0.2537024617195129,-7.320300023234523,0.3594538867473602,95.0,1.0277595520019531,false,490.0,211.3797876423197,0.7155634164810181,295.4032897949219,19.87470817565918,54.0,141.69739298076942,6.6250762939453125,21.388038635253903,19.96013832092285,55.0,123.5796140245792,6.459917068481445,19.130216598510746,19.518028259277344,0.0,0.0,0.0,1.0,0.0,1.254978060722351,0.4421100616455078,0.0854301452636718,0.3566799163818359,328.0096799913656,-41.69682857562921,300.6616288186354,-47.129127238265376,0.0021278051027336,1366.1703353096348,732.4310481089024,1.48958181148E-4,0.0199999995529651,0.0199999995529651,0.0199999995529651,0.0,0.0,0.0,0.0,0.0,0.0,0.0,0.0,0.0,0.0,0.0,0.0,0.0,0.0,0.0,0.0,0.0,0.0,0.0,0.0,0.0,0.0,0.0,0.0,0.0,0.0,0.0,0.0,0.0,0.0,0.0,0.0,0.0,0.0,0.0,0.0,0.0,0.0,0.0,0.0,0.0,0.0,0,0.0,0.0,0.0,0.0,0.0,0.0,0.0,0.0,0.0,0.0,0.0,0.0,0.0,0.0,0.0,0.0,0.0,0.0,0.0,0.0,0.0,0.0,0.0,0.0,0.0,0.0,0.0,0.0,0.0,0,5.570458767392535,0.0124124450798138,324.7269171376084,-64.85078529802531,0.04207,0.04046,0.04378,7434.607,8.241466,7598.672585602466,499.278895738641,599.5499864057219,8.273730631753551,0.1599879531639221,0.161164733417948,0.7662346485313272,0.1043657792137495,0.107596832127072,2.057105827929546,0.2596029911251134,0.3846886245507424,1.4566229561489266,0,0.7565418849360048,3.3209132427362555,0.5257372433633005,0.1154955423545264,0.3414947550919275,0.3802258365852179,0.2841354136760709,2.398600583021474,0.5408854080724224,0,0.0,0.0,H,6402211365341160960,1.5999537,13.524195,21385554-6451029,140809003701286,6402211365341160960,6402211365341160960,galah_main,139,0,10k_4,lbol,0,4404.25,114.34008768137247,4387.0,0.046,sfd,4.6697865,0.1943909280523155,-0.011230469,0.11270241348944324,0,0.039081093,0.92468,7.065972,2.4657342359256638,1.0191848,0.13514592772131945,0.058103774138886524,414.0,0,0.74697965,1.1467102,-0.549029964208603,0.11824037115865221,1,1,,,,32,,,,32,-0.03227954864501914,0.09564551396220759,1,0,,,,32,0.13805421829223619,0.10525933107083013,1,0,0.010682373046875249,0.09651859256816316,1,0,0.07631748199462862,0.14166171808703099,1,0,0.1162055206298831,0.11309780792488422,1,0,0.17699035644531236,0.09149552657515904,1,0,,,0,0,0.2692356124253179,0.09505251170017735,51,0,,,,32,0.30320621490478494,0.2651504802439046,2,0,-0.040525798797607315,0.13011531218065595,1,0,,,0,0,-0.31217439651489265,0.15161041961795824,1,0,-0.0800629234313961,0.212341092595209,8,0,-0.13459621342583852,0.11186950068812651,3,0,-0.030321178436278906,0.11652807440377981,2,0,-0.3496129417419436,0.29547812256344974,1,0,0.253006362915039,0.14269704197497662,1,0,0.35868806838989276,0.14442715956247526,1,1,0.7860013580322267,0.3002105167424671,2,0,0.35247440338134783,0.16561971604824066,16,0,,,2,32,,,2,32,-0.019933624267578054,0.14951656970953156,1,0,,,,32,,,,32,,,,32,,,2,32,,,1,32,324.7319027861623,-64.85089446658655,5.577802707312315,0.018758132575216604,178.35833315614,177.759106503458,178.961541174101,831.234685393982,-38.88100051879883,0.09600000083446503,,,0,0.0468723,12.4224144059,22.5443248211,19.9014176627,40.774939909,0,13.889177,11.665,0.024,11.007,0.025,10.901,0.021,AAA,10.886,0.02,AABU,0.03763797198486399,0.029390340884043426,2.2943177,1.0354876765836434
6404635028270219776,2016.0,334.4746176360188,0.2559030950069427,-64.16470680630336,0.3100509941577911,3.3535925696572813,0.40901979804039,8.199095726013184,42.75286483764648,33.45351561267172,0.3257205188274383,-26.620849054202388,0.3945308327674866,31.0,0.9985108375549316,false,484.0,170.85827978732587,0.5988046526908875,285.3322448730469,20.10577774047852,54.0,118.38049050393576,5.2208123207092285,22.67472648620605,20.15534210205078,50.0,75.74374737700043,6.1334309577941895,12.349327087402344,20.04952812194824,0.0,0.0,0.0,1.0,0.0,1.1361711025238037,0.105813980102539,0.0495643615722656,0.0562496185302734,325.682795708137,-45.595920711325775,306.5588064532254,-48.68435096322907,0.0192782497912096,22335.639007820744,656.6732951971602,0.0246636246723633,0.050000000745058,0.0299999993294477,0.0700000002980232,0.0,0.0,0.0,0.0,0.0,0.0,0.0,0.0,0.0,0.0,0.0,0.0,0.0,0.0,0.0,0.0,0.0,0.0,0.0,0.0,0.0,0.0,0.0,0.0,0.0,0.0,0.0,0.0,0.0,0.0,0.0,0.0,0.0,0.0,0.0,0.0,0.0,0.0,0.0,0.0,0.0,0.0,0,0.0,0.0,0.0,0.0,0.0,0.0,0.0,0.0,0.0,0.0,0.0,0.0,0.0,0.0,0.0,0.0,0.0,0.0,0.0,0.0,0.0,0.0,0.0,0.0,0.0,0.0,0.0,0.0,0.0,0,3.089229057656425,0.0115692744438451,334.4746176360188,-64.16470680630336,0.04859,0.04573,0.05183,10704.29,8.451172,10990.235616481928,1243.0502347883776,1820.2983711119973,8.395526363966914,0.2287469317876684,0.2038068085271405,0.8531212915874976,0.150995532648215,0.1323740293024753,0.868607684255166,0.0601547849425092,0.036797207672491,0.2914659717223642,0,0.7795395498591282,3.723424472284493,1.6993527177757757,0.1529963670856432,0.2473801379069381,0.2374300955479149,0.1643973433267229,1.115987822162104,0.2402646140495608,0,0.0,0.0,H,6404634998205919872,0.9443188,12.670118,22174367-6410126,141102002401076,6404634998205919872,6404634998205919872,galah_main,35,0,10k_30,lbol,0,5497.7,78.74606771960424,5545.0,0.036,sfd,4.4804387,0.17857781359541866,0.27787113,0.053876768965833946,0,0.27700797,1.099632,6.007692,2.1534232721240723,2.060287,-0.02362422886578388,0.01976104503825119,447.0,0,0.743204,3.2603674,,,,32,,,,32,-0.15862133026123004,0.09265349383724272,1,0,0.13956159591674844,0.03334251846044152,1,0,0.06569662094116246,0.04366977859883164,1,0,0.12999519348144517,0.04669992434588125,1,0,-0.034674854278564204,0.03871331073406075,1,0,-3.836822509768467E-4,0.057095587909818724,1,0,-0.12453334808349581,0.051357822657580696,1,0,0.0587719345092772,0.03480309641598116,1,0,,,0,0,-0.024842565895296865,0.03178061315361918,55,0,-0.025924897196945906,0.0389788734575625,11,0,0.2594959831237791,0.09611706744041772,2,0,0.01910936355590831,0.04798433892578508,1,0,,,0,0,0.16253177642822259,0.04486465618708793,1,0,-0.015376908024725853,0.056841316565819276,12,0,0.009604940631594411,0.05123041560029437,3,0,0.13332386352311296,0.038119082770386344,3,0,0.027596631089364724,0.05772281715377656,3,0,,,,32,,,,32,0.1092058009690227,0.07984579280475342,3,0,,,,32,,,,32,,,,32,-0.23581974029541009,0.05742322748234359,1,0,,,,32,0.0984376525878905,0.10650724798040921,1,0,,,,32,,,,32,,,,32,334.4322780541226,-64.17031152985341,2.993206674287244,0.02563581759544871,330.921021240169,328.116054832107,333.773487895143,739.208334062021,-10.75100040435791,0.09600000083446503,-9.359938,0.74227375,0,0.0,51.2907758922,65.6631502138,69.8441122185,83.1353676303,0,12.8637905,11.513,0.023,11.151,0.026,11.067,0.023,AAA,11.089,0.02,AABU,0.0,0.030112639292696627,1.6344788,1.017578804206204
6412290515416924928,2016.0,328.734319990502,0.50528484582901,-57.9323776676599,0.4265820682048797,5.004018347487049,0.7096161842346191,7.051725387573242,29.466419219970703,-21.151477710868715,0.839692234992981,20.515477198281523,0.5826860666275024,95.0,0.9433160424232484,false,290.0,126.95166748855482,0.6854343414306641,185.2134552001953,20.42827033996582,29.0,81.2045159847283,8.155937194824219,9.956491470336914,20.564592361450195,31.0,96.57210639722656,10.07695770263672,9.58345890045166,19.7857666015625,0.0,1.0,0.0,1.0,0.0,1.4003489017486572,0.7788257598876953,0.136322021484375,0.6425037384033203,335.42309711317307,-46.51793350793538,307.57142777628434,-41.904171144009176,0.0051734875619211,3071.2580297268933,645.5324491807276,0.0742075435158255,0.0199999995529651,0.0199999995529651,0.0199999995529651,0.0,0.0,0.0,0.0,0.0,0.0,0.0,0.0,0.0,0.0,0.0,0.0,0.0,0.0,0.0,0.0,0.0,0.0,0.0,0.0,0.0,0.0,0.0,0.0,0.0,0.0,0.0,0.0,0.0,0.0,0.0,0.0,0.0,0.0,0.0,0.0,0.0,0.0,0.0,0.0,0.0,0.0,0,0.0,0.0,0.0,0.0,0.0,0.0,0.0,0.0,0.0,0.0,0.0,0.0,0.0,0.0,0.0,0.0,0.0,0.0,0.0,0.0,0.0,0.0,0.0,0.0,0.0,0.0,0.0,0.0,0.0,0,5.965808109960581,0.203749761294283,328.734319990502,-57.9323776676599,0.03813,0.03489,0.04208,5920.923,7.872261,6022.900454748367,681.6536139723721,932.4298831428368,8.16005789076927,0.3974846985593512,0.3542420825087173,0.6874516775657356,0.2369904488205139,0.2362507385004655,3.336769599464526,1.011702598483638,0.788193632572812,1.5749469554538875,0,2.988057024301554,2.836807925650136,1.722317116754157,0.3947272292433101,0.5393510224873965,,1.0859796191847455,3.876120621951922,,1,0.0,0.0,H,6412290519712785664,1.5091276,12.548649,21545851-5755510,161012002101255,6412290519712785664,6412290519712785664,galah_main,23,0,10k_4,lbol,65,4321.6313,87.19219308033249,4449.0,0.029,sfd,4.267562,0.20564629882732063,-0.15830088,0.06917331659840466,0,-0.23777547,0.91146106,10.681644,2.2077108439376456,1.4444304,0.1119207099401221,0.03429391682417132,414.0,0,0.72457504,1.6946808,,,,32,,,,32,,,,32,-0.05735307693481406,0.05047236707437384,1,0,,,,32,0.096430149078369,0.06717533064112738,1,0,0.049369125366211186,0.055755647517354956,1,0,0.06268280029296847,0.08293550712604758,1,0,0.1681316566467288,0.07247964098793125,1,0,-0.07787195205688491,0.05281663709995915,1,0,,,0,0,0.13977384506740576,0.054372541861262814,51,0,,,,32,,,,32,-0.06648481369018544,0.07335406861975372,1,0,,,0,0,-0.06674726486206062,0.07277985035309952,1,0,-0.01936637768749759,0.0700055728140261,5,0,-0.22853077446695477,0.07386127678337591,3,0,-0.1557608222961422,0.06787753715129326,2,0,-0.5158870124816897,0.17019290287743694,1,0,,,,32,,,,32,0.2441317176818849,0.15117341349221572,2,0,0.14777536392211932,0.11783978495740814,16,0,0.4751792716979981,0.12367749214172363,2,0,,,2,32,0.009733753204345774,0.08564464517442838,1,0,,,4,32,,,,32,,,,32,,,2,32,,,,32,328.74359742908405,-57.93078944306295,5.5701554154779345,0.26920969087263824,179.337483754032,170.868735540105,188.673528819388,798.726176606738,53.66600036621094,0.11599999666213989,53.382317,1.6491436,0,0.0289395,27.8938320585,44.0084457513,64.4625010596,89.2810403127,0,13.049845,10.785,0.024,10.113,0.026,10.009,0.022,AAA,9.989,0.02,AAAU,0.04039192295837332,0.030112639292696627,2.3442976,11.750086113023098
6415007786606035968,2016.0,286.09146572574303,0.0925115793943405,-73.73890179150818,0.1081269681453704,4.914759865394222,0.1362726539373397,36.06563186645508,38.92222595214844,38.854236413763175,0.1183796748518943,-2.2995368720812213,0.1332034170627594,31.0,0.9870520234107972,false,486.0,729.7709742946862,1.1145581007003784,654.7626342773438,18.52939987182617,48.0,497.3446344430817,15.068706512451172,33.005130767822266,18.596899032592773,40.0,334.30391650900486,17.672805786132812,18.916290283203125,18.43754196166992,0.0,0.0,0.0,1.0,0.0,1.1396020650863647,0.1593570709228515,0.0674991607666015,0.09185791015625,321.19469899914003,-26.85875453325691,277.037408064347,-50.6926808667,0.0032475303218352,2261.127711139751,1047.5578354308552,2.646306849361E-4,0.0399999991059303,0.0399999991059303,0.050000000745058,0.0,0.0,0.0,0.0,0.0,0.0,0.0,0.0,0.0,0.0,0.0,0.0,0.0,0.0,0.0,0.0,0.0,0.0,0.0,0.0,0.0,0.0,0.0,0.0,0.0,0.0,0.0,0.0,0.0,0.0,0.0,0.0,0.0,0.0,0.0,0.0,0.0,0.0,0.0,0.0,0.0,0.0,0,0.0,0.0,0.0,0.0,0.0,0.0,0.0,0.0,0.0,0.0,0.0,0.0,0.0,0.0,0.0,0.0,0.0,0.0,0.0,0.0,0.0,0.0,0.0,0.0,0.0,0.0,0.0,0.0,0.0,0,5.137461029904223,0.0324273120845623,286.09146572574303,-73.73890179150818,0.08941,0.08582,0.09345,9873.889,7.80961,10321.057779988088,755.1222106056412,937.1398076717816,7.952259039191153,0.1803986692839396,0.1669184339923237,0.5730748706344717,0.0990266916363731,0.1024382916459928,0.5424058475552225,0.0151326597901901,0.0134522806880551,0.2220605496392083,0,0.8603535328963775,0.9140301532100064,1.8202969557546127,15.058056810688438,15.657633272992395,,15.058064414502708,16.20003912054762,,11,0.0,0.0,H,6415007786606003584,1.1159,11.999293,19042357-7344110,180625004301176,6415007786606003584,6415007786606003584,galah_main,1038,0,180625,lbol,65,5031.3755,81.65036630026572,,,,4.3537164,0.18012738839879625,-0.035798073,0.05493237519369451,0,-0.04958711,1.0250201,5.748419,2.162919169920305,1.3050355,0.022867890519633418,0.02016140772127044,447.0,0,0.7711855,2.7061548,,,,32,,,,32,0.056342582702637145,0.09460037426007786,1,0,0.04377025604248086,0.0341472172294987,1,0,0.06247987747192418,0.04474992393023408,1,0,0.10472663879394517,0.047857548095600735,1,0,0.08208110809326197,0.039557303085593715,1,0,0.09148614883422823,0.058410729132519046,1,0,0.19421369552612333,0.05253155916799043,1,0,-0.06849304199218764,0.03574795070438201,1,0,,,0,0,-0.10192133458597523,0.03228619558565921,55,0,-0.028960183072873614,0.04993329239071886,11,0,0.28452898025512674,0.09905338449201105,2,0,-0.011570339202880753,0.04928636070222846,1,0,,,0,0,0.01427499771118157,0.046127767076706516,1,0,0.006189712660938266,0.058344583081240006,12,0,-0.06347562778544746,0.05256401768969159,3,0,-0.08182213913851699,0.03905470809345781,3,0,-0.08917125035383082,0.059517284008435055,3,0,,,,32,,,,32,-0.12950881958007798,0.0974022604293745,2,0,-0.06585746765136724,0.1103556093644822,1,0,,,,32,,,2,32,-0.17142192840576165,0.05886276811018597,1,0,,,4,32,-0.08768476486206067,0.10857357567656784,1,1,0.21966922760009777,0.12699231505393982,1,0,,,2,32,,,,32,286.0988059406386,-73.73639141867676,5.044015252495717,0.037199139041214815,197.140590246963,195.694455276199,198.607870926286,1025.54449963866,-19.16699981689453,0.08299999684095383,-19.379759,1.7418257,0,0.10490503,31.8951051044914,63.9965516994753,101.358083490245,102.367451755128,0,12.198097,10.563,0.023,10.103,0.025,9.999,0.025,AAA,10.002,0.02,AAAU,0.01927771284484802,0.029390340884043426,1.853947,1.8832635879516602
6488549721342017792,2016.0,355.76513174161835,0.1724642515182495,-59.27015342643423,0.1743647754192352,6.509869492161505,0.2274200916290283,28.62486457824707,38.59228897094727,24.0440320281329,0.2178758233785629,-30.186905927415097,0.2327139675617218,31.0,0.9717080593109132,false,466.0,396.0099171299792,0.8557639718055725,462.7560119628906,19.19310188293457,50.0,238.3145700094414,5.9260735511779785,40.21458053588867,19.395666122436523,44.0,208.022711971805,7.789308547973633,26.70618438720703,18.952619552612305,0.0,1.0,0.0,0.0,0.0,1.127086162567139,0.4430465698242187,0.2025642395019531,0.2404823303222656,318.4130224747768,-55.755317795155975,323.5390352622327,-50.68236739459749,0.0030529112134083,1577.6108205289606,525.5296220894385,7.0628682346101E-5,0.0099999997764825,0.0099999997764825,0.0099999997764825,0.0,0.0,0.0,0.0,0.0,0.0,0.0,0.0,0.0,0.0,0.0,0.0,0.0,0.0,0.0,0.0,0.0,0.0,0.0,0.0,0.0,0.0,0.0,0.0,0.0,0.0,0.0,0.0,0.0,0.0,0.0,0.0,0.0,0.0,0.0,0.0,0.0,0.0,0.0,0.0,0.0,0.0,489391568,0.0,0.0,19.2954,19.2792,19.2592,0.0,0.0,0.0,0.0215,0.0155,0.0194,0.0,0.0,0.0,1.0,1.0,1.0,0.0,0.0,0.0,0.0,0.0,0.0,0.0,1.0,0.0,14.0,0.29920116,6.488549721342018E18,489391568,6.9291839799792525,0.0122878954697455,355.76513174161835,-59.27015342643423,0.02389,0.02353,0.02428,7321.378,7.992521,6960.869054808985,308.0693385349623,283.2980101218518,7.925926085737467,0.1263189210866748,0.1106541411062913,0.5307765842407777,0.0698623599485228,0.0661769497363935,1.503594005161081,0.0631761299841118,0.0754068124310272,1.1728329265875328,0,0.6069709813077563,0.5465385251153582,0.5931650700238268,69.36093260216698,76.5520075460951,,69.36096137356914,78.05560155125617,,11,DC,GaiaXP,mixed,6488549725637640704,1.8004761,13.550366,23430365-5916011,170911004201137,6488549725637640704,6488549725637640704,galah_faint,6894,0,10k_1,lbol,256,3928.2432,91.32740035318626,4124.0,0.015,sfd,4.5780406,0.1893248193884243,0.15472317,0.10009959867363251,16,-0.024515942,0.84851897,6.3828545,2.3320200909533555,2.7266939,,,,32,0.6105322,2.348614,,,,32,,,,32,,,,32,,,,32,,,,32,,,,32,,,,32,,,,32,,,,32,,,,32,,,0,0,,,,32,,,,32,,,,32,,,,32,,,0,0,,,,32,,,,32,,,,32,,,,32,,,,32,,,,32,,,,32,,,,32,,,,32,,,,32,,,,32,,,,32,,,,32,,,,32,,,,32,,,,32,,,,32,355.76543442972,-59.26710053214727,6.945536750746417,0.01767024130127322,143.380314448701,143.01523896586,143.747225285534,587.916731125998,-12.854545425292969,0.4913443915103949,-12.251931,1.3917341,0,0.0145748,11.8059450475,30.5746008286,43.8634862323,54.7926926735,0,13.848032,11.482,0.026,10.846,0.022,10.677,0.021,AAA,10.606,0.02,AAAU,0.14687974085998545,0.027294102053785345,2.5257492,1.0588006365613487
6511841883038865408,2016.0,335.9241874081877,0.2180964350700378,-49.657006782546034,0.2938297092914581,5.388523630703372,0.4187436401844024,12.868311882019045,53.925479888916016,53.81496462575927,0.2950654327869415,-3.450635441725896,0.3996898829936981,31.0,0.9689189195632936,false,604.0,211.6613755148048,0.6020692586898804,351.5565185546875,19.873262405395508,60.0,127.45369439809652,5.8623881340026855,21.740917205810547,20.07516098022461,56.0,117.64490064964455,5.834827423095703,20.162532806396484,19.571462631225582,0.0,0.0,0.0,0.0,0.0,1.1579750776290894,0.5036983489990234,0.2018985748291015,0.3017997741699219,344.25835432461145,-53.90717122331202,317.2961523201128,-36.45854230345308,0.0015686770696557,1200.609135687998,528.3944110650925,4.111185819033597E-5,0.0099999997764825,0.0099999997764825,0.0099999997764825,0.0,0.0,0.0,0.0,0.0,0.0,0.0,0.0,0.0,0.0,0.0,0.0,0.0,0.0,0.0,0.0,0.0,0.0,0.0,0.0,0.0,0.0,0.0,0.0,0.0,0.0,0.0,0.0,0.0,0.0,0.0,0.0,0.0,0.0,0.0,0.0,0.0,0.0,0.0,0.0,0.0,0.0,0,0.0,0.0,0.0,0.0,0.0,0.0,0.0,0.0,0.0,0.0,0.0,0.0,0.0,0.0,0.0,0.0,0.0,0.0,0.0,0.0,0.0,0.0,0.0,0.0,0.0,0.0,0.0,0.0,0.0,0,4.665323967828474,0.0132325964238129,335.9241874081877,-49.657006782546034,0.02737,0.02648,0.02836,7126.939,8.113963,7206.439843705908,398.5108605960641,496.155415045384,7.912199703238615,0.1600300707413078,0.1695571114775038,0.5412159650720285,0.0865661035191446,0.1021492572951943,1.2865965319389452,0.0717313844499198,0.1004634674072806,0.4015105955397556,0,0.7520947308353132,0.637236881598858,1.6284885886283376,51.67335408284976,52.698351413981904,,51.673403870493,53.98494794592085,,11,DA,GaiaXP,H,6511841883040592128,1.2753286,13.212799,22234186-4939305,170908002801257,6511841883040592128,6511841883040592128,galah_faint,6939,0,10k_10,lbol,0,4726.16,86.26409270220792,4714.0,0.015,sfd,4.618784,0.1827107939110904,0.012294769,0.06634079967001183,0,-0.03434802,0.9761857,6.3429103,2.2200210739531463,1.1721241,0.04034700134742635,0.029032823105644937,479.0,0,0.76920867,2.0427768,-0.5305864095687867,0.08253745075417716,1,1,,,,32,0.1524977493286137,0.12292625387146441,1,1,-0.17158990859985312,0.04808839941287478,1,0,0.2683981895446781,0.09631398320198059,1,0,-0.004996452331543111,0.06468833212301738,1,0,-0.0751397323608396,0.05347016233664127,1,0,-0.09178907394409208,0.07953784518783681,1,0,0.11321241378784208,0.06987946491459306,1,0,-0.036771926879882955,0.050499944505471524,1,0,,,0,0,0.09951848735531589,0.05743027393185924,11,0,-0.011701120714808362,0.07515514924655423,9,0,-0.020038833618164276,0.1331973038175276,1,0,-0.1426657485961913,0.0700384678054024,1,0,,,0,0,-0.043167190551757884,0.06879436950150294,1,0,-0.020700072922004185,0.08399049709628834,12,0,-0.07705013204690482,0.07120899854774042,3,0,-0.04872279983123475,0.05269562413911758,3,0,-0.3355299474373386,0.08907175237187372,3,0,-0.28136310577392587,0.12332161515951157,1,0,0.11756772994995135,0.11015765914859638,1,1,0.12713733673095717,0.14331651055660502,2,0,0.15302941153347346,0.07323245667867648,21,0,,,2,32,,,2,32,-0.08992950439453118,0.0819398355183968,1,0,0.6145463180541992,0.11785049585788698,2,0,,,,32,0.09417140960693371,0.13839691338572627,1,0,-0.036191329956054785,0.17559215426445007,1,0,,,1,32,335.9248054493791,-49.65852109450589,4.68532520316372,0.020634572124797447,212.126357558231,211.194907211956,213.065912952065,714.903760077384,-2.3559999465942383,0.07900000363588333,-1.7928939,0.92200637,0,0.0150256,37.6250852725,46.0153874056,40.6283540735,42.2178651088,0,13.472507,11.623,0.023,11.133,0.023,10.98,0.019,AAA,11.029,0.021,AABU,0.022032343185424883,0.02859094769139741,2.0893626,1.1130790600758993
6565761452230319872,2016.0,326.32240386334985,0.2196683436632156,-44.41284524349665,0.1873921453952789,4.009970758764306,0.3122151792049408,12.84361171722412,34.402137756347656,25.987730937670765,0.2541772425174713,-22.54206941693132,0.2881111800670624,95.0,1.0237716436386108,false,552.0,337.13717530070045,0.7967262268066406,423.1531066894531,19.367849349975582,55.0,231.2397096920955,7.710423946380615,29.99053192138672,19.428386688232425,58.0,150.65414205228234,5.666720867156982,26.585771560668945,19.302942276000977,0.0,2.0,0.0,1.0,0.0,1.1327550411224363,0.1254444122314453,0.0605373382568359,0.0649070739746093,355.3660828507119,-49.14952064170563,312.8062058662759,-28.98073192269548,0.0042085920848175,4404.491297482154,621.0225879445757,0.0087592574437371,0.0399999991059303,0.0299999993294477,0.0399999991059303,0.0,0.0,0.0,0.0,0.0,0.0,0.0,0.0,0.0,0.0,0.0,0.0,0.0,0.0,0.0,0.0,0.0,0.0,0.0,0.0,0.0,0.0,0.0,0.0,0.0,0.0,0.0,0.0,0.0,0.0,0.0,0.0,0.0,0.0,0.0,0.0,0.0,0.0,0.0,0.0,0.0,0.0,0,0.0,0.0,0.0,0.0,0.0,0.0,0.0,0.0,0.0,0.0,0.0,0.0,0.0,0.0,0.0,0.0,0.0,0.0,0.0,0.0,0.0,0.0,0.0,0.0,0.0,0.0,0.0,0.0,0.0,0,3.4061971677691854,0.0149405677698203,326.32240386334985,-44.41284524349665,0.04065,0.03919,0.04221,10552.91,8.218783,10437.42031140441,614.7198085563341,710.9351012478146,7.968180545636628,0.1323462748736279,0.1253390611676437,0.5825369530304917,0.0749310430427878,0.0767418680588891,0.541223437678704,0.0119782186705639,0.0114942120115526,0.3729662143823949,0,0.6510081932475048,0.9962376457905447,1.5312384381037694,10.828922154953572,11.582488257100785,138.10411950012764,10.82892877969778,12.12371169477949,138.1041199784512,11,DA,GaiaXP,H,6565761452229842432,0.99888325,13.03148,21451768-4424312,141101001801012,6565761452229842432,6565761452229842432,galah_main,5,0,10k_25,lbol,0,5084.976,119.24153020320561,5258.0,0.018,sfd,4.5144753,0.19033306700962044,-0.3524828,0.10049976061001849,0,-0.29239187,1.0335962,8.014588,2.417446126509468,0.66293,0.24146252259918674,0.04858667348423512,447.0,0,0.7236157,0.91179615,0.39649493694305415,0.11186926614528878,1,1,,,,32,0.5903353500366215,0.17796825765558558,1,0,0.02698415756225625,0.08503390031273682,1,0,0.2182592391967777,0.1314180635087166,1,0,0.33873113632202134,0.09735160524725733,1,0,0.28695705413818384,0.08725892755947057,1,0,0.0950509834289548,0.12855768022977976,1,0,0.13636905670166044,0.10456041905721596,1,0,0.19590744018554673,0.0830364236528341,1,0,,,0,0,0.27631826097841644,0.08365174633916066,55,0,0.2737811851501464,0.16203594559957166,8,0,0.25209213256835916,0.24051043569852254,2,0,-0.014384632110595597,0.11751940439874703,1,0,,,0,0,-0.06743534088134773,0.13265970938981675,1,0,0.15969175338745156,0.2001405918220075,8,0,,,,32,0.14952510833740273,0.10591578514898167,2,0,,,,32,0.6739741802215575,0.16809841990470886,1,1,,,1,32,-0.5742073917388915,0.2651799108470425,2,1,,,16,32,,,2,32,,,2,32,-0.24598686218261712,0.1352851939517397,1,0,,,4,32,0.6249638652801512,0.16846504382315333,1,1,,,,32,0.8639465713500976,0.20051468908786774,1,0,,,1,32,326.323847263579,-44.40876260447704,3.400848088013192,0.025815243910221653,291.585333018233,289.390275460207,293.81334168253,829.186752965963,-13.598999977111816,0.10599999874830246,-9.578232,1.2255164,0,0.0181725,17.8570864743,26.0267128337,31.4307026398,41.9109028507,0,13.137593,11.739,0.022,11.342,0.026,11.272,0.023,AAA,11.257,0.021,AABU,0.004590007003784478,0.030680983184573088,1.8603022,0.9852938680595862
6585461848740486272,2016.0,324.6642486343585,0.7609301805496216,-39.64519151102071,0.6197373270988464,6.6187247273292105,0.9533751606941224,6.942413330078125,137.42942810058594,68.58683558757538,0.994426131248474,-119.09110842240442,0.7281071543693542,31.0,0.9705116152763368,false,239.0,108.35386943162548,0.8012500405311584,135.2310333251953,20.600255966186523,25.0,69.44984110271189,6.708530902862549,10.352466583251951,20.734363555908203,21.0,80.7007144430415,7.155197620391846,11.278614044189451,19.980701446533203,0.0,0.0,0.0,0.0,0.0,1.385742425918579,0.753662109375,0.1341075897216797,0.6195545196533203,2.752367121566627,-48.39578147341469,313.4803749301906,-24.09390004260002,0.0036690467311012,2187.417938372538,617.5211791965539,1.520412322609162E-9,0.0199999995529651,0.0099999997764825,0.0199999995529651,0.0,0.0,0.0,0.0,0.0,0.0,0.0,0.0,0.0,0.0,0.0,0.0,0.0,0.0,0.0,0.0,0.0,0.0,0.0,0.0,0.0,0.0,0.0,0.0,0.0,0.0,0.0,0.0,0.0,0.0,0.0,0.0,0.0,0.0,0.0,0.0,0.0,0.0,0.0,0.0,0.0,0.0,0,0.0,0.0,0.0,0.0,0.0,0.0,0.0,0.0,0.0,0.0,0.0,0.0,0.0,0.0,0.0,0.0,0.0,0.0,0.0,0.0,0.0,0.0,0.0,0.0,0.0,0.0,0.0,0.0,0.0,0,5.997164910365593,0.0482331082953796,324.6642486343585,-39.64519151102071,0.03633,0.03251,0.04086,5881.955,8.393694,5960.779600019125,575.5198783169126,724.0435518572813,8.267559797049572,0.3136673616636729,0.2804204364306866,0.757800486018053,0.201784971691832,0.1876934709224806,4.324843558074079,1.2177593137860434,0.3677886776132153,1.876737971104545,0,2.5099697548896973,3.2757865605041285,1.5648548253344527,0.2311368597409295,0.3554395612997248,28.40675506994529,1.2395007036075267,4.680283119373804,28.40913589173812,1,0.0,0.0,H,6585461848741133056,1.8790293,13.53189,21383881-3938289,160811002901138,6585461848741133056,6585461848741133056,galah_main,1,0,10k_2,lbol,321,3931.2632,108.02345679912317,4067.0,0.022,sfd,4.396635,0.19851976063350907,0.15433264,0.14676485721891308,16,0.018720314,0.8490021,6.7453413,2.518190407641561,1.0876113,,,,32,0.5992017,1.1750154,,,,32,,,,32,,,,32,,,,32,,,,32,,,,32,,,,32,,,,32,,,,32,,,,32,,,0,0,,,,32,,,,32,,,,32,,,,32,,,0,0,,,,32,,,,32,,,,32,,,,32,,,,32,,,,32,,,,32,,,,32,,,,32,,,,32,,,,32,,,,32,,,,32,,,,32,,,,32,,,,32,,,,32,324.6621052854462,-39.641893323855406,5.77822981911777,0.07216414778112279,172.246975925651,170.115839367659,174.431207671532,851.957804431096,-39.15714911903381,0.6070023542442163,,,0,0.021726,7.44540873112,17.5655927375,29.8203865629,40.1991265183,0,13.937673,11.406,0.022,10.74,0.023,10.556,0.025,AAA,10.459,0.02,AABU,0.18451778988647494,0.02798018237775127,2.5524664,2.181198115984192
6590315574102952960,2016.0,321.9862257214438,0.0914987847208976,-35.59821314021494,0.0851282924413681,11.188405931399346,0.1114537417888641,100.38609313964844,56.90514755249024,48.496639610904126,0.1003025993704795,-29.770314561417045,0.0933790579438209,31.0,0.9544975757598876,false,656.0,1544.4876678520116,1.2491010427474976,1236.4793701171875,17.71540641784668,70.0,1025.6253866764732,7.542148590087891,135.98583984375,17.81106948852539,69.0,725.6824191247846,6.982651710510254,103.92648315429688,17.59602928161621,0.0,0.0,0.0,1.0,0.0,1.1339086294174194,0.2150402069091797,0.0956630706787109,0.1193771362304687,8.68603027861841,-46.22713182999216,312.8342966288916,-19.564840553421547,0.0090020999688212,2900.120336189366,660.4930138313657,1.188667384087E-4,0.0099999997764825,0.0099999997764825,0.0099999997764825,0.0,0.0,0.0,0.0,0.0,0.0,0.0,0.0,0.0,0.0,0.0,0.0,0.0,0.0,0.0,0.0,0.0,0.0,0.0,0.0,0.0,0.0,0.0,0.0,0.0,0.0,0.0,0.0,0.0,0.0,0.0,0.0,0.0,0.0,0.0,0.0,0.0,0.0,0.0,0.0,0.0,0.0,161328,0.0,0.0,0.0,0.0,17.8828,18.0951,0.0,0.0,0.0,0.0,0.0171,0.0184,0.0,0.0,0.0,0.0,0.0,0.0,0.0,0.0,0.0,0.0,0.0,0.0,0.0,0.0,0.0,0.23911604,6.590315574102953E18,161328,11.127755057483975,0.0189481273550908,321.9862257214438,-35.59821314021494,0.02692,0.02671,0.02714,9383.09,8.362639,8609.410255744686,120.34389894152991,129.64720668159316,8.124610589708137,0.038,0.038,0.6542954988806144,0.0270442164717945,0.021293201958089,1.1498281941099855,0.0194637601771252,0.0190307554875437,2.067459927362417,0,0.491640731619543,2.4491763540867626,0.2859287008947357,0.2258740564148182,0.8247380355905728,0.5537897463460295,0.2267111098325734,1.9745662297005584,0.5541166418836618,0,DC,GaiaXP,mixed,6590315780261383296,2.322854,14.004028,21275512-3535263,170805004101091,6590315780261383296,6590315780261383296,galah_main,27,0,10k_30,lbol,1285,,,,,,,,,,17,,,,,,,,,32,,,,,,32,,,,32,,,,32,,,,32,,,,32,,,,32,,,,32,,,,32,,,,32,,,,32,,,0,0,,,,32,,,,32,,,,32,,,,32,,,0,0,,,,32,,,,32,,,,32,,,,32,,,,32,,,,32,,,,32,,,,32,,,,32,,,,32,,,,32,,,,32,,,,32,,,,32,,,,32,,,,32,,,,32,321.97992385471343,-35.5908030438668,11.173240716167985,0.06619263244151141,89.2737740751621,88.7453476179917,89.808417789483,882.607642345132,,,,,0,0.0,4.14282448616,6.91923494299,8.58875497804,8.321766531,0,13.943971,11.465,0.024,10.884,0.025,10.629,0.019,AAA,10.409,0.021,AAAU,0.0,0.0,1.68589,1.4404841901870526
6632174084849850496,2016.0,285.3165452688627,0.1301764696836471,-61.103193066505895,0.1424286216497421,15.324002406941126,0.1753284484148025,87.40168762207031,377.4320068359375,282.996891691338,0.1821946054697036,-249.7352060327184,0.1767233908176422,31.0,0.9795016646385192,false,331.0,607.0073312418451,1.1657750606536863,520.68994140625,18.729381561279297,36.0,272.1703160597391,9.364027976989746,29.06551742553711,19.251440048217773,36.0,410.09998928166425,10.48157024383545,39.12581634521485,18.21567153930664,0.0,0.0,0.0,0.0,0.0,1.123990178108215,1.0357685089111328,0.5220584869384766,0.5137100219726562,335.02862200306,-24.686147538093344,279.3427821593475,-38.15973522727983,0.0046154092176905,1098.0154481009365,1173.92686024582,2.589347944387354E-10,0.0099999997764825,0.0099999997764825,0.0099999997764825,0.0,0.0,0.0,0.0,0.0,0.0,0.0,0.0,0.0,0.0,0.0,0.0,0.0,0.0,0.0,0.0,0.0,0.0,0.0,0.0,0.0,0.0,0.0,0.0,0.0,0.0,0.0,0.0,0.0,0.0,0.0,0.0,0.0,0.0,0.0,0.0,0.0,0.0,0.0,0.0,0.0,0.0,0,0.0,0.0,0.0,0.0,0.0,0.0,0.0,0.0,0.0,0.0,0.0,0.0,0.0,0.0,0.0,0.0,0.0,0.0,0.0,0.0,0.0,0.0,0.0,0.0,0.0,0.0,0.0,0.0,0.0,0,15.09295366630832,0.0221469570397553,285.3165452688627,-61.103193066505895,0.02596,0.02575,0.02617,5272.737,8.03554,5158.539466525679,122.3902474331453,122.27799680300086,7.967095816585864,0.0881415577757414,0.0829814902266328,0.5613573540827979,0.0521493723850544,0.0516972062035427,4.426320364247907,0.3960313377440334,0.3635871718317718,2.150570827443702,0,0.4530788217641566,0.8122272292163153,0.6018539845558892,20.05961239374024,23.56094694356511,12.064781414606552,20.063521381043067,27.987267307813017,12.070258746760828,11,DA,GaiaXP,H,6632174016133130240,2.1810026,14.33319,19011726-6106171,180604005701332,6632174016133130240,6632174016133130240,galah_main,1329,0,180604,lbol,1280,,,,,,,,,,17,,,,,,,,,32,,,,,,32,,,,32,,,,32,,,,32,,,,32,,,,32,,,,32,,,,32,,,,32,,,,32,,,0,0,,,,32,,,,32,,,,32,,,,32,,,0,0,,,,32,,,,32,,,,32,,,,32,,,,32,,,,32,,,,32,,,,32,,,,32,,,,32,,,,32,,,,32,,,,32,,,,32,,,,32,,,,32,,,,32,285.3243365708598,-61.10577201352561,15.139848112564243,0.04190444015168979,65.9255661309842,65.7425742865905,66.1095613229217,1381.26671536802,,,,,0,0.0,7.62177545512798,15.7915396764739,26.1596002358731,41.0418507368669,8,13.982448,11.908,0.022,11.39,0.022,11.19,0.021,AAA,10.874,0.02,AAAU,0.0,0.0,1.911,1.1914948225021362
6670471380515894400,2016.0,299.81632026980907,0.6564714312553406,-49.063261495987376,0.783198356628418,5.731560166097417,0.940081000328064,6.096879005432129,67.00735473632812,20.442690494673275,0.9214001297950744,-63.81286732328712,0.9324578642845154,31.0,1.033015251159668,false,181.0,108.95805822430638,1.1248761415481567,96.86227416992188,20.594219207763672,11.0,60.88082900532764,7.456075668334961,8.165264129638672,20.87734031677246,15.0,80.24269355831876,10.735328674316406,7.474637985229492,19.98688125610352,0.0,0.0,0.0,0.0,0.0,1.2952096462249756,0.8904590606689453,0.283121109008789,0.6073379516601562,349.8954760349342,-30.966694846622463,291.6187031930806,-27.83745906501561,0.0016981918860039,1162.7606019860295,991.2169855763242,1.619468974185E-4,0.0199999995529651,0.0199999995529651,0.0299999993294477,0.0,0.0,0.0,0.0,0.0,0.0,0.0,0.0,0.0,0.0,0.0,0.0,0.0,0.0,0.0,0.0,0.0,0.0,0.0,0.0,0.0,0.0,0.0,0.0,0.0,0.0,0.0,0.0,0.0,0.0,0.0,0.0,0.0,0.0,0.0,0.0,0.0,0.0,0.0,0.0,0.0,0.0,0,0.0,0.0,0.0,0.0,0.0,0.0,0.0,0.0,0.0,0.0,0.0,0.0,0.0,0.0,0.0,0.0,0.0,0.0,0.0,0.0,0.0,0.0,0.0,0.0,0.0,0.0,0.0,0.0,0.0,0,5.216967141735046,0.0162185541741049,299.81632026980907,-49.063261495987376,0.05327,0.04729,0.06154,5613.857,8.043122,5737.404783682176,625.9874229395255,881.9588023115311,7.94095120393184,0.4469789395073844,0.397486302665003,0.5513705556145717,0.2265313027616529,0.2555453084334258,2.399888946958649,0.4090445420846713,1.2940084306740345,0.753802919259485,0,1.968126001404455,0.7254609523420656,2.792328650392424,34.228564275065715,34.518265119312524,,34.231008307815216,36.91815406627117,,11,0.0,0.0,H,6670471380516836480,1.5334215,13.519173,19591564-4903410,150605002201030,6670471380516836480,6670471380516836480,galah_main,770,0,10k_4,lbol,0,4302.9204,131.01804825521288,4476.0,0.049,sfd,4.621751,0.20198789043691878,0.09162426,0.1285486439451209,0,0.030879892,0.9084673,6.526526,2.55361148402452,0.45668456,0.08016400682196148,0.06505259801274192,415.0,0,0.7420067,0.49195924,-0.9384809911251069,0.13048588837395306,1,1,,,,32,,,,32,-0.31181913375854453,0.11880058493279719,1,0,-0.006036376953124645,0.19976249133516125,1,0,0.0651343727111815,0.12120475487965356,1,0,0.16801479339599634,0.11628146122317057,1,0,-0.07445604324340849,0.16930795276186134,1,0,0.018759555816650675,0.13044272407482496,1,0,-5.427932739259234E-4,0.10911441661168768,1,0,,,0,0,0.07088876000537568,0.11285449755833259,51,0,,,,32,,,,32,-0.09655702590942372,0.1565955078285593,1,0,,,0,0,0.057423038482665945,0.19360963800588085,1,0,-0.006500605153092761,0.1391676278332533,12,0,-0.16736357691194112,0.13481234590423744,3,0,-0.04043823242187461,0.1385952698473978,2,0,,,,32,,,,32,-0.00944476127624494,0.15503641443089206,1,1,,,,32,,,16,32,,,2,32,,,2,32,-0.19260112762451165,0.17951291684926962,1,0,,,4,32,,,,32,,,,32,,,2,32,,,1,32,299.81531972146297,-49.061684927928475,5.23358867985586,0.02605239631060702,190.029260007112,189.086021706888,190.981786879782,1461.57733041797,59.74599838256836,0.10599999874830246,,,0,0.0650366,6.88609199302,16.4447141577,26.6271758319,34.1940705581,0,13.8189945,11.716,0.026,11.063,0.022,10.989,0.023,AAA,10.966,0.02,AAAU,0.01560574786377017,0.027294102053785345,2.3134696,1.0269168093872547
6704076372871298816,2016.0,279.5744925012255,0.1841503977775573,-48.95377906472736,0.1608432233333587,5.529270970466532,0.1996816843748092,27.690427780151367,62.53086471557617,4.505303877944176,0.1813825666904449,-62.36835279856548,0.1572981625795364,31.0,0.9391172528266908,false,267.0,650.498310635961,1.277624249458313,509.1468200683594,18.65425109863281,28.0,432.2995375155624,8.282551765441895,52.19400405883789,18.749080657958984,27.0,293.47978649858766,7.213228702545166,40.68632888793945,18.578950881958008,0.0,0.0,0.0,1.0,0.0,1.1157282590866089,0.1701297760009765,0.0948295593261718,0.0753002166748046,346.5346863028935,-18.08362882267637,276.9648876492943,-25.745725228855704,0.0035448711214219,2181.504767288255,1523.1128053894383,6.948948573161531E-5,0.0299999993294477,0.0299999993294477,0.0299999993294477,0.0,0.0,0.0,0.0,0.0,0.0,0.0,0.0,0.0,0.0,0.0,0.0,0.0,0.0,0.0,0.0,0.0,0.0,0.0,0.0,0.0,0.0,0.0,0.0,0.0,0.0,0.0,0.0,0.0,0.0,0.0,0.0,0.0,0.0,0.0,0.0,0.0,0.0,0.0,0.0,0.0,0.0,476477215,0.0,0.0,0.0,0.0,18.765,0.0,0.0,0.0,0.0,0.0,0.0266,0.0,0.0,0.0,0.0,0.0,1.0,0.0,0.0,0.0,0.0,0.0,0.0,0.0,1.0,0.0,2.0,0.577623,6.704076372871299E18,476477215,5.8097874932488125,0.0328796034656466,279.5744925012255,-48.95377906472736,0.06611,0.06358,0.06887,9952.596,8.098915,10092.424105217671,422.4648735184583,474.5200440022618,8.193421964557313,0.0902896907966273,0.0868844417929075,0.7195705415137489,0.0579295907863927,0.0572608200935975,0.8104989202028522,0.0205336673547776,0.0188939827296735,0.7623019288836738,0,0.5093642876007194,3.070488941836562,0.3099229706134458,0.1058504440153565,0.4289592381249955,0.2955148169486603,0.1078236893882081,1.2394581583278477,0.2961182021078566,0,DA,GaiaXP,H,6704076368579372288,1.0166178,11.385001,18381831-4857005,170513005901060,6704076368579372288,6704076368579372288,galah_main,2290,0,10k_26,lbol,0,5326.975,119.23352689821883,5291.0,0.024,sfd,4.438027,0.18948417361993378,0.52216196,0.11156896468994856,0,0.4869341,1.072316,5.0666146,2.494072910183067,0.4798777,-0.009902445255332981,0.060893646106120684,447.0,0,0.7622271,0.54448885,0.080736231803894,0.12726090835696816,1,1,0.41969327926635813,0.17915098678810196,1,1,0.07993314743042035,0.21095994307815347,1,0,0.19198078155517617,0.11234406725394905,1,0,-0.04391107559204066,0.1862410921931799,1,0,0.23727497100830064,0.11691243579401914,1,0,0.015177516937256108,0.1108244094814045,1,0,-0.05246669769287138,0.16171323262351753,1,0,0.06569797515869169,0.12575779690367084,1,0,0.023013439178466655,0.10430197523414908,1,0,,,0,0,-0.07062589368076554,0.10195401802189241,55,0,0.057231840064838856,0.13740248076908598,9,0,,,,32,0.04297697067260753,0.14933258878178024,1,0,,,0,0,0.025500221252441335,0.181818528706497,1,0,-0.14826255798339805,0.22959111269987081,8,1,0.1737625130806491,0.1327121231925339,3,0,0.1288025389092313,0.09219389612792157,3,0,-0.16334984836910435,0.20872276534959947,3,0,,,,32,,,1,32,0.045394573211670064,0.35535280406670916,2,0,,,16,32,,,2,32,,,2,32,-0.3031009864807128,0.17127605378628147,1,0,,,,32,0.1925371742248534,0.18495425029940585,1,0,,,,32,,,2,32,,,1,32,279.5763159212076,-48.95043413168895,5.8862177720771856,0.04445092509102161,169.073739582861,167.802923825658,170.363602464218,1919.2185159483,-26.98699951171875,0.09099999815225601,-26.473246,0.37415624,0,0.0679458,16.833944288,17.9827431342,17.3399986616,16.8013322122,0,11.654817,10.145,0.026,9.76,0.026,9.631,0.021,AAA,9.65,0.02,AAAU,0.027540210113525063,0.030112639292696627,1.6925437,0.9345519754353354
67156078578905856,2016.0,59.593783681481256,0.2587904632091522,25.64779421533252,0.1909305900335312,14.777876972801153,0.2200879752635955,67.14531707763672,206.04627990722656,122.05733608056042,0.3698788583278656,-166.00324669789308,0.2484318315982818,95.0,0.9606868028640748,true,312.0,889.1383264055637,1.6006884574890137,555.472412109375,18.31494331359864,32.0,505.49962921741,15.523752212524414,32.56298065185547,18.579240798950195,33.0,581.1394657582276,12.160757064819336,47.7880973815918,17.837194442749023,0.0,32.0,0.0,33.0,0.0,1.222126007080078,0.7420463562011719,0.2642974853515625,0.4777488708496094,167.47669143203285,-20.64120570371444,62.739911656586926,5.040300734557114,0.004296087861283,1034.479500039859,810.7352801101149,1.5804393823614275E-6,0.0299999993294477,0.0299999993294477,0.0399999991059303,0.0,0.0,0.0,0.0,0.0,0.0,0.0,0.0,0.0,0.0,0.0,0.0,0.0,0.0,0.0,0.0,0.0,0.0,0.0,0.0,0.0,1.3877059593762798E17,0.0,18.1380004882813,18.0452995300293,18.1826000213623,17.6844005584717,0.0,0.0149950003251433,0.0160670001059771,0.0177270006388426,0.0196480005979538,0.0,1048.0,1.6777496E7,280.0,1.6777496E7,3.02309376E8,36.0,0.012906458,6.715607857890586E16,1.3877059593762798E17,0,0.0,0.0,0.0,0.0,0.0,0.0,0.0,0.0,0.0,0.0,0.0,0.0,0.0,0.0,0.0,0.0,0.0,0.0,0.0,0.0,0.0,0.0,0.0,0.0,0.0,0.0,0.0,0.0,0.0,0,14.912058661705007,0.0220868991005159,59.59378368148125,25.64779421533252,0.03039,0.0298,0.03101,6021.252,8.098411,4888.457208762151,166.63579897118598,216.9433288873106,7.818922937583845,0.0842937480122874,0.1014840310772662,0.4641933222819761,0.0440297799345234,0.0571403542624665,4.48908365923354,0.4903541340825841,0.3017850314981798,3.2834170836455363,1,0.3825350124632789,-0.0319433337795294,0.4964409579710384,,,,,,,11,DC:,MWDD,mixed,67156181658120704,1.2634897,10.544592,03582325+2539044,160108002001330,67156177360191104,67156181658120704,k2_hermes,6589,0,10k_9,lbol,0,4758.0386,73.11033024447856,4751.0,0.0,bay,4.5933375,0.17954750669660577,0.14373732,0.04587878130775226,0,0.095977955,0.98128617,7.154132,2.0960384653050403,4.024349,0.006747106733523566,0.014387411157214236,478.0,0,0.7651513,9.564561,,,,32,,,,32,,,,32,-0.07269865036010703,0.024595370826271442,1,0,0.26983919143676793,0.04133462533354759,1,0,0.09822639465332017,0.030203478756869365,1,0,-0.06780788421630835,0.028851928790864734,1,0,-0.026862449645996378,0.04112012532408576,1,0,0.07759267807006864,0.03508350604566751,1,0,-0.00883546829223647,0.02280854186191277,1,0,,,0,0,0.018107381361539703,0.018840337982868036,59,0,-0.051180352070097156,0.03186639498479742,9,0,0.3747518157958982,0.05781699049081326,2,0,-0.08638751983642567,0.03197626258254372,1,0,,,0,0,0.02922241210937493,0.03179247451009793,1,0,0.015736476068893897,0.030398958152387832,12,0,-0.05594965867806251,0.030894291133414086,3,0,-0.026587847981993113,0.02494198979973213,3,0,-0.2056667997580078,0.036671731995839986,3,0,,,,32,,,,32,0.20524850845336928,0.06600715343484902,2,0,-0.1891556358337403,0.06534560570616234,1,0,0.6752324867248536,0.0601007260855098,2,0,,,2,32,-0.21976320266723626,0.039880565248387505,1,0,,,4,32,,,,32,,,,32,0.14339555740356436,0.0781332477927208,1,0,,,,32,59.597519460097196,25.650463473624203,14.607464787482584,0.19431728522909317,68.3449585922678,67.4422207670346,69.2717479383748,498.746777128483,-9.47599983215332,0.0689999982714653,-9.6348715,0.27073523,0,0.0,65.8647933176,108.142731162,127.662983802,180.850962513,0,10.766298,8.998,0.02,8.502,0.024,8.384,0.02,AAA,8.405,0.019,AAAC,0.0,0.0,2.0716698,1.2470222320788966
6771076831905714048,2016.0,290.0032405222324,0.0543863959610462,-22.698341615043617,0.0485768839716911,10.578445274689988,0.065520092844963,161.4534454345703,87.72447204589844,-57.32537857542576,0.0721447616815567,-66.4031927771023,0.051601618528366,31.0,0.9395089745521544,false,114.0,11338.40858169992,10.580822944641112,1071.599853515625,15.550986289978027,15.0,9064.25259793765,27.262590408325195,332.4794921875,15.445212364196776,16.0,4210.184769937866,55.59814453125,75.72527313232422,15.687142372131348,0.0,0.0,0.0,0.0,0.0,1.1707496643066406,-0.2419300079345703,-0.10577392578125,-0.1361560821533203,15.29007479753584,-16.14450949282351,288.39662048105754,-0.5275064963723219,0.0026478651252851,912.5932272953504,1596.960698984078,9.726294066898609E-6,0.0199999995529651,0.0199999995529651,0.0199999995529651,0.0,0.0,0.0,0.0,0.0,0.0,0.0,0.0,0.0,0.0,0.0,0.0,0.0,0.0,0.0,0.0,0.0,0.0,0.0,0.0,0.0,8.076290003380245E16,15.4181995391846,15.7449998855591,16.0645008087158,16.3155994415283,16.4480991363525,0.005656000226736,0.0026839999482035,0.0026620000135153,0.0042220000177621,0.0113220000639558,115000.0,115000.0,115000.0,115000.0,115000.0,4.36527104E8,52.0,0.009658163,6.771076831905713E18,8.076290003380245E16,257760512,15.3072,15.4334,15.406,15.7038,0.0,0.0,0.0068,0.0054,0.005,0.0086,0.0,0.0,3.0,3.0,3.0,3.0,0.0,0.0,0.0,0.0,0.0,0.0,0.0,0.0,3.0,0.0,12.0,0.037825968,6.771076831905714E18,257760512,10.420614475452052,0.0152220426100297,290.0032405222324,-22.698341615043617,0.05088,0.0505,0.05128,20236.41,7.916808,20407.94159509126,654.7785366967873,698.7448380393544,7.889970671678364,0.0425228227349547,0.0424898922260279,0.5650915821541187,0.0234930064270781,0.0242567255354523,0.045028434214458,0.0030750335191116,0.0029752304071507,3.25882115242406,0,0.2041095258651448,0.8446705660653234,0.2107447917936776,11.13023743894278,20.575757424577667,31.163284189200173,11.130237863723968,20.620785858792125,31.16328433122621,11,DA,GaiaXP,H,6771076831905714432,1.3372746,11.530023,19200139-2241589,151009002101169,6771076831905714432,6771076831905714432,k2_hermes,6663,0,10k_9,lbol,0,4693.521,80.39952930640867,4617.0,0.0,bay,4.6330395,0.18118737394265247,0.15792322,0.059871589611940536,0,0.112360105,0.97096336,4.135524,2.2055754413109505,2.1312444,0.09791433234670241,0.02798906870866143,477.0,0,0.77706134,3.2955112,,,,32,,,,32,0.20191095352172894,0.11679651588201523,1,0,-0.10834318161010703,0.04154785057682156,1,0,0.060728454589844105,0.05535508698994428,1,0,0.08601268768310533,0.057382053124945306,1,0,-0.11512538909912085,0.04707928320326937,1,0,0.03966062545776339,0.06994155802774399,1,0,0.17582447052001982,0.06229070984780774,1,0,-0.06018129348754897,0.04388349781795137,1,0,,,0,0,0.11019055637644619,0.04473123008424573,51,0,-0.14340173721313487,0.09338372506596967,8,0,0.2560794448852537,0.12406144305452835,2,0,-0.08954608917236317,0.060645177705129186,1,0,,,0,0,-0.0632038879394532,0.05800456698833472,1,0,-0.06695695887054075,0.06092868059300772,14,0,-0.10182104713690392,0.06327250687274794,3,0,-0.048516965966004605,0.046781856780670636,3,0,-0.2826861385174316,0.07550689841094876,3,0,,,,32,,,,32,0.3984572029113771,0.12176782472300937,2,0,0.07993689912631943,0.0878512502324543,5,0,,,,32,,,2,32,0.022331790924072337,0.07146750738333058,1,0,0.4516525077819824,0.1495566945903737,1,0,,,,32,,,,32,,,2,32,,,1,32,290.005496956929,-22.69997861713082,10.490304947107026,0.08601525305309958,95.0757118431701,94.298594777038,95.8655117685255,1896.85624686159,9.244999885559082,0.06800000369548798,,,0,0.0,42.2359695466,52.6996059831,51.507914938,47.0479317243,0,11.828961,9.904,0.021,9.366,0.022,9.235,0.025,AAA,9.252,0.02,AAAU,0.0,0.0,2.113833,1.0488350553038135
6779854645537961472,2016.0,312.88587477592154,0.0937456786632537,-34.086571980693414,0.0646202340722084,4.894214542221171,0.1338478028774261,36.56551742553711,29.80218315124512,16.45028294111504,0.1228416338562965,-24.850721466837047,0.1046749651432037,31.0,0.9959844946861268,false,389.0,1498.9122471352066,1.5516537427902222,966.009521484375,17.747926712036133,46.0,1121.548555901276,10.69212818145752,104.89479064941406,17.71399688720703,46.0,569.5457192703904,9.4306058883667,60.393333435058594,17.859073638916016,0.0,0.0,0.0,1.0,0.0,1.1282143592834473,-0.1450767517089843,-0.0339298248291015,-0.1111469268798828,9.563901559922147,-38.63729612713675,305.86244882078233,-15.83197942413251,0.0040946829821978,2952.6552702290765,795.7747154594767,1.627327626743E-4,0.050000000745058,0.050000000745058,0.0599999986588954,0.0,0.0,0.0,0.0,0.0,0.0,0.0,0.0,0.0,0.0,0.0,0.0,0.0,0.0,0.0,0.0,0.0,0.0,0.0,0.0,0.0,6.709312885825644E16,0.0,0.0,18.1441993713379,0.0,0.0,0.0,0.0,0.0067409998737275,0.0,0.0,0.0,0.0,280.0,0.0,0.0,3.02063616E8,36.0,0.008569805,6.779854645537962E18,6.709312885825644E16,233961669,17.8813,17.952,0.0,17.7337,18.2136,18.5545,0.0098,0.0261,0.0,0.1402,0.0098,0.0594,0.0,0.0,0.0,0.0,0.0,0.0,0.0,0.0,0.0,0.0,0.0,0.0,0.0,0.0,0.0,0.11891895,6.779854645537962E18,233961669,4.970844477338686,0.013947938247668,312.88587477592154,-34.086571980693414,0.07431,0.07266,0.07604,15336.96,7.911568,15135.588298852455,307.44206664660123,296.8760072863606,7.924120862068866,0.038,0.038,0.570174302788738,0.0239705751172366,0.0190736444852587,0.1722726290210895,0.0039863511412208,0.0040868605834382,2.6482126054228647,0,0.2082586891158699,0.8888297375216165,0.1657136792811355,7.831030046764015,17.304932406068616,25.3015773768868,7.83103106138114,17.477205035089707,25.30157770695376,11,DA,GaiaXP,H,6779854542460480128,1.0108166,12.184644,20513214-3405249,140814004801201,6779854542460480128,6779854542460480128,galah_main,215,0,10k_26,lbol,0,5183.2163,78.89828282236861,5377.0,0.062,sfd,4.5301905,0.1797251201920564,-0.060018063,0.05132165543873577,0,-0.07161895,1.0493146,6.1443696,2.1380689896020004,2.307682,0.00877956981715921,0.017424074903984416,447.0,0,0.74580956,4.3937716,,,,32,,,,32,-0.014259357452392152,0.08252930009380628,1,0,-0.06143003463745078,0.02952313155372394,1,0,0.06550207138061559,0.03880196944853599,1,0,0.12547477722167955,0.04067773352393697,1,0,0.02889230728149439,0.03460429322289339,1,0,-0.044768161773681925,0.05060652990864111,1,0,-0.06137912750244112,0.045305624174711144,1,0,-0.013288173675537251,0.03007099037206638,1,0,,,0,0,-0.006740684700255466,0.027656990013978488,55,0,-0.007446936189874289,0.034387050375135175,11,0,-0.007427267269063188,0.06001665014138503,3,0,-0.05344617843627919,0.041533550785958634,1,0,,,0,0,0.006066722869872976,0.03897479988875835,1,0,1.7911967658996586,0.09076023850432777,8,0,0.061900268110505266,0.04415475115280754,3,0,0.025767251233494742,0.03328147870280868,3,0,-0.12133451374288821,0.04898588586218869,3,0,-0.14233217239379892,0.07953421771526337,1,0,,,,32,-0.1020817363222013,0.07345252625363523,3,0,-0.09245981138908972,0.06698301404288483,3,0,,,,32,,,2,32,-0.2614883613586425,0.05031260247039185,1,0,,,,32,0.2967222785949706,0.09461101680132507,1,0,,,,32,,,,32,,,,32,312.88404185054895,-34.09037233475527,4.948155625837398,0.03924280992123498,200.940704022662,199.356586727153,202.549742242137,1114.99249784402,-14.833999633789062,0.08799999952316284,-15.055185,0.70229053,0,0.005103262238158486,57.6112590668,75.948876521,77.4711928706,106.539192136,0,12.322477,10.882,0.023,10.511,0.023,10.397,0.019,AAA,10.429,0.021,AAAU,0.0018357058410642037,0.02859094769139741,1.8073622,0.9421834727517989
6782929184991661568,2016.0,320.4890281971377,0.4863463342189789,-33.46838608625588,0.441436767578125,4.635752372401195,0.5378443598747253,8.619132995605469,19.7392807006836,-8.202862816935195,0.540022075176239,-17.954171367002967,0.6237673163414001,31.0,1.0549356937408447,false,247.0,218.1832620731052,0.8872445225715637,245.9110870361328,19.840312957763672,28.0,126.02304803003985,7.35481595993042,17.134765625,20.087417602539062,25.0,109.09087283101138,10.557801246643066,10.33272647857666,19.653425216674805,0.0,0.0,0.0,0.0,0.0,1.0775983333587646,0.4339923858642578,0.2471046447753906,0.1868877410888672,11.557625095355592,-44.80945927463084,312.33964081465285,-17.148938659713487,0.0064351730968393,5045.414855485725,649.9887875873005,0.0038204940734994,0.0399999991059303,0.0299999993294477,0.050000000745058,0.0,0.0,0.0,0.0,0.0,0.0,0.0,0.0,0.0,0.0,0.0,0.0,0.0,0.0,0.0,0.0,0.0,0.0,0.0,0.0,0.0,6.783320488981821E16,0.0,0.0,19.9150009155273,0.0,0.0,0.0,0.0,0.0106300003826618,0.0,0.0,0.0,0.0,528.0,0.0,0.0,3.1045632E8,37.0,0.009134768,6.782929184991662E18,6.783320488981821E16,0,0.0,0.0,0.0,0.0,0.0,0.0,0.0,0.0,0.0,0.0,0.0,0.0,0.0,0.0,0.0,0.0,0.0,0.0,0.0,0.0,0.0,0.0,0.0,0.0,0.0,0.0,0.0,0.0,0.0,0,4.557507401804541,0.0192634507950121,320.4890281971377,-33.46838608625588,0.07213,0.06493,0.08041,7250.352,7.881608,7701.621917045713,446.89229590882496,523.1858947108376,8.01194860238708,0.1497995407048238,0.1494944648054588,0.6009360153856922,0.087243250958482,0.0942402258713286,1.2480083763061205,0.0625867282158736,0.073876749080582,1.2930066461324188,0,0.8048534449719357,1.2029660811770633,1.6849640396503416,5.492182216491008,6.005493613792643,152.45793112295874,5.492538811668867,7.253501990098764,152.45794902223656,1,0.0,0.0,H,6782929189287499776,1.3073502,13.022894,21215611-3328228,171003002601053,6782929189287499776,6782929189287499776,galah_main,56,0,10k_10,lbol,0,4708.0884,92.82004916934693,4835.0,0.092,sfd,4.4823794,0.18636594959835717,0.18287992,0.07553681319413982,0,0.06184463,0.97329414,7.218043,2.2549955346540242,1.1521946,-0.049705166654779795,0.03711742285527307,415.0,0,0.7675337,3.7386394,-0.7345879256725312,0.09445411231164333,1,1,,,,32,0.35696981430053754,0.14396897467819436,1,0,-0.2662196731567379,0.06081870416146548,1,0,0.125258827209473,0.09606588631868362,1,0,-0.10887495040893569,0.07718078853211799,1,0,-0.15035936355590795,0.06546552884354329,1,0,-0.11346609115600614,0.09721083250623372,1,0,-0.03341262817382784,0.08301596156696793,1,0,-0.2540670967102052,0.06243095286858906,1,0,,,0,0,-0.04065698559875668,0.0646775421407635,51,0,-0.06291213354980409,0.09026452252039809,9,0,0.433032760620117,0.1798263623974086,2,0,-0.04076660156249989,0.08723726070607929,1,0,,,0,0,-0.03449495315551765,0.09033785795115673,1,0,-0.04202504107592759,0.09023031323562787,12,0,-0.09536537693068899,0.08429969502321501,3,0,-0.24531438315569193,0.0640350252906319,3,0,-0.17640146835763745,0.11443097755223634,3,0,,,,32,-0.11377625465393049,0.1222631859274917,1,1,-0.021276798248290874,0.1852848371316163,2,0,0.14886468887329096,0.15213743755912126,1,0,,,2,32,,,2,32,0.00904329299926765,0.10119636427383083,1,0,,,,32,-0.08686055183410657,0.14842974862969696,1,1,,,2,32,,,2,32,,,1,32,320.4837703964412,-33.47309145542944,4.673024996805461,0.0419337944986794,212.704165575652,210.809333588068,214.632750662101,899.57807158964,-21.952999114990234,0.08500000089406967,6.413898,15.53418,0,0.0915498,24.9435272848,36.9472901042,46.6317616243,35.4938280763,0,13.328118,11.412,0.023,10.888,0.025,10.746,0.021,AAA,10.667,0.021,AAAU,0.1294375727691652,0.029972384310899835,2.0591486,0.8153022917908197
6815186386543923968,2016.0,322.040504757452,0.9317324757575988,-24.97231874898973,0.654147207736969,7.889640649753221,1.219038963317871,6.47201681137085,65.37897491455078,-11.31323186683955,1.3636620044708252,-64.39271352779238,0.8095912337303162,95.0,1.040860891342163,false,300.0,115.2980349319326,0.6673663258552551,172.76573181152344,20.53281211853028,29.0,63.53757214320751,5.432315826416016,11.696222305297852,20.83096504211425,30.0,94.0770463263784,7.434391975402832,12.654302597045898,19.814186096191406,0.0,0.0,0.0,0.0,0.0,1.3670191764831543,1.0167789459228516,0.2981529235839844,0.7186260223388672,23.67003721479547,-44.60473638530916,316.4468133842978,-9.528770274576818,0.010245098080564,5105.521277249095,702.8282286938098,2.22273840553E-4,-99.0,1.0E20,1.0E20,999999.0,0.0,0.0,0.0,0.0,0.0,0.0,0.0,0.0,0.0,0.0,0.0,0.0,0.0,0.0,0.0,0.0,0.0,0.0,0.0,0.0,7.803322040451363E16,21.2280006408691,20.5401992797852,20.2467994689941,20.1422996520996,19.9106006622314,0.0450900010764599,0.0181510001420975,0.016287000849843,0.0381760001182556,0.128656998276711,115000.0,115000.0,115000.0,115000.0,115000.0,4.36527104E8,52.0,0.018054252,6.815186386543924E18,7.803322040451363E16,0,0.0,0.0,0.0,0.0,0.0,0.0,0.0,0.0,0.0,0.0,0.0,0.0,0.0,0.0,0.0,0.0,0.0,0.0,0.0,0.0,0.0,0.0,0.0,0.0,0.0,0.0,0.0,0.0,0.0,0,7.2184627576565425,0.1190657886110638,322.040504757452,-24.97231874898973,0.03798,0.03363,0.04446,0.0,0.0,4811.356232771665,104.06803457268416,113.7060552660232,7.805451502651151,0.0872847770486409,0.0916179726030099,0.4667482368245325,0.0459090000641161,0.0515563497097758,4.472995252223854,0.4587777349989883,0.5264162453327472,2.4989131328588297,0,0.3988618598098712,-0.0097459876235221,0.4479265830562623,,,,,,,11,0.0,0.0,H,6815192330779274752,1.4077454,12.254747,21281036-2457435,161008002501293,6815192330779274752,6815192330779274752,galah_main,49,0,10k_6,lbol,1,4579.999,83.93167359779903,4490.0,0.0,bay,4.6011415,0.18847652865404083,-0.015490055,0.06396181816914452,0,0.008326203,0.95279986,7.0508165,2.2044114153536776,1.8908963,0.14788687936084657,0.03835078195565386,460.0,0,0.75996184,2.6526387,,,,32,,,,32,0.6931762504577641,0.12061662209224872,1,0,-0.03877216339111289,0.046807065951959444,1,0,,,,32,0.19929632186889634,0.0633166843973644,1,0,0.07163122177124048,0.052232858960910594,1,0,0.10198657989501925,0.07769147411398244,1,0,0.15529520034790067,0.0684489213583379,1,0,0.10848268508911119,0.04923570273606659,1,0,,,0,0,0.1444972005975446,0.04630053234814062,57,0,-0.16006624221801768,0.10380847389523425,8,0,,,,32,-0.04323852539062489,0.06823460277559197,1,0,,,0,0,-0.18631561279296882,0.06666308255741846,1,0,0.07131238617776205,0.06697126449058469,14,0,-0.03514333512918491,0.06973579587838769,3,0,0.11091080857801557,0.05158871297335467,3,0,-0.16661972988496038,0.08644787932201352,3,0,,,,32,,,,32,0.5593792533874513,0.139094121016817,2,0,0.12203890354719683,0.07235837937667418,21,0,0.6174817848205567,0.11793160529873797,2,0,,,2,32,-0.1303981971740722,0.07992593278960322,1,0,,,,32,,,,32,,,2,32,,,2,32,,,,32,322.04315119016155,-24.96234922374345,8.298129474050015,0.20566741103019323,120.225921024474,117.300981724122,123.297725882928,854.781238920036,29.06800079345703,0.07800000160932541,28.581827,1.6506575,0,0.0422091,33.5098011336,47.1747657478,63.4288790119,93.9335993967,0,12.482671,10.516,0.023,9.973,0.025,9.833,0.025,AAA,9.805,0.02,AAAU,0.0807836077880862,0.029390340884043426,2.18463,3.766591660523761
6852743161128076928,2016.0,303.14075910684005,0.5791158676147461,-22.64256581546177,0.4003752768039703,6.1021870402903975,0.6713998913764954,9.088751792907717,14.704626083374023,-6.428797765953672,0.6356422901153564,-13.22484729875023,0.5095722675323486,95.0,0.9849002957344056,false,270.0,162.61449982206273,0.8996844291687012,180.74615478515625,20.159469604492188,7.0,86.30506545754666,22.430831909179688,3.847608804702759,20.49845123291016,8.0,141.73801317425227,26.702306747436523,5.308081150054932,19.369178771972656,0.0,0.0,0.0,0.0,0.0,1.4023538827896118,1.1292724609375,0.3389816284179687,0.7902908325195312,20.12749937670533,-27.40411141666163,300.3374134891628,-2.625885125158213,0.0011719671213692,643.0531950752139,1032.9155806664007,1.8369033370185404E-6,0.2899999916553497,0.25,0.3300000131130218,0.0,0.0,0.0,0.0,0.0,0.0,0.0,0.0,0.0,0.0,0.0,0.0,0.0,0.0,0.0,0.0,0.0,0.0,0.0,0.0,0.0,0.0,0.0,0.0,0.0,0.0,0.0,0.0,0.0,0.0,0.0,0.0,0.0,0.0,0.0,0.0,0.0,0.0,0.0,0.0,0.0,0.0,0,0.0,0.0,0.0,0.0,0.0,0.0,0.0,0.0,0.0,0.0,0.0,0.0,0.0,0.0,0.0,0.0,0.0,0.0,0.0,0.0,0.0,0.0,0.0,0.0,0.0,0.0,0.0,0.0,0.0,0,6.513752719898068,0.0413453950576655,303.14075910684005,-22.64256581546177,0.15397,0.11816,0.1851,0.0,0.0,5560.637502493585,682.6683939603327,1546.692515737086,7.796437556829893,0.544547789501447,0.6785569387458406,0.4703851807163889,0.2335379397273654,0.4283823625964778,2.1485764199966857,0.3363513920330401,1.377014267280984,1.0425917764248724,0,2.0290003451552154,0.0218521348078974,4.137646932837937,,,,,,,11,0.0,0.0,H,6852743161130528512,1.9650707,13.382122,20123409-2238327,170909001601276,6852743161130528512,6852743161130528512,galah_main,984,0,10k_1,lbol,321,3845.4175,110.1390546753572,3870.0,0.06,bay,4.2412024,0.19815087462399752,-0.029697418,0.15645110401062073,16,-0.23314574,0.8352668,11.301184,2.392109862552588,0.84760034,,,,32,0.54241365,0.8423141,,,,32,,,,32,,,,32,,,,32,,,,32,,,,32,,,,32,,,,32,,,,32,,,,32,,,0,0,,,,32,,,,32,,,,32,,,,32,,,0,0,,,,32,,,,32,,,,32,,,,32,,,,32,,,,32,,,,32,,,,32,,,,32,,,,32,,,,32,,,,32,,,,32,,,,32,,,,32,,,,32,,,,32,303.1420281214417,-22.642503255810826,6.1839583486785905,0.04334105104383801,160.968684097685,159.844963730145,162.108030525684,1395.36459555224,-11.71415121459961,0.6176960483777303,,,0,0.131033,7.8169705331,23.5841334538,38.7999864709,55.1237596995,0,13.763382,11.079,0.022,10.429,0.025,10.19,0.023,AAA,10.113,0.02,AAAU,0.21664790895080607,0.029390340884043426,2.5276544,1.4599933581679705
6892219644359395584,2016.0,320.2932814247819,0.1542487144470214,-11.72274575713131,0.1393623948097229,3.048535863536585,0.1633156836032867,18.666522979736328,46.91272735595703,-45.08964452902305,0.1980705857276916,-12.9509837916924,0.1810804158449173,31.0,0.9950286746025084,false,299.0,851.9011034560314,1.47808039188385,576.3563842773438,18.36139297485352,31.0,651.500149704875,7.879908561706543,82.67864227294922,18.303756713867188,30.0,291.9987247590776,13.039331436157228,22.393688201904297,18.584444046020508,0.0,2.0,0.0,2.0,0.0,1.107521653175354,-0.2806873321533203,-0.0576362609863281,-0.2230510711669922,39.57574701591569,-38.486902656316175,319.0035153890768,3.57827775984319,0.0064514190652171,7877.2804046095935,777.3127420608168,0.003158280211372,0.1000000014901161,0.0900000035762786,0.1099999994039535,0.0,1.2376785368705925E18,18.24567,18.19852,18.55614,18.85124,19.15625,0.01681267,0.006689226,0.009267612,0.01491755,0.06844971,3.5253360136208E13,2.3058430094822973E18,2.3058430094822973E18,2.3103466091095327E18,2.305843009482162E18,2.305843284360069E18,0.020290898,6.892219644359395E18,1.2376785368705925E18,9.393320293356317E16,18.2003002166748,18.5538997650146,18.8469009399414,19.112699508667,19.3034992218018,0.0079739997163415,0.0097279995679855,0.0049540000036358,0.0106319999322295,0.0406589992344379,115000.0,115000.0,115000.0,115000.0,115000.0,4.36527104E8,52.0,0.0043809814,6.892219644359396E18,9.393320293356317E16,3649477,18.3491,0.0,18.22,18.3494,18.9398,19.0913,0.0163,0.0,0.0146,0.0323,0.0259,0.0389,0.0,0.0,0.0,0.0,0.0,0.0,0.0,0.0,0.0,0.0,0.0,0.0,0.0,0.0,0.0,0.11888201,6.892219644359395E18,3649477,2.906931620371113,0.0169071030906299,320.2932814247819,-11.72274575713131,0.10567,0.10095,0.11068,19773.94,7.927943,19578.778813953497,420.71206613852337,422.83803646978777,7.85373399886239,0.038,0.038,0.5443440990357846,0.0222791036601766,0.0182146040311681,0.0507533007297845,0.0021721521817916,0.0024825702024578,5.762590395153073,0,0.1935630205054438,0.6644144138643324,0.1582502522256137,23.392830410083736,45.99340366258049,64.4435755101179,23.39283051093184,46.04415696331028,64.44357555793611,11,DA,GaiaXP,H,6892219648655052544,1.4097843,13.534721,21211133-1143407,170907003101315,6892219648655052544,6892219648655052544,galah_main,249,0,10k_7,lbol,65,4727.564,108.17187824626804,4586.0,0.03,bay,4.340701,0.18972338665257452,0.2440753,0.107643406772507,0,0.2305898,0.97641027,8.146162,2.405122088747269,0.49501207,0.26925191922132846,0.08158290687348395,157.0,0,0.751212,0.67087674,-0.5106477022171021,0.1218863417592216,1,1,,,,32,0.24572465896606488,0.1991405837772902,1,1,0.21481555938720742,0.1021557499441048,1,0,0.2183217048645023,0.16962040960788727,1,0,0.28134330749511705,0.10990590701657303,1,0,-0.16682550430297827,0.10213139894704401,1,0,0.18018978118896456,0.14955484302903266,1,0,0.3036635589599612,0.11813511754126477,1,0,0.09901556015014634,0.09655517478253921,1,0,,,0,0,0.25338410619458557,0.15104053391387093,19,0,,,,32,0.11822287507274201,0.15846311714449463,3,0,0.10587942123413097,0.13768769698715816,1,0,,,0,0,0.09307090759277337,0.16333521919709287,1,0,0.2647523307800297,0.2193165836220622,8,0,0.05472843746085429,0.12120756748278443,3,0,0.057697882187115364,0.08725570512505575,3,0,-0.5549393057114164,0.1908524792918811,3,0,0.54426851272583,0.16056273877620697,1,0,0.2273635387420656,0.1476355734465012,1,1,0.592992458343506,0.32170635718291024,2,0,,,16,32,,,2,32,,,2,32,-0.26892320632934563,0.1580843274974239,1,0,,,4,32,,,,32,,,2,32,,,2,32,,,1,32,320.2970472697463,-11.728042076178227,2.9036079605715175,0.026562945695611354,341.03723342363,337.952134673387,344.17815316862,785.631665408726,14.61400032043457,0.09700000286102295,,,0,0.0,16.0908352738,20.6519726722,24.8707665522,28.1174281775,0,13.8309,11.837,0.022,11.266,0.022,11.145,0.023,AAA,11.199,0.022,AABU,0.0,0.02856145694677443,2.0924046,1.4076896068027636
